commentID,newID,comment,judge
53,7,"국힘이 대장동 운운하는 게 코미디. 주택개발사에서 지자체가 가장 공공환수를 많이한 사례이고, 개발업자한테 돈을 가장 많이 띁어가는 국힘이 대장동에서도 곽상도 원유철 등이 해먹었는데... 도둑놈들이 오히려 나대는거 보면 말세다 진짜.",0
54,7,"국짐은 정말....헌법 명시된 일자를 시간으로 바꿔 써결이 풀어줬고 즉시 항소포기를 눈감고 모른체 했던 내란세력이.....하늘을 손가리고 아웅해도 유분수지!! 개돼지 노인들과 개독교, 사이비 질질끌고 근근히 살아가는 국짐은 해체가 답이다!!",0
55,7,심우정이하고 노만석 같이 수사 받아야 된다고 국짐당애들아 주장해라,0
56,7,항소 취소를 지시한 범죄명이를 탄핵하자!,0
57,7,이번달도 몰려다니고 일은 언제 하냐ᆢ국민을 대신하는거 맞어? 나랏일에 똥물 붓고 싸돌아다니면서 통장에 월급받냐ᆢ이러고 한달에 천따리 돈 챙기냐ᆢ국민들 자괴감 든다ㆍ 손에 흙먼지도 안묻히고  유튜버 욕하면서 지들이 유튜버짓 하고 다니네ㆍ일좀 해라ᆢ이건 보여주기 쑈로만 보인다ᆢ,0
58,7,검찰이 답이라고 떠들더니만 ㅠㅠ,0
59,8,내란 ? 부정선거. 때문에 계엄을 한건데 부정선거 한놈들 수사 해야지?,0
60,9,"푸하하하하하하,  변함 없는 개 같은 수법... &lt;몰랐다&gt; ㅋㅋㅋㅋㅋㅋㅋㅋ  깐부들끼리 왜 이래?  대장동 수괴가 누구인지 초등도 알더라...  여기저기 서명은 다 해놓고 &lt;몰랐다&gt;.. ㅋㅋㅋㅋㅋㅋㅋ    아는게 뭐니?  ㅎㅈ 가 가르쳐주는 대로 일하냐?",0
61,9,ㅋㄱㄱㄱㅋㅋㅋㅋ ㅋㅋㅋㅋㅋㄱㄱㄱㅋㅋㄱㅋㅋㅋ내가 사후 보고 받았다고 했다고 개딸 1찍 전라도 지능장애자들은 진짜 그런 줄 알더라니깐 ㅋㄱㅋㅋㄱㅋㅋ 사후 보고 받은 척 좀 했네 ㅋㄱㅋ,0
62,9,니 재판 없애려 수작부리는거 모르는 사람있을까?,0
63,9,퇴직금 50억이면 해먹은 애들 수두룩할텐데  이재명한테 덤탱이 씌우기 실패하니 도망각 잡네,0
64,9,"사후에~~ㅋㅋ, 국민을 바보로 아네...",0
65,9,재판받아라 이재명,0
66,9,"눈멀고 귀막힌 인간들아 진실을 말하면 좀 인정해라. 
언제까지 거짓검찰에 속을래",0
67,9,"김만배한테 7,800억원을 추징하지 못한다고? 이것들이 죽을래?",0
68,9,또 나왔네 평소에도 지는 몰랐다는 척하는 꼬라지가 ㅋㅋㅋ 항소 포기로 찢이 젤 이득 보는구조인데 퍽이나 몰랐겠다 ㅋㅋㅋ,0
69,9,니가 관련자고 아니고서를 떠나서 대한민국의 대통령의 직함으로 말할때는 무조건 국고 7000억이 범죄자한테 넘어가게 생긴 꼴을 보고 반드시 국고환수를 추진하라고 말해야 하는게 대통령 아니냐?? 대통령이 난 몰라 하는게 맞아? 너가 범죄자이고 그 당사자니까 난 몰라요 하는거지. 당장 사형시켜라.,0
70,9,"윤석열 정권 내내 300번 이상 압수수색 으로 린치하고도 증거라곤 윤석열 포함 50억 클럽만 나오니 덥더니 이제와서 항소???근거 못찿으니 선거위반등 다른거로 기소하더니, 인디안 기후제 처럼 이재명 잡을때 까지 극우당과 윤개검찰은 끌고가겠다는거네 ??",0
71,9,정성호는 법무부장관이 아니라 이재명 변호사처럼 행동하고 말한다,0
72,9,구라 까고 있네,0
73,9,지넘 치적이고 자신이 대장동 설계자라고 자랑하다가 먼 개소리ㅋ,0
74,9,감히 나한테 보고하지 않고 지맘대로 항소 포기했다고  화를 내야 정상이지. 그럼 보고 않고 항소포기시킨 법무장관을 파면하라.,0
75,9,죄다 항소포기에 대한 기사네. .실익이 없는거 니들도 알지않어? 검사구형보다 더 나왔잖아..ㅉㅉ..내란범 윤씨 항소포기할때 침묵한 검사들이 이제와 기사로 여론을 만들고싶은건 아니지?,0
76,9,입벌구 범죄정권 대장동 한패,0
77,9,"또또또 아랫사람이 했다도르
근데 항상 최대수혜자는 이재명이네?",0
78,9,한가롭지 않아서 국정자원 불타고 있는데 예능 처나갔냐 ㅋㅋ,0
79,9,"놀구 있네. 찢재명의 명이 아니면 누가 지 일도 아닌데 나서서 항소포기 하라고 하냐. 정성호,이진수는 탄핵하고 검찰놈들 특검 해야지",0
80,10,니들 좋아하는 일본도 헤이트스피치법으로 처벌한다,0
81,10,중국을 욕해도 안돼요 이젠 이재명을 욕해도 일돼요???  이게 나라냐????  이재명 니가 김정은보다 덜한게 뭐야????  이재명을 하루 빨리 탄핵합시다!!!!!!!,0
82,10,"정부는  혹시  중국의  정부인가요.   한국사람이  어떻게  한국인을  위한  정책이  아닌  중국인을  위한
정책을  계속  끊임없이   만드는가  이다.  한국인이  일해서  세금내는  나라에서  중국인보호  정책을   만든다.",0
83,10,허위조작유포는 더분어범죄당과 김어준이다ㆍ서영교 김어준 전현희등등 먼저처벌해라,0
84,10,자기의 과오를 반성하기는 커녕 팩트를 말하면 불편하니 법으로 국민들 입을 꼬매버리는 최악의 대통령,0
85,10,민주주의는 상대에 대한 존중이 기본이고 사회적 대화로 갈등을 풀어가려면 혐오나 조롱등의 표현을 방치해선 곤란하죠 국민의 일상이 그대로 직접민주주의 모습이 되도록 사회적 대화가 많아지길 바라며 이재명대통령을 응원하고 지지합니다,0
86,11,"귀신에 집착하는 나라
나라 팔아먹은 이씨왕조인데 
오세훈 화이팅",0
87,12,계엄한걸 내란이라고 굳이 내몰고 국민선동질하는건 여전하구나?,0
88,12,민주당이 내란이야,0
89,12,문재인은 적폐청산이라는 타이틀만 걸어놓고 실지로 한것이 없다. 이재명은 반드시 할것이다. 나는 김만배 기자수첩에 나와있던 기자놈들이나 골프장가서 용돈처받던 기뢰기들이 처벌됬다는 뉴스를 본적이 없다. 그결과아는사람들있나? 대장동을 이렇게 어영구영끝내면 또 똑같은짓이 계속반복될것이다. 화천대유 천하동인 이런데서 검판사하던놈들 감사네 이사네 직책달고 50억씩 받아쳐먹으면서 이런사업을 비호해주고 자신들은 빠져나가고 이재명같이 땡전한푼안받은사람만 배임으로 엮어서 넣으면 제2 제3의 대장동이 계속생길것이다. 아주좍살내버려라,0
90,12,"""내란""이란 단어는 포함되어있지 않다. 그러나, 선동하기에는 내란 프레임이 너~~~무 좋다. 416 노란리본처럼. 미안하다 고맙다 훠훠훠훠",0
91,12,"물가,환율,관세 뭐 하나 해결하는 건 없고 내란으로 그냥 퉁~~국민들이 잘 보고 있음. 아주 잘~",0
92,12,단군이래 최악의 적폐세력은 다중범죄자이재명의 범죄자정권과 더불어 범죄당이다.,0
93,12,아직 법원에서 결정되지 않은 내란죄를 덮어 씌운다면 아직 판결나지 않은 12개혐의 5개 재판을 포함 당신을 예비전과 16범이라 칭해도 되겠지?,0
94,12,탄핵!!!,0
95,12,헛소리 그만하고 대장동을 왜 단군이래 최대 치적이라 했는지? 그리고 김현지는 왜 꽁꽁 숨기는지? 이런 것들을 솔직하게 밝혀야 대통령질 계속 할 수 있을 거란 이야기 많다는 것 알고는 있나???,0
96,12,"근데 진짜 대단하긴 하다. 7월 31일날 관세 협상 합의했다고 해놓고, 합의문 작성안해서 거짓말인거 드러낫고, 이번에 APEC에서 또 합의했다면서도 합의문(팩트시트) 또 없음. 대한민국 국민들이 전부 개돼지로 보이나? 완전 또라이 정권이야",0
97,12,전과4범 재판 안받고 감방 안갈려고 내란 몰이하고 찬탈한 리짜이밍과 그의 무리 종북좌 린민들,0
98,12,용산과 법무부와의 관계를 고려했다는 검찰총장의 자백으로 재명정권의 거짓과 위선을 국민들은 똑똑히 보았다,0
99,12,"국민의힘107석현직의원과 국민의힘~2찍들은 불법불공정한 이재명대통령님의 전과누적수를 대국민사기망동때문에 국민의힘107석현직의원과 국민의힘~2찍들은 공중해산된다(홍준표직격탄,2025,11,11~)",0
100,13,나경원은 항상 논리가 딸리니까 마지막은 꼭 인신공격이지. 나경원이 국힘을 대표하고 나서는 시기 동안 국힘이 잘 된 적이 없다,0
101,13,"니 재판이나 지연시키지말고 잘 받아라~ 
내란 동조  극우 선동 나빠루야~",0
102,13,빠루 너도 탄핵감이다,0
103,13,언론도 독재정권의 부역의 길로 가고있나봐요  독일 나치정권과 흡사한듯,0
104,13,이런 재판 안 받는 나빠루,0
105,13,얘 좀 기사내지마..똑똑하길 하냐? 말을 잘하냐? 이쁘기를 하냐?,0
106,13,"🐕 年, 한마디도 인간이하는말아님",0
107,13,뱀 같은 일본녀,0
108,13,이 아줌마 좀 안나왔으면..,0
109,13,근본이  안된 X,0
110,13,내란대변인 나왔네,0
111,13,"이 여자 대체 언제 잡아가나요???????????
아후~ 시끄러워 못살겠네",0
112,13,"진짜 수준...ㅋㅋㅋ 저게 이 나라의 판사였고, 국회의원인데다가 5선이라니ㅋㅋㅋㅋ 동작구는 어마어마하게 잘사는 동네인가봐?ㅋㅋㅋㅋ",0
113,13,"제2의 홍준표납시었네.. 진행자가 먼질문이든 할수 있고, 대답자신없으면 모른다고 하면 될일이지, 진행자를 공격하는 치사한짓을 하냐? 달을 봐야지 손가락을 지적질해대면 되것냐? 5선씩이나 된담서.. 초선같은짓을 하다니...",0
114,13,본질은 감히 입담담지도 못하면서 자기보다 약하다고 생각되면 물고 늘어지는 치졸한 정치꾼 !!! 나경원!!!,0
115,13,뜻대로 풀리 게 없어서 그런지 편협한 피해의식에 사로잡힌 야당의 현실을 단적으로 보여주고 있는 모습 같아 안타까움을 넘어서 한심하기 그지 없다는,0
116,13,"빠루는 먼저 누가  들었는지 화면에도 나오더만 그걸보고도 나빠루라 하는건지, 편향된 언론만 접해서 그런건지 이해가 안되네.",0
117,13,나베는 도데체 5선씩이나 하면서 나라를위해 뭘했냐,0
118,13,판사는 어찌했나 몰것네,0
119,13,나배 빠루짱..다마레데스요,0
120,14,정권 몰락은 자유당 공화당 한나라당 새누리당 국짐당때나 몰락이지 역대 민주당은 몰락한적이 없다 참 당명 마이도 바뀌었네 뭐땜시 ......,0
121,14,특검하자  국정조사  모두해라  대장동에서 동먹은놈들 모두 조사하자  ㅎㅎ곽쌍도 박영수 윤석얄  오십억클럽  ㅋㅋ모두 곰찰출신  국짐당  해보자  ㅋㅋ,0
122,14,부당이득 7000억이 어디로 가는지 꼭 밝혀내라..,0
123,14,내란정당이 마지막 바락을 하는구만,0
124,14,"여러분!!  기레기들이 또 난동을 피우기 시작했어요.
기레기 조심하세요~",0
125,14,조작 수사에 대한 응징에 나설 차례임.,0
126,14,동혁아 되겠냐? ㅋ,0
127,14,국민의 80%는 조 작 질 개검 스 레 기과 주정 뱅이의  개들  국민의 똥과 토 왜 기관지는 역사속으로 사라지길 원한다,0
128,14,"참.. 하찮은 인간들 하찮은 짓들만 하는구나
나라 망치지말고 쓰레기들 청소좀 하게 입 좀 닥치고 있어라",0
129,14,정권 몰락하면  국힘에  좋은거  아냐?  부채질 해야지  왜  훼방을 놓지?,0
130,14,"대장동, 김현지, 리재명의 공통점이 무엇인지 제대로 밝혀라!!!!!!!!!!!!!
이를 특검해야 한다",0
131,15,무식한 양반. 피해자인 성남시가 환수받을 것임. 민사적으로.,0
132,16,이런 기사를 왜 실어주냐,0
133,16,해산되야 할 매국노당이 이젠 정신 나갔구나 ㅎㅎㅎㅎ. 역시 매국노당이야. 내란역적놈들.,0
134,16,너그 맘에 안들면 탄핵이냐??일 잘하는걸 왜 탄핵하냐?? 꼴같지도 않은 인간들아 해산당하고 조사나 받아,0
135,16,장돌혁 너부터  정치계에서  사라져야  할것이야...,0
136,16,뭔 헛소린지?,0
137,16,저런 정신 나간게 야당 대표란다. ㅋㅋ.  대통령 국정 지지율이 63프로에? 코스피 4200 시대에 대통령 탄핵을 띄워? ㅋㅋ? 근데? 궁금한게? 107석으로 탄핵 발의나 가능하냐? 국힘 니들은 분신술 하냐? ㅋㅋ,0
138,16,"위헌정당해산-&gt;재보궐선거-&gt;민주당 20여석추가 확보-&gt;개헌-&gt;친일매국노청산, 반민족특위구성후 반민부폐세력관영없는 처벌과 재산몰수, 부폐와의 전쟁선포-&gt;깨끗한나라좋은나라구현",0
139,16,탄핵 ㅋㅋㅋㅋㅋㅋㅋ 민주당이 탄핵해서 다 되니까 쉬운거같냐 될 사유가 있어야지 탄핵이 되는거지,0
140,16,"국짐은 정말 답없다~  그냥  통일교, 신천지, 전한길, 전광훈이랑 놀아라~  앞으로 영영 정권 잡을일 없겠네 ㅋㅋ",0
141,16,내란의힘~~뇌물의힘아~~니들이 국정조사나 특검 할 능력은 되냐?????????? ㅋㅋㅋㅋㅋㅋㅋ,0
142,16,"동혁아~~~
니그당이나 해산해라~~~
아니다~~~
그냥 기다려라~~
해산시켜줄게~^^ㅋㅋ
국민개돼지당~~~
국민의 짐당~~~",0
143,16,야이00000아 탄핵대상1번은 바로너 장동혁아이가,0
144,16,"왜 탄핵을 해야된다는거지?일을 잘해서?아님,검찰이 뒤집어 씌워서 억지 기소한것들 때문에 범죄자라고 프레임 뒤집어 씌워서?",0
145,16,무슨 명분도없이 일잘하는 사람을 탄핵을 미친거아냐,0
146,16,썩열이 항소 포기때는 가만히 있더만..,0
147,16,꼴에? 내란잔당 주제에? 니들 정당해산이 훨 빨라. 딱 기다려라.,0
148,16,정신이 제대로 박히지 않은 인간이네요,0
149,16,썩열이도그렇지만 장동혁 이놈도 태어나지 말아야될 놈이다 대한민국 발전에 이완용 보다저 못된 놈이다,0
150,16,야 임마 탄핵은 국민들이 알아서 결정한다.내란당 놈들이 주절거릴  일이 아니거든 국민들이 선택한 대통령이고 정권이다.너희 내란당 국민들은 아주 학을 띠고 징그럽다.그리고 너 눈구녕 벌겋게 충혈되서  악다구 쓰고 삿대질 섬뜩하고 살기를 느낀다.,0
151,16,탄핵할 힘이 있나 ... 힘 있음 해봐라 한번 ... 탄핵은 아무나 하는줄 아느냐 ...,0
152,17,대장동 범죄자들은 50억 클럽부터  국짐당 소속들  뿐,0
153,17,꺼지라 폭력 국회의원!!   불쌍하다 무플~~~~ㅋㅋㅋㅋ ㅋㅋㅋㅋ ㅋㅋㅋㅋ ㅋㅋㅋㅋ 퉤,0
154,18,민주당도 윤석열 이라 불렀음 인과응보,0
155,18,난 단 한번도 이재명을 대통령이라 생각한 적이 없다,0
156,18,대통령은 개뿔 추악한 범죄자 한마리,0
157,18,제목이 웃긴다. 이재명은 가짜니까 대통령 붙이면 당연히 안되지.,0
158,18,"민주당도 똑같이 하잖아~
모가 문제야?
윤석열 김건이 이렇게 말하면서
재명이는 끝에 대통령 여사라고 불러야되는거야?
내로남불좀 그만하자
자기는 로맨스 남은 불륜이냐",0
159,18,대통령이 되면 안될 사람이었다. 본인의 사법리스크를 권력의 힘과 거대야당을 내세워 폭거하는 정부! 국민을 위한다고? 몇십만원 쥐어주고 본인들은 법위에서 행동하는 나쁜 사람들. 대장동 7천억?? 학생때 부터 배운 자유민주주의 3권 독립은 무너진채 의회를 장악한 거대 인원으로 한사람을 위한 정치가 공산당과 뭐가 다른가? 대장동 일당 얼굴들을 보니 화가 난다. 설령 검사의 강압수사라 할지라도 그게 잘못이 아니다. 팩트는 국민의 돈을 해처먹은 일당이라는거다. 그 돈 모두 국가에 환속해라! 국민의 명령이다!! 나쁜 사람들,0
160,18,죄맹이가 대장동 몸통이 석열이라고 했지..그럼 당연히 항소해야 정상이지..7400억 몸통에게 들어가는데..안 그래? 찢민주당?,0
161,18,이재명 물러나라. 전과4범 정치범도아닌 잡범에 현재 피의자신분인 이재명구속 수사하라.,0
162,18,"이재명에게 대통령보다는 피의자호칭 이 더 적절하다. 저 인간들 김정은은 꼬박 위원장 호칭하면서 자국의 위인들은 이승만, 박정희 하며 호칭도 없애는데 이재명에게 무슨 호칭인가?",0
163,18,잘한다 박수,0
164,18,"민주당은 윤석렬 대통령은 고사하고 이름조차도 윤석렬이 아닌 윤""이라고 불렀다. 뿌린대로 거둔다",0
165,18,코스피 4000을 넘어 5000을 향하고 있고. 좌충우돌  트럼프 상대로 관세외교 선방하고 있고. ai 산업도 열심히 챙기고 있지만. 극우는 오로지 정권 욕심으로 일잘하는 정부 흔들기에 전념. 극우들 스스로 봐도 전임자와 비교했을떄 현정부가 일잘하는거에 할말없으니 더욱 불안한 상태,0
166,18,정성호는 범죄자 한놈을 위해서 개돼지한테 신중하게 판단하라고 2번씩이나 지시했단다,0
167,18,"이놈의 대한민국 정치인들은 
너나 할거없이 죄다 범죄자들 또는 음주운전자들이
아닌 사람이
없어 .. 전과 있는 놈들은 걍 정치를 못하게 할순 없는거야?? 그렇게 나랏일 할사람이 없냐",0
168,18,국힘 없어져라 내년총선때 한석도 없었음좋겠네  얼빠진 사람들 이  아직도있어서  될지 모르겠지만 국힘해체되어라,0
169,18,"운 좋게 재판 지연으로 대선에서 대통령이 되었을지 몰라도, 국민 대부분이 마음에서 우러나는 존경심을 느끼긴 어려워 보인다. 일을 잘하는 것도 중요하지만, 지도자에게는 인성과 품격도 필수 덕목이다. 가족 문제를 이유로, 일반 가정에서는 도저히 할 수 없는 거친 말을 가족에게 하는 모습을 보면, 인성과 품격에 의문이 든다.",0
170,18,결론은 하나!!!검란이든 법란이든 이 국난은 범죄자 이재명 하나로 통한다.정말 나쁜 사람이다.,0
171,18,세계의 어느 나라라도 좌파정부 들어서서 국민이 행복하고 부자된 나라 있냐!! 정권잡은자들만 떵떵거리면서 사는세상을 만든다.,0
172,18,이젠 국힘도 잡범과 싸워야한다.40명은 동참하고 67명 어딜갔나.싸위지 않는자는 국회뺏지 반납해라 나라꼴이 망가지는데 뒷짐지고 월급받고 애국민 한테 부끄럽지 않나.,0
173,18,온갖 재판받는 이재명 하나땜에 온 나라가 아사리판 개판이 된건 확실하다.,0
174,19,,0
175,20,경찰수사역량이 김총리 지시하나로 해결대면 좋겠네요...검찰수사도 못믿는자들이 경찰수사는 어떻게 믿나요?,0
176,20,"기초과학도 획기적인 방안을 마련만 하면 일본,미국을 몇년안에 따라잡는답니까? 무슨 산업도 획기적인 방안만 마련하면 금방 1등기업이 된답니까?
진짜 뭐하나 하는거 보면 자기네들은 무슨 신의 경지에서 신통방통한 뭔가를 가지고 있는 듯?
이젠 우리나라도 뮈든지 순리대로 일관성있게 꾸준히 해서 목표하는 바를 이루었으면 좋겠네요! 이젠 그만 정치인들에게 큰 기대는 안가졌으면 하네요!
도대체 뭐를 위해서 이러는건지,,여나야나?진보든 보수든? 그냥 권력을 잡아서 누리고만 싶은듯 보입니다!",0
177,20,물정모르는소리,0
178,20,"참.. ㅋㅋ 책상물림들~♡ 그게 니가 말 몇마디로 지시 내린다고? 텃밭 자체가 썩었는데 갑자기 수확량이 2~3배가 될까? 왜 ㅋㅋ 아예, 기왕 말엄포 놓는 거? '헬조선 국력이 올해 안으로 미국을 추월할 발전방안 마련하라' 그러잖고?",0
179,20,"☆나는 이런나라에 살고싶다.
☆전과4범 잡범인 대똥령이 있는 나라.
☆그 전과자로 인해 5명이 자살 당한 대똥령이 있는 나라.
☆교제살인 변호한 유능한 대똥령이 있는 나라
☆사법부 수장도 서열 정해 개무시하며 발밑에 두려하는 대똥령이 있는 나라.
☆법도 힘센 놈이 정하는 대똥령이 있는 나라.
☆나랏돈도 내돈 쓰듯 선심쓰며 표 구걸하는 대똥령이 있는 나라.
☆그돈 받아먹고 좋다고 표 파는 개돼지들의 대똥령이 있는 나라. 
*나는 이런 나라에서 살고싶다~~~",0
180,20,,0
181,20,국군 장병들아!! 쿠데타라도 좀해라.. 내전이라도 벌리자,0
182,20,두잡범이  앉아서  내란내란하며  놀고있냐?,0
183,20,,0
184,20,"이 사람아 개혁을 해 놓고, 옮겨야지 옮겨 놓고 개혁해?  공부하고 해야지 혁기적으로 공부해 개선하라니. 준비가 덜 되었다는 걸 뒤늦게 인정? 정말 국민을 위한것인가?",0
185,20,옛날부터수사는경찰이다하고생색은개검들이~,0
186,20,이넘은 주댕2빼면 쓸게없나보네..맨날 지시만 하래..지시만 수만번하면 뭐하냐?일하는 애들이 탱자탱자하는데..뻑하면 대책수립 나도 대통령 시켜줘라.니네보단 잘하지싶다.60평생 죄안짓고 깨끗이 살아왔는데..,0
187,20,뽀나스 좀 줘라...고생많이 했다,0
188,20,역량이 한계인데~~없는 역량이 자고 일어나면 뽀빠이처럼 갑자기 up되냐?풉ㅎ,0
189,20,"추상같은 말 한마디면, 대한민국 안전사고가 모두 사라지고, 한 소리 호령에 경찰 수사력이 기존 검찰 경찰의 수사력을 넘어설거라는 그 오만함은 어디서 나왔다냐? 설마 짱게판 무협지가 교본은 아니겄지?",0
190,20,김민석아...청문회에서  니가  얼마나  무식하고  거짓말 장이인지  다  보았거든...국무총리??  너를  볼때마다  숨이  턱  막히고  나라걱정에  앞이 캄캄하고  잠이  안 온단다...에휴,0
191,20,저런 1회성 멘트 지시가 지금까지 얼마나 많았나,0
192,20,경호실 경호관들은 CP에서 초밥먹고 동원된 경찰관들은 갈바닥 또는 버스에서 도시락까먹고. 동원된 경호수당도 예산의 범위 탓하며 하루 7000원 던져주는 현실,0
193,20,,0
194,20,이죄명 김민석 너네 죄부터  수사 제대로 받아라,0
195,21,국민들이 힘을 모아야 합니다. 대통령부터 이나라 정치인들이 국민들을 겁내지 않아요  이건 국민들을 우습게 안다는거지요  진짜 국민들이 모일수 있는 시스템을 만들어서 대통령이든 국개의원이든 국민들이 무서운줄 할게 만드는게 이나라 살리는길입니다. 이나라 최악의 쓰레기들이 바로 정치인들입니다. 국민여러분들 이제 힘을 모읍시다.,0
196,21,"뭔 3년 7개월 만이야 대통령 되고 나서 6개월만에 가는 구만, 특활비 전부 부활 시키고 정말 내란 정권이 찢이 이다 국정 마비 시킨 장본인들이 내란범 아니고 뭐냐!!",0
197,21,니놈이갈곳은  캄빵이다.사법부 는재판속개해라.땅땅,0
198,21,그전에 탄핵해라,0
199,21,"대통령 집무실과 참모진 사무실을 청와대로 옮기려는 계획은 철회하고, 현재의 용산 집무실을 계속 사용하는 것이 바람직합니다. 국정의 중심 공간은 무엇보다 안정성과 연속성이 중요하며, 잦은 이전은 행정 효율을 떨어뜨리고 국민 세금 낭비로 이어질 수 있습니다. 청와대는 이미 국민에게 개방된 상징적 공간으로 자리 잡았기 때문에, 다시 행정 공간으로 되돌리면 국민과의 약속을 어기는 결과가 됩니다.",0
200,21,범죄자 부정선거당산자 니놈 청와대 들어가기전에 박살 폐데기 당할 것이다,0
201,21,전과5범 대통령놀이 숸났네,0
202,21,돈이 썩어났구나. 니가 청와대로 옮기면 일을 잘 하니. 올해안에 끌려 내려올거 같으니까 그냥 용산에 있다가 시마이 해라.,0
203,21,그전에 국민들 손에 끌려내려오게 될것 같은데?,0
204,21,"거기서도  못하는게 청와대 간다고 ,  지은죄가 많으니 용산봐 청와대기 숨을곳은 많것지..국민혈세  지 삼짓돈인가,천하역적 탄핵이 답이다..",0
205,21,와 아직 4년넘게남았네 지겹다지겨워,0
206,21,대통령실 특활비 이제 0원 삭감하는 건가요? 윤석열 때처럼.,0
207,21,이제 구중궁궐로 들어가면 다시는 나오지 못한다. 그 속에서 또 무슨일이 벌어질지 걱정이다.,0
208,21,돈이 남아 돌아가네 보수가 정권을 잡으면 용산으로 다시 가나?,0
209,21,"멍청하고 한심한 괴물 한쌍이 나라를 어지럽히고 용천발광을 하다, 이제서야 제 자리로 돌아왔구먼... 국민으로서 축하할 일이네~!!",0
210,21,국민들로부터 청와대를 빼앗아 가는구나..... 그냥 용산 적당히 쓰다 세종으로 가면 될 거를....,0
211,21,미친개는 몽둥이가 약인데....제정신 아닌 인간들이 많구나 무당같지도 않은 무슨법사인가 하는 인간 말과 귀신같은 무속신앙으로 조단위 육박하는 돈을 써가메 국방부등 군행정기관 다옮기게 만들며 돈을 써제끼며 씨잘데기 없는짓을 하고 청와대 개방한다고 하더니 김건희 놀이터로 쓰고 그걸 바로 잡아 오랜 전통의 청와대로 돌아가는걸 욕하고 자빠졌다고?? 참나 어이가 없다,0
212,21,가면 뭐하냐? 탄핵이 코앞인데..일부러 이러는 것 다 안다. 이나라는 대통이 없다. 사기꾼 피의자들만 있다. 😡😡😡,0
213,21,청와대 요즘 시대에는 전혀 안맞고 실효성도 떨어진다. 권위주의 시대 대통령이란 인간들이 오만한 특권의식으로 지은 건물이다. 대통령이 무슨 임금이냐? 저혼자서 웅장한 건물을 사용하고 수백명의 비서들은 몇백미터 떨어진 곳에서 일을 하다니..... 미국 백악관을 봐라. 청와대 국민의 공간 건물로 사용하게 하라.,0
214,21,너 세종시로 간다고 했잖아? 또 사기친거야 ㅠ 역시 이죄명답다~,0
215,22,"맞습니다
.현정권의.나팔수맞습니다
대한민국.언론이.민주당.대변인을.하고있습니다",0
216,22,저 여자 좀 퇴출시켜주세요.,0
217,22,내란당을 두둔해주면 착한앵커 민주당 두둔해주면 나쁜앵커 당신의 기준은 참 싸구려네 제발 은퇴하세요 더이상 물흐리지말고,0
218,22,"빠루상, 재판 안받냐?",0
219,22,나경원도 전한길이랑 같이 우리나라 국적 좀 포기해줄래?? 나경원한텐 대한민국 국적이 너무 과하네..,0
220,22,사람이 아닌 나귀신입니다.,0
221,23,자~이제 의로운 김만배 쉴드칠 천재견들 들어와라~ ㅋ  7억으로 7천억을 버는 위로운 김만배님 보다 못한 가붕개들 ~ㅋㅋㅋ,0
222,24,말이야 방구야?  입만 벌리면 거짓말,0
223,24,입만 떼면 거짓말. 아주 능지처참을 해야 함.,0
224,24,내란수괴 사형집행 대찬성!,0
225,24,어이~ 윤씨!!! 과거에 검사질 했다며!!!  그렇게 유치한 변명이 통할 것 같은가? 추하게 굴지말고 네가 항상 좋아하고 자주 말한 '법과원칙에 따라' 당당히 심판 받고 그안에서 푹 썩어라 임마.,0
226,24,축 사형,0
227,24,나에게 있어서 입이란 쳐먹고 거짓말하는 용도외에는 없다. 이런놈이 좋다고 하는 놈들도 정상이 아니지,0
228,24,정성호가 대장동관련 언급한것도 개입이지 . 윤석렬이도 개입이고. 공평해야지?,0
229,24,"형량깍을려고 개짓으러 여기저기
기웃거리는구나 ㅉ",0
230,24,왜 나와서 지롤하냐. 니가 짖어대는건 참말도 거짓으로 다가온다,0
231,24,격노도 못하냐? 난 오늘도 민주당에 격노한다,0
232,25,냉장고를 발라먹는 옥수동의 도련님이 저질이고 혐요세여 이시바라 ~~~~~~~~~~~~~~~~~~~~~~~` 푸 ㅎㅎㅎㅎㅎㅎㅎㅎㅎㅎㅎㅎㅎㅎㅎㅎㅎㅎㅎㅎㅎㅎㅎㅎㅎㅎㅎㅎㅎㅎㅎㅎㅎㅎㅎㅎㅎㅎㅎㅎㅎㅎㅎㅎㅎㅎㅎㅎㅎㅎㅎㅎㅎㅎㅎㅎㅎ,0
233,25,반대파 숙청에만 눈이 먼 더민당과 그 수괴 이재명이가 가장 저질임.,0
234,25,"5.18 이나 세월호, 중공놈들에 대해 입을 막는 것은 신판 독재로 가는 길이다.  중공 닮아가나?",0
235,25,"저질은 민주당 얘기하는건가,ㅡㅡ",0
236,25,"李대통령 ""혐오 묵과 안 돼""??? 짐 울나라에서 제일 혐오스러운게 누군데? 바로 너잖아? 찢명아?",0
237,25,"북중러에 대응한다고 핵잠수함을 만들려는데, 극우 반중시위를 문제삼는다는건 모순이지... 미국이 이재명보고 핵잠만들어서 중국견제하는데 쓰라고 했는데. 어떻게 국제사회 진영논리를 해체하고 평등을 추구하는 혐오차별금지라는게 있냐? 중국앞에 핵잠 끌고가서 '난 중국인을 혐오하거나 차별할 생각이 없어요' 라고 주장하면 되는건가? 그러니까 낮은단계의 유사 차별금지법이나 만들어서 수십년동안 기생한 온건좌파들 '정신승리' 나 시켜주고 들러리로 쓰면 그만이다. 정신승리 시켜줘야 민주당 우클릭에 형식적 비판만하지. 입진보인생 수십년일텐데..",0
238,25,집회장 현수막 일제 정리합시다. 보비 거북하다.,0
239,25,"이 아무개, 정 아무개, 조 아무개, 추 아무개들 만한 저질들이 또 있겠냐?",0
240,25,저 아자씨 본인과 자당 저질성분들의 속성과 본질을 화려하게 에둘러 말쌈하고 자빠져 있네요~~!!,0
241,25,대한민국 주권을 무시하는 혐한 이재명은 물러나라!  만배 재벌만들어준 7000억 권력비리 재명아 너 탄핵이다. 현지야.,0
242,25,인종차별은 안돠지만 역사왜곡하는 중공놈들과 일본들은 욕해도 돼,0
243,25,니가 예수님이냐???  원수를 사랑해야 되냐?? 난 그냥 욕하고 싶은데,0
244,25,막장정치인들 ~~,0
245,25,더러운 욕 담아서 플랜카드 설치한 사람들이  더불당이 먼저인데 ㅎㅎ,0
246,25,이재명의 더러운 입은 어찌 할꼬!,0
247,25,인터넷 강국에 현수막 강국 말이 않됨니다 공사유무 떠나서 현수막 자체를 공해로 보고 철퇴를 가해야 합니다,0
248,25,지 가족한텐 온갖 혐오 표현은 다 하더니ㅎㅎ,0
249,25,도둑 탄핵해라.,0
250,26,정권내내 부패와 무능으로 일관하다가 내란으로 끝난 정권 부역 정당 답네요,0
251,26,,0
252,26,명불허전...... 매국....내란당......7만8천원 가지고 G R 할 땐 언 제 고....ㅉㅉㅉ,0
253,27,민쪼당이야말로 그 입 다물어야지,0
254,27,서팔계등장 ㅋㅋ,0
255,27,대장동 일당에게 7400억을 주는걸 4글자로 줄이면 검찰개혁 ㅋㅋㅋㅋㅋㅋㅋㅋㅋㅋ,0
256,27,"추, 제정신인가? 그럼 제 정신이쥐, 추가 정신이 나간 건 아니잖아!  설~마~ 추가 더불어 민주적으로 개소리하고 있다는 말은 아니지요?",0
257,28,갑자기왜 ㅋㅋㅋㅋ 죽을때가 다되었나 ㅋㅋㅋㅋ ㅋㅋㅋㅋ 그렇다면 옥수동은 사실이냐 이시바라 ㅋㅋㅋㅋ ㅋㅋㅋㅋ ㅋㅋㅋㅋ,0
258,28,집단이 개인이 하는 말 마음에 안든다고 깜빵에 처넣을 수 있으면 하고싶은 말 제대로 할 수 있는 사람이 몇이나 되겠냐 민주주의 국가의 정치인 대가리에서 나온 법안이라고는 믿을 수 없을만큼 독재적인 법안임,0
259,28,어휴! 이재명 저걸 확!,0
260,28,현수막가지고도 뭐라하고 사실적시 명예훼손법 없애라고? ㅋㅋㅋ 과거세탁하는거네,0
261,28,정말 좋다.  친일 매국노들에게 매국노라고 하면 사실 적시 명예훼손으로 처벌되는 더러븐 세상.  내란수괴와 내란당에게 사실 적시 낙인을 찍어줘야 한다.,0
262,28,면소 밑밥 까네?,0
263,28,형수찢도 유치원부터 조기교육 시키자 잡범.좌파.개딸들이 존경하는 위대한아버지 찢잡범죄명이의 패륜아적 쌍욕을 해야 우두머리가 된다고 어릴때부터 교육시키자,0
264,28,성호야 오래버티겠다. 세금 축 내연서,0
265,28,"지 한테  불리한건 다  때려 부시네
  역대  이런 쓰레기 너덜 거리는 대통령은 없었다",0
266,28,더섯분 돌아가시게 했으니 간접살인자 찢재명 맞네...형수 거길 찢으라고했으니 찢재명 아들넘 할머니 상중에 안마시술소에서 성매수했으니 망쪼든 집안 이것도 사실이네...전과4범 맞네...더러운 찢재명,0
267,28,쓸데없는 법안...,0
268,29,징계도 징계지만 잘라버리고 변호사 및 법 관련 재취업 금지법 만들어라. 다시는 조작질 공작질 꿈도 못꾸게.,0
269,29,뺑기똥 다 징계하지 말고 총살시키지 왜 징계 ㅋ 니 중딩이나 징계해라 뺑기통,0
270,29,친윤검사들 다 징계하라 윤 항소포기때 가만희 있던 검ㅈ사들이다 정치윤검찰들이다 계엄옹호하는 검사들 내리는기 맞다 민주당은 우습냐   윤석열때는 꼼착 못했다,0
271,29,징계가  아니라  범죄자들을 먼저   처벌해야  된다.! 이재명  범죄자  부터 처벌 하라.!'범죄자 를  위해  온갖 거짓말 과  편법을 일삼는 범죄자  일당들 부터 수사 하고  처벌  하라.!,0
272,29,국회는 국개의원은 저래도 되나?,0
273,29,"국회가  X판이고   ,검찰은 그나마 양호하다",0
274,29,너하고 아들이나 징계해라 범죄자놈아,0
275,29,윤썩열한테 찍소리 못한 검사들 분명히 문제 있어. 그건 그거대로 처벌하면 되는거고. 그렇다고 이번 불항소 결정과 그 과정의 위법성이 사라지는게 아니다. 같은 결에 있지 않은 것을 억지로 맞춰 물타기 하지 마라.,0
276,30,이재명대통령님  든든합니다  늘응원합니다,0
277,30,자기의 범죄 행위를  덮으려고   온갖 인심 다 쓰는 척  세금 까지  깎아 주려는  얄팍한 수작  이것이  범죄자 들이 즐겨쓰는  수법 이다.!봐로 범죄자 이재명  이다.!,0
278,30,야~~~이재명이.... 지수 관련주들만 주구장창 상승하고 혜택받는 시장 ... 이게 과연 니가 원하는 주식시장 레벨업이냐?... 40~50이 묶인 제약주 어떡할거야...잘해라 쫌...간만에 한마디 한다...ㅋㅋㅋㅋ,0
279,30,"드루와...드루와...개미들아....
지금 떠나면 난 어떻게 해??",0
280,30,항상 느끼지만 경제는 경제인에게 법조인은 법정으로..법은만민평등하죠,0
281,30,이 정부에선 주식 투자 하면 돈 번다 내란당 지지 하면서 주삭 하는 모지리는 없지,0
282,30,멋진 대통령이다!!! 화이팅!!!,0
283,30,환율 폭등하고 원화가치 하락으로 외국투자자 떠나는데 유가는 치솟아 물가도 치솟는데.... 개미들아 열심히 드루와~ 드루와서 결과는 알아서 해.,0
284,31,"대장동, 백현동, 대북송금, 이런 거 가담자들이야말로 내란범들이다. 그 셋 다 관여한게 김현지라며?",0
285,31,아무리 발버둥쳐도 5가지 혐의는 안 덮어 진다.,0
286,31,이재명 대통령 되면 보복은 없다고 하지 않았나 !.......양아치 이재명 말을 믿고 투표한 것들이 제일 나빠 !....더러운 양아치 개좌파 세상이다.,0
287,31,싸그리 잡아서 자리를 박탈합시다. 나는 아니고가 아닌 단순지라도 싹을 잘리야 한다.,0
288,31,역시 이재명.. 잘한다. 아주 발본색원 뿌리를 뽑아 갈아서 한강에 날려야 한다.,0
289,31,국힘 정부 들어서면. 내쫏긴 공무원즉시복귀. 이죄명망나니가 승진한 친중전라도 인사 내쫏자,0
290,31,계엄령선포 에서 해제까지 몇시간이나 된다고 공무원 처벌을 들먹이나 내란을 빌미로 마음에 안드는 공직자 솟까낼려는 속셈아니냐 한마디로 속보이고 저질스럽다,0
291,31,계엄 유도범은 따로 있다...근데 왜 내란내란하지...본인들이 내란은 쑥 빼고 헌재 판결을 받았는데....,0
292,31,문재인때 전라도나 친중 친북 인사 특채. 특검해서 내쫏자,0
293,31,내란가담자가 멀쩡히 직장 다니는게 말이 되냐.. 전두환 멀쩡하게 살다가 죽은 것도 개같은 일인데.. 이번에도 어영부영 넘어가면 X신들이지..,0
294,31,"&lt;이죄명의 “내란” 때문에 “계엄”을 했다&gt; . “내란”이란 국가의 최고권력 대통령에 대한 반란이 ‘내란’이다. “계엄”은 국가 마비 사태를 초래하는 ‘내란’을 진압하기 위한 대통령의 권한 행사가 “계엄령”이다. . 누가 “국정마비”“정권찬탈” 내란을 일으켰나? “이죄명과 더불어공산당이다” 30번 탄핵,국정마비가 ‘내란’이다. . “계엄”을 하지말았어야 했다??? 이런 생각을 가진자들은 ‘작금의 국가 위기를 모르거나 방관한 자들이다’. 대다수 국민들의 바램은 “계엄령”으로 ‘국회해산’을 원했다. . “내란범”이죄명은 당장 내려와라.",0
295,31,계엄을 빌미로  독재를 가속화하는 전과4범 5가지 재판중인 이재명을 심판해야 한다,0
296,31,재명아 딴짓좀 그만하고 원달러 환율좀 잡아 능력없는 무지랭이야,0
297,31,할라면 빨랑해 특검 들어간지 반년은 넘었지 아마... 뭐 있냐? 외환죄로 몰아가려다 증거 없으니까 일반이적 ㅋ 이런 것도 있었냐 북괴에 무인기 날려서 도발을 유도했다 ㅋ 나비효과 영화찍냐 ㅋ 북괴가 먼저 드론 날렸으니 당연히 우리도 해야지 북괴에 벌벌 떠는구나 누가 종북좌파 아니랄까봐. 이렇게 세월호처럼 계속 우려먹고 있지. 뭐 있으면 빨랑해 천치 짓을 하고 좌파졌네. 여기에 홀린 개돼지들은 아직도 광분하고 좌파지고 있지. 아무것도 없는데 말이지 ㅋ,0
298,32,아파트 허가 주면서 개발이익 환수한 시장들 이재명 외에 한명이라도 있냐..?...지들은 1원도 회수 못하고 같이 삥뜯은 넘들이 할것은 아니지...내란아~~내란아~~~확~~~욕 나오네,0
299,32,700억은 그분 것이라는 김만배야 유동규가 그분은 아니란 것 세상이 다 아는데 이제 배임죄까지 없애주면 너가 받는 6천억 중 얼마주기로 했냐?,0
300,32,50억 뇌물 받은 50억 클럽들...31절 특사로 감옥 하루도 안살게 2월 상고 포기시킨 윤썩열과 검찰은....?,0
301,32,재판꺼리로 재판해라...내란 종자들아,0
302,33,"당초 실체없는 이재명 엮기 조작수사.
개검들은 반듯이 조사해야 한다.",0
303,34,"""내돈 아니다 "" ""그분 돈이다""
만배왈",0
304,34,특검을 관철해서 리짜이밍을 탄핵하라. 이런 나라가 어디있나! 국힘의원들 총사퇴 배수진으로 잃었던 정권을 되찾아라,0
305,34,니들 논리면 동혁이 공직선거법 무죄난거 항소포기한것도 그럼 압력없이 항소포기할일이없을텐데ㅋㅋㅋㅋㅋㅋㅋ니들이 압력줘서 포기한거야?해명좀 ㅋㅋㅋㅋㅋㅋㅋㅋㅋㅋㅋㅋㅋㅋㅋㅋ또 그거랑 이거랑 다르다고 하겠지 ㅠㅠ?,0
306,34,내란 당 해산 날짜가 하루하루 다가오니 미쳐 나돌아 댕기는 것 같다. 애들아 정신줄 잡아라..,0
307,34,여사뺏다고 거품 물던것들이. 그냥 없애버려야 국힘은,0
308,34,"동아일보를 편파보도하지마라  윤대통령을
범죄자집단인 민주당이놈들이 윤전대통령이라고 호칭하더냐 이재명이는김정은한테는  위원장님으로  깍듯히 존칭사용하면서  무슨개소리냐",0
309,34,도둑놈 정권을 빨리 땡처리해야!..대장동 몸통이 윤석열이라고 우기던 죄명이..근데 왜 항소 포기하냐? ..지가 몸통임을 증명하네..슈어발!,0
310,34,감빵가야될 놈들이 대모질이노,0
311,34,"내란 잔당들 떠드는건 무섭기 때문.. 앞으로 뭐가 더 터질지,몇놈이 더 구속될지...ㅠ",0
312,34,김부선이 이재명이가 불륜을 저질르고 쌀한마가니도 안보내서 남자도 아닌라네 .,0
313,34,국민들의 암덩어리들~,0
314,34,미 친것들 니들 국민이뽑아줬지 빤스가 뽑아줬어 국민을 학살하는 계엄한것 알았으면 대통령할애비라도 없애버려야지 그런놈들이 뭐해 빨리들 국회에서 꺼  .져라.,0
315,34,21세기판 이완용 놈들!,0
316,34,해봐,0
317,34,아스팔트극우들한테 사랑 받겠어🫡🫡🫡,0
318,34,염병들 하고 자빠졌다.,0
319,34,대똥 소똥도 아깝다 주살을 하든지 걍 처넣라,0
320,34,저런개같은족속들은 아무말이나지껄이고 아니면말고식 쿠테타정당이 뻔번하게 반성도없이 고개빳빳이쳐들고 전부다몰살시켜버려야 이나라가조용해진다 저것들때문에아주시끄러워죽켔다,0
321,34,그럼 단식하고 김성태처럼 특검 이끌어라 앞에선 웃고 뒤에서 말로만 싸우냐?,0
322,34,,0
323,35,검찰의 항소에 압력을 가한 이재명의 행위는 윤통의 계엄 보다 더 심각한 내란 이다. 이재명을 탄핵 하고 대통령 다시 뽑아야 한다.,0
324,35,김만배 5700억 남욱 1000억원으로 범죄자들이 몇년살다나오면 갑부로 살텐데 이걸 항소안해서 환수를 못하게한 법무부장관과 윗선까지 특검으로 밝혀내야한다,0
325,35,몸통 은 이재명 이다  몸통 을  구속하라,0
326,35,대놓고  사법부 압박에  재판개입하는  찢나방을 탄핵시키고 깜빵으로😡,0
327,35,법과 정의를 깡그리 망치고 있는 전과4범 점박이 찢죄명을 탄핵해야 대한민국이 산다,0
328,35,대장동사건 변호사들이 국회 정부 공직에 들어가있다 범죄자변호사들이 검찰 인사권을 행사한다 참 이상한 나라다,0
329,35,이나라가 기소범 이죄명 한사람을 위해 존재 한다눈 생각울  지울수없다..현정권의 사법 폐악질을 보면  분노와 구역질이 동시에 난다..,0
330,35,"이재명 정권 밋낫이 드러났습니다! 이젠 이재명의 생명, 정권은 끝입니다. 더 이상 놔두는건 독재를 하라는 것이나 다름 없습니다! 모두 이재명 정권 끝내는데 힘을 다해야 합니다!",0
331,35,우두머리는 단군이래 최대의 치적이라며 자랑하던 이재명~,0
332,35,범죄자  대통령  한놈이  대한민국을 쑥대밭 으로 만들려고   환장  하는구나.! 그쫄개들은  이놈의  범죄를 처벌 하지 못하도록 온갖 위법과 탈법 행위를 일삼고 있다.!,0
333,35,왜 정회하냐? 애미추야 그렇게 쫄리냐? 가릴걸 가리고 닾을걸 덮어라,0
334,35,대장동은 반드시 밝혀야함,0
335,35,"의원님들, 몸통 하나만 정리되면 대한민국 전체가 조용할텐데 왜 그러세요?",0
336,35,"법위에 군림하고있는 잡범 재명이와
 민주당 전과자 패거리들 모두
 척결 해야한다",0
337,35,이재명 특검대상 1건 추가요~~,0
338,35,대법원장도 툭하면 부르자던 인간들인데 지들이 뭐가 캥기니까 아무도 못부르네 ㅋㅋㅋ,0
339,35,"대장동 땅을 헐값에 넘긴 원주민들만 바보된거지. 대장동 일당은 50여억원 투자해서 5,000억 가까이 수익을 먹은거잖아. 일개 재건축 조합원들도 초과이익환수로 1가구당 수억에서 수천만원씩 세금내도록 해놓고, 대장동 일당은 봐준 희대의 배임 사기사건이다. 근데, 이재명정부가 항소를 안한거지. 하...대놓고 편드네.",0
340,35,추미애 박지원 이들의 결말이 보인다. 남은 인생 그나마 의미있게 마무리해야 할텐데 참 부끄럽다.,0
341,35,진정으로 국가와 민족을  위하는 군인이라면 박정희대통령을 기억해라 그때도 4.19혁명으로 자유당정권을무너지게했으나 민주당내의당파싸움으로 정치가엉망이었다 지금은 범죄자들이 정권을잡고 노골적으로부정을저지르고있다,0
342,35,이재명은 왜 대장동저수지에  정권의 명운을 걸까   그돈  아니라도 이재명이  참회하는  심정으로  진솔하게  그의  삶의  도정을 기록으로 남긴다면  엄청난 저작권이 보장되지  안흘까  국내에서는 아수라2가  헐리우드에서는 내일을  향해 쏴라2가  준비될것이고  안동에서 대장동에 이르는  수많은  사건의  미스텨리  죽음과   비리의혹은  스티븐  킹같은 소설가도  작품의 소재로 삼을것같다  그야말로 대박이다  조용히 하야하고 참회록이라도  써보는것이  이떨지  ㆍ,0
343,36,국익을  개인에게 넘기고 휴가라   윗선과 모의하려고,0
344,37,"선동꾼들아 유네스코에서 아무 문제 없다고 인정했고 대법원 판결에 초고층은 오백미터 떨어져있고 녹지로 종묘에서 산까지 뻥뚫려 오히려 지금보다 시야가 확트였는데
 지선 때문에 무지성 반대하냐 오세훈이 그리 무섭나
 선동을 하려면 제대로 해야지",0
345,37,오허풍 집앞에 150m 애국기 게양대설하고 5시마다 애국가뜰어 부자님들과 공하자그자제분들 자칭 애국기부대 집회공간으로 제,0
346,37,떠들지 말고 법대로 하든가 다음 지선에서 선거로 시민들의 의견을 물어 결판 내든가 해.,0
347,37,망둥어가 뛰니까 꼴뚜기가 뛴다더니 별의 별 넘이  다 나오네..,0
348,38,재판개입이래 ㅋㅋ진중권이는 조희대는 안까냐 ㅋㅋ진중권은 윤석열 개에서 한동훈 개가 다 되었네ㅋㅋ,0
349,38,정보) 댓글에서 대리 발작하는 좌파조선인들은 10원한장 먹은게없지만 김만배 정진상 등등은 수천억을 해먹었다 ㅋㅋ 그와중에 거렁뱅이 죄파들이 무료로 수천억 자산가들 변호해주는중 ㅜㅜ,0
350,38,그러면 내란범 풀어줄때 항소 포기하게 만든 검찰수뇌부는?,0
351,38,산에가 감방가 더불어 대져야 할사유 되지요 ㅋㅋㅋ ㅋㅋㅋ ㅋㅋㅋ 더불어서 전과자지 이시바라 ~~~~~~~~~~~~~~~~~~~~~~~~~~~~~~~ ㅋㅋㅋㅋㅋㅋㅋㅋㅋㅋㅋㅋㅋㅋㅋㅋㅋㅋㅋㅋㅋㅋㅋㅋㅋㅋㅋㅋㅋㅋㅋㅋㅋㅋㅋㅋㅋㅋㅋㅋㅋㅋㅋㅋㅋㅋㅋㅋㅋ,0
352,38,들고 일어서라 들꽃처럼 번지리라,0
353,38,국민들이 똑같이 죄국범죄당빼고 지금 야당에게 내년지선과 이후 총선때 거대의석을 줘야 죄명이 끌어내리고 죄값 받게하고 나라를 바로세울듯..그러나 그전에 지금 모든법안들 앞을내다보며 불리한것들 법안처리할 가능성 100000000%,0
354,38,개죄맹이가 개라는 사실을 만천하에 선포하는 것 ㅋ ㅋ,0
355,38,김건희 면회는 갔어? ㅠ 너 안 찾아?,0
356,38,탄핵이 답이다. 나라 더 망가지기 전에 해야,0
357,38,내란이들의 세상은 그야 말로 '지옥도'다...매일 같이 스스로 불로 뛰어 들어가는 지옥의 군상들 같다..,0
358,38,사실이면????지도자복들도지지리도없는민족인듯,0
359,38,,0
360,38,범죄자기 대통을 하고있으니  나라가 이꼴이지 되는게 하나도 없어,0
361,38,이렇게 해야 돈이 좀 들어오니?,0
362,38,,0
363,38,썩열이때 탄핵 얘기도 못 꺼내단..쫄보넘..ㅋㅋ,0
364,38,그러면 머하냐 국민도 국힘도 힘이없는데ᆢ더불어공산당이 나라를 팔아먹어도 막을 힘이 없지ᆢ,0
365,38,한동훈 조롱과 이하로 억까하는 댓글러들 허위사실인지도 모르고 가스라이팅 당해 헛소리 하는줄도 모르네 무지해보인다 공부좀 하고 팩트와 논리로 반박해봐라  허위사실 성치훈 김진욱 사과했고 추미애 정성호는 사과안해서 고소 당했다,0
366,38,니는 주디 닥치고 대구리박고 딱 기다려다 니 순서 아니다.,0
367,38,내란당은 답이 없다 ㅋㅋ,0
368,39,"검찰이 알아서 정리했다’는 말은 법무부가 책임을 떠넘기는 전형적인 정치적 회피다. 항소 포기라는 중대한 결정을 앞두고 검찰 내부가 들끓고 있는데, 정권은 ‘지시한 적 없다’며 발 빼기에 급급하다.
검찰이 배신당한 게 아니다. 국민이 배신당한 것입니다. 법치를 흔든 자, 진실을 덮은 자, 책임을 회피한 자—이 모두가 탄핵과 사퇴의 대상이다!",0
369,39,장관이 안했어 차관이 했지.,0
370,39,정성호 장관 이진수 차관 노민석 차장 박철우반부패부장 정진우 중앙지검잠 오적 반드시 재산동결로 추징해야한다 팩트와 논리로 로 5적의 행태 국민이 알게한 천재 정치인  한동훈 차대한,0
371,39,검찰추산 배임액에서 대장동 민간인들의 이익이 3000억만 보태면 1조네. 😲,0
372,40,이재명 물고 늘어지다가는 내가 볼때 한방에 니들 나락갈듯한데...... 어디 계속 해봐라 탄핵이고 뭐고~ 누가 눈하나 깜박할지...ㅎㅎㅎㅎㅎ 참으로 한심하다....정치오물집단...쯔쯔쯔쯔,0
373,40,내가 몇번을 얘기하냐? 전원 유죄가 나왔고 검찰이 구형한 형량에 50프로 이상 법원이 판결을 때렸고 유동규는 심지어 구형한거보다 법원이 형량을 더 때렸는데 왜 항소를 하는데? 무죄라도 줬냐? 그냥 트집잡을거나 걸려들면 흑색선전선동밖에 못하는 무능한 매국집단은 즉각 정당해산심판 청구해야 된다. 그리고 느덜 심우정이 윤수괴 항소 포기할땐 입 뻥끗했냐? 내로남불도 유분수지.,0
374,40,아직도 이재명만 물고 늘어지는 한심한 당. 이젠 관심도 안간다.,0
375,40,범죄집단,0
376,40,"윤서결의 유일한 업적, 국힘이 얼마나 우리나라의 암적 존재 집단인지 확실히 알게했다.",0
377,40,지럴하네 국짐쓰레기,0
378,40,먼일만 있으면 이재명 역을라고 발악을 하는구나..ㅋㅋ,0
379,40,쪽수 도 실현 가능성도 없는 헛소리 당,0
380,40,저것들 뇌엔 머가 들어있을까,0
381,40,저 내란잡당 해체좀 시켜주소~~!!!!,0
382,40,대통령은 빤스와 내란당이 망쳐 논 나라 어떻게든 살려 보려고 국무회의까지 거의 전면 공개 하면서까지 일을 하자 하는데... 이것들은 여기저기 똥만 싸고 다니고 있고..,0
383,40,발악을 하는구나! 홍준표 말대로 폭파하고 새판 짜야될듯,0
384,40,나라 망하기만 바라는 국짐당은 해산하라.,0
385,40,"내란동조 잔당들이 아직도 힘이 남아 설치는것 보면 전한길한테 같이 강간당하고, 중국으로 팔려 나가지 않으려면 고마해라! 그런다고 내란잔당들인거 어디 안간다.",0
386,40,"내란동조,옹호 묵인한 장동혁 구속하라",0
387,40,너네 쪽수 가지고 되것나?,0
388,40,"시래기들....
니들이 법안 하나라도 통과시킬 능력이 되냐??
니들이 특검을 주장해?
지나가는 개가 웃는다.
국민을 전쟁터로 내몰 준비까지 한 윤석열을 옹호하고 특검.탄핵을 그리 반대하는 자들이...ㅋㅋ",0
389,40,김기현 특검부터~~,0
390,40,내란 스레기당은 모두 감옥으로,0
391,40,국짐당 놈들아 여사님 안가에서 휴대폰 반납한 검사님들한테는 끽소리못하고 썩열이 구속 시간으로 따져서 구속 안 시킬때는 뭐했냐  꼭좀비들 같네,0
392,41,멍청래...지금 시국에 내란 타령...ㅋ ㅋ ㅋ 대그빡 규모는 웅장한데 내용물이 별로 없는 인간....전세계에 내란이란 단어를 제일 많이 사용하는 인간...최민희와 당내 사내커플을 연상시키는 인간...그이름 .....정청래.,0
393,41,"이것들아.. 윤석열 임기 초에 이원석을 봐봐라.. 문재인, 김정숙, 이재명 수사하랬더니 질질 끌고 그래도 윤석열이 검찰에 외압하고 그러진 않았다. 너네들처럼 전과자 한명 지키자고 그런식으로 대놓고 항소 제끼고 국민 세금 수천억 날려먹고 그랬냐?",0
394,41,항명? 독재 범죄자 찢죄명의 지령에 목숨거는 개 정성호의 찢죄명 방탄용 항소포기 지시를 따르면 그게 검사가 아니지!!! 대장동 횡령의 몸통이 설계자인 찢죄명인데!!!!,0
395,41,"청래저건, 머리통에  뭐가 들었을까,저 돌머리에 세상빵구 내는건만 들었을까,저걸 몇선이나 시켜준 시민들은",0
396,41,폭탄테러범이 정치하면서 살아가는 너야말로 소멸대상이다,0
397,41,매일 매일 뉴스 보면서 화가 난다. 도데체 죄지은 넘들이 왜이리 잘되고 큰소리 칠 수 있는 세상이 된건지.,0
398,41,내란은 지들이 했는데 맨날 뒤집어 쒸우려 발광을 한다 국민들을 바보로 만들려고 하지마라 이재명은 탄핵 시켜서 남은재판 신속하게 진행 시켜라,0
399,41,"국민들은 검란에 관심없고,항소 포기로 그동안 가압류된 대장동 저수지의 검은돈 7000억이,어제 가압류에서 해지되어 누가 빼갔고?최종 목적지가 어디인지가 궁금하다.",0
400,41,이래도 민주당 이재명지지하는것들은 도대체 뭔지----,0
401,41,"여당대표란놈이,,,관세,환율,물가로 나라가이모양인데,,,여태까지 내란타령하는라,다른일을안하네,,,,,아는게있어야뭘하지,,,,내년선거에서 민주당것들은 한마리도뽑지말아야한다,,",0
402,41,"물타기 말고 A를  물으면  A를 답해라
언제까지  윤타령할래  이번  건은  그 잘못이 비교  불가이다",0
403,41,놀고먹는 국민혈세철밥통들 밥값하고 있다!!! 국민이 나서서 국개수100으로 줄이고 각종 특권 폐지하자!!!,0
404,41,"윤전대통령이 당신들처럼 그렇게 검찰을 압박했는가? 검수완박을 했는가? 검사들의 항명은 많이 늦은 감이 있다, 검찰을 없애고 수사권을 경찰에 주는 것이 국민들의 권리와 인권을 보장하는 길이라고 당신들은 생각하는가? 지금 돌아가는 꼴을 봐라, 나라가 제대로 돌아가고 있는지를 여당은 가슴에손을 인고 반성해야 한다.",0
405,41,아니 검사들...기본적인 일관성은 가지고 살아야지....박수영 항소포기... 윤석열 즉시항고 포기...김건희무혐의 다 입닫고 있다가 이제와서...ㅋ 항명하는데 가만두면 그건 정부/여당의 존재이유가 없는거지요??,0
406,41,"죄진놈은 지편 이라고 떠 받드는 주제를 모르면서, 헌법을 바로 세우겠다는 검사들 한텐, 지가 하늘 아래 신 처럼 행사 하는 ""꼬 락 서니""를 단 칼에 없애는 방법은 없나??????",0
407,41,더이상 잃을것도 없는데 들이박아라.....지금은 용기있는 검사들이 필요하다...망나니짓 민주당을 무서워하지말고 물러서지 말길...뒤에 국민이 응원할테니,0
408,41,윤돼지땐 찍 소리도 못한던 넘들이...,0
409,41,청래야!  그전에 니들이 허구언날 검사탄핵 했었다.전부 무죄판결 났다.니들이 인간이냐.? 犬견공이냐?검찰청폐지.犬견공들 뭐하냐?,0
410,41,"(속보)  與, 친윤 검사장의 반란이라는데... 25명 중 16명이 李정부서 승진
법조계 “친윤 프레임으로 사안 본질 호도..",0
411,41,아니 니들은 사기범죄쟎아.대국민8000억사기.비교할걸해라,0
412,42,한동훈 특유의 아니면 말고식 아무말 대잔치라고 보고요 조국 교수님 발언이 훨씬 신뢰가 갑니다.,0
413,42,"한쪽은 웃기는 원숭이 같고, 한쪽은 털빠진 사냥개, 견원지간이네",0
414,42,동훈이 너는 마약 덥은것하고  법무장관대 석열이 봐준거 너죄를 너가 알렸다,0
415,42,"현 검사들은 한동훈이 얼마나 같잖을까. 정치검찰, 조작검찰의 몸통 한동훈, 윤석열 때문에 대장동 조작 수사가 시작됐는데",0
416,42,판결문보세요 제발~~~,0
417,42,한동훈 검찰쪽 예기엔 흥분 정치엔 어리벙  멍때리고 ~,0
418,42,젓국이한테 공부한애들만 불쌍,0
419,42,한동훈 멋지다.. 차기 대통령,0
420,43,정장수는 김해사람 이지  뭔 동구청장을 나온다고,0
421,43,"꼭 지방의원 뽑는 선거를 해야하나?
뉴스를 보면  해외 여행만가던데 사람들 뽑아 국세를 털어 여행비 대주는 꼴인데 세비를 들여 뽑아야하나",0
422,44,"이제까지 이재명에 대한 재판을 보면 정말 이상해. 위증해서 위증한 사람은 처벌받는데 그 위증을 시킨 사람은 죄가 없다고 무죄를 내리고, 경기도지사 시절 대북송금을 했는데 지사는 몰랐다고 우기며 무죄주장하고...이재명이 그 누구부다 나서는거 좋아하고 숟가락얹는거 좋아하는데 전혀 몰랐다는게 말이되냐? 그런데 이번 대장동까지? 자기 정치 인생에서 가장 최고의 역대사업이라고 떠들었는데...몰랐다는게 말이되냐? 구속된 모든 사람들이 다 이재명 측근인데...이걸 이재명만 몰랐다고? 진짜 몰랐으면 무능인거야. 주변에서 다해쳐먹는데도 모른건.",0
423,44,"공범인 이재명이 대장동 일당들에게 항소포기라는 큰 선물을 안김으로서 향후 재판에서 이들이 이재명에게 불리한 진술을 못하도록 한 것이다. 나아가 대장동 일당들이 받은 죄목인 배임죄 자체를 아예 폐지함으로서 이들이 감옥에서 풀려나오게 하고, 이를 통해 이재명 본인도 배임죄에서 벗어나 임기끝나기 전에 완벽하게 법률리스크에서 벗어나는 빅플랜을 착착 실행하고 있는 것이다. 10월초 이재명이 검찰의 항소남발을 막아야 한다고 말 한 적이 있는데 이때 부터 이재명의 빅플랜이 시작된 것이다.",0
424,44,정권붕괴의 신호탄이 될듯~,0
425,44,"깡패정부.악당정부.불법정부.내로남불정부.무법정부 국민들이 모르고 있을까, 역사는 진실이 이긴다",0
426,44,"대한민국은 범죄자의 이익이 철저히 보호받고,힘없는 선한 국민은 흔한 병뚜껑 처럼 가볍게 버려지고,뒤통수 맞는 가짜 민주주의 국가 같습니다! 저는 503때 문체부 국민체육진흥공단 체육진흥투표권 정부인증 사업에 새벽시간대 100억원대(세금공제 후 약150억원대)전산 조작사기 대국민 적폐범죄 당했습니다.정부에 육하원칙 상세한 내용 전부 다 있고, 검경 등 수사기관은 문체부 요청이 있어야 한다고 했습니다. 문체부 스포츠산업과장 임아영 은 자기가 그냥 하기 싫다고 하였습니다! 양심있는 총리실 소속 위원(변호사)한분이 개인자격으로 전화한번주심",0
427,44,범죄자 이재명 이  저지른 범죄에  처벌 피하려고   온갖 불법을  일삼는 범죄자 와 그  쫄따구들  참 가관 이구나.! 너들이  아무리 불법  편법 을  동원 해도 꼭 처벌을 받게  될 것이다.!,0
428,44,정성호 모지라나? 대통과 관련없다며? 대장동 부당한 이익 환수 해야 하는데.뭔 말이 많노? 검사들 말이 맞잖아. 법무부 장관이나 검찰총장이 美쳤나? 대장동 부당이익에 엔딩이라니?,0
429,44,"빨리 항소해라. 누가봐도 불합리한 부당이득인데.
정부가 나서서 환수해야 정상이다.형법으로 2년이면
  환수 피해자들에게 돌려 줄 수 있는 일인데.. 왜 법무부가 덮냐고?",0
430,44,"검찰이 벌금을 7천억 넘게 때렸는데 고작 4백억으로 낮춰줬는데 항소를 안한다는게 말이 되냐? 이건 국고 손실에 횡령이다. 관련된 판사랑 검사, 법무부 장관한테 구상권 청구해서 삼족을 멸해야한다",0
431,44,"현대건설,대우건설 아파트 건축 수인,이익,이윤 다 회수할 수 있나??",0
432,44,검찰개혁 = 검찰은 법무장관 졸이다.,0
433,44,전과4범  지 돈 지킬려고 꼼수부렸네 ㅉㅉ 어여 재판 재개해라~,0
434,44,찢과함께 나쁜짓하면 감빵은 가도 슈킹은 가능하단 얘기네.. 아수라에서 절대 내새끼들 안 버린다던 박성배랑 똑같구나.. ㅎㄷㄷ,0
435,44,개소리 하지 마라 검사개혁 안 하면 민주당 정부가 탄핵 대상이다,0
436,44,찢죄명 그냥 감옥가라,0
437,44,득실을 따지는 건 시간이 좀 더 흐르고 나서 해야겠죠. 이런 경우엔 쫄리는 인간들이 가장 난리를 치는 법이니까요. 이재명 대통령께서는 급해야할 이유가 전혀 없습니다.,0
438,44,대장동 관련해서 지금 처벌받은 자 및 재판받은 자는 국힘 관련 인사들밖에 없지 않았나? 쯧쯧,0
439,44,"대장동 2기 수사팀인 윤석열 사단 검찰은 항소를 할 수 있었지만 하지 않았다. 항소가 정당하다고 생각했다면 직을 던지고 나가는 게 아니라 항소를 하면 되는 문제였지만, 철저하게 언플과 정치적 프레임을 전략으로 삼았다. AI 로 판결문을 분석해 보면 이재명 성남 시장과는 무관한 판결이라는 결과가 일관되게 나온다. 그럼에도 정권이 압력을 가해 정의가 무너졌다는 식의 선동을 언론과 손잡고 시도하고 있지만, 이제 그런 식의 구조는 국민들에게 너무 노출이 된 식상한 방법이다",0
440,44,손실이 크다는 니 생각이고. ㅋㅋㅋ,0
441,44,반성없는  내란당보다는  이재명이  더좋지…,0
442,45,"범죄자 찢죄명이 지놈 범죄 관심 돌리려 오직 주식투기 말뿐이네. 외인들 이미 슬슬 발빼고 있고, 반도체 꺽이면 지수폭락으로 전종목 폭락이다. 조심들 혀 !!",0
443,46,이제는 내란정당 해산으로 막가자는거지 가즈아 내란정당해산으로,0
444,46,대선때 대장동 특검하자는 이재명 말에 어버버하는 윤가놈...지금은 내란동조 신천지통일교 위성 국힘당이 어버버중.,0
445,46,다 헙쳐도 재명의 발가락사이 때만치도 못한것들이,0
446,46,국힘만 조용하면  세상이 조용하겠네,0
447,46,내란당 해산해라..정당이 아님,0
448,46,대장동 특검하면 또 윤석열 걸려들껄..ㅋㅋㅋㅋㅋ,0
449,46,중국인에게 선거권이며 땅이며 부동산이며 싹다 팔아 처먹는 매국노정권 반민족행위자로 즉시 탄핵시켜야 함. 이 나라의 자국민이 중국인이냐. 저 매국노정권 즉시 두 끌어내야 함.,0
450,46,"이 넘들,마개가 단단히 빠졌네.누워서 아무리 침을 많이 뱉어봐라.다 니들 면상에 덕지덕지 묻을 뿐이지!",0
451,46,장대표 최고다.,0
452,46,이젠 선 넘는 게 일상이 되버린 인간들.,0
453,46,혁아....준표형이 니네당은 깔끔하게 해산하는게 맞대.,0
454,46,민주당은 제발 위헌정당 해산 신청해서. 이런 놈들 날려라.,0
455,46,미 ㅊ 니가 뭔데 국민이 뽑은 대통령을 탄핵시켜 국힘 정당 해산 시켜라,0
456,46,미안하지만 내란당 해산이 최우선 과제이고 내란당 월급으로 들어가는 세금이 아깝다. 개신당 포함,0
457,46,"국짐을 빨리 정당해산 시켜야.
정당해산을 막아보려고 별 짓을 다하네.",0
458,46,윤두환이  항고 않고 풀어줬을 때는 왜  말이 없었냐  내란세력의 주장은 내란정국을 벗어나려는 상투적인  정치공세로 보인다,0
459,46,가관이다 하는꼰락서니가 해체 돼야됄 내란당것들이,0
460,46,국짐당 너들부터  정리  허구헌날   지겹다 지겨워,0
461,46,너갖은인간이 의원이라는게 한심하다 생각해낸것이 그런것들이냐  저질스럽다.니가사려고. 윤다시시키려나  정치하는 니들속내가 훤히보인다 너나 정신차리고바로살아라,0
462,46,실거주 장동혁 선생이다 ㅋㅋㅋㅋ,0
463,47,평양에서 불이났다는데 더듬이들은 뭐하는거냐 큰사고없이 빨리진화되길 기원합니다하고 성명을발표해야지,0
464,48,"울산이  뭐가  모자라서  ,  대구  시다바리나  하고있냐  !   고래고기  김기현이  따위를  또  뽑아서  조롱거리가  되고싶냐  ?",0
465,48,박성민 이 자를 반드시 처단해야 한다. 윤두창 정권의 숨은 망나니다. 대구는 윤재옥,0
466,48,친일친미매국노 내란당 축 정당해체 내란공범들 축 사형,0
467,49,애당초 정치권력에만 기생했던  검찰과 검사 자체가 제일큰 문제였다~~이제 정치검찰은 없어져야  한다~~,0
468,49,"여야 누구든 믿을 놈 하나 없음, 자기네 편에는 한없이 관대하고, 상대 편한테는 엄격한 잣대 들이밀며 언플 하고 있는게 지금 정치권이나 레카꾼들의 현주소임",0
469,50,드디어. 찢재명이 도 몰락하는군. 차관이 대놓고 정년 연장에 반기를 들었다,0
470,50,야이시바 국민연금을늦추지말고61세지급하면 정년연장필요없잔아,0
471,50,청년들 일자리 줄으라고 정년연장하냐??? 기업들이 고용이 묶이면 누가 투자하냐!!!! 민주당은 신박해!! 꼭 거꾸로 돌려!  장년연장 반대다!! 청년들 고용이 우선이다!!!,0
472,50,이사람봐라,0
473,51,지금 유난스럽게 발광하는 검사들이 다 대장동 조작수사•억지기소에 발 담근 넘들이걸랑,0
474,51,"사실여부는 상관없고  국민들 현혹하는데
 좋은제료면  7800억 억  억~  외치는 기야~  내란의 🐕 들",0
475,51,웃기는 짬뽕 국짐들은 반드시 읽어보도록...,0
476,51,"검사가 제출한 증거들만으로는 인정하기 부족하고, 1심 재판부는 검찰 기소의 핵심이 되는 사실관계부터 틀렸다고 했다. 1심 재판부에서 이미 검찰과 검사가 증명 못했고, 검사들이 무능해서 재판부에서 직접 정리해줬는데도 지들만 현실부정하는거 개꿀잼",0
477,51,형사에서 무죄면 민사는 사실상 물 건너 갔다.이건 언론도 아니고 헤이룽쟝성 촌구석 변소 똥닦는 종이로도 못쓰겠다.,0
478,51,어쨌든 그냥 몇천억을 먹는거잖아..특별법을 만들어서라도 국민의 혈세를 환수해라,0
479,51,"적반하장도 유분수이다.
검사의 구형량보다 판사의 선고량이 그 절반 이하로 적었나?   그런데 판사는 검사의 구형량보다  오히려 더 많게 선고하였다.  그런데도 검사는 항소를 해야 하나?  항소 실익이 없는데 그래도 검사는 항소해야 하는가?이거 항변하는 자들 미친 자들 아니야? 지귀현이가 못된 짓 할 때는 모른척하던자들이 택도 없는 헛소릴 하는 것을 보니 가증스럽기 그지 없다. 반드시 해체당해야 할 최악의 정치집단 아니냐.",0
480,51,"국힘과 검들 완전 발악을 하는것는
 검들은 혹시나 보완수사권에대한 미련이 남아서 하는 것이라  생각 되고요
국힘은 정치적으로 할일이 없으니까 쌩때를 쓰는 거지요",0
481,51,대장동과 대북송금 사건은 정적을죽이기위해 없는죄를 만들어내는 아주극악무도한 없어야할 검찰조직이다 내란세력 국짐당아 내란수괴가 내란을 일으키기위해 끔찍한 준비를했는과정이 만천하에 들어나고있다 인간이라면 장동혁 송언석은 대국민사과나하라 너희들은 국민의 대변자가 될수없다.~~~~^,0
482,51,아이보 거지갔읏 국짐들아.그당시 시장이 더 받을려고 해는데느그들 땡시 못 받았잔아.이제와서 받을려고 닌나 도로보데스들.언능 해체시켜라 더는 꼴도 보기실은게,0
483,51,대장동의 몸통 이재명이 법무장관 법무차관 검찰총장을 통해서 지 부하가 토해 내야할 7800억원을 국고로 환수하지 못하게 항소포기를 지시했다. 대통령 이재명은 국민 앞에 나와 이 범죄 행위에 대하여 명명백백하게 밝혀라!,0
484,51,사기꾼들이 수천억원 먹도록 항소 안한게 잘했다는거냐? 이게 좌파식 정의냐?,0
485,51,건국이래 단한사람한테혜택받은법율 구속날짜여태껏날로계산햇는데 석열이한테만 시간으로계산해서 석방햇는일 그때는꿀먹은벙어리더만  이번일로항소포기들고일어나니 너희검사놈들 속이훤희보이는구나 자업자득,0
486,51,정성호 장관 이진수 차관 노민석 차장 박철우반부패부장 정진우 중앙지검잠 오적 반드시 재산동결로 추징해야한다,0
487,51,제목 꼬락서니하고는? 몰라서 이런 제목장사하냐? 몰랐으면 기자하면 안되지? 알면서 이런 제목이라면 검찰하고 짝짝꿍?,0
488,51,"우리 2찍 내란견들이 언제부터 이렇게 정의로웠나유? 떡렬이가 부산엑스포 수천억 날려먹도 주딩이 닫고, 대왕고래 사기 천억 날려도 주딩이 닫고, 줄리가 해외순방 가서 경호원 줄세우고 명품쇼핑 해도 주딩이 닫은것들이 무슨 낮짝으로 왈왈거리나유 ㅋㅋㅋㅋ ㅋㅋㅋㅋ ㅋㅋㅋㅋ",0
489,51,길고 어려워서 잘 모르겠고.... 검찰은 왜 선택적으로 대쪽같을까???? 웃기는 짬뽕들이구만,0
490,51,난리치고 있는 강백신 검사가 1심 판사를 속이는데 실패했다는 말 ㅉㅉ  기사에 있듯 성남에서 배임죄 유죄를 근거로 민간인 이익 환수가 가능하고 이미 하고 있다,0
491,51,조선 제일 대머리의 아이폰 비번24자리와 국힘 게시판 댓글 사기극의 주범이 하는 말을 믿니? 감옥가는 일이 안생기게 조심히 살고 윤석열의 총알도 조심하며 살아라!,0
492,51,항소포기 압력들어간것 백번맞지 신중하라뜻은 포기하라는뜻이지 바보아니면다알지 그런데이번일로검사들이 왜 들고일어나지 지난번석열이풀어줄땐 왜다들벙어리엇지 지금들고일어난검사들 다계엄세력들이지 검찰개혁반대론자들이고 이런놈들 모조리좌천시키든지 죄를만들어서라도 구속시켜야되,0
493,52,중국 진짜 싫다.,0
494,52,순진 멍청해서 넘어가거나 뒷돈 받은 구캐들 땜시 나라가 위태로워. 한미 동맹으로 너무도 중요한 위치에 있는 한국은 이때를 놓치면 공산화 된다. 자생 공산당 퇴출 중국으로 추방.,0
495,52,"OOO 내정간섭하네
지네 인민들도 관리 제대로 못하는 주제 말이 많네",0
496,53,김민석은 희대의 약삭꾼이라 안돼. 청계천 복원 반대했다는게 사실이냐 민석아?,0
497,54,"쩡래야 당명을 바뀌라
더듬어 주물러 만져 비벼라 당으로
당대표:김報지",0
498,54,특검의 강압수사로 한 사람의 죽었다..나라가 뒤집어 져야  하는데 조용하다..좌파정권은 아무도 못막고 누구하나 찍소리 못하는구나.,0
499,54,뒷구멍으로 챙기는 방법 배우러 갔니 ? 그 부분에는 이재명이 최고일 텐데 ? 많이 배워서 법에 걸리지 말고 배터지게 쳐먹고 돌아가세요,0
500,54,"유권 무죄, 무권유죄, 이게 니들의 나라냐? 독재는 영원하지 않더라!!!",0
501,54,워크숍? 뭘 잘했다고. . 쯧쯧,0
502,54,유동철 후보 억울한 컷오프 어떻게 하실겁니까?? 당신이 조희대와 다를게 무엇인가 왜 니맘대로 후보를 짤라버리냐 이말이야,0
503,54,조만간 깜빵 갈지도 모르는데 🐕 개소리 단합대회 열심히 합니다..,0
504,54,꼴통 단합 인가 ᆢ  아니면 미꾸라지 단합인가,0
505,54,아니 수미랑 현지는 왜 저 자리에 없냐? ㅋㅋㅋ 장녹수 생각나네 ㅋㅋㅋ,0
506,54,"아직도 내란무새ㅋㅋㅋ100년지나도 내란으로 빼애액 할거냐.
니 할일을 해라 청래야",0
507,54,찐내란세력들..,0
508,55,이거 뭔가 숭일 토착왜구들이 우리 역대 왕들을 모시는 종묘를 말뚝박는 심정으로 기운을 막으려 하는것 같다는 생각이듦 그 청와대 앞에 짓는다는 초고층 건물도 그렇고  자랑스러운 문화유산을 초고층건물로 가리라고 대법원에서 선고한 이유가 뭘까 세계 어느나라를 가도 문화유산을 가리진 않음 문재인 친구 승효상도 진주성앞을 가리는 건축물을 지어서 논란이 됐는데 왜 저들은 기를쓰고 대한민국의 문화유산을 가릴려고 애를 쓰는 것일까....,0
509,55,세종문화회관을 또 짓는다고? ㅋㅋ 마곡에 엘지아트센터 펑펑 놀고 있는거 안보여요? ㅋ,0
510,55,"500미터 이상 떨어진 곳에 100미터 145미터 건물이고, 남산자락에서부터 종묘 정문까지 경의선숲길 같은 1.2Km 녹지 숲길이 연결됨.142M 높이면 을지로 skt빌딩 보다도 낮음",0
511,55,세운상가쪽 개발 찬성한다. 거기 사시는분들 죽어서도 개발되는거 못보는거냐?? 그방향 지나갈때마다 여기가 2025년 서울 맞나싶다. 왜 정권만 바뀌면 썩은집도 그냥 가지고 보존하라고 하냐? 사유재산을 왜 맘대로 규제하냐?? 법에 맞게 재개발하도록 허가해야는게 맞다고 본다.,0
512,55,뇌물죄에 배추장사 사기꾼이 국무총리도 하고 서울시장 후보로 나오는 대한민국ㅋㅋㅋ,0
513,55,무슨 토목 사업이나 돈 많이 드는 사업 안 하면 몸살이 나나봐? 중간에 얼마를 쳐 떼어먹었길래 한강버스인지 고철인지 저 따윈지 부터 설명해야는 거 아니냐. 닷살 훈아?,0
514,55,도대체 5세 후니 대가리에는 내일이 있나?  오늘만 사는 5세 …,0
515,55,김민석이가 건진법사를 추종하나 무슨 기를 들먹이냐? 그리고 종묘가 중요한 국가유산이니 그 주변을 정비 잘해야 종묘가 돋보이는 것이지... 지저분한 상태로 방치하면 관광객이 와서 좋겠냐?,0
516,56,"내란에 관여한 공직자를 색출하겠다며 TF를 만들고, 인사 조치까지 예고하는 건 정치적 숙청의 신호탄 아닙니까? 특검 수사도 끝나지 않았는데 ‘책임 수준별 처벌’을 운운하는 건 사법권 침해입니다.
야당을 ‘내란 세력’으로 몰고, 국민의 비판을 ‘혐오 표현’으로 규정해 처벌하겠다는 이재명  발언은, 민주주의를 가장한 독재적 통제입니다. 국민은 이런 프레임에 더 이상 속지않아야 합니다.",0
517,56,언제까지 내란 프레임에 국민들은 화병걸려 환장하고 경제는 무너지고 그럴시간에 국민들에게 무엇을 해줄수 있는지 관세협상은 어찌 마무리할지 전국민에게 이득이 될일들을 궁리하세요.밥그릇 싸움은 따로 만나서들 하세요. 듣기 싫어 돌겠어요.,0
518,56,"숙청은 케이블 타이로 묶어다가 총살하는
느그윤 아녀? ㅋㅋ",0
519,56,개만도 못한것들  똑같이 몇배로 당해봐라 ᆢ,0
520,56,북괴 김일성이 식 숙청,0
521,56,미친 OOO이다 국민들여 몽둥이 들고 전국적으로 일어나라. 공산주의 통제를 한다,0
522,56,국짐당 국적당 내란당 은 대한민국 에서 영원히 사라져야 나라가 산다..  나라를 위해 일 하는것이 아니라  지들 개인배 채우려고 온갖 부정 부패 는 다하는  🐕 쓰레기 보다 못한 집단이다..,0
523,56,국힘은 해체하라,0
524,57,문재앙 오열.,0
525,57,다 타버려라 그냥,0
526,57,"1찍 배급견, 화짱조들 오열하겠네.. 가서 불좀꺼주든가 꺼지든가해라ㅎㅎ",0
527,57,쿠데타 조짐이길...,0
528,57,"불이 나는건 관심없고 북한내 쿠테타 일어나거나 아님
김정은이 죽었다는 기사만내시기를",0
529,57,중국 북한도 안하는 타국혐오 처벌을  재명이가 하네,0
530,57,좌파들 마음도 타들어 가겠구나..,0
531,57,"탈북자 100% 말하더라..
북한 건물들..전부 순살이라고..
언제 무너질지,.목숨걸고 살고 있는거나 마찬가지 ~~ㅠ",0
532,57,아침부터 기분좋은 뉴스네,0
533,57,난방 안되서 숯이나 나무 태우다가 불난거 같은데. 평양에 도시가스 들어가진 않을거고,0
534,57,국짐엔 탈북 국회의원들이 많지,0
535,57,그래서 어쩌라는??,0
536,57,정은아 뭐하냐,0
537,57,혹시 델타포스 평양침투?,0
538,57,"정은이가  어케댔슴,,대한민국은 오열하는자~~축배 드는자~~국민들께서는 알겠죠??",0
539,57,이걸로 더듬어만진당 전라도 세fuc끼king들이 북괴한테 돈 퍼줄 구실 만들겠네,0
540,57,중처법을 적용해야한다,0
541,57,훈훈하고 좋은 소식이군,0
542,57,지원.동영.재맹 대성통곡ㅋㅋ,0
543,57,샤샷~!,0
544,58,진짜 말 이상하게 한다. 자기가 남 공격 할때는 괜찮고 진작 자신의 잘못이 많아 공격 당하니 이젠 또 이상야릇한 궤변을 늘어놓네. 증말 못났고 못됐다.,0
545,58,저질현수막은  니들이 더많던데,0
546,58,지난 재명이 당대표민주당이 제일 혐오스러운 현수막이 많앗지 자극적인 단어로 개딸들 선동해서 흥분하게 만든자가 저런 말을 하니 우습닼ㅋㅋ,0
547,58,진짜 니네 현수막 보면 너무 철거하고 싶더라 선동밖에 없어서,0
548,58,"니네들 야당일때 어떤 지꺼리를 했는지 생각좀해봐라 초등학교앞 등등  장소불문하고 저질  현수막 정말  부끄럽고  창피해서 얼굴들고  못다녔다
내로남불의 막장드라마네 죄명아  니죄를 어찌할꼬 적어도 50년은 족히 살아야  할텐데 ㅉㅉ",0
549,58,그 현수막 당신이 주도해서 달게 한거잖아? 이제 집권해서 당신 비난하는거 달리니까 이딴 소리를 해? 참 편하게 사는 인생이오.,0
550,58,이자서은 뭔 개소리 하는거여 재판이나받고 사형이나 받아라,0
551,58,현수막으로 지난 3년간 재미본 정당이 할말이 아닌것 같다.   나도  저렇게 까지 혐오스런 현수막이 걸려도 되나 싶었는데 그때 민주당이 만든 법이었구만  그게 이제  자기들 발목을 잡으니 이제 없던걸로 하자.. 하 참,0
552,58,전과4범 좀  치워줫음  좋것다,0
553,58,"이재명은 떳떳하면 재판받아라. 

개혁이라는 단어로 본인 재판 피하기위해 법을 바꾸는것도 마다하지않는 범죄자.
가짜가 대통령놀이 그만하고 내려와.

되도않는 운동권이라는 이름으로 자유민주주의체제에 반대하는 사상을 가진 4050 개딸들은 정신차리고.",0
554,58,저질 현수막은 항상 니들이 걸어놓고 선동하더니 지금 유체이탈 하냐?? 더불어 저질 현수막당아 ㅉ,0
555,58,쟤는.치매인가 자기는 되고 남은 안된대 ㅋ.ㅋ웃기고.있네,0
556,58,"니나 잘해라
전과자 노아",0
557,58,저 더러운 면상 언제까자 봐야합니까?,0
558,58,내로남불도 유분수지 자기들은 해놓고 죄명이와 현지 욕한다고 현수막도 함부러 못걸게 하네 자유를 억압하는 독재 정권 종말을 맞는다 최악의 죄인 죄명이는 옛날 같으면 사형,0
559,58,범죄와 혐오하면 네가 떠오르는데! 이상하다,0
560,58,정당이 뭐가 그리 잘나서 너희들만 현수막 맘대로 다냐? 공해다,0
561,58,"선동과 반미 반일로 권력잡은것들이
이제 와서 혐오표현 하지말자네ㅋㅋ
왜 진핑이가 법안만들어서 막으래?
중국 눈치보느라 바쁘지?",0
562,58,"용산과 법무부는 왜 항소 포기 시켰나! 대장동 몸통은 윤대통령이라면서? 그럼 떳떳하게 재판 받고 몸통 밝혀야지. 안그래? 민주당,국무위원 전원이 이재명 변호인단이냐",0
563,58,아 중국인 조선족들이 우리나라 국민을 칼로 쌀어서 죽이고 상반신의 장기들을 적출해서 하반신만 강에다 갖다버려도 우리가 그걸 비판하면 중국인 조선족에 대한 인종차별 혐오를 하게 되는거구나... 대단하다 민주당 지지자들이 만드는 대한민국의 새 모습이,0
564,59,에라이 !!리짜이밍 아니랄까봐???진핑이가 시키든?,0
565,59,내눈에는 국민 입막음으로 보이는데 나만 그런성각이 드는건가요,0
566,59,허위사실 유포 김어준이 제일 심한데 김어준도 규제대상이지?,0
567,59,"핑핑이가 지시했겠지 재명이는 굽신굽신 거리면서 ""
한국인 조질께요 중국인 받들어모실께요!!"" 이렇게!!!! 그런데 너무 슬프다 한국정치인이 한국대통령이 다른나라를 위해 저렇게까지 자국민을 탄압하고 괴롭히다니!!!!!!",0
568,60,"추징금 7천억 배임 특검부터하라
  내란은 무능특검이 재판진행중이잖아
  대장동수뇌부를 밝혀라
   백해룡경정, 항소포기 다 불법지시다",0
569,60,대장동 사건이나 좀  깔끔하게 무죄입증 하면 누가 뭐라 그러나 !??????  7천억은 누구껀데 ???,0
570,60,말 잘했다 너두 독자조사해야지,0
571,60,더 망가지기 전에 끌어 내려야 한다,0
572,60,이죄명 나타나고부터 나라가 이상해졋다 사건사고도 많이나고,0
573,60,지얘기를 남이야기 처럼 말하는 철면피 전과잡범출신.. 대한민국이 필히 겪어야만할 계획되었던 운명이라지만 이런 철면피 전과잡범출신이 대통령이 되리라고는 상상조차도 못했다.. 일제식민지시절 보다 더 치욕스러운 운명의 시간을 지내고 있는 대한민국이라고 밖에는 설명할 길이 없을 정도이다.  그러고 보면 이완용은 이 인간에 비하면 양반 수준이었네...  제기랄...,0
574,60,내란은 니 놈이 내란범이지! 지금 나라가 어떻게 되어가고 있는데!! 지 할일은 안하고 내란내란! 내란무새야!!!,0
575,60,문죄앙이 그렇해 팠는데도 안나오고ㅡ 트검을 해도 안나온다는건 ㅡ 죄가 없더는거야~~~ 일반국민은 초코파이 하나 훔쳐도 항소하는데ㅡㅡ 7천억 꿀꺽한 대장동 일당들에게 항소포기?? 지나가던 개가 웃겠다ㅋ  아 그 개가 권력에 굴복한 노만석 검총대행이구나ㅋㅋ 이재명 재판 촉구 국민 서명운동&gt; https://docs.google.com/forms/d/e/1F,0
576,60,"저런 사기꾼놈이 대통령이라니
그러니 나라가 이꼬라지로 돌아가지
저거 누가 총살 안시키나",0
577,60,독자적으로 니 놈이 지금껏 저지른 각종 범죄나 수사 하자,0
578,60,너부터 좀 하자,0
579,60,법 지켜라!! 이재명! 분노한다!,0
580,60,"너나 잘하세요~
너나 재판 똑바로 받으세요~",0
581,60,본인수사도 꼭 재개하셔서 억울함 푸시길,0
582,60,본인도 제대로 조사 받으면 100% 동의합니다!,0
583,60,"나는 이재명의 부도덕성과 깡패같은 패거리 정치로 내로남불 행태를 보이는 것에 치를 떨었지만,
그래도 대통령이 되었으니 자기 말대로 정치보복 같은 거 없이 국민화합하며 실리적인 정치를 해 주리라 믿고 응원하려 했다.
그런데, 지금 하는 행태른 보면 온갖 위헌과 모순과 사기, 그리고 내란 프레임으로 윤석열에 대한 정치보복을 넘어서 순수하게 국가와 국민을 위해 헌신한 공무원과 군인들마저도 마치 범죄집단화 하여 그 패거리 정치 아니 패거리 양아치 깡패 두목에 불과한 짓거리를 하고 있다. 역사에 죄른 잣고 어떻게 편히 잠들 수 있을까?",0
584,60,반란 폭도들은 반드시 처벌해야 한다.,0
585,60,이게 리짜이밍의 공포정치 숙청작업 아무런 내란 재판 결과 나오지도 않은걸 니맘대로 다 해쳐먹으면 안되제,0
586,60,,0
587,60,너만 안들리는 국민들의 비웃는 소리 ㅋㅋㅋㅋㅋㅋ,0
588,61,"오늘로 비로소 이재명과 민주당은 중국의 하수인 매국노들이라는게 천하게 밝혀졌고 이제 대한민국은 독립운동이 필요한 상황입니다.. 홍콩이 먹히기 전에 중국, 중국인을 욕하면 징역가는 법이 먼저 발의됐고 한국 대통령이라는 작자가 똑같이 따라하는 중... 이것들 늦기 전에 다 끌어내려야함",0
589,61,"우리나라는 집회와 결사의 자유가 있다..
자유민주주의 공화국이다..  인민민주주의 국가가 아니다..",0
590,61,내정간섭,0
591,61,"네놈들은 중공인들이 혐한 시위, 반한 시위할 때 뭐 해주었냐? 오죽하면 롯데가 모든거 다 포기하고 떠났을까...",0
592,61,꼴라느님의 공개지령이 내려졌으니 반중우파탄압이 더 거세지겠군.,0
593,61,중국에빌빌기냐,0
594,61,아이고 극우들아 무슨 걱정이냐. 문재인이 그렇게 금괴가 많다고 나불대던 2찍이들 어디있니? 그 금괴만 팔아도 중국은 우리의 속국이야.,0
595,61,짬깨들아 니들은 극우 반중시위라고 지껄이지말고 현재 더불어범죄정권의 국정무능에 한마디 하고 중립을 지켜야 할 것이다. 감히 대한민국 민주주의에 공사주의가 이래라 저래라 시비걸지 말라!,0
596,62,써벌 김혜경여사 10만원은으로 압수수색은 뭐고,0
597,62,이것들의 뇌구조는 대체 어찌 된건지? 김혜경때 밥값 몇만원 냈다고 그 생난리를 죽이던것들이..ㅉㅉ 제 정신 박힌것들이면 어찌 이시대에 국힘을 지지하고 윤어게인을 외치고 있는건지.. 한심하다.,0
598,62,"어디서 은근슬쩍 100만으로 내리려 그래 184만이자나, 당시 가격은 더 높은것이고, 대통령 부인한테 명품백이 뇌물이 아니면, 무슨 예의냐?",0
599,62,"부정부패당
뭔 잘못을 하고 있는지도 모른다는게  이미 나락으로 갔다",0
600,62,정신나간 작자,0
601,62,ㅋㅋㅋ 김혜경 법카 10만원으로 뇌물 이라고 박박 우겨대던 인간 어디감?? ㅋㅋㅋ,0
602,62,800원 횡령했다고 해고한 버스기사는...?  생활고에 자살한 송파 세 모녀는...?  머리에 뭐가 들어있는거냐...,0
603,62,학교 선생님들 박카스도 하나 못 드린다 정부관련 사업 할 때 마트에서 파는 추석선물세트도 김영란법에 맞춰서 대응한다 국회의원은 법 위에 있나? 저 따구로 생각이 박혀 있으니깐 국짐이 그모양인거다,0
604,62,그래서 김혜경 여사 78000원에 목숨 걸었어냐 이 매국노야,0
605,62,누구는 법카 7만원 가지고 나라 흔들릴 정도로 온 신문 도배하고 압수수색 수십군데 하더니 나참 어이없네 개검 개국짐,0
606,62,참....  안창피하냐~  185만원 한다더라. 최저임금 받고 일하는 사람 월급정도 되는 금액이다. 이러니 욕먹는거다,0
607,62,욕도 아까운 색이 100이 돈도 아닌데 초밥 10만원에 그 난리를 쳤나?,0
608,62,"민주당의원이 김혜경여사에게 100만원짜리 백 줬으면 대통령 탄핵사안이라고 했을 인간들 
내로남불 진짜 오진다",0
609,62,야 법카 10만원도 안되는것 가지고 기소한 검찰인데 100만원은 뭐야? 10배 금액인데 뇌물이지.,0
610,62,본인거 포함 10만원어치 밥 샀다고 개거품 물었던 것들이 참 낮가죽도 두껍네!!!,0
611,62,이놈들의 실체가 바로 이런 겁니다. 남은 법카로 7만원 결제했다고 기소를 하면서 지들은 몸에 똥을 처바르고도 냄새 안난다고 하는 것들이죠.,0
612,62,"언제부터 이나라에 200만원 다되는 명품백이 보편적인 백이됐나! 누군가에겐 한달 월급이고, 누군가에겐 한달 생활비하고도 남을 돈이다! 200만원 가까운 금액 명품백이 뇌물이 아니면 78000원 밥값은 왜 중대범죄로 300만원 벌금형을 받아야하나!! 언제부터 공무원 마누라에게 예의 200만원 명품백이 됐어? 그럼 명품선물 안한것들은 예의가 없는거냐? 이리 썩은 자들이 입법, 나라 일 한다고 꼴값을 떨고있다!!",0
613,62,하긴 성일종같은 부유층에겐 돈 백만원 쯤이야 우습겠지 ㅡ저런거 말고 서민대변하는 국회의원좀 뽑아라,0
614,62,국힘은 그냥 도둑놈들의 집합소,0
615,62,지들은 50억 받아도 뇌물 아니고 상대는 10만원도 안되는 법카가지고 생난리치고 압색 수백번 시키고 표창장하나로 애 학위면 직장에서도 내쫒은 주제에 뭐라고?,0
616,63,이게 내란이다. 범죄 수사 포기. 법치주의 포기.,0
617,63,이재명 변호인 차관이 압박한듯 그럼 당연히 그 윗선은? 초딩도 아는문제지 ㅋㅋㅋ,0
618,63,대장동 항소포기한 니 놈들에게 더 분노한다! 김만배 일당들 보다 니들이 더 나쁘고 더 싫다! 범죄자들의 돈을 보전해주는게 용산과 법무부가 할 일이냐? 이로써 대장동 몸통은 이재명이 확실하다 진짜 그러지 않고 서야 이렇게까지 무리하지 않았을것이다!,0
619,63,검사들이 대넣고 정치적행위를 하는것 같군...정치검찰은 반드시 청산해야 이땅에 민쥬쥬의가 바로선다...,0
620,63,이 나라가 어느 한넘의 범죄를 숨기려 온갖 만행을 저지르고 있다 정작 탄핵은 지금 해야되는건 이닌지 나라가 둘로 갈라고 썩어빠지고 있는 이 현실 여야를 막론하고 구개를 무시하고 정작 국민들이 직접 일어나야 할때이다 정신들즘 차려라 이 무개한 국민들아 정말 답답하다 나라가 쓰러져가는 이 현실이 ᆢ,0
621,63,더불어범죄당은 무턱대고 내란세력 ㅠ 이 인간들아! 리죄명포함 대장동 일당들하고 내란하고 무슨관계가있냐? 적당히해라~~진짜 내란세럭들아.!,0
622,63,,0
623,63,남욱이  울면서  머라고 했는지  찾아보고 댓글달아 개돼지 늙은이들아,0
624,63,범죄자 찢재명과 민주당이 내란이다!!!!!!!!!!!!,0
625,63,내란은 내란이고 대장동은 대장동이지…,0
626,63,이재명하나 지키려고 박지원까지 나서서 용쓴다 말만하면 내란내란하지만 윤석열은구속 됐잖아  재명이도  당당하게 재판받아라  꼼수쓰지말고  재명이 정치하고부터  법도없고  나라가 개판이다 다음선거에  여든야든  자격미달 국개들은 선택하지 맙시다,0
627,63,"국민의힘 너희들은 쓸모없는 인간들 윤가노이나
국민의힘노들이나 정말로 쓸모없는 인간들",0
628,63,재명이는 이런식으로 계엄때리네,0
629,63,이재명이 단군이래 최대 도적 자리를 차지했다. 부동의 1위였던 전두환 노태우를 가볍게 제치고 우뚝섰다. 무려8천억을 챙겼다. 전 노 두놈이 총 3천억을 해먹었는데 찢재명이 월등한 성적으로 신기록을 갈아 치웠다. 당장 환수하고 수감해야 마땅하다.,0
630,63,혈세를 범죄자들한테 몰아준 진범은누구일까 ?국민은알고잇다 대장동몸통  짲죄명이 돈을 포기할까 ㅋㅋ 누가외압을햇는지 뻔하지않나,0
631,63,헌법농단 내란이다 이재명 끌어내리고 대힌민국 정의나라 세우자,0
632,63,검찰이 지들의 죄가 드러나 잡혀가게 생기니까 항소포기의 내용을 뒤집어 이재명대통령이 간섭한것처럼 프레임을 씌운거지~~검찰이 조작한것이 이미 다 드러나니까 빠져나갈 구멍으로 만든거지만 전국민 반이상이 이미 검찰을 안믿는다는걸 미련한 지들만 모느는거지 ㅉㅉ,0
633,63,거품 무는 조작검사들. 역사에 이름을 남기고 남겨야 합니다.,0
634,63,역시 언플 프레임의 왕 검찰답다. 조작날조한 죄는 감추고 당연히 항소 포기할 결론을 억울하다 언플하네,0
635,63,정성호 법무장관은 전라도 출신이다. 국가와 국민을  배신하고  대장동.백현동  도적때 .두목을 지킬려는  저지른 범죄자.,0
636,64,이젠 이재명에 아부까지 하네.. 정말 최악의 인간,0
637,64,"저 종자 재명이 딸랑인가? 틈새 시장노리네~민주당, 재명이 지지 세력을 등에 얻으려 양심을 속이고 있네 법학교수 ㅋㅋ 죄른 지어본 녀식이 월 못하겠노",0
638,64,"그러니까 니가 사법고시 패스 못한거다. 성남시가 손해본게 아니라, 성남시민들이 손해본거다.",0
639,64,사시도 패스못한 금수저 출신 한량 도련님아 ㅋㅋ 니가 법리를 따지는게 우습지 않니? ㅋㅋㅋㅋ 서울대생들이 젤 창피한 동문이 너라던데 ㅋㅋㅋㅋ,0
640,64,사시 패스도 못한 사람 말을 누가 신뢰함 ㅇㅇ,0
641,64,무식한 인간 ㅠㅠ ㅠㅠ  sns만 하지 말고. 판결문 좀 봐라,0
642,64,"조국의 말은 말장난에 불과하다.. 중앙정부냐 지방정부냐 그게 중요한게 아니라 환수, 추징은 당연한 거고 항소를 통해 더 큰 엄벌을 받아야 할 범죄자들이 솜방망이 처벌에 불과하게 했다는거",0
643,64,"전직법대교수 맞음?한동훈이 조국한테 판결문 좀 읽어보랍니다.ㅎ 피해회복이 심히 곤란하다고 인정되는 경우 몰수,추징할 수 있다라면서요.류제화변호사 페북의 대장동 1심판결문 봤는데 ""피해자 공사가 재산반환청구권 또는 손해배상청구권 등을 행사할 수 없는 등 피해 회복 조치는 심히 곤란한 상태로 보이는 바""라고 분명히 나오고""형사소송 결과가 모두 나온 후에 민사소송 절차로 피해를 회복하는 것은 심히 곤란하게 되으니 피해회복 과정에 국가가 개입해서 범죄피해 재산 추징한 후 피해자에게 환부해 주랍니다. 조국 정말 판결문 읽어도 모른거 아님?",0
644,64,개잡범 입시비리는 입좀 닫아라,0
645,64,니가 편 드는 거 보니 엄청 구리긴 구린 거 맞네/ㅋㅋㅋㅋㅋ,0
646,64,그러는 너는 헌법학자라는 자가 법을 잘 알아서 자녀 부정입학으로 교도소를 가냐?,0
647,64,"머리 나빠서 사법고시도 합격 못한 놈이, 입만 살았네. 자식들도 저 놈 지능 유전받아서, 불법이나 범죄 아니면 대학 못 감.",0
648,64,"이런 ㄱ자식이 있나?
범죄자 가족인 주제에 어디서 입을 벌리나!!",0
649,64,"한마디로 정리하면 이렇게 허술하게 프로젝트를
설계하여 일반인이 아닌 최측근들이  항상초월의
이득을 가져가게 했다는  이 한가지 사실만으로도
자기 최대의 정치 치적이라고 자랑했던  前 성남시장 놈은 무조건 구속이 되어야 한다. 저놈들이 빼먹는 그 많은 돈을 빼앗긴 성남시민들과 성남시를
봐서라도 어떻게 낯짝을 들고 숨을 쉬는가?
책임감도 없고 양심도 없는 천하의 잡범이다.",0
650,64,감옥에서빼준거 보은하네.ㅋㅋ.그래서 넌 안돼.!!!..정의고 국민이고 .니들식구만잘살면되는 인간이 뭔정치를하겠다고나서,0
651,64,이죄명이 최대 수혜자인데 뭐 개소리냐? ㅋㅋ 돌머리냐,0
652,64,사법고시도 패스 못하는 범죄자가 법타령하고있네,0
653,64,니가 무슨 법조인? 사시 낙방자가. 철면피도 유분수. 니는 한낱 법이란 껍데기만 핥았던 위선자!,0
654,64,입시비리범은  그냥  조용히  살아라,0
655,64,귀신은 뭐하노.저 인간 안 잡아가고.,0
656,65,윤썩렬에 코박홍하며 아부만 떨던게 잘못되었으면 그 때 바로잡으려고 노력하던가 뻘짓계엄으로 다 끝나고는 이재명에 붙고 정계은퇴까지 지입으로 해놓고 이제서야 노욕으로 끝까지 정치질하려하네,0
657,65,ㅋㅋㅋ 와. 한동훈 펀치력 세네. 후련하다 !!,0
658,65,"윤가놈한테는 총리자리좀 달라고 코박홍하고, 맨날 내부총질만 하는 홍준표는 한방 좀 먹여야 했다. 한동훈이 잘했네.",0
659,65,기회주의자 홍준표는 민주당 2중대. 보수의 적이다.,0
660,65,,0
661,65,한동훈 역시! 기존쎄! 이래서 지지할 맛이 난다니까,0
662,65,"준표는 아직도 꿈꾸는가? 자신이 한동훈의 상대가 된다고 생각하나보지, 착각은 자유",0
663,65,게준표가 야바위꾼 이재명의 홍위병 짓거리 하네 요상한 거시기한 준표는 입을 찢어야  한다 찢재명과 동급이네,0
664,65,잊여질만하면 한번씩 나와서 개소리나 하고 있는 홍할배...그냥 푹쉬어라,0
665,65,홍준표 할배 제대로 긁혔네요. 조국이랑 둘이 무식 인증하지 마요. 어나더 레벨야 한동훈은 ㅋㅋ,0
666,65,정치판 떠난다며  왜자꾸 기웃기웃 거리지... 이쯤 되면  잊혀진삶산다고 구라깟던  양산개장수랑 동급이다🤣🤣🤣,0
667,65,한뚜껑은 아스팔트극우들의 적이지💅💅💅,0
668,65,보수도 국힘도 진보도 아닌 늘다리양아치 정치질하는 홍준표 정계떠났다며 왠이바구 퇴퇴!!,0
669,65,하찮은 한동은 기사 올리지마라 관심없다!!!,0
670,65,정치검사 1호 주제에 말이 많네. 명태균 겁나서 도망갔으면 잠자코나 있든가.,0
671,65,홍준표 전대표님  말씀이 맞씁니다  정치검찰이 나라를 망쳐 놓은 거지  그럼 성공 시켜 놓은 거냐?,0
672,65,홍준표는 추한 인간이야. 조용히 꺼저라. 니가 나댈때는 끝났다.은퇴한인간이 먼 개소리가 많냐,0
673,65,하여간 홍할배는 낄끼빠빠 모르는듯 그러니까 주책이라고 하는거지 탈영병 주제에 대장동 7000억을 범죄자한테 상납해준 대형사고에 숟가락을 한동훈공격으로 얹고 싶냐?,0
674,65,정치검찰 둘. 너네가 보수를 궤멸시켰지.정계에서 떠나라,0
675,65,윤석열에 코박은것도 사실이지만  늙어서 노망인지 철이든건지는 모르겠다만 홍준표 말이 백퍼 맞는말은 분명하다 뒤늦게 시국현안을 바로보는 사람들 조갑제 정규제 김진 홍준표  등등 이 있다,0
676,66,어떻게 전과자가 당대표를 할 수있나요? 우리나라 법은 정의가없나요?전과자는 국회의원도 못하게하세요! 공직자가 무슨 전과자야.,0
677,66,자꾸 관심가져 주니까 저러네... 이제는 무관심으로 일관하고 범죄자 얼굴 나올때마다 신고가 답인 듯!,0
678,66,정의롭지도. 공정하지도 않은 입시비리 주범이 당대표 지나가는 개가 웃는다  우리나라 정치인에 대한 모욕이고 신성한 대한민국 국회의 수치다.  말뿐인 공정 조국 당신은 믿을수없는 영원한 입시비리 잡범이다,0
679,66,범죄자들에게 인기투표로 면제부를 줘서.. 저렇게 나대고 다니니~~~ ㅉㅉㅉ,0
680,66,정치권에도  법을 만들어서  전과자를 기용못하게  하라.  사회에서  전과자를  기용 않하는것과 무엇이 다른가?  불공평하다.,0
681,66,조국이거 깜빵30년 살다나와야 하느디말랴 ㅋ,0
682,66,관심없다,0
683,66,재명이에 비하면 니죄는 새발의피다,0
684,66,꺼지라 고마 비기싫다,0
685,66,그냥 네가 하면 되지 뭔 출마선언,0
686,66,넌죄를반성해야지정치에아예빠져라국민들은법죄자원하지않는다,0
687,67,"이놈아  학교선생님은  학부모,학생들한테 커피 한잔도 못받는다...내로남불 니내는 성역을 쌓고 국민들을 개돼지로 보냐 인간아",0
688,67,니들 찍어준 2찍 개돼지들은 돈없어서 보일러도 못틀고 무료 급식소 찾아 다니는데 100만원이 보편적인 빽이야? 이런 놈들 때문에 태극기들고 짖어주는 개돼지들이 불쌍하다,0
689,67,"그럼 뭐하러 공무원 선물 한도 법은 왜 만들었냐,,,니들이 만들었는데 일반공무원도 100만원 받아도 되겠네",0
690,67,성일종이 백만원짜리 백이 껌값인가봐~ 돈 많으면 그냥 그거 가지고 집에서 놀아 ~ 당신같은 국개의원 필요없으니까..,0
691,67,역시 일종이 답다... 석열쥴리에게 뇌물은 별거 아니다 ㅋㅋㅋ 저런것들이 권력잡으니 매관매직하고 뇌물받고 나라가 개판된 것이다... 이걸 알고도 뽑아주면 개돼지 스스로 인증하는격,0
692,67,총선에서 국짐당 전멸시켜야 나라가 편해진다,0
693,67,법인카드 20만원 썻다고 개거품물고 물어뜯기 하던거 니들 아니냐? 진짜 개가 웃겠네,0
694,67,좀 닥치세요. 점수를 까먹어도 그렇게 까먹나. 너무 한심스럽습니다. 지금의 국힘.,0
695,67,니들 눈엔 껌 값도 안되지,0
696,67,많이 받아본 경험치서 나오는  말뽄새네..ㅉ,0
697,67,10만원식대로 검찰에 불려간 사람도 있는데..이놈들은 도대체 머리와 눈 그리고 입이 제멋대로 ..,0
698,67,김영란 법은 잊었는가 ? 말단 공무원은 오만원 받으면 죄가 되고 국회의원은 100만원 상 납 바쳐도 죄가 안된다는 거잕아,0
699,67,내란힘은 정말로 양심이 없다. 김혜경여사 법인카드쓴거 가지고 특검말 까지 하면서 선동하고 검새들 움직여서 압색하고 별짓 다해놓고 개소리 짖어댄다 어이가없다,0
700,67,ㅋㅋㅋㅋ 10만원도 안되는 돈가지고 압색 백몇십번씩 하는건 잘한다고 궁디 팡팡 하더니 니들은 니들이 했던 짓들로 니들이 망할거다,0
701,67,법인카드 10만원사용은 죽을 짓이고 100만원 백 선물은 보편적이라고?  정말 할말 없다. 내로남불도 유분수지...,0
702,67,78000 원 쓴거 가지고. 악마화  하던 내란힘 이 100 만원은 뇌물 이 아니라고 말하기에는 진짜 내로남불 이다.  . 역하다 내란힘    대놓고 내로남불  ㅋㅋㅋ,0
703,67,내란당 것들 공천 받을 때 몇 억씩 상납하는데 쟤들 입장에선 저건 돈도 아닌 거지 김재정인가 5억 줬다는 녹취도 있잖아,0
704,67,100만원대가 아니에요. 두종류인데 김거니거는 가로가 더 긴 스타일로 2.710.000 원 입니다. 거짓말 잘하네요. 국힘 김기현.,0
705,67,"이런 인간이 국회의원이니,뇌물이 판치는 추잡한 세상이되지.",0
706,67,야 왠만한 국민은 소비쿠폰 15만원만 받아도 아껴쓰고 소중하게 쓰는데 100만원을 인사하러 가면서 주는 돈이면 어디가서 인사도 못하겠네 이 나쁜놈아,0
707,68,대통령이 중국욕금지법 필요하다고 지껄이는거 보니 민주당은 100% 중국 하수인 집단이고 대한민국은 실시간으로 중국에 먹혀가는게 실감이 남... 여러분 축하합니다 투표 한번 잘못하셔서 2500년 역사의 민족국가를 끝장내셨네요,0
708,68,,0
709,68,"염전에는 노예는 하나도 없고, 정당한 근로자만 있다고 좌파들이 주장하는거랑 비슷한 개념이지??ㅎㅎㅎ",0
710,68,충격있지 바퀴벌레 중국인아 니들 경제성장 6프로 이상이 목표 였는데 4.8프로 역대 최악으로 성장했잖아 반면 미국은 3.8프로 최고 성장중이고 중국인은 바퀴벌레다 명예 중국인 1찍 4050 할배들아 알아둬라,0
711,68,,0
712,68,"미중 관세 영향으로, 중국 타격 받았다 말하는 중국 관료는 옷벗을 각오 해야 하니, 그냥 어느 한쪽이 유리 할수 없는, 일장일단 정도 말해도 좋다. 글로벌 경제 플렛폼은, 10대 교역국의 연결고리다.",0
713,69,조작이 일상인 좌파정부,0
714,69,"10. 15부동산대책, 부작용,  민심역풍에 신뢰도하락정도가 아니라, 땅속에 쳐박혀 부동산실패정부, 견인차역활, 현금부자는 정책최대수혜자, 서민층 최대피해자, 양극화  역대정부통틀어 격차 더욱더벌려놔!!!!",0
715,69,부동산으로 돈벌수없도록한다잖아~주식해 이것들아,0
716,69,어디든 풀면 거기부터 시작해서  다 작살나는거야,0
717,69,쌩트집,0
718,69,서울에 대규모 공공분양 발표해라,0
719,69,찢자밍은 시작부터 통계조작하네,0
720,69,모든 정책이 서민하고 부자 격차를 덜 벌리고 사다리를 자르는걸 왜 모를까~ ㅋ 난 팝콘,0
721,69,비열하고 못된 조작질 정부다. 강북 외곽지역은 집 값 그대로였는데 강남과 동일하게 규제해서 재산상 피해를 보고 있다. 소송해야 한다. 노도강 구청장들 가만 있으면 내년 선거 때는 볼 일 없다. 주민들 가만있으면 바보 취급 당함. 서민 위한다는 정부가 서민 뒤통수 치고 강남 주민들만 살판나게 해주잖아,0
722,69,노원도 포함시켜야지!!,0
723,69,혼자 맞다가 다같이 맞으니 좀 덜아픈 듯 ㅋㅋㅋ 그좋은 콩사탕맛을 다 보게 되어서 정말 기쁘다 ㅋㅋㅋ 자유없는 획일 통제의 달디 단 콩사탕맛 ㅋㅋㅋ,0
724,69,국짐 애들은 노도강에 뭐 많이 삿냐??,0
725,69,응 잡소리가 많아지네 보유세좀 빨리올리자,0
726,69,실소유자 -&gt; 실수요자. 에휴,0
727,69,지도 보니까 위치 좋은곳으로 싹 묶었는데 .. 뭐가 불만이지 용산서초송파 주변으로다가,0
728,69,한강벨트만 핀셋규제하면 근처로 풍선효과 나올게 뻔하니 다 묶는게 맞지.. 지금도 동탄 구리 풍선효과 나온다고 기사들 나오는거 보면 모르겄냐,0
729,69,,0
730,69,이재명 잘하고 있다. 보유세도 즉시 시행해라.,0
731,69,"국힘을 지지하지만 이것들아 적당히하자. 윤통 탄핵때 니들이 국민 배신하고 어찌해볼려다가, 나락간 조직이 뭔놈의 말이 그리도 많냐?   분명한건 문죄인이 폭등 시킨 부동산을 윤통이 더 터트려서 전국이 부채 더미에 깔려 죽기 직전까지 왔다.  이죄명이를 싫어하지만, 어떻게든 부채 줄이고부동산 정상화 시키는 정책은 100번이고 지지한다.",0
732,69,아직 이르긴하지만 꽤 성공적인 부동산 정책이라고 보고있다,0
733,70,ㅋㅋㅋㅋ...법학 교수란다...정신 나간  놈...누구보다도 법을 잘 지켜야 할 법대 교수 출신이란 놈이 사기를 치냐...한심한 놈...,0
734,70,법률조무사랑 한동훈대표가 법으로 싸움이되나??,0
735,70,조국 무식이 드러난 날 어디가서 법교수였다고 하지말라 제자들 창피할듯 ㅜㅠ,0
736,70,교수가 교수다워야 교수지.. 나르시시즘도 그 정도면 병입니다. 그만 좀 설치세요. 죄국씨는 입시비리 잡범일 뿐입니다..,0
737,70,,0
738,70,사시 패스 못한 조국 VS 대학교4학년 때 사시패스 한 한동훈,0
739,70,사시 통과못한 법무부 장관 vs 사시통과 검찰 출신 법무부 장관 누구의 말이 더 신빙성 있을까?,0
740,70,"조국, 교수도 교수 다워야.",0
741,70,쪼국 같은 인간이 지성의 요람 서울대 교수까지 했다는 사실이 대한민국이 불공정하다는 증거임.,0
742,70,조국 정치교수 아닌가 죄짓고사면받았으면 부끄러운줄알아야지,0
743,70,조국은 지 혐의도 제대로 파악 못해서 교수직도 뺏기고 낭인된실력으로 무슨 아는 척은. 한동훈이 백배 똑똑하고 멋있다.,0
744,70,"법학교수인데 사시도 통과못함
법학교수인데 법이란 법은 다 어김
사시도 통과못한놈이 검사한테 법운운함 ㅋㅋㅋㅋㅋㅋ",0
745,70,법학교수였던 작자가 비리범죄로 감옥에 갔다왔으면 부끄러워서라도 저딴소리는 지껄이지 말아야지... 어차피 사시패스도 못한 본인 지식수준이 한동훈에 비해 한참 떨어진다는걸 모르진 않을텐데.. 결국 교수 내세워 잘난척떨다 지스스로 미천한 지식수준만 드러났지...,0
746,70,"ㅋㅋ 조국씨 제발 도망가지말고 법리로 한동훈과 싸워주세요, 왠지 사꾸라 법학교수 조국보다 검사 한동훈이 백전백승할것 같으네",0
747,70,조국이 같은 인간이 서울대교수였다니 서울대 수준 알만하다~~서울대 쪽팔려서 어쩌냐~~~,0
748,70,"ㅋㅋ 조국 주체못하는 관종병으로 나섰다가 한동훈한테 한방 먹고, 이제서야 판결문 읽어보는 중",0
749,70,사법고시도 패쓰못한놈이 뭔 법학교수냐!!! 게다가 법학교수가 온 집안이 범법자 ㅋ,0
750,70,"말만 내뱉으면 무식이 와르르르..사법고시도 보지않은 법대교수 ""국""씨..앞으로 당신입은 밥먹는대만 사용하길 바랍니다..",0
751,70,"법학 교수란 양반이 범법을 저질러놓고, 특권사면으로 형기도 안채우고 나와서 자화자찬에 내로남불까지...박탈감에 한숨만 나온다!",0
752,70,대체 교수는 어떻게 됐을까..저 위조 집안은 믿을 수가 없어요,0
753,71,"범죄자가 꿈에도 그리던 저곳으로 들어가네
ㅉㅉ
나라가 참...",0
754,71,어휴 또 왕놀이 하려고...ㅉㅉ 빨리 개헌준비해서 용산에서 바로 세종이나 가든가하지 청와대 꾸역꾸역 기어들어가는건 도대체 무슨심리야?,0
755,71,용산으로 이사간거는 초기비용은 들어도 지속적인 지출을 줄인다는 명분이라도 있었지. 다시 청와대로 기어들어가는건 대체 뭐냐?? 세금 남아 도냐?? 돈처뿌리고 쓸때없이 이사다니고 증세한다는 소리 하기만 해봐라. 그리고 갈거면 세종시로 가던지. 서울 노른자 땅은 민간에 양보해라.,0
756,71,세종 간다며?,0
757,71,"청와대로 이전은 이렇게 쉽게 뚝딱 되는데, 대통령, 국개의원 모두 세종시로는 옮기는건 왜 차일피일 미루나?

결국은 선거팔이로 말만 옮긴다하는거고, 거짓말을 한거다..

꼴도 보기 싫은 국개의원들, 리짜이밍만 세종으로 쫓아내도 국민들이 얼마나 밝아지겠나?",0
758,71,아 진짜 세금 좀 그만 녹이고 재판이나 받아라 천년만년 그 자리에서 행복하게 살고 싶지? 미ㄸ 돌아가신 분들만 억울하겠다ㅠㅠ,0
759,71,꼴에 세금으로 참 가지가지헌다..,0
760,71,윤석열이 옮길때는 쓸데없이 돈든다고 뭐라하더만 ㅋㅋㅋ,0
761,71,"왜 우파에는 조국, 김어준, 최강욱, 매불쑈 같은 mouth fighter들이 없을까?,

국힘이 다시 청와대 복귀한다했으면 온갖 똥파리들이 다 들고 일어나 입냄새 풍기면서 저주를 퍼부었을텐데..

우파들은 너무 점잔해서 모든걸 뺏긴다..",0
762,71,그냥 살지 뭘또 옮기냐..,0
763,71,개고기는 다시 식용가능으로 하자,0
764,71,"청와대를 용산으로 옮긴 덕에 청와대는 경복궁, 광화문광장과 함께 그 일대가 유명 관광지로 탈바꿈 되었고 아울러 용산으로 옮긴 대통령실은 국립중앙박물관,용산공원과 함께 마치 백악관 뜰처럼 관광지가 되어 볼거리 없던 수도 서울에 두개의 관광지가 생겼었다. 두곳에 점점 외국인 관광객들이 늘어나 관광 대한민국의 꿈이 펼쳐지는데 ...이대통령의 청와대 복귀로 은행나무로 가득찬 청와대 철문은 다시 굳게 잠겼다.",0
765,71,석열이가 용산 옮겼을 때 청와대 폭파시켰어야 했다.,0
766,71,아 윤개고기 무속때문에 뭐하는짓이냐,0
767,71,2찍은 정신병자인게 용산을 옮긴개 무당말 믿고 옴긴거잖어 ㅉㅉ 거기다 온갖지더분한 짓 저지른 내란요세인대 거기에 있으라고?? ㅉㅉ 제정신아닌듯,0
768,71,다시는 대통령실 밖으로 못옮기게. 헌법으로 못밖아라. 국민혈세 수천억 낭비하는. 날강도들 법으로단죄해야 한다,0
769,71,"청와대로 옮길게 아니라 대전 청남대로 옮기지?
그러면 서울집값 금방 잡힐건데...",0
770,71,도대체 국민 세금을 얼마나 길 바닥에 버리는 건지....,0
771,71,왕 놀이 하고싶어서 죽겠제 ㅋㅋ 이제 청와대 뒷산으로 간첩을 많이 내려와서 회식하긋네 ㅋㅋ,0
772,71,유홍준 국립중앙박물관장은 지난달 22일 국회 문화체육관광위원회 국정감사에 출석해 “(청와대 내 관저는) 음습한 자리여서 풍수 문제뿐 아니라 건축가들의 입장에서도 생활공간으로 부적격하다는 의견이 있다”고 말했다. ----&gt;&gt;&gt;&gt;이게 국감에서 할 말이냐. 그 좋다는 용산으로 간 전임대통령 지금 부귀영화 누리고 있냐. 국립중앙박물관장이라는 분이..,0
773,72,"김민석 놈이 청계천도 반대한 놈이다. 세운상가
 뒤 60~70대 집들을 보고 얘기 해라! 반미 운동가 동생에 배추로 돈번다는 미친 인가아!",0
774,72,김민석 저인간은 청계천때도 절대 안된다며 의원직 걸겠다고 했던 인간임 ㅋㅋㅋㅋㅋㅋㅋㅋㅋㅋㅋㅋㅋㅋㅋㅋㅋㅋㅋㅋㅋㅋㅋㅋㅋㅋㅋㅋㅋㅋㅋㅋㅋㅋㅋㅋㅋㅋㅋㅋㅋㅋㅋㅋㅋㅋㅋㅋㅋㅋㅋㅋㅋㅋㅋㅋㅋㅋㅋㅋㅋㅋㅋㅋㅋㅋㅋㅋㅋㅋㅋㅋㅋㅋㅋㅋ 영세상인 운운하면서 배추값으로 몇억씩 챙기는 인간 말종중 말종. 김민석 형은 유명하지 월북 몇번이고 한 간첩,0
775,72,김민석 청계천 개발 그렇게 반대하더니 청계천 근처엔 가니?,0
776,72,별 같잖은 이유로 반대만 처하지말고 답답하면 개마고원 가서 살아 민서가,0
777,72,그동안 내내 가만있다가 재판받으러 나오니까 분위기 업시키려고한 개수작질이지. 더불어 찢잡당애들 하는짖이 원래 그래,0
778,72,김민석 : 이명박이랑 서울시장 선거할때 청계천 복원 사업은 현실성 없다며 반대하고 그 돈 복지에 쓰자고 함. 강북 재개발 반대함. 그냥 반대를 위한 반대를 하는 인간임.,0
779,72,시에서 할 일을 국가가 나서서 반대 하는 걸 보니 또 선동하기 좋은 건수 잡은 거?,0
780,72,이거 총리라고 부르지 마라!!배추장사아닌가?,0
781,72,김민석한테 배추농사나 하라고 하세요 !!!,0
782,72,김민석은 국민이란말하지말라 지금 국민죽어가는데  중국에 세세하고있고  친형이 반미집회는 옹호하고있다 중국인에 죽어가는사람들부터챙겨라,0
783,72,청계전 공사 반대한사람: 김민석 총리,0
784,72,오세훈말이 맞음,0
785,72,공산당들은 무조건 반대하고 선동질한다.. 오세훈 시장님 화이팅입니다! 결국 이명박 전 대통령님처럼 눈부신 서울의 발전의 공로가 역사가 남길것입니다.,0
786,72,그니까.  오세발 너는.  고층빌딩. 지어. 종묘를 내려다보겠다고?  이놈이 제정신이냐,0
787,72,종묘는 그냥 보존하잖아. 현대사회에 맞게 주위는 개발하고 종묘는 종묘대로 보존하면 뭐가 문제임?,0
788,72,원래 민주당 전문이지 여론전 선전선동 ~ 광우병 생각나네,0
789,72,종묘가 니꺼냐고 서울이 니꺼냐고,0
790,72,"민석아 하남자도 아니고 가서 중얼중얼ㅋㅋㅋ 
그게 국무총리가 할일이냐??",0
791,72,청계천 반대하던 배추총리야~  선동 지겹다…,0
792,72,서울시 발전을 싫어하는 김민석 깨어있는 시민이 많아 넌 안된다,0
793,73,더할나위 없이 잘 됐다면서요ㅋ내용공개는 언제 합니까?,0
794,73,어떻게 정부 발표 신뢰도가 김어준 망상뇌피셜 방송정도 수준이랑 동급임? ㅋㅋㅋㅋ 물론 1찍이들 수준에 딱 맞긴하다만,0
795,73,"미국 몇번 쳐가세요?? 주가조작, 지지율조작, 선거조작, 부동산 조작... 찢주당이 말만 번지르르하게 하지 실제로 나라발전에 무엇을 도왔나요? 좌파들도 제발 계몽되시길..",0
796,73,한국인들의 냄비 근성은 어쩔 수가 없다. 뭘 참고 기다리는 게 없다. 그냥 눈 깜빡하면 뭐가 나와야 돼~~,0
797,73,시간이 늦어 질수록 대한민국이 유리한 상황이 전개되고 미국이 불리한 상황이 전개되는 거 아닌가?,0
798,74,범죄자들이 검찰/경찰을 개혁한다고 설쳐대는 답없는 나라,0
799,74,"경찰관의 수사역량 강화가 필요하다.
경험없는 순경이 업무상 배임 수사를 단독으로
조사하여 그대로 종결되는 상황이므로 수사결재라인 및 수사시스템개선이 절실한 상황이다.
경찰은 그간 폭력, 절도,강도사건은 경험이 있으나. 재산범죄 수사 등은 일천하여 시민들의 고통이 엄청나다.",0
800,75,이재명이 무조건 옳고 정의고 피해자라고 생각하는 사람들 보면 사이비 종교에 빠진 좀비들 같다. 지지하는건 자유지만 분별은 하자,0
801,75,"진행자가 정성호 대변인 맞네 앵커뿐이겠나 MBC, YTN은 좌파정권 스피커 아닌가",0
802,75,잘가요 잘가~~~  ㅋㅋㅋㅋ ㅋㅋㅋㅋ ㅋㅋㅋㅋ ㅋㅋㅋㅋ ㅋㅋㅋㅋ ㅋㅋㅋㅋ ㅋㅋㅋㅋ ㅋㅋㅋㅋ  긁혀서  긁긁긁!!!  한  9일 남았나~~~!!?????!!♡♡♡♡ 빠이,0
803,75,김재규영웅을 재조명해야한다 전두환이 조작하고폠혜했던 김재규장군이 역적소리들으니까 이것들이 설친다,0
804,75,좌파 방송..안본지 오래다,0
805,75,부처 눈엔 부처만 보이고 개 눈엔 개만 보인다,0
806,75,권순표 뉴스하이킥이랑 똑같네. 방송이 중간역할을 잘 해야지 MBC나 YTN이나 너무 좌파 방송아니냐? 그것도 대놓고 ㅋ,0
807,75,Ytn... 리춘희,0
808,75,2찍 보면 정신병자인게 대장동 사건에서 검사들이 불법수한게 들어나니 그게 진실인듯 말하고 있음 자기들 불법수사는 정의인듯 그걸 믿는 2찍 사이비 정신병자 ㅉㅉ,0
809,76,내란당 니네가 무슨힘으로 탄핵을?? ㅋㅋㅋㅋㅋㅋㅋㅋㅋㅋ 아무말 대잔치,0
810,76,아니~ 찾아가지말고 대장동 특검 받고 청문회 받고 상시특검 하자니까? 민주당이 해준대잖아? 털면 윤석렬 나오니까 헛소리만 하고 있네.,0
811,76,"국짐 연놈들의 저 파렴치하고 사악한 행태 규탄한다, 즉시 정당해산 추진해야 합니다",0
812,76,뭘 사퇴하나? 틀린말한게 없는데. 김만배는 좋겠네? 요런글을 타이틀로 올려놓고 언론과 국힘당이 국민들을 우롱하고있다. 검판사들도 여기에 포함된다. 이바라먹을인간들은 대장동같은 환경이 없어지기를 바라지않는다. 그러려면 이재명을 배임으로 집어넣어야 되는것이다. 웃기는게 뭔줄아나? 이논리면 그냥 쉽게 생각나는 고양시개발과 lct 개발 허가해준 지자체장도 배임이된다는것이다. 아닌것처럼 하지말아라. 고양시는 1500억을 사업비로 등록해서 1조원을 남겨먹은 개발사업이다. 이거 수사한놈있나? 이런지자체가 한둘이아니다. 그런데 억지를 쓰고있다.,0
813,76,니들좀 탄핵햇음 좋겟다,0
814,76,니네 정당이나 탄핵하자,0
815,76,아니 뭔 탄핵을 얘기하냐 니들한테 원하는건 앞으로의 비전 제시나 여당 감시 역할이지 자멸은 아니라고...,0
816,76,경제도 최악인데 정쟁만 일삼고 혼란만 야기 하려하니 윤씨 이후로 국운 최악이다~,0
817,76,두.. 놈다. 도망다니느라 바쁘겠네..  역사의 죄인 이름 석자 남기고 떠..  납니다 !!!,0
818,76,탄핵 할수는 있고? ㅋㅋㅋㅋ,0
819,76,늬들은 내란처벌이나 받자,0
820,76,,0
821,76,"ㅋㅋ 국짐들은 어떻게 유일하게 할줄아는게 헐뜯기인데 
그것마저 헛발질",0
822,76,잡범 죄멩이를 탄핵하라,0
823,76,민주당것들 웃기는 것들이다. 본인들은 박근혜보고 직권남용이라고 하고 박근혜 정부 인사들보고 직권남용이라고 해놓고선 자기들은 아니다? 나중에 정권바뀌면 빼도박도 못한 직권남용죄아니냐?,0
824,76,북괴 공격해 전쟁나서 계엄할라했고 외세개입 매국 하던 놈들이 어딜 탄핵을ㅋㅋㅋㅋㅋㅋㅋㅋㅋㅋ느그 내란당 해체 준비해라. 탄핵안 시도해봐라 역풍맞게 해줄께~,0
825,76,얘네는 일 안하는데 왜 월급 줘야해???,0
826,76,법치주의 민주주의 파괴 독재 공산당 탄핵하고 지선까지 압승 가즈아 투쟁하고 뭉치는 국민이 승리합니다,0
827,76,내란당,0
828,76,대장동 특검 그렇게~~받으라고 받으라고 몇년전에도 그 난리를 했더니 안받은건 윤석열 하고 국짐이자나ㅋㅋㅋㅋㅋㅋ왜 안받았냐? 결국 이익은 검찰과 국짐쪽인간들이 받았거든ㅋㅋㅋㅋㅋㅋㅋ심장이 쫠리니?,0
829,77,해결책 전세계 악의축 종양덩어리 중국공산당 붕괴가 해결책이다 넌 대만앞바다에 다이빙하면 되겠네 🤣🤣🤣,0
830,78,북조선에서 단독 입후보하는 것을 그대로 따라하는 젓국!,0
831,78,솔직히 지금이 더불당 범죄집단 치하가 아니라면 너같은 게 어떻게 이렇게 떳떳하게 정치활동을 다시하겠냐?,0
832,78,언제까지 범죄자가 설치고 다니는 꼴을 봐야하나.,0
833,78,공산당이냐??????,0
834,78,아직도 정치하고 있나...,0
835,78,,0
836,78,"조국혁신당 화이팅, 조국교수님 화이팅 ~~~!!!",0
837,79,"""이재명 정권에 겁먹고 탈당해 도망간 '탈영병 홍준표'는 입 좀 다물라"" ㅋㅋㅋㅋㅋㅋㅋㅋㅋㅋㅋㅋㅋ 아후 속시원해ㅋㅋㅋㅋㅋ 그동안 한동훈이 많이 참았다",0
838,79,한동훈님 홍준표가만두지마세요 주둥이좀꼬메주십시요 늙은게 양심도없어요,0
839,79,탈영병..ㅋㅋ 빵 터짐..,0
840,79,"한동훈 대 홍준표, 정치 경력으로 카운터파트가 되나? 한동훈은 10년은 유학 갔다 오길...",0
841,79,ㅋㅋㅋ다들 꽤나 대인배네. 평생 몸 바친 곳에서 통수때리고 왠 듣보잡을 용병이랍시고 데려다가 언플해서 이상한놈 대통령만드는 바람에 당 조져지고 그 와중에 뻘짓하는 깐죽이가 무슨 평론가인마냥 입만털고있는데 ㅋㅋㅋㅋ 좋~다고 좋은 소리해주겠냐?,0
842,79,대장동 일당이 7413억원을 검찰 항소 포기로 꿀꺽하게 생겼는데  탈영병 홍준표는 찍소리 못하고 오히려 바른말 하는 한동훈을 공격하네 그냥 재명한테 헌자리 달라고 해라,0
843,79,조국수홍 재명수홍 딸랑이 탈영병 홍준표는 입다물어라,0
844,79,한동훈   역시 👍   속이다 시원하네홍 영감 님 드들겨맛네 ㅋ ㅋㅋ,0
845,79,한동훈은 늘 옳았다 썩어빠진 구태 정치인들은 구제불능,0
846,79,ㅎㅎ 탈영병 홍가 속시원하네 ᆢ후배 검사에게 욕 처얻어먹고 자알~~~한다,0
847,79,그러게 정치 잘 하시지 그랬어요?,0
848,79,속이다 후련하네.  탈영병은  입 다물라,0
849,79,잘한다..한동훈!!,0
850,79,저 딴게 대선후보였다니 나라 망신이다 접시물에 코박아라 ㅉㅉ,0
851,79,"정치 경륜은 짧지만 한동훈이 정치력에서 고수이고, 인격으론 뭐 말할 것도 없다.",0
852,79,아우 꼴보기 싫은 할배 입 좀 다물어 홍할배,0
853,79,한동훈 윤썩열의 개,0
854,79,준표야 정신차려라 치매는 아닌가 검사해봐,0
855,79,저쪽은 홍준표가 제일 정상이넼ㅋ,0
856,79,홍카말이 맞다,0
857,80,대놓고 화천대유의 이익을 대변하는 범죄자 정부 ㅋㅋㅋ,0
858,80,아니 근데 왜 특검엔 반대하냐고ㅋㅋㅋ,0
859,80,조희대 지귀연작품으로 법에도없는 단하루 시간계산해서 풀어줄때는? 또한 거니에게 불려가 신분증 핸드폰 뺏기고 벌거벗은모습으로 찍소리도 못하던것들이 왜 선택적분노 하는데? 그러게 그때도 정의롭게 했어야지!! 사법부 검찰개혁을 꼭 해야하는 이유다!!,0
860,80,"대장동 검찰이 구형한것보다 법원에서 판결한 형량 구형이 더 나옴. 근데 검찰은 이유없이 항고하겠다고 함. 항고의 이유는 못 밝힘. 《""지덜이 구형한 형량보다 재판부에서 구형한 형량이 더 높은데도 불구하고 항고하겠다는건 대체 어느나라 검찰이 이럼? 지금 검찰이 대장동 주범들인 범죄자들 형량이 너무 높다고 항고하겠다는것밖에는 안됨! 이게 팩트""》임.",0
861,80,검찰 안변하네 국민투표로 검사 전체 물갈이하자,0
862,80,윤석열의 내란 때 그렇게 했어야지. 그때는 내란에 동조하고 선동하고 탄핵에 반대했던 니들이다. 그래서 니들이 내란당이라는 거야. 니들이 얼마나 추하고 사악한지 한번 거울을 봐라. 대장동은 윤석열과 한동훈이 읫선으로 이재명을 제거하기위해 검찰이 조작에 나선것이 팩트. 반드시 특검을 통해서 조작검찰의 실체를 낱낱히 밝혀야 한다. 남욱에의해 조작이미 드러났고 유동규도 검찰조작임을 실토할 까봐 그것이 두려운 검찰. 윤석열의 개검 부끄러운 줄 알아라.,0
863,80,이재명이 대장동 김만배에게 뇌물 7000억을 바친 사건이다. 뇌물 주는 대통령은 독재자다... 이재명을 잡아넣어야 한다.,0
864,80,"검찰발 코메디네요 ㅎㅎ..   전관예우없애려면  검사 판사 변호사 시험 따로치러고, 퇴직후 형사변호 제한해야합니다...  국가형벌권으로 판검사 퇴직 후 큰 돈 벌 수있도록 재직중의 연줄을 이용하도록 하는 게 말이 됩니까.. 사법카르텔의 저항이 크겠지만  불공정 원천차단 필요합니다..",0
865,80,전과4범과  정성호 공범  둘다  몽둥이로  때러잡자,0
866,80,조작수사 기소한 한깐족이와 개검 찾아가 항의하는게 맞는거 아님?,0
867,80,G R 풍년이네. 내란국찜당 해체가 답이다,0
868,80,"누가 정성호한테... 대장동 재판 2심 항소포기 외압행사하라고 교사했냐? 강훈식 비서실장은 ""이미 재판부에서 재판이 중단돼야 한다는 입장을 밝힌 바 있고, 만약 기존의 선언과 달리 재판(진행 관련 입장)을 뒤집을 경우엔 다른 조치가 필요하다""고 했다. 기존의 선언과 달리 재판이 뒤집을 경우에 하려던 조치가 바로 이거냐? 이재명이 대장동 재판 2심 검사의 항소포기 외압행사하라고 교사했냐?",0
869,80,이재명을 탄핵소추해라 이것은 윤석열의 계엄 선포에 견주어 결코 덜하지않는 만행이다,0
870,80,조선과 반도체를 쥐고도 관세협상 하나 깔끔하게 정리를 못하는데 뭘 잘한다는건지 모르겠고 항소포기 거짓말을 뻔뻔스레 하는 거 보면 국힘 애들과 뭐가 다른지 모르겠다,0
871,80,국민 총칼로 죽이려 했는데 개그하냐 빨리 정당해산 시켜라 뻘건옷 뻘건넥타이 북한넘들 한테 가라,0
872,80,검새들이랑 국힘.. 너희들의 짬짜미를 이런식으로 인증하니?? ㅋㅋ,0
873,80,형량 닞추라고 항소해야함? 구형보다 높게 나와서 항소를 안한건데 뭘 아떻게 해야함? 아니면 구형을 높게 처음부터 하던가 ㅋㅋㅋ 국힘은 왜 대장동 특검 반대함?,0
874,80,아에 이 양아치 집단 한방에 갈아버려야함 개검 국힘 조중동,0
875,80,이자슥들아!   석열이  내란  일으켰을때  니들이  그렇게 반대했다면...내가  니들에게  표를 줄건데.....ㅉㅉㅉㅉㅉ,0
876,80,늙은 추녀 땀시 되것어,0
877,81,한동훈 최고! 한동훈 화이팅!,0
878,81,속이 시원하네 ㅎㅎ,0
879,81,"둘 다 일부 맞는 부분과 어긋난 부분이 있어. 근데 동훈아 너는 윤석열·김건희·한동훈 셋이 같이 놀면서 소통령 놀이까지 하면 삼형제가 즐기다가 너만 몰래 빠져나오지 않았냐? 원칙적으로 저들이 사라졌을 때 너도 역사 속으로 사라져야 하는데 뭐 하는 거냐? 너의 문제는 태도야. 정치 흉내만 내면서 매번 누굴 깎아내려 존재감 챙기려는 아주 못돼먹은 그 얄팍한 수법, 언제까지 이 짓거리하는지 보자.",0
880,82,대장동 민간업자에게  서민돈 뺏아서 7000억 몰아주고 암표단속하는 우리의 아바이대통령 이재명 너무 역겹다 암표장수보다 더한 사기꾼 이재명,0
881,82,요놈은 감빵면하기위하여 국민도 나라도 팔아먹을 사악하고 간교한 놈이다. 요놈이 누구인지 세살먹은 아이도 알지만 무서워 쉬쉬하는 공산독재 시대가 올것이다.,0
882,82,요즘 음주운전 사고 엄청 많은데..음주운전도 좀 지적해주라!!,0
883,82,햐.. 중국애들 무비자에 3년거주시 투표 가능하고 여의도92배 크기 부동산 매잊 가능하게 해서 중국임대인에게 보증금 먹튀하고 도망가도 냊두면서 중국인 욕하면 징역 5년 처벌 법안 올리고 암표 10배에서 30배. 처벌 강화는 당연한데 우리 국민들은 다 죽이고 중국 속국 만들라고 쇼질 도저히 못봐주겠다. 홈플 10만 일자리 일요일도 쉬고 야간 영업 못하게 만들고 일회용 비닐도 못쓰데 하면서 일하는것들 지들 급여는 올리려고 쇼질 하더만 이제계속 쉬겠고 쿠팡 새벽배송은 막고 알리테무 야간 배송은 가능하게 하려하고 잘 돌아간다,0
884,82,범죄자,0
885,82,범죄의 굴레를 벗어나려고 용틀임...,0
886,82,법카 횡령도 처벌보다는 패가망신 수준으로 횡령금액의 수백배를 물리면 근절될듯~~~,0
887,82,완전내로남불,0
888,82,ㅁㅊ  큰  도둑은  다  넘어가고  좀  도둑은  크게 처벌하겠다는것,0
889,82,이정부는 바나나걊부터암표이런거를 공무원들이알아서못하나?  이따위것들지시말고 부동산대책은 없나보네요?척척박사께서?,0
890,82,똥묻겨묻,0
891,82,족까고자빠졌네.,0
892,82,동네이장 같은소리하고있네 대통령맞나?,0
893,82,중국인 음주운전 강력 대응해봐라,0
894,82,대장동 몸통 턴핵시켜야,0
895,82,내 기억엔 이재명은 말만 하지. 실제로 법을 만들거나 행정적으로 조취를 취한 적은 없는 것 같음. 그냥 요란한 빈수레임,0
896,82,대장동은? 세게 부과 안해?,0
897,82,암표 같은건 니가 잘하던 짓 아니었나? 그냥 인생이 암표야!,0
898,82,대장동 돈도 회수해라 그렇게,0
899,82,이대통령 격노하신것인가요? 그럼 특검해랴지요,0
900,83,범죄자들이 헌법존중이란다.,0
901,83,참 기가 찰일,0
902,84,가짜 대통령 너가 있어야 할 곳은 청와대가 아니라 감방이다. 재판받아.,0
903,84,"에휴.. 음주운전이나 하고 다니던 범죄 전과 4범, 심지어 현재도 범죄 5개 재판 범죄 피고인.. 심지어 그중엔 1억원이 넘는 법인카드 유용, 국민세금으로 일제샴푸, 초밥, 과일 해잡쉈다 재판까지 걸린.. 어우.. 다른 범죄, 파렴치한 짓거리 다 빼고 딱 음주운전만해도.. 너!, 그리고 교육부장관 음주운전, 고용노동부 장관 음주운전, 대통령실 국민통합 비서관은 심지어 음주운전 전과 2범.. 에휴.. 너는 얼른 본인 재판부터 받어라!",0
904,84,잡범아 어딜 들어가?? 재판 재개 빨리 탄핵시키고 끌여내려야 된다!!,0
905,84,관광지로 잘 쓰던걸 기어코 자기 욕심으로 여러사람 불편하게 하네 더러운 독재자,0
906,84,여길 왜 기어들어가나?,0
907,84,갈 데가 없는 것도 아니고 세종 갈거면 그냥 있다가 가면 되지 굳이 청와대 찍고 세종... 두 번이나 옮겨가며 세금 낭비를 할 필요가 뭔지...,0
908,84,이재명 재판받고 사형,0
909,84,용산멧돼지 가 뻘짓한거  복원 시켜야죠,0
910,84,용산  이전 뻘짓거리  해서  몇천억 날린거  10쎀렬 내란 술돼지한테  구상권 청구해라 !! !!!!!!!!!!!!!!!!,0
911,84,범죄자 이재명이는 청와대에 기어 들어갈게 아니라 깜빵에 기어 들어가라~,0
912,84,대통령 관저를 용산으로 옮기냐고 국방부 이전하고 국가안보 위태롭게 만들고 국민혈세 펑펑 날리고 ~~~ 윤석열 감건희 화장실 변기값이 얼마였다고?~ㅋ 2찍들 도둑놈들 집단 끼리끼리 유유상종 뭉쳐서 나라가 이지경이네,0
913,84,세종 안 내려가려고 발악을 한다 만약 추진하고있으면 두번 옮기느니 용산 그대로 쓰다 내려갈텐데 임기내내 청와대 눌러앉겠다는 뜻,0
914,84,대장동 사태는 시작에 불가하다.. 좌파들 똑바로 봐라 너희들이 말하는 정의로운 민주주의가 이런거냐..,0
915,84,"대장동 사건과 무관한 정성호 장관 노만석 총장이, 7800억의 범죄 수익을 자기 돈처럼 보호하려고 목숨을 건 이유가 뭐겠나?...ㅋㅋ 바로 그게 찢의 몫이 아니겠나...ㅉㅉ 국민의 청와대까지 탈취하는구나,,,!!",0
916,84,궁궐 같은곳에서 살고 싶나보죠 국민 팔이하면서 특권을 제일 좋아하는 놈들 토나온다 ㅋㅋㅋ,0
917,84,와.  반년만에 국고를 아주 거덜내는구나.. 이게 다 개돼지극좌틀포티들 때문이다. 그것들 가만 둬선 안 된다,0
918,84,국민에게 돌려준 시설을 다시 빼앗아간 최초의 대통령,0
919,84,문재앙때처럼    북한과 중국이 훤히 들여다보겠군,0
920,84,세종시로 간다고 한거 같은데,0
921,84,자기 사건이라고 대장동 항소 포기하게 한 것이 어디서 구중궁궐로 도망이냐? 이재명 구속시키고 정권 바뀌면 모든 걸 정상으로 되돌려야 한다.,0
922,85,빨갛게 물들어가는  조국이여 어찌 할수 없기에 너무나 애처롭구나...아하...,0
923,85,사회주의 내로남불당,0
924,85,패소하면 규제 해제가 아니라 민주당이 추진하는 법왜곡죄로 감옥 가실건데요 ㅋㅋㅋㅋㅋㅋㅋㅋㅋㅋㅋㅋ,0
925,85,아니면 말고는 늬들 민주당이고,0
926,85,패소면 관계장관 정책실장은 사퇴가 맞지..,0
927,85,"국토부장관은 10/15일 이후에 9월 통계자료를 받을 수 있기 때문에 9월 통계자료를 빼고 했다고 했는데 국토부는 통계청에서 10/13일 통계자료를 받았다고 하고 누가 맞는지?
또 국토부장관은 통계청 자료는 발표일(15일) 이전에 받는 것은 불법이라서 받을 수 없다고 했는데 10/13일에 받았았다는 국토부 발표를 보면 국토부는 불법을, 장관은 위증을 하고 이ㅛ네~",0
928,85,탄핵감이구만. 민주당주특기,0
929,85,이정부는 처음부터 나라운영할 자격이 없었어. 범죄자가 대통령 되니 이건뭐 이런 대통령 만들어놓고 반강제적 공산당식 정치를 하는 인간들 이제 얼마 안남은거 같다. 이재명도 빵가는게 겁이나는지 별구단과방법을 안가리고 겉으로는 손안대고 코푼다. 권력을 쥐면 와우 뭐든 할수있구나!!!! 정청래가 오바해서 하는 양아치짓도 이재 이해가 가려하네….우리대한민국 이재명과 민주당이 집권하고부터는 세상이 거꾸로간다.,0
930,85,"저런게 국토부장관?
아니면말고식
민주당은 어째 저런물건들만가득하냐
기가찬다
국민들눈물은안중에도없고
지들끼리만호의호식하는
민주당 투표로심판합시다",0
931,85,통계조작은 후진국의 표본인데 에찌하여 진보는 불리하면 조작을 쉽게하나요.,0
932,85,환율 개차반인데...주가는 오르는거..이거 누가 뒤에서 조작하는거지? 국회독재의 끝이 보이는듯. 중공도 지금 갱제가 엉망이야...얼마나 버틸수 있을것 같냐? 미래는 뻔함.,0
933,85,통계조작이 문재인으로부터 상속된 새로운 민주당 DNA 아닌가? 나쁜 놈들. 당장 국토부장관은 탄핵시켜라.,0
934,85,애들장난노냐 아니면 말고하는게,0
935,85,"아니 웃긴게 뭔 통계자료가 없어 ㅋ
지들이 회의 일부러 일찍 잡은거지
9월 통계 하루면 기다리면 나오는데 일부러 반영 안하려고 일찍 한거지왜 하필 15일에 정책 발표 해야 하는건데
9월 발표 보고 하면 세상이 뒤집어 지나ㅋ",0
936,85,그러면 줄소송들어올텐데 누가 감당할껀데,0
937,85,공산인민민주당,0
938,85,"대한민국은 미처돌아가네,  온갖 패악질하는 민주당과 이재명 악행에  국민들이 몽둥이 와 횃불들고  미친 인간들 때려잡아 대한민국은 바로잡자.",0
939,85,"패소한다고 규제만 해제하면 안되지? 패소드하면 그간 부당한 제도로 인해 손해본 국민들은? 금융기관들은? 그에대한 손해배상은? 뭐 같은 규제 만들어놓고 하루아침에 손바닥 뒤집듯 하면 쓰나? 오피스텔을 적용하니 안하니 하던것도 그렇고, 애초에 규제를 만들때 모든 경우의 수를 고려한 뒤 발표했어야지.",0
940,85,,0
941,85,구로구 10알들은 뭐하나??,0
942,86,누가봐도 오세훈 너가 신뢰가안가!,0
943,86,"니가 한 짓거리를 봐라. 한강이 니꺼야? 한강에 서울시혈세로 별 짓거리 다해놓고, 뒤로 얼마나 해먹었을지... 
명박이처럼 세금쓰는거 정말 열받는다.",0
944,86,훈아.... 준표형이 니네당 깨끗하게 해산하는게 맞대.,0
945,86,그냥 수사나 받으삼,0
946,86,ㅋㅋ 명태균♡ 오세훈 ㅋㅋ,0
947,86,고궁속을 바라보게????  적당히해. 문화유적지를 개인 뷰로 누릴 생각자체가. 문화찬탈이다,0
948,86,니가 특검 피하고 지선 가려고 한강 건드리고 종묘 건드리고 있자네..머 잡혀가기 싫은건 알겠는데 하는거마다 헛발이면 한번 잡혀가서 정신수양 하는것도 좋을거야..,0
949,86,오세금의 정치적 권모술수 같은데?,0
950,86,세금을 지 입맛대로 처바른 인간이 누굴 지적할 입장이 아니다.  한강버스로 출퇴근하는 시민 있으면 그거나 보살펴라,0
951,86,나눠먹기로 한듯 한 오세도니 의심한다,0
952,86,누가 나와도 내란당은 안뽑는다^^,0
953,86,머리속에 온통 본인 밥줄 생각뿐. . . 국민은 오직 개돼지일뿐. . .,0
954,86,오세훈은 이제 좀 입다물고 집에 가라~~ 이제까지 한 일만으로 100년을 회자될 최악의 정치인,0
955,86,오멍충아 김민석이 총리 관두고 선거 나올까봐 겁나지?ㅋㅋㅋㅋㅋㅋㅋㅋ,0
956,86,MB가 전국적으로 강에 깽판 쳐논거 배워서 주구장창 한강 서울 붙잡고 깽판놓네... 무조건 고층 쳐올려야 서울 발전되나?,0
957,86,뭘 자꾸 짓고 세우고 잠시도 가만히 못있네. 유럽에선 있을수도 없는일이구만,0
958,86,진중히 생각하고 실행 합시다. 서울시 지만 대한민국의 일부입니다.  멀리 내다보는 해안으로 잘 해주기 바랍니다.,0
959,86,말이 돼? 세계문화유산이 해지되면 책임질거지?,0
960,86,수상택시도망해,0
961,86,정치적 이슈가 아니고 범죄다! 국가보물 훔진범죄. 불법이용 처벌해라! 윤건희!,0
962,87,"장기투자자에게 혜택을 주면 제대로 주식투자 문화가 정착되겠지.
잘 해서 정착시켜라.",0
963,88,"이번일을 거울삼아 
상사가 시캬도 옳지 않은 일은 하지 않아야 한다. 

사람 죽이란다고 죽이면 되겠나",0
964,88,"내란은 대힌민국민주공화국의 적 이니냐? 관련자들 한명도 빠짐 없이 깜빵에 집어쳐넣어야지. 이게 나라의 안보, 기강을 바로 잡지.",0
965,88,판검사들..철저히 내사해라..,0
966,88,지금대장동 범죄재벌 만든자들이 내란공직자색출한다고. ㅋ 🐕 가웃을일이다 전공직 전국민이 들고일어나길바라나봐,0
967,88,철저하게 색출해라,0
968,88,ㅡ내란관련자 모두 붙잡아다 총으로 꼴통 빵꾸내야ㅡ다시는 이러한 국가비극이 일어나지 않는다ㅡ다 잡아들여라,0
969,88,독재 공산당 이죄멍 더이상 참기 어렵다.,0
970,88,🐕🐕🐕내란동조한 인간들은 모두 윤석열이 옆으로  보내라.파면시켜라.무료급식도 아깝다.,0
971,88,정치 보복과 머가 다른지???.대선때 안한다고 한거 같은데..ㅉㅉ,0
972,88,안 올 줄 알았어??대표적으로 기재부 먼저 정리 하고 갑시다...돈이 계엄 한다고 하루 아침에 생겨나는 것도 아니고 계엄의 준비와 함께 돈도 준비 하고 있었을 거라...,0
973,88,"문제는 “상대가 정권 잡았을때”와 “내가 정권 잡았을때”를 나눠서, 내 말만 잘 듣는 개로 만들려는게 문제",0
974,88,문재인의 적폐청산 시즌 2가  도래했는가? 선량한 공무원  숙정하겠다는거냐?정권이 이성을 잃고 미처서 막다른 골목으로가고있다. 구소련의 비밀경찰제도의 한국판이다.공산당 독재를 닮아가고있다. 국가 아무나 경영하는게 아니다. 국민들 오판의 결과가 지금 나타나고있다.,0
975,88,자살할 대상자들  추리는 기술 부리는중. 자살기술자 답다,0
976,88,연평도행 배편 비워놨다..  내란  찌끄래기들까지 수거해서 배에 태워 폭침 시키자.. 배가 모자르면 국민성금도 할것이다.. 윤석열의 폭침 아이디어는 기똥차네..,0
977,88,내란잔당   동조한   공직자 전원  파면해라,0
978,88,공산당원으로 물갈이 하것단다,0
979,88,음!굴러온  돌들이 박힌 돌을  빼려하는격이다,0
980,88,저것들부터 처단해야,0
981,88,놀러가다 사고로 죽은 세월호 어린 학생들 팔아서 정치 야욕  챙기던 좌파놈들 또 시작이네 사법부 내란 판결도 나기전에 지놈들 잣대로 숙청 하겠다는거네 이거야 말로 게엄 보다더한 내란 아니더냐 이게 나라냐,0
982,88,도대체...1년 내내 뭐하고...아직도 내란 색출한다고 떠드노...ㅉㅉ,0
983,89,위조왕 죗국 vs 제일검 동후니형 ㅋㅋㅋㅋㅋㅋㅋㅋㅋㅋㅋㅋㅋㅋㅋㅋㅋㅋㅋㅋㅋㅋㅋㅋㅋㅋㅋㅋㅋㅋㅋ,0
984,89,쪼국아 그냥 찌그러져있어라. 한동훈한데 팩트로 한번도 이긴적없잔아  한동훈하고 니는 급이다르잖아 같은체급찾아라 근데 조국니는 숨쉬는건 진실이가 궁금하네 ㅋㅋㅋ,0
985,89,한동훈 승 ㅋㅋㅋㅋ,0
986,89,한동훈 그대가 대통을 해서 꼭 진정성을 보여주세요,0
987,89,한동후니 멋찌다,0
988,89,학자로서의 자격은 이미 간지 오래고 이제 이재명이에 착붙하여 한쪽으로 지우쳐 판단하니 그렇게 해석할 수 밖에...인간이 망가져도 이렇게 까지 망가지냐??,0
989,89,범죄자 김만배 일당 쉴드 치는 인간들은 본인들이 왜 쉴드치는지도 모르고ㅋㅋㅋ 6000억도 돌려줬지만 조만간 사면도 해줄꺼다 죄명이 목줄은 김만배와 이화영이라 조만간 사면까지 갈꺼다. 이건 나라냐?,0
990,89,조국ㆍ동생ㆍ조카ㆍ마누라ㆍ딸ㆍ온집안이 범죄사기꾼 콩가루 집구석 ㅉㅉ조국 너는 법에대해 한동훈과 하늘과 땅 차이다 주제파악 이나해라  조적조ㆍ조로남불ㆍ구제불능이다 ㅉㅉ,0
991,89,판결문은 읽어봤나? 무익한 티? ㅎㅎㅎ 역시 한동훈 ㅎㅎ,0
992,89,범죄자 은폐할려고 민사로 돈을 부각 시키면 안되지  최고권력자가 걸린 비리에 그깟돈으로 지자체가 민사소송이나 해서 푼돈으로 죄를 덮겠다는 얄팍한 수작을 전직이 벼슬인양 내걸어도 결국 조로남불,0
993,89,한동훈은 확실히 정치 인연은 있나보네 ㅋㅋㅋ. 배신자 프레임에 몰락코스 예견됐는데 이런 빅이벤트가 터진데다 제일검역할 또 하는중임. 응원한다,0
994,89,"대한민국에서 제일 무식한  전교수  조국씨 ...  판결문 좀 읽고,  공부 좀 하길 !!",0
995,89,힌동훈 화이팅~,0
996,89,"민주당피셜 조선제일검, 소년급제 사시패스 vs 사시 노패스, 입시비리로 징역2년 전과자 ㅋㅋ",0
997,89,수준도 안되는게 덤비네,0
998,89,조국 성폭력당  조구기는 입시비리 잡범 전과일 뿐이다 한동훈도 더러워진다 조구기 상대하지 마라 오염될라,0
999,89,"한동훈씨 조국같은사람
말대꾸도마세요",0
1000,89,조국아! 동훈이 반만큼만 해라~ㅉ,0
1001,89,"한동훈 말대로 죄국이 판결문을 봤어도 이해 못한다는거에 한표 ㅋㅋㅋ 사시패스한 한동훈, 합격도 못해본 죄국 답 나온거 아닌가???",0
1002,89,한동훈이 서울시장 먹겠네,0
1003,90,ㅋㅋㅋ 어이가 없다 없다 웃음만 나오네,0
1004,90,"조국당 창당 후 업적. 윤석열 난 거부, 조국 감옥간날 축하파티하다 성추행.ㅎㅎ 정책이나 비전이 기억남은건 단언컨데 단 하나도 없음.",0
1005,90,"조국 수능이 코앞이다 너는 반성은 커녕 너무너무 뻔뻔스럽고 더럽고 구역질 난다 
국민을 뭘로보는가 한마디로 파렴치 하다",0
1006,90,위변조 잡범을 내세운 뿌리없는 국개 12명 사상누각 정당이 뻔뻔한 대표를 또?,0
1007,90,여기도 범죄동아리같은.,0
1008,90,새롭고 참신한 이미지로 소수정당이라도 미래를 보고 발전을 하려면 기존의 진저리나는 진흙탕 싸움 두 정당의 이미지를 벗어나야 하는데 마치 기존 정당의 위성정당 같은 행동을 하면서 과연 미래를 바라볼 수 있을까? 오히려 민주당 보다 더 민주당 스러운 이미지. 성추행사건 때 이미지 완전 떡락했고 지금 조국이라는 사람의 이미지도 그렇고 가망이 없다.,0
1009,90,애당초 있어서는 안될 정당!  오직 복수만을 위한 조국복수당!ㅉㅉ,0
1010,90,정계은퇴하고 그좋은기술..가라로 서류위조해서 돈벌생각이나해라,0
1011,90,성추행당 당해체가답이다민주당똘마니당,0
1012,90,무엇 착각하고 있나바요 아직 우리나라는 범법자 전과자보다 일반(일 열심히하고 세금 똑바로내는)국민이 더 많다는것을 착각 한것 같아요,0
1013,90,세금 기생충,0
1014,90,보여주기 식으로 들러리 한명 이라도 나올줄 알았는데 그 정도도 없다는게 이 당의 현실이다.,0
1015,90,잡범당이 국민을 우습게 보네,0
1016,90,"윤석열 내란우두머리가 있을때 목소리를 낼 꺼리나 있었으나, 
이제...존재의 이유가 1도 없어진 정당. 정당 해산 외 답이 있을까?",0
1017,90,"당명이나 바꿔라
.

조국희롱당으로.... ㅋㅋㅋ이젠 즐라도도 손절이란다...",0
1018,90,사기꾼의 말을 누가믿을까?,0
1019,90,"ㅋㅋㅋㅋㅋㅋ
ㅍㅎㅎㅎ",0
1020,90,조국당은 말 그대로조국 한사람을 위한 당이다.  마치 백종원회사처럼,0
1021,90,"이북보다도 못한 조국독재 내로남불당, 만세",0
1022,90,"인민민주공화국 조국 위원장님을 만장일치로 투표해서 100%득표를 하셨다. 만세,만세, 만만세... 이런것에
대하여 현행민주주의국가에서 맞는 행태인가? 조댕이질 잘하는 네가 한번 논평해봐라....내로남불조국 퇴보당
이라고 해봐라..",0
1023,91,이런정권은첨본다. 막무가네식 자기네편 아닌 공직자는 쫒아내기수법,0
1024,91,1년동안 실체도 없는 내란 내란 짖다가 환율 1465원 ㅋㅋㅋㅋㅋㅋㅋㅋㅋㅋㅋ,0
1025,91,내란은 지금 그대들이 하고있는  짓거리들이  내란이다.,0
1026,91,"이쯤되면 대장동 독자 조사, 독자 재판 해야하는 것 아니냐? 언제까지 기다려야 허는데?",0
1027,91,너도 조사 받아라. 나라 망치지말고,0
1028,91,내란 어디서 팔아요 이세상 단어가 내란 밖에 없나봐요 아님 내란 기우제 지내는중인가,0
1029,91,이재명 초조하구나. 케케묵은 내란 타령이라도 들고나와야 할만큼. 그러나 넌 결국 대장동 사태로 몰락을 맞이하게 될것같다.  항소포기가 트리거가 되었다.,0
1030,91,이대통령 할일 하시지 내란은 사법부에서 잘 하고 있는데  뭐 이것가지고 또 선거 대비 하시게 선거는 국민께 맡기고 대통령은 본인 재판 잘 받고 경제에만 신경쓰셔 그건이 국민이 당신을 뽑은 이유야 알았지,0
1031,91,당신 재판부터 합시다잉!!!,0
1032,91,말이 길다 재판받아라,0
1033,91,진짜 감옥가기 싫은가보다.. 이래서 낭떨어지에 몰린 사람이 제일 무서운거야.. 어차피 죽을꺼 눈에 보이는게 없는 사람이거든..,0
1034,91,철저히 조사해서 단죄해야 나라삽니다,0
1035,91,적당히하세요. 수사기관도 아닌데 가려낸다고 제대로된 조사도 없이 주홍글씨 새겨놓고 쫓아내면 훗날 후폭풍이 클겁니다. 진짜 그놈의 완장을 차면 하라는 일은 안하고 엉뚱한 일만 벌이려는지...,0
1036,91,이제는 비밀경찰을 만들어 일반 국민도 내란동조자로 조사할 태세다. 전과4범 찢죄명이 원하는 히틀러의 전체주의체제 국가 완성! 무서운 세상이 온다.,0
1037,91,내란 옹호 선동 선전 가담자는 공무원부터 시작해서 유트브 및 댓글까지 싹 조사해서 엄벌하자,0
1038,91,재명아 그럼 너도 대장동 사기친 돈으로 초밥 몇인분 사먹었는지 조사 해야지,0
1039,91,"아직도 조직내에서 기회만 엿보는 내란세력이 존재합니다
내란에 동조하는 놈들을 처단하고 가야 새로운 세상이 열립니다",0
1040,91,발악을 하는군,0
1041,91,"와~ 여기 내란당 유투브 빨갱이노인네들 다 와 있다
내란은 국짐당에서 저질렀는데 누가 내란이라냐
실체고 없는 내란?? 실체는 윤석열과 김거니 그리고 그 아이들이 다 저질렀는데 실체가 없다는
헛소리 혓바닥을 날리냐??",0
1042,91,,0
1043,92,내년 선거때 보자,0
1044,92,또야??? 문재앙 통계조작이 엇그제같은데 또???,0
1045,92,민주당 정권은 통계외곡 잘하지유!! 문통때 들통 났쥬!,0
1046,92,통계조작 문죄인 특기인데 그것도 따라하냐? ㅋ 왜 무능도 따라해야지 나라망친것도 따라하고 ㅋ 개정부,0
1047,92,계속 제제할수록 가격은 오름 ㅋㅋㅋ,0
1048,92,부동산통계조작 어제오늘얘기아니다. 뭉가늠. 재망이늠 조작질 빼놓으면 잘하는거없다.,0
1049,92,서울집 매물 반토막나고 전세는 씨가 말랐다 월세감당 못하는사람들은 경기도로 밀려나는중 너도알고 나도 알고 우리가 모두 알고있다 똘똘한 주택정책 폐기하고 주택가액으로 보유세 해야함 다만 정책 만드는사람들이 강남고가주택보유자들이라 절대안하지,0
1050,92,더불어 조작이 취미인데... 어쪄라구~!!,0
1051,92,조작이 일상,0
1052,92,문재인 때 제대로된 통계 발표했다고 통계청장을 교체해 버린 더불어민주당 정권답네요.,0
1053,92,이상한게  빈집 경매쌓인건 하나도 뉴스없음 ㅋㅋ 오른다는 광고 말곤 ㅋㅋㅋ,0
1054,92,문어벙때 겪고도 또 찍어주는 바보들,0
1055,92,원래 젊을때부터 거짓말과 조작 사기가 몸에 배었다.자기들 출세운동을 민주화 운동으로 국민들을 속였지.,0
1056,92,북한이야? 9월 10월 신고가 속출인데 정부발표만믿으면 개돼지,0
1057,92,대를 이어 통계조작,0
1058,92,통계조작,0
1059,92,회사 업무도 이렇게 하면 징계받거나 짤리는데 장관은 더 큰 책임을 져야지,0
1060,92,문재앙 매운맛 찢재앙...,0
1061,92,문재인정권때의 통계조작 dna가 현정권에서도 연장되는 것처럼 느껴진다. 조작은 일시적인 눈가림.,0
1062,92,본래 문제있는 정권은 무엇이든지 왜곡하고 지들 입맛에 따라바뀌지,0
1063,93,대장동 백현동 범죄는?,0
1064,93,동네 이장도 못할 위인이 대통령되니까 할 줄 아는게 내란몰이네. 일반 공무원들이 매뉴얼에 따라 일하는 거지 뭔 내란 동조 및 협조를 하겠냐~~!!! 니 재판이나 다시 받아라~! 이런 작자가 대통령이 되었으니 나라꼴이 이 모양이지~!!!,0
1065,94,제발 전과있는 범죄자들은 안나오면 안되나 범죄자들이 너무 많다 우리나라 국회는,0
1066,94,쓰레기는 쓰레기장으로~~~,0
1067,95,대가리가 있으면 한강버스를 그따위로 만드냐?,0
1068,95,오세훈 때리기? ㅋ  그건 명태균이나  하는거고  뻘칫거리  그만하게  해야지,0
1069,95,세훈아! 니가 손대면 무조건 망한다.,0
1070,95,오세훈이 엄청 대단한 사람이네..  내로남불당에  단체로 떼로 달려드네... 서울시의 종묘 부근 개발후 조감도를 보면 멋있던데,0
1071,95,저딴게 서울시장 ㅋㅋㅋㅋㅋ 닌 서울에 수치다 이쯤되면 알아서 꺼지는게 맞다,0
1072,96,"베네수엘라...  물가 오르고, 환율오르고, 실업율오르고, 이자오르고, 잠재성장은 떨어지고....그리고 주식 몰아주기.. 이건... 수출기업, 필수재 위주의 주식 중심으로 주가는 1,000%오르지만 물가는 10,000%올라버리고 그외의 기업과 소비자는 망한다는 현상..",0
1073,97,좌파 앵커 다 바꿔라! 언론부터 다 변화해야 한다!!!,0
1074,97,어디서든 토론하다 마음에 안들면 버럭 트집 이게 토론이고 대화 방식ㅡㅡ매사에 본인 주장만 되풀이 ㅡㅡ,0
1075,97,YTN은 다시 공영화로 가고싶은거지... 윤성열한테 감정이많지,0
1076,97,윤 구속취소 항소포기땐 아가리딛ㄴ고있더니 ㅋㅋ,0
1077,97,"입법 행정 검찰 언론 사법 경찰 노조까지 장악한 괴물독재자 리짜이밍과 더불어공산당. 중국공산당 =조선노동당 =더불어공산당 =천멸좌.,빨진보",0
1078,97,경원이 아주매~그 배가른다는 검사가 직접 글을 썻어요~ㅋㅋㅋㅋㅋㅋ그건 다른 의도로 말햇던거라고~거짓말아니고 팩트예요~좀 나이값좀 처 하세요~ㅋㅋㅋㅋㅋㅋㅋ당사자가 발언한게 맞다는데 엉뚱한 아주매가 거짓말이란 궤변이 어딧냐 도데체,0
1079,97,정성호를 특검 해야한다.,0
1080,97,인터뷰 할 사람이 없어서 나경원을 하냐 ㅋㅋ 답변 꼬라지 봐라.,0
1081,97,얼마나 편향적 방송이었음 빡쳐서 그랬을까,0
1082,97,"제발, 앵커 정도가 되면, 그 자리에 앉아 있을때만이라도, 중립을 지켜라.
아니면, AI로 모두 바꾸는게 낫다.",0
1083,97,그래서 난 공중파 방송은 시청안함 너무편향적임,0
1084,97,"방송이 오염 됬다는 것은 이미 기정 사실이다
 언론의 가면을 뒤집어 쓰고 정파 놀음의 전위대로 동원 되고 있다.
사이비 언론인들 청소 해라.",0
1085,97,사회자가 중립적 위치에서 하는 발언이 자기들에게 도움이 되지 않으니. 그 사회자를 공격하는 아주 나쁜 습성을 가진 정치꾼이 나경원이다. 한두번이 아니고 전례가 많음.,0
1086,97,탄핵이 답이다 미친정권,0
1087,97,이재명은 본인의 대장동 범죄를 덮기위해 김만배 일당에게 7800억원이 걸린 검찰의 항소를 포기하도록 지시한거라고 보면 합리적인 판단이라 생각됩니다.,0
1088,97,그 유명한 손석희도 반대쪽 입장으로 또는 공통된 질문을 하였다 누구편을 드는게 아닌 같은 질문으로 서로 어떻게 다른지 보는건데 역시 나경원은 답이 없네,0
1089,97,와이티엔도 좌편향 정권 눈치보는 부역자임 ᆢ 더도 덜도 아닌 언론의 밥그릇 만챙기면 된다생각하는 와이티엔 ᆢ 베트남 언론같다,0
1090,97,넌 윤석열김건희 대변인이냐?? ㅎㅎㅎ,0
1091,97,MBC가 젤 심각하더라,0
1092,97,건희한테 울고불고 해서 남편 법원장시킨건 서초동에서 왠만한 사람은 다안다,0
1093,98,"취임하자마자 연기금 주식에 꼬라박아 기관이 투자한 반도체만 폭등해서 주식 폭등. 그러나 다른 종목은 망했고, 외인들이 다 빠져나가도록 연기금 다 고갈되었는데 더 이상 외인투자 달러유입은 없으니 계속 환율 폭등한다. 국민들 다 거지되고 있다는 것임. 너가 연봉 5000이여도 4대보험 몇십만 공제로 실수령은 300만원 수준인데, 그 너가 낸 너의 연기금을 맘대로 주식에 쏟아붇고 있다는것임. 최근엔 너의 적립된 퇴직금도 주식에 쏟아붓도록 법 개정함 (퇴직금 일시 수령 불가능해졌음) 참 자랑스러운 나라다운 나라가 되어가고 있구나",0
1094,99,쌈만 붙이고 있다. 언론이면 팩트 체크도 해라.,0
1095,99,검찰의 선택적 가만히.. ㅋㅋ 김건희기소때는 핸드폰놓고 가만히.. 윤석열 석방할때 가만히,0
1096,99,"빨리 꺼져! 개검들도
민주시민도 꺼지는것 일치!",0
1097,99,이 여성분은 토론 논지는 그럭저럭 듣겠는데 인상이 너무.. 짜증이 뚝뚝 흘러서 보기가 힘들다.,0
1098,100,진행자란 인간이 ㅉㅉ,0
1099,100,"이재명 연수원동기가 법무부정관이니... 할말없지. 검찰선고보다 형을 더 많이 받은 피고인은 이 사건을 까 발렸던 유동규씨다. 즉, 괘씸죄로인해 형을 더 받았다고밖에 볼수없다. 남x이나 김x배처럼 수천억을 처 먹은 것도 아닌데...",0
1100,100,나경원이 얘도 탈탈 털려봐야 하는데..,0
1101,100,진행자가 이미 좌편향적인데?,0
1102,100,와이티엔 라디오에 출연 하시면 그정도는 예상 하셨어야죠. 모두 좌파 아닙니까. 거기 노조위원장 출신 의원도 계시는데 무조건 왼쪽으로 갑니다,0
1103,100,좌파들..   상식도 기본도 모르는 좌파특성..,0
1104,100,【성신여대 부정입학】 수사는 안받아? 【평창장애인올림픽 공금유용해 자녀 해외여행】수사는 안받아? 【논문끼워넣어 아들 대입 부정입학】수사는 안받아?,0
1105,100,"채널a tv조선 매일신문 빼고는 전부 좌파 진행자 ㅋ 언론의 중립성이라는건 개나줘버리고, 오히려 채널a 같은 쟤네들은 좌패패널에게도 동등한 발언기회 주는데 특히 cbs는 진중권이 편파적이라 못하겠다 중단선언할정도로 편향적. 답정너냐? 공산당이야?ㅋ",0
1106,100,언론인이라는 것들은 다 민주당에 줄서서 한자리 해드시려는 것들만,0
1107,100,개딸들 좌표 따라 몰려왔네,0
1108,100,"YTN에 뭐하러 출연하나?
빨간색  천지인데.,,,,,,",0
1109,100,콩밥먹으러 가려는 나베가 제정신이겠나 ㅋㅋㅋ,0
1110,100,"나경원은 국회의원 깜도 못되고, 감정 조절도 안되고, 윤어게인 추종자로서 정신 못차리고 있으니 정말 답이 없구나, 이렇게 억지부리다니 정말로 한심하기 짝이 없네~  에이구",0
1111,100,"지들도 죄 지어놓고선 검찰 줄, 판사 줄로 여태 수사를 피해간 것들이 범죄자 대통령 타령 하니깐 민심을 못  얻지! 내란죄 확정 되기만 해봐라! 국민의힘 국개나 2찢들 반국가세력으로 쳐 넣을 테니깐!",0
1112,100,YTN 앵커 수준이~~쯧쯧,0
1113,100,나경원 한물 갔다 해도 그정도는 아냐.예리해.진행자 실수 인정,0
1114,100,넌 일본 나베 같다?,0
1115,100,"나경원 딸, 아들 입시비리는 수사 안하냐?? 검찰이 일 똑바로하면 나경원도 이미 전과자인거 아니냐",0
1116,100,과거에 진중권 얼마전 한동훈 이제는 나경원까지?? 윤석열에 기대어 체급을 키운사람인건 알겟는데 격노까지 따라하다가 이제는 습관들이 된건가?? 이미 잔중권은 하는것처럼 3명이 나란히 조중동과 보수 종편 유튜브나 출연하면서 살면 되겠네 제발 저런 생각이나 격노하는 습관을 가지고 학생들 가르치거나 법조인들은 하지말길....,0
1117,100,개딸들 총출동 ㅋ,0
1118,101,법으로 판결 난걸 저렇게 뒤집으면 국민들이 이나라 법치국가 무너진걸로 알건데? ㅋㅋㅋ 좌파들은 생각이 짧은최대 단점,0
1119,101,배추밭,0
1120,101,간첩,0
1121,101,오세훈 몰아내기 위한 선거운동이네요,0
1122,101,저러구선 지가 시장되면 바로 말바꿈,0
1123,101,,0
1124,101,🐕민석 너같은것은 시골 이장감도 안 된다. 니가 계엄 하도록 부추겨서 이씨가 니한테 쓰 래 기 총리준게지. 니같은것들은 전부 무능에 쓰 래 기 다.,0
1125,101,배추나 돌봐,0
1126,101,,0
1127,101,청계천 개발 결사 반대한 김민석..경부고속도로 개발 결사 반대한 민주당....이 나라의 암덩어리들이다.,0
1128,101,배추투기꾼 출판기념회 사기꾼 민주투사 아갈털며 518전야제때 아가씨끼고 양주마시며 술판벌인 찢과 비등비등한 gsgg,0
1129,101,또 죽름을 이용하네. 박원숭이 한 짓을 봐라.,0
1130,101,,0
1131,101,세훈아 세운상가 일대 재개발을 반대하는건 아니다. 그러나 40층 재개발은 미련한 짓이고 세운상가 재개발은 20층 이내로 허용하고 시에서 30%정도 부지를 매입 공원화 해야한다. 만약 40층 고층허요으로 세운상가부지 재개발을 허용 민간에 이익을 몰아준다면 오세훈이 역시 수사해야 한다.,0
1132,102,엉망진창은 너희들이 할 이야기가 아닌듯,0
1133,102,정당해산이 답이다~~~~ 세금이 넘 아깝당 다모였엉 범죄집단 나빠루 송~죽엇으면 좋다고 에라이 장 판사 뇌물 수수~~ 주 거시기 비서관 최해병 수사방해 등등 ^^  ㅅ ㅂ 넘 많다,0
1134,102,웃기고 자빠졌네. 속속 드러나는 윤건희의 악행과 기행과 뇌물수수 등을 보고도 그런말이 나오냐?,0
1135,102,윤건희를 말하는 거지?,0
1136,102,ㅋㅋㅋ 대선불복~  민주주의 부정!!  반국가 세력답다~ 내란당  빨리 위헌정당 해산가자!!,0
1137,102,"뭐가 엉망진창인가? 에이팩  성공, 대중관계 회복, 한미군사동맹 강화, 경제회복, 민생안정 등
김ㆍ윤공동정부 무당 개망나니 정부에 비할까.
뇌물받고 채용하고, 뇌물받고 인사하고,  외교도 개판, 민생은 뒷전, 오로지 사리사욕만 일삼은거니정권보다는 백배, 천배 낫지 않나? 대통령 지지율은 50%를 넘어 60이상 되니 이게 민심 아닌가?",0
1138,102,김문수가 전과 6범인데 그걸 대선후보라고 내밀어 놓고 전과 타령 하는거냐? ㅋㅋㅋ,0
1139,102,전쟁일으켜서 독재하려고 한 니들이 할말은아닌듯 ㅋㅋㅋㅋㅋㅋ,0
1140,102,내란수괴에는 찍소리 못하고 고개를 조아리던 기회주의자 집단 국힘의 공허한 억지춘향 떼쓰기.,0
1141,102,전과 11범 이명박 대통령 만들고 전과7범 김문수가 대통령 후보로 나오는 국민의 힘 이 할소리인가윤석열은 계엄일으켜 독재를 꿈꿨잖아. 당신들은 그 윤석열 지키겠다고 관저앞에 막아섰고 벌써 잊었어?,0
1142,102,니들하고 경북 대구 보면 웩~~~~~~~~~,0
1143,102,"파렴치한 국짐
그만 해산 해라~",0
1144,102,저기에 살충제나 고엽제 좀 뿌려주세요!,0
1145,102,다수의 국민이 판단해 선출된 대통령이다 내란당은 국민을 우습게 보이나. 빨리 당이나 해체하시지,0
1146,102,발악을하네,0
1147,102,항상 느끼는거지만 참으로 뻔뻔하고 후안무치한 집단. 윤석열/김건희가 그렇게 개판칠때 단 한마디의 충언도 안하던 것들이 무슨...,0
1148,102,🐕 를위한나라잡범이대통되는나라,0
1149,102,대통령 범죄자를 3대째 배출한 국힘이 할 말인가요. 현재 대통령이 범죄자 판결 된것처럼 허위사실 유포하는 파렴치한 내란  집단,0
1150,102,내란당놈들아 니들은 범죄자대통령 양성소아니냐  두환이 태우 MB 근혜 석열이까지 도대체 몇명이냐? 이재명은 죄도 없는데 니들이 억지로 엮은거고!,0
1151,102,"ㅋㅋㅋㅋㅋ 
너무 잘되고 있는데~",0
1152,103,윤통 이전할땐 언론에서 돈많이든다 개 난리를 치더니 이번 이전은 공짜냐?,0
1153,103,윤띵렬이  최대업적이 용산이전과  구떼따 실패  와 검촬청해체인데?,0
1154,103,"대체 청와대가 무엇이길래 이곳에 다들 집착하는가 누군가는 했을 대통령집무실을 이전했으면
그기에맞추는게맞지 또선거철되면 집무실이전공약으로 표심을 현혹하려고이러나",0
1155,103,,0
1156,103,,0
1157,103,관람하면서 도청장치 얼마나 심어놨을꼬…,0
1158,103,"석열이 족속들이 도청장치
심어놨으니. 조심해야한다
재명아~~~",0
1159,103,양아치 선동가 이재명 니가 거기들어가 아방궁 만들어 민주당 여식들과 방아 떡칠 할것이 아니라. 서울시에 되돌려 주는게 어덯겠어..,0
1160,103,"대통령님 적당한 시기가 왔습니다
 청와대 입주 다음날 연임 발표 하시면 되겠습니다 현지궁님을 비롯 온가족이 다 배석해서 콩가루 집 안이 아닌 화목 그 자체를 보여주시면 좋겠습니다 대통령님 한 가지 걱정이 있는데요 서울시장으로 박주민의원으로 내정 하셨는지 요 박주민은 안 됍니다 외모적으로도 오세훈 한테 상대가 되지 않습니다 그래서 말씀 드립니다 현지궁님을 설득해서 요도세자님을 내 보네면 오세훈은 한 방에 보낼수 있을 것 같네요 혜경궁 여사님께 잘해 주세요 조강지처 아님니까",0
1161,103,보안문제 생기지 않게 철저히 점검하시길,0
1162,103,가딜 어딜가 감옥에 갈야 할 인간이. 재판이나받아라.,0
1163,103,윤짜장 이 용산으로 간건 무속인들 말 듣고 간건데 원위치 한건 당연하지,0
1164,103,이재명이놈은  고집불통이다  청와대드간다고  뭐가 달라지는데 어짜피 국민세금 또다시 혈세낭비  윤통 용산간다고 개발짝하더니 넌 공짜로옮기나,0
1165,103,이재명과 더불어민주당 반국가 세력들 이젠 감옥에 가야지.,0
1166,103,,0
1167,104,ㅋㅋㅋㅋ내란 107따리는 국호의원의 수치이란다,0
1168,104,김건희 하명조사 때도 입꾹하고 내란범 위법석방에 즉시 항고포기할 때도 입꾹하던 넘이 어따대고 협박질이냐? 석열이 풀어줄 때는 주디뚝하던 것들이 지금와서 항소 안했다고 게거품 무는 것은 결국 국짐당이 내란공범임을 인정하기 때눔 아닌가?,0
1169,104,윤석열 부역자 송언석을 처벌하라!,0
1170,104,그 논리면 국짐 해산이야 ㅋㅋㅋ,0
1171,104,혹시 너도 가방줬냐? 로저비비에?,0
1172,104,니 죄가 너를 찾아갈 것이다..찢재앙 out,0
1173,104,"송언석의원도 수사해보세요.뭘 받아먹고 뭘 줬는지 수사해봐야 합니다.내란국짐당을 국헌문란,국기문란,위헌정당으로 빨리 해산시켜야 합니다.진절머리 나네요.",0
1174,104,아직도 내란수괴 윤석열과 내란당 개돼지의힘에 부역하는 개검들이 훨훨훨씬 많은데?  그것들부터 사표내라캐라,0
1175,104,너는 내란의 부역자 아니냐?,0
1176,104,11월 20일 이었던가? 나경원 송언석 선고일이??,0
1177,104,ㅋㅋㅋ 언석아ㅜ이찍내란당 해체다 미쳤나,0
1178,104,윤석열 내란 부역자가 더 심각하지 않나? 국민의힘 자숙하고 가만있어도 모자랄 판인데 뭐가 떳떳하다고 저러고 있지...,0
1179,104,"대장동 당연히 항소해야 하는거 아닌가? 외압에 의해 이렇게 되버린건 저 큰돈을 해먹은 일당들 최대 악질 사기꾼들과 한패라고 자백한거 아니냐고 
여기 답글들 다 국적 확인 필요하다 대한민국 국민이 저런 생각을 할 리 없어ㅜㅜ",0
1180,104,"윤서결이가 어떻게 했는지 알면서 왜 저렇게 발악을 하지 ?

궁금허네",0
1181,104,,0
1182,104,1찍들 지령 받앗노 똥오줌좀 가려 니네 가족이 피해 봤다 생각해라,0
1183,104,송언석   제정신이냐   정신병원가봐라,0
1184,104,내란죄 수괴 우두머리 윤석열 김건희 시다바리 내란의힘 쓰레기들 위헌정당 해산 해야 한다 ~~,0
1185,104,"지금은 무조건 발악이지,,,,,추~~가 만일 잡혀들어간다면,,거기에 가담한 국힘당 의원들,,,,,,
내란죄가..크것지,,
그럼 정당해산,,다 팔아야지,,,,,",0
1186,104,"""노만석, 검사 호칭도 아까워…李정권 부역자 즉각 사퇴하라""  완전 맞말. ❤️ 국힘 화이팅‼️",0
1187,105,윤어게인과 절연도 하지 않는 국힘당이 무슨 행동을 벌여도 다수 국민의 공감을 얻지는 못할 듯,0
1188,105,"검개들이 이재명 엮기위해서
 조작한거 들통나서 항소포기한 건데...
검개들의 조작수사 반듯이 조사해야 산다",0
1189,106,"YTN 이것들 완전 라도 죄파 졸개들인데
뭘 그리 목청 높이시유
노 종면 자식 보면 알잔쏘",0
1190,106,좌파 빨강이 척결  이죄멍 재판 제기하라,0
1191,106,암🐕가미첫구나,0
1192,106,"요즘 제 정신 아닌것 같더라고. 무슨 말을 해도 꼬독 꼬독 씹어서 말을 하면서 자꾸 쎈척을 하는게 그게 또 가관. 하는 짓 이라는게 윤두환의 용산에 가서 체포 저지 하겠다고 설치거나, 윤두환이 무슨 내란을 저질렀냐고 대들거나 하는거 아니었나? 명백한 내란도 아니라고 하는 주제에 독사가 머리 들고 일어나서 혀 날름거리듯 하면 어쩌자는겨? 주제 파악 먼저 해라. 주제없아...",0
1193,106,나경원씨 수갑차고 감옥가는건 아니죠?  국힘당 대부분 내란과 뇌물에 연류가 됬는데 나경원씨는  연류안됬잖아요?  얘들  학교 들어간 과정도   문제없었고    설마  나경원이 수갑차고 감옥에 가겠어요? 가면   전당대표가 가겠지,0
1194,106,지금 민주당을 정당하게 비판할 수 있는 정당은 정의당 정도 뿐이다. 국힘 내란 지지 위헌 정당은 해산하라. 그건 박근혜 윤석열 탄핵 당한 대통령을 연거푸 내고 나라를 거덜낸 정당 그거 한국 정당 아니다.,0
1195,107,"윤석열이 고맙다...몇십년 걸려도 쉽지 않았을 적폐청산을 계엄 한방으로 다 해결해 줘서...썩은 검사들과 판사들, 고위 공직자들 이번 기회에 싹 정리하자..",0
1196,107,다잡아넣어라  나라를 이꼴로  만들고  뭘잘했다고 월급  따박따박받나,0
1197,107,정치보복이 아니라 내란청산이란다 내란당아,0
1198,107,냅둬라~ 양아치정권은 오만방자가 극에 달해 계속 불법위법을 자행해서 스스로 명을 단축 할거다.,0
1199,107,내란에 가담한 자들은 지위고하를 막론하고 엄중히 처벌하여야 할 것이다.,0
1200,107,정청래는 무식해서 내란원툴짓 밖에 못함.. 아는게 있어야 선동을하지,0
1201,107,토 왜 수꼴 기관지. 왜구 동아는 우리의 희망 화이팅,0
1202,107,그런 논리면 계엄 원인제공자인 민주당도 공범 아니던가?,0
1203,107,민주당 지들이 뭐라고 검찰 개혁을 하냐고 ㅋㅋ 대장동 사건 항소 포기하면 그건 개혁된 검찰이야?,0
1204,107,"무식하고 무능한폭군 가짜보수양자 윤석열이 통째로 말아먹은 망한보수집안 재건은 대안과전략도없이 꼰대극우화되어가며 지리멸렬하는 한심한 국힘당으로는 도저히 불가능하고 민주당이 가장 두려워하며 견제하는 전투력 일당백 범보수진영 검증된 필승히든카드 개혁신당 이준석만이 가능하다..보수진영은 부정선거,윤어게인늪에서 헤어나지못하면 10년이내 보수정권창출 힘들다..전략적으로 세계초일류 과학기술강국을 설계하여 대한민국 제2부흥을 꿈꾸는 대안세력 개혁신당 이준석,천하람,이주영을 강력하게 지지해줘야 정치와나라가 바로선다..보수진영은 제발 정신들 차려라.",0
1205,107,"내란좀비당 =김건희+신천지+통일교+세계로 +전광훈교+건진법사 +천공 +노상원애기보살 +대통령행정실에 채용한 무당+ 자승 +무유승려 조카 초고속 서울경찰청장 승진(김광호) + 대통령실 5대명산 굿판 +뉴라이트 +극우일베 등등 온갖 잡귀들 뒷배가 윤석열 똥검조직 =&gt;명태균 공천개입(지방,보걸,국회의원,여론조작) 선거비용 초과, 선거사무소 불법운용 두 개다 한 윤석열. 사기대선 당선무효다!! 불법 선거사무소를 운영하고 불법적으로 선거 여론조사를 할때 드는 비용, 그 비용은 선거비용에 해당하며 선거법에서 금지한 '선거비용초과'로 당선무효",0
1206,107,"제발, 정도, 양심, 상식을 지키는 사람들이 잘되는 사회가 됐으면 합니다.",0
1207,108,돈이 팔천억이다. 몇백만원짜리 가방에 비난하면서~ 정말 분노하지 않을 수 없다. 계엄세럭보다 더 나쁜 놈들이 범죄자 세력이다.,0
1208,108,기를쓰고 될라고 한 이유겠지....되고나니 작전대로 하는거고...변호인13명이 요직에 배치받아서 전방위로??,0
1209,108,상호야 영원히 대통령 할거니 임기 마치면 죗값 치루는거 때문에 그러는거 국민 반이상은 안다 이눔아 바보로 아니,0
1210,108,김만배  돈이 바로 이재명 돈이다.   성남시  국민의  혈세를  이재명 정부가 꿀꺽  김만배  무기징역 시켜라.,0
1211,108,"니네가 구해야 할 필요가 있구나,,,",0
1212,108,그런 논리라면 이미 대통령이된 사람이 무슨 내란이냐?,0
1213,108,그럼 정상호 법무부 장관이 왜 그랬대요? 우상호가 모르는 비선 실세가 있는 건가요?,0
1214,108,뭔 궤변이냐? 우상호 뇌를 포기했니? 대통령 임기 끝나면 인생이 끝나냐?,0
1215,108,,0
1216,108,입다물라고 항소포기한거 아닙니까?,0
1217,108,이젠 대장동 일당이 항소심에서 뭔 짓을 해도 형량 더 안늘어남 ㅋㅋ 심지어 사실 대장동 내가 7800억 다 해먹었어 약오르지? 해도 상관 없게 된거임. ㅋㅋ 와 무섭다. 이재명,0
1218,108,면소 만들기 빌드업이지. 탄핵될 수 있으니. 재판 재개 싹을 없애려고 대장동 일당 번복하게 해서 찢재명 무죄받으려는 거지. 알면서 왜 그러쇼?,0
1219,108,대통령되면 있던 죄도 없어지나?,0
1220,108,닥쳐라 좀.,0
1221,108,대통령 되면 죄 없어지나? 5년동안 이죄명 죄를 깨끗하게 없에려고 하는 짓거리 다 알고 있는데.,0
1222,108,대통령이면 범죄도 다 없어지나?  이제 몇년 안남았어 빵에갈날,0
1223,108,느덜 찢지자가 뽑아줬으니 범죄도 문제없다는건 어느나라 법이냐???,0
1224,108,그렇게 당당하면 재판 재개하라니까? 왜 후달려?,0
1225,108,대통령 사법리스크 대통령됬는데 뭘 내란 했다고 자인하네 우산호,0
1226,108,새천년 nhk의 추억,0
1227,109,"당 대표, 비대 위원장, 혼자서 다 해먹네 ㅋㅋㅋ ,  공산당이냐? 저걸 당이라고 ㅉㅉ",0
1228,109,반성도없는 천하의위조범 조국 다시 처넣어라,0
1229,109,이런 쓰레기가 설치는 대한민국 정말 싫고 화가난다...기생충가족 조구기,0
1230,109,이런 괴씸한것들 같으니라고 국민한명당 일자리 갯수 0.42개로 국민들은 일자리 찾아 경쟁하고 한숨쉬는 삶의투쟁을 하는데 조국 이자는 토착왜구라며 국민들 별명지어 놀리고 반성도 없고 정부여당이란 자들은 김만배 일당한테 7140억 재벌 만들어주고 너네들 한테 국민 고통은 안보이냐? 이 놈들아? 우리나라 청년들이 순수하고 착해서 그렇지 네팔같았으면 그냥 확 다갈아 엎었을거다 이놈들앗!!!,0
1231,109,개구리 붕어 가재 잡아먹는 메기?,0
1232,109,"정치를 하려면 고향 부산에서 열심이 하세요
고향에서도 존경받지 못하고 호남 호남으로만 가시나요",0
1233,109,"조국이 조국 당을 창설하고 조국 당 대표가 되었다가 구속,석방 이후 다시 조국 당 대표가 조국이란다. 우리나라 정치 현실이다. 말로는 조국 당의 조국은 인간 조국이 아니라 우리 한반도의 조국이란다. 이런 게 왜곡진보의 대국민 라이팅하는 선동스킬과 현란한 말솜씨이다.",0
1234,109,공산당으로 이름 바꿔라 그냥,0
1235,109,ㅋㅋㅋㅋㅋㅋㅋㅋㅋㅋㅋㅋㅋㅋㅋㅋㅋㅋㅋㅋㅋㅋㅋㅋㅋㅋㅋㅋㅋㅋ 얀 아직도 혼자 소꼽놀이하고 자빠졌뇨~~ㅋ 하다못해 마음의 빗이 있다던 문버러G가 화환이라도 좀 보내줄려나~~ㅋㅋㅋㅋㅋㅋㅋㅋ 아니다 특활비 국고 아니면 10원도 안쓰는 황족인디~ 무슨 자비 화환~~ㅋㅋㅋㅋㅋㅋㅋㅋㅋㅋㅋㅋㅋㅋㅋㅋㅋㅋ  정수기 옷값이 국가비밀로 30년은 못본다는~ㅋ,0
1236,109,선동으로 특권 누려서 먹고 사는 강남좌파의 가ㅣ소리. 또 속으려는 지?,0
1237,109,"털보공장에서 계좌 흔들어대는 국개들과 털보 하수인 죄국,그 위에 상전 양산 문가 ㄷㄷㄷ",0
1238,109,좌파가 바뀌지 않는 이유 = 바뀌지 않는 지지자들의 내로남불,0
1239,109,야 여기가 북한이냐.... 단독출마에 100% 당선....  김정은 조차 혀를 차겠네.,0
1240,109,입시 정도는 마음대로 위조해서 갈 수 있는 새로운 조국? ㅋㅋㅋ,0
1241,109,"나르시즘의 전형!! 그만좀 조국 갖다 붙혀라, 니 이름이 무슨 브랜드냐?",0
1242,109,ㅎ 조국 이름부터 다시 달고 오너라 얼굴 성형도 하고 족구 얼굴을 다아는데 누가 조국을 조국으로 보겠나 신용도 없고 실래성도없는 적국을``국민 민패`라고 볼수도~,0
1243,109,조국혁신당 긍정적으로 생각했는데 지금은 관심없음,0
1244,109,와! 전과범이 당 대표를 나오네 ! ㅋㅋㅋㅋㅋㅋㅋㅋㅋㅋㅋㅋ,0
1245,109,그 사람이 그 사람인데 뭐가 다르고 새롭다는거지~ㅎㅎㅎ,0
1246,109,당대표-감옥-주곡혁신당 성비위 폭로-비대위원장-당대표 도전(?) 이게 무슨 당이여?..,0
1247,110,김영삼때 이후 다시 사형집행을 고려해 봐야 한다.,0
1248,110,"충암고 에서 축제 하는데 어떤 녀석이 윤어게인 하고, 돈 받고 무대에 오른 랩 한다는 모지리가 윤어게인 크게 외치니 박수가 터졌다면서? 그 학교가 본래 그런 학교인 모양...",0
1249,110,여인형 사형,0
1250,110,내란수괴를 하루 빨리 사형선고하고 총살시켜버려야  한다 !!!,0
1251,110,나라를 전쟁으로 몰아 가려고 했다는 명백한 반국가 사범 .,0
1252,111,중국은 대우 받으려면 대우 받게 행동해라...지구상에서 언제 어디서나 항상 문제만 일으키는 중국..지금 우리나라 외국인 범죄 1위는 중국이란다...아마도 전 세계 범죄도 1위 일거다...다 필요 없으니 억울하면 오지마라...국민들 반중 여론이 70%가 넘는다.,0
1253,111,"역사가 말하고 있습니다. 6,25 한국전쟁에 우리에게 총부리를 겨누고 우리 국군과 유엔군, 국민에게 총을 쏘고 자유 통일로 하나의 국가를 방해한 나라입니다.  우리에게 잘못을 사과했나요?  우리의 많은 기업이 중국에서 피해를 보았습니다. 서해에 말뚝을 박고 접근 조사도 못하게 합니다.  하나 하나 살펴보세요, 김치도 지네꺼라 합니다. 한복도, 기외집도, 모든게 제네꺼라 억지 부립니다. 심지어 고구려의 영토까지, 
영원히 상존 못 할 나라입니다. 정부가 정신을 차려서 잘 대처해야 합니다.",0
1254,112,"범죄자가 대통령이 돼가지고, 그 범죄자 죄를 없애주려고 하니, 나라가 개판이 되는 건 당연합니다. 장 대표님과 국민의힘의 투쟁을 강력 지지합니다.",0
1255,112,"윤석열 내란수괴에는 항고도 안 하는데 벙어리 국힘이 돼서 한마디도 안하던 것들이 
이젠 건수 하나 잡았나보네. 아주 비겁하고 뻔뻔한 짓만 골라서 하는 극우 국힘당",0
1256,112,"이런 투쟁, 아주 맘에 듭니다. 장동혁 대표님을 비롯한 의원님들의 투쟁을 적극 지지합니다. 
작살을 내부러야 합니다.",0
1257,112,대장동사건과 기타 이재명관련 수사 특검으로 당당히 공정하게 명명 백백하게 밝혀 논란을 종식시켜라,0
1258,112,이재명 탄핵이 답이다,0
1259,112,이미 사퇴할 사람이다. 대신 욕먹을 사람 그자리에 앉쳐논거여~ 이미 시나리오 대로 가고 있잔아~ 누가 영화로 만들어바라. 제목 : 범죄자의 나라.,0
1260,112,노氏 하나 사라진다고 문제가 해결되나? 용산의 이氏가 관련 없으면 법무부까지 나섰겠나? 그럼 용산이 책임을 져야 정상 아닌가?,0
1261,112,2찍이 선거 못이기는 이유 ㅋㅋ 쓰잘데기없는짓만 골라가면서함,0
1262,112,노만석이 언제까지 버틸까,0
1263,112,OOO들마꼴갑을해라...윤석열지시로검사가다조작한거세상이다안다,0
1264,112,좌파 정권의 마당쇠들 이넘들아 인생 잠깐이다,0
1265,112,끝까지 싸우라고 해야 합니다. 더 이상한 사람을  세우면  어떻게 하려고요.,0
1266,112,국힘 필패 이유... 선거를 정상적인 방법으로 하려고 하기 때문... 선관위에서 뽑아주는 걸 투표로 한다고 믿음...,0
1267,112,법과 원칙도없는 내란당들,0
1268,112,,0
1269,112,박수영 의원 선거법 위반 ‘벌금 90만 원’ 확정… 검찰 항소 포기 논란........https://mobile.busan.com/view/busan/view.php?code=2025102716110559463,0
1270,112,답답한 국힘...노만석은 이미 죽은돌인데  한심하게 노만석 사퇴가 뭐냐?  이재명 전과4범을 사퇴시켜야지...,0
1271,113,제발 너도 좀 받아라~,0
1272,113,힘없는 말단 공무원들 또 당하겠네. 위에서 시키면 해야 하나? 하지 말아야 하나? 하자니 후환이 겁나고 안하자니 징계가 겁나고. 힘없는 말단 공무원들 말고 대가리들만 처벌하자,0
1273,114,9월 통계 빼고 한거니까 1015 부동산정책은 당연히 무효임,0
1274,115,"썩어 빠진 조선 왕들 위패 모셔놓은 데가 뭐라도 되냐.. 왜란 터지자 백성들 버리고 도망가고 호란 터지니 왕이란 작자는 삼전도에서 굽신거리고.. 조선여자들 줄줄이 끌려가도 손놓고 있다가 돌아오니 환향녀라고 손가락질 해대고.. 구한말엔 일제에게 신분, 재산 보장받고 나라 팔아먹고... 전세계에서 동족 절반 이상을 노비로 부렸던 나라는 조선이 유일하다더라.. 없애자는 것도 아니고 주위에 낡을대로 낡은 지역 개발한다는 데 반대하는 것들은 강남에 아파트 수채씩 갖고 있는 것들이니 기가 막힌다..",0
1275,115,극좌파ㅡ김민석 이가 능력 있냐..이재명 이가 어 거지 로  총리 안쳐 준 거지 표는 없어..넌 서울 시장 감 아니야..서울 시민들 우습게 보지 마라...창경궁...종묘 는 이제 그만 공원 가자...,0
1276,115,"종묘앞 재개발이 아니라 ,길/도로 건너 세운상가  재개발이다.즉 종묘 바로 옆에 붙어 있는 재개발이 아니다라는 말이다.딱 붙어 있으면 문화재와 관련돼  문제라 생각하겠지만, 도로 건너편 재개발이니 뭐라 할 수 있겠는가..",0
1277,115,"좌파 민주당이 지금까지 개발 반대 역사를 보자 1. 경부고속도로 반대 [ 김대중 부자들만 이용할 것이다. 우리나라 경제대국 되는데 경부고속도로가 기본이 되었다. ]  2. 동대문 운동장 ddp 개발반대 [ 세계적인 관광 명소,,3년지 전시회가 밀려 있음.] 3.  서울 외곽순환도로,, 사패산 터널 반대[ 좌파 지눌 스님 환경 파괴 주장.] 공사 지연으로 3조원 손해.. 10년 지연 개통,, 오히려 터널이 자연과 생물보호가 더 잘됨..  4. 조선말, 대원군 개방 반대.. 전통수호. 일본에 강제 합병,, 그래도 개발 반대할래?",0
1278,115,조선 왕들중에 정통성 있는 왕이나 있냐? 다들 나라 팔아먹고 전쟁에 도망가고 형제 삼촌 다 죽여 왕되고 제대로 정통성 있는 왕은 있고?,0
1279,115,고층빌딩은 경복궁 덕수궁 인근으로도 충분한데 왜 시장은 고층건물에 안달이 났냐? 문화재면 문화재 답게 보전을 해라... 당장 고도 제한 구역이라고 개발 못 하는 곳이 수두룩한데. 문화재 옆에 고층빌딩이 말이 되는 소린가? 고도 제한 구역부터 개발하고 그 딴소리 해라.,0
1280,115,협의전 서로 합의한 도면을 변경해서 고층건물 변경한게 문제인데 뭐 자꾸 종묘를 지킨다하면서 고층이 경제에 도움이된다 이러냐? 유네스코 조건 오독하지마라  하여간 인천이 문제였어,0
1281,115,오세훈시장님 헛소리 그만하시고 특검 수사나 잘 받으세요. 그 나이에 지가 한 것도 기억 못하는 사람이 어떻게 서울시장직을 할 수 있나요,0
1282,116,그러면서 중국인 비판하면 징역5년?,0
1283,116,와.. 그래 이건없어야지 잘한다,0
1284,116,이건 진짜 없어져야 된다 악법중에 악법이고 사실상 입틀막법이였지,0
1285,116,잘한건 잘했다하자,0
1286,116,폐지가 당연한 겁니다 사실을 말했는데 명예훼손이라니 어처구니가 없는 일이죠 그동안 범죄자들이 피해자와 선량한 국민을 괘롭히고 지들 범죄를 덮는 수단으로 사용한 어처구니가 없는 악법입니다,0
1287,116,사실을 말햇는데 먼 명예회손이야 ㅡㅡ. 이딴법이 남아있다는게 웃긴거다,0
1288,116,,0
1289,116,허위사실 유포에 따른 명예훼손은 당연 죄지.. 말그대로 거짓말이니까.. 근데 잘못했다고 잘못한거 상대가 범죄저지른거 유포했다고 그거 말했다고 그거 공개석상에서 여기저기 떠들었다고 그걸 처벌하니까 세상이 이 모양 이꼴이지.. 범죄자놈들 사돈 팔촌까지 얼굴 못들고 다니게 동네방네 얼굴박제하고 떠들어대야 그것들이 최소한 부끄럼을 알고 카메라 앞에서 고개라도 숙이지.. 이것들이 이젠 고개 빳빳히 쳐들고 도리어 더 큰소리야.. 이참에 그놈의 모자이크도 없애라.. 범죄자놈들에게 인권이 가당키나 하냐??,0
1290,116,"대통령 일은 따로 하고 
범죄로 의심받고 있는 일은 정당하게 법의 심판을 받는게  진짜 훌륭한 대통령이 아닌가 싶다 편법으로 법을 빠져 나갈려고 하면 대통령  자격도 있는지 의심 해 봐야  된다
정권이 바뀌면 또 재수사 하면 그때는 어쩔려고",0
1291,116,사실적 명예훼손은 없애야한다 이건 맞다 김현지나 국감 출석 시키고,0
1292,116,사실직시 는 형사상 명예훼손 폐지는 사회정의를위해 필요하다 잘하는거다,0
1293,116,음주운전 사고 가해자도 가중처벌 받게 해주세요,0
1294,116,여기 댓글 다는 2찍들은 '사실 적시 명예훼손'이 뭔지도 모르고 댓글을 다네. 관심도 없고 무지성 까대기. 수준 알만 함.,0
1295,116,범죄자를 범죄자라고 말하면 형사고발 이게 무슨 나라냐,0
1296,116,인민재판 시작되겠네요,0
1297,116,이제..이 호로 상넘의 세기야..라고 욕 해도 이제 죄가 아니군. 호는 오랑캐 자식이란 뜻이니..천년 동안 오랑케 침략을 받앗으니 사실이고 상넘이란것도 조선 시대 천방지축 마골피 따지면 맞고..세기는 어미의 자식 이니까..다 사실이네..범죄자상넘의 세기 이죄명..다 사실,0
1298,116,잘했다. 죄명 자체가 너무 어이가 없다. 사실을 밝힌 것은 어떠한 경우라도 죄가 되서는 안된다. 사실을 감추고 거짓말 하는 것이 죄다.,0
1299,116,,0
1300,116,적극 찬성 진실을 이야기 했는데 죄받는다 말이 안됨,0
1301,116,명예훼손 존나 악법이긴해..,0
1302,117,거기에다가 대장동 항소 포기도 어떤 놈이 시켰는지도 함께 조사해라...김현지냐  아니면 전과4범이냐...,0
1303,117,"정신좀 차려라,,, 주식이 올라가는데, 환율도 올라간다는 말은 세금투입으로 억지로 올리고 있다는 소리잖아, 내 생전에 주식 오르는데, 환율이 오르는것 처음본다. 인위적이란 뜻이지,,,",0
1304,117,이익금 10배 추징하면 아무도 암표팔이 않할듯.,0
1305,117,법치주의 국가에서 법을 무시하고 지들끼리 만든 단체로 조사한다고? ㅎㅎㅎ 국가를 무슨 지들 하청업체 수준으로 다루냐?,0
1306,117,그만 우리고 빨리빨리 정리하라,0
1307,117,확~~~짤라 버리고 싶다 정말,0
1308,117,,0
1309,118,무능한 쩍벌법사 부역자 치고는 호의호식했겠네,0
1310,119,우리나라에서 이재명 만큼 수익을 얻어온 지자체장 있으면 먼저 말하고 해라,0
1311,119,50억 클럽이 국힘 관계자인데? 그럼 이재명과 한편이란 말이냐?,0
1312,119,7천억은 총 수익 계산이고 성남시에서 환수한 것은 왜 말안하냐 돌대가리냐,0
1313,119,"당시, 성남시장이 짐짝 계열이었으면, 1조 몇천억을 그냥 해먹었을거란 소리군... 쯀리네 엄마 봐라. 분담금조차 안내고 꿀꺽 해버리잖아...",0
1314,119,아나운서????????  ㅋㅋㅋㅋ ㅋㅋㅋㅋ   귀 검사나 해라~~~  제대로된 정보를 들을줄 알아야 제대로 애기를 하지!!  제대로 듣지를 못하니 맨날 헷소리나 해대구.......  ㅋㅋㅋㅋ ㅋㅋㅋㅋ  닝기리 시빠빠,0
1315,119,"이재명이랑 상관없는 재판이야
김만배, 유동규 일당이 500억정도는 해먹었다고 판결이 나온것이고

그 500억은 민사소송으로 전부 회수된다

애시당초 이재명이 뇌물먹었다고 걸었는데 뇌물이 안나오니

배임으로 엮으려고 했는데, 그것도 성립이 안되었음

억지로 수사한 검사놈들을 처벌해야되는거야",0
1316,119,성남시를 장악햇던 국짐당 시의원들과 이명박패거리들과 건설자본의 방해를 무릎쓰고.. 그나마 개발이익의 절반이라도 환수햇던 이재명.. 실제 뇌물 받아처먹엇던 국짐 내란당놈들 주제에 어딜 감히,0
1317,119,"야!내란당아~ 징글징글하게 털었는데, 나온게 없으면 뭔가 잘못된게 아니냐? 니들도 이렇게 함 털어보자~ 몇이나 살아남는지 보고싶다~",0
1318,119,지들이 나눠 먹어놓고는 ㅋㅋㅋㅋ,0
1319,119,대장동 50억 클럽 다 국짐당것들이잖아. 윤쩍벌이  특검 절대안한다고 했잖아. 이제라도 특검해서 다 밝혀야하는데 윤거니와 내란공범들 범죄가 너무 쌓여있어서 검사들이 아예 손도 못대고 있다. 벼락맞을것들,0
1320,119,국짐이던 더듬당이던 둘다 한통속인 걸 깨닫지 못하는 개돼지들 ㅋㅋ 니들이 팀 나눠서 싸우는 게 국개들이 가장 바라는 거야 그래야 지들 잘못이 희석되거든,0
1321,119,대통령 만들어 줘도 제대로 하지도 못하면서 됐다마,0
1322,119,"니들이 할 이야기 아니다.  이미 내용 다 알고 있을거면서, 모른척...",0
1323,119,결국 피해자는 국민인데 항소포기는 누구를 위한것인가?,0
1324,119,"저것들 또 똥볼차고 있네, 형사랑 민사도 구분 못하고~",0
1325,119,"그돈보다 너희들세비가 더 아깝다
쿠팡가서 밤새하루라도 배달해봐라 
일년수억씩받고. 의원님 소리들어가며 사니까 국민들이 원하는게 뭔지 알기나하냐. 제발 일좀해라",0
1326,119,김은혜씨... 날리면 발언 제대로 사과는 했나? 숨었다가 나타나서는 철면피,0
1327,119,"검사들은 2년후 미래에 거둘 수 있는수익까지 예측할 수 있는 능력이 있나봐?
그런데 지들이 감방갈 수 있는 것까지는 예측할 수 없었나벼!",0
1328,119,국힘은 해산 외 답이 없다,0
1329,119,정말 제정신이 아닌듯.. 어떻게 저런말을 날리면 하면서 말할 수 있냐? 진짜 그대로 되받으세요,0
1330,120,,0
1331,121,누락 X 조작 O,0
1332,121,하는짓이 문재인때랑 똑같네,0
1333,121,그냥 상식적으로 생각하자!!! 계획적인 누락이니 조작이잖아!!!,0
1334,121,국힘아... 한국은행에서 경제 위기 대출규제 연구보고서 쏟아지고 있고 은행은 위기를 겪고 있고 나라 개인 부채는 최고치를 계속 갱신중이라... 한번 무너지면 회복이 힘든 상황에 직면해 있는데... 지금 이게 할 짓이냐? 만약 경제 위기 오면 입닫고 도망갈 것들이... 지금 물가 잡아 경제 안정 시키는데 힘을 모아도 모자랄 판에 지금 모하는 짓거리냐?,0
1335,122,공직자 비리도 포상금 높게 책정해주세요.,0
1336,122,둔촌주공 살리기에만 몰두하며 두창이는 신경도 안쓰던거 이재명 대통령이 해냅니다. 여윽시 애국보수 재명성님...,0
1337,122,처벌만이능사가아니고 실명제하면되잖아 찢재명아,0
1338,122,"걍 발매시, 현장에서 입장인 전원 신원인증하면 되는데. 전매 매매  금지시키고.",0
1339,122,럼통이는 드럼통 보내는데 특화된 재주가 있는듯,0
1340,123,정당의 현수막 전면 금지해라. 쓰레기들의 말장난이기 때문.,0
1341,123,"원래 반중적 혐오금지였는데 친중적 혐오금지로 포장된건 친민주당 NL애들(일부 친중파)때문이라 보거든... 차별금지법을 강하게 주장하는 주류는 '반중 성향의 좌파'라고 봐야 맞다. 중국은 프롤레타리아 독재와 권위주의.중앙집권.집단주의.반동성애다. 하지만 서구형 차별금지란 단지 비서구담론과 백인주류를 비판할뿐, 탈권위.분권화.개인주의.친동성애다. 독일녹색당(신좌파)은 비폭력 평화주의를 그토록 외쳤지만, 미국주도의 전쟁에 파병까지 하면서 용병노릇도 했거든. 프롤레타리아 독재가 파시즘이라 주장하는 좌파가 진영논리 이분법을 깰수있다? 웃기지",0
1342,123,특정당이 아닌 현 상황들을 알리는 현수막들은 무사한거져? 그것도 ?찢는건 아니죠?,0
1343,123,정말 현수막 때문에 구역질이난다 ~~~ 여기 전라북도 전주인데 민주당 국회의원들 현수막 때문에 토나오려고 한다.내로남불의 대표주자들이 하는일도 없으면서 온통 내란 내란 ~~~ 제발 법 개정해서 현수막이란걸 아에 없애라!!! 원래 자영업자나 학원들이 광고비 아끼고 홍보하려고 이용한게 현수막인데 그런건 이제 거의 보이지 않고 정치 모리배들이 현수막으로 온거리를 도배하고있다~ 자영업자들은 현수막걸 돈도 없는데 국민세금으로 저짓거리 하는것도 국민에 대한 배신이다.,0
1344,123,니나좀 잘해라 진짜 이렇게 뻔뻔한놈은 첨봄,0
1345,123,지방선거 앞두고 개나소나 시의원 구의원 현수막질. .누구 돈이냐??,0
1346,123,정당 현수막 허용 범위 넓힌 거 너희 당 김남국이 대표 발의한 법이잖아...,0
1347,123,국가 재산에 왜 정당들이 구구난방 현수막을 거냐?  민주당이 현수막이 더 많네요.  왜그럴까?  쨈맹이는 군 면제 ?  국방장관은 방위출신이라 그런가??,0
1348,123,피고인 이재명 본인 얘기하고 있네! 너 죄나 당당하게 받아라! 대장동 재판도 이리피하고 저리 피해다니더니...이제는 아예...검찰 겁박해서 항소까지 포기하게 만들고...암묵적 지시가 없고는 있을 수 없는 일이다!,0
1349,123,대한민국이 바람직하고 합리적으로 타당한 옳은 정치를 지향해야만 아무데나 현수막을 남발하지 않는거지 아직도 정치후진국 신세를 면하고 있지 않은데 한심하기 그지 없다.이재명 대통령이 현실을 직시하고 상황을 잘 파악해야만 하겠다.,0
1350,124,"국힘라인들은 다 뭘 받아 처들실 것 같음.. 저기서도 한몫챙기는 거 아닌가하고,, 또 관계된 누군가로부터 예의를 제대로 받지 않을까하는~",0
1351,124,정신 좀 차리시길...수작질에 또 놀아나..문화재가 없어진 판국에..지가 무슨 말하는지 인지력이 없어,0
1352,124,대성공을 거둔 이명박 대통령 청계천 복원도 개거품 물었던 좌파들은 종묘앞 최신식 건물 들어서면 쇼핑한다고 뻔질나게 쳐도라다닐게 뻔하다. 좌파들은 무조건 반대하다가  열매가 달리면 제일 먼저 따먹으려고 달려드는 종자들이다. 박정희 대통령 경부고속도로 공사현장에서 드러누워 뒹굴거리던 원조 좌파들의 사례만 보아도 잘 알 수 있다.,0
1353,124,명태균에 사과하고 사퇴하시길,0
1354,124,날씨가 추워지니 페라가모신발이나끌고 생태탕이나 먹으러가야겠다.,0
1355,124,정신못차리지?,0
1356,124,삽질은 적당히 하자,0
1357,124,공직자 중립위반 신고해라ᆢ,0
1358,124,,0
1359,124,쥴리와 명태균이가 만든 서울시장 오세훈은 뇌물수수가 본업이냐?,0
1360,124,옳은 말씀. 세운 상가에 고층 지어놓고 거기서 관광객들 종묘 구경하게 만들면 돈 많이 벌겠네.,0
1361,124,김총리는 10.15 사태나 해결해라,0
1362,125,세종시 간다고 개소리하더니 또 사기쳤네,0
1363,125,정권바뀌면 하여튼 세금못써서 안달이 났군. 일도 뭐하나 제대로 못하는 주제에 돌아가서 뭐하게 ?  얼마간 좀 시간떼우다 성호랑 손잡고 감방이나 쳐              드가지.   마침 기소포기로 제대로  걸린거 같은데,0
1364,125,세종에 청와대 보다 더큰 규모로 대통령집무실 공사 하던데 그냥 용산에 있다가 세종으로 내려가라..세종에는 정부청사 국회의사당 대통령집무실 까지 짓고 있고 대법원도 추진 한다고 하는데 국민한테 돌려준 청와대를 궂이 뺏으려는 이재명은 조만간 감옥에 갈텐데 세금낭비 아니냐.,0
1365,125,"거기서 굳이 나온 넘이나, 다시 기를 쓰고 들어가는 넘이나 똑같은 넘들이다.ㅉㅉㅉ",0
1366,125,세종으로나 내려갈것이지 ㅋㅋㅋㅋ 청와대 ㅋㅋㅋㅋㅋ,0
1367,125,10년 전에 청와대 없애라고 난리 발광 떨던 좌파 놈들 다 어디갔음?,0
1368,125,범죄자 이죄명이 쇼하네. 니는 부엉이 바위 안올라가나?,0
1369,125,기존의 것들  이용하는데 300억 씩이나 드냐 똑같은 것들이다.,0
1370,125,윤대갈도 없어져야 하고 이죄명도 없어져야 해. 두 매기가 대한민국 분탕질함,0
1371,125,이것만 봐도 이 정권은 세금 남발 심하고 권위적이고 독재  전체주의 성향이 강하다.,0
1372,125,범죄자들 거액의 돈은 법무부 장관까지 등판시켜서 잘도 보존해주면서 본인 일에는 돈 펑펑쓰고 서민들 대출 압박해서 집도 못사게 만들어 놓고 국민들을 아주 바보로 아는 구나. 문제앙 2탄 맞다는.,0
1373,125,어쩌다 이런놈이 대통령이라고~~ 슬프다~~~,0
1374,125,,0
1375,125,,0
1376,125,"■찢 : ""내가 세종시 간다고 했더니 진짜 세종시로 갈줄 알았냐? 흐흐흐흐~"" .... 역시 ""찢"" 얘기는 정반대로 들으면 됨~",0
1377,125,쌍욕쟁이 잡범 주제에 청와대가 가당키나 하나? 꼴에 왕노릇은 하고 싶나보지,0
1378,125,"국민이 주인이다. 전과4범 은 범죄자일뿐
청와대를     국민한테   돌려줘라",0
1379,125,용산으로 옮긴다고 국민세금써. 다시 청와대로 옮긴다고 국민세금써. 아니 이렇게 돈이 줄줄 세는데 이거 잘못된거라고 생각못하나??,0
1380,125,"음흉한 사기꾼 문재인 놈이, 2017년 선거 전에는 권위주의 상징 그곳을 국민에게 돌려주겠다고 했었는데 결국은 국민에게 사기친건데..문재인 놈은 사기꾼 입니다! 특별감찰관 역시 음흉한 사기꾼 문재인 놈이 당대표 또는 의원때 입법 해놓고,503은 임명 했지만.정작 문재인 놈은 임명을 안한것도 완전히 음흉한 놈이죠!! 저는 그동안 김대중 부터 문재인 까지, 2020년까지 민주당에 투표 열심히 했습니다! 503때 문체부 체육진흥투표권, 새벽시간대 100억원대 대국민 조작사기 적폐범죄 당하고,적패청산 한다던 문재인놈 선거 끝나고 뒤통수맞음",0
1381,125,관저가 자리가 안좋구나.. 이씨도 풍수지리설을 믿나보네. 세종으로 옮기지그랬냐,0
1382,126,나라를 좀먹는 바퀴벌레 같은 국짐당 해산은 언제쯤 될까요? 국민을 이상한 방향으로 호도하고 이를  받아적는 보수 언론들.. 정말 갑갑합니다!!,0
1383,126,"빨리빨리하세요, 지치요 지쳐",0
1384,126,곳곳에 미꾸라지가 있으면 물이 맑아질수가 없듯 끝까지 추적해서 잡아내야 됩니다. 내란청산을 하지 않으면 또 다시 대갈쳐들고 나옵니다.,0
1385,126,승진이라니.. 절대 안되지.,0
1386,126,지들은헌법파괴하면서 헌법존중TFT라네ㅋㅋㅋ,0
1387,126,나라가 제대로 돌아가고 있는 중~ 내란 가담세력도 얼른얼른 쓸어냅시다. 부패한 냄새가 진동을 하고 있어요!!,0
1388,126,나라 좀먹는 내란잔당들 청소해야 대한민국이 바로 선다~,0
1389,126,단 한사람도 빠짐없이 조사해서ㅡ국가의 녹을 주는일이 없도록 해야 한다ㅡ매국노들이다.,0
1390,126,싹다 잡아다가 연금 박탈해라,0
1391,126,늦은감이있다 ! 빨리 빨리 당장 추진하라 !,0
1392,126,내란 일으켜 우리 다 죽이려 했던 것들 싹 다 잡아들여 처리 좀 하자 빨리 좀 지겹다 지겨워,0
1393,126,헌법수호 tf ?  니형 부터  잡아넣고 해라 그럼 동의하께 !!,0
1394,126,환율 폭등하는데 쿠폰질과 내란만 운운하는 잡범집단,0
1395,126,잡범들이  앉아  형님 동생하고  놀고  있나보다,0
1396,126,드러운 나라 망했네,0
1397,126,국회앞에서 국민을 향에 나는 계엄에 동조합니다란 경찰간부 이시키부터,0
1398,126,국짐당 또 발작하겠군...,0
1399,126,제발 빨리 내란을 끝내주세요. 참고 견디는데도 한계가 있습니다. 내란을 옹호하는 사람들은 독재정권에서 한번 살아봐야 정신을 차릴겁니다. 빨리빨리 추진해 주세요~,0
1400,126,빨리 짤라라,0
1401,126,너같이 무능한 놈이 총리라는게 내란이다. 이썪음 인간아.,0
1402,127,"위조만 할줄 알았지
판결문도  안 읽어봣나?
짜/가법조인  꾹아
성범죄장 위조당 언제까지 가나 보자
이재맹이 은헤입어  비레대표 몇석으로
정치한다고 쯧쯧",0
1403,127,정치에 미쳐서 이젠 사기꾼까지 편드네... 범죄자한테 투표하는 수준이네 이해는 간다만 니들 때문에 피해보는 일밤 국민 생각도 좀 해라,0
1404,127,개가 왜 짖는줄 알어? 무서우니깐 짖는거야..동훈이도 지금 막 짖고있어 왜 짖어됄까? 남욱이 법원서 조작수사라 하는 순간 다 불고 조사들오면 당시 법무부장관이었던 자기까지 죽게 생겼으니 지 살려고 짖는거야..,0
1405,127,한동훈은 차기 민주당 당대표로 나오면 잘 어울릴 듯.,0
1406,127,내란당은   누가 이렇게 나대고 발짝하는건 100% 공범 아니면 범죄자야  ㅋㅋㅋ 이건  걔네들의 룰  ㅋㅋㅋㅋ,0
1407,127,저런게 법무부 장관이었다 모자란것들 형법에 범죄 수입금은 추징 및 몰수 대상이 아니다,0
1408,127,대장동특검 가자 피하는 놈이 범죄자다 국힘 받아들여라 피하지말고,0
1409,127,동훈아 대장동수사 행동대장이 너라는데 지켜보마,0
1410,127,수사받으셔,0
1411,127,한뚜겅 장관님 자신 있음 내년 서울시장 출마하세요. 쫄아서 강남 뺏지만 구걸하지 마시고.,0
1412,127,한동훈 얘는 부끄러운줄을 모르네 . 니 법무부 장관때 윤짜장 김건희 사고칠때  검찰을 봐.  그땐 안부끄럽든?  콜검 항소포기할때 이미 검찰은 시정잡배 집단이 되버렸는데 그땐 뭐 아마존 오지에 있었나? 그리고  비번은 언제깔건희? 너도 하나님의 은총으로 비번이 갑자기 생각날때가 되지 않았니?,0
1413,127,‘뒤늦게나마 피해 회복 과정에 국가가 개입하여 범죄피해재산을 추징한 다음 이를 다시 피해자에게 환부하는 조치를 취함으로써 신속한 피해 회복을 도모할 필요성이 크다’  판결에서 480여억원을 추징했는데 근거는 성남시가 피해봤다는 전체 금액중 480여억원은 녹취록 등에서 뇌물로 주기로한 범죄성 금액여서 이걸 근거로 추징한거다. 한동훈 말이 맞다면 성남시 전체 피해액중 일부만 추징할게 아니고 전체를 추징했어야 하는거다.,0
1414,127,"평생을 윤거니 밑에서 찍소리도 못내고 똘마니로 살아오면서 조작질 개검질이나 했던 놈이 누군가?
?",0
1415,127,한동훈 네가 뭐라고 나대냐 ㅎㅎ,0
1416,127,동훈아 잘가!!!! 얼마 안남았네 ㅋㅋㅋ,0
1417,127,잦국이는 헌법조무사 김죄동과 딱 맞는 수준임 ㅋㅋㅋ 죄동이랑 토론해라 ㅋㅋㅋㅋ,0
1418,127,권성동 지역구 비었잖아요. 한동훈을 내보내고 정치경험을 쌓게 하세요. 싸울 전사는 한동훈뿐입니다. 왜 그렇게 못싸우는지..한심하기까지 합니다. 의원뱃지 달아주고 국회입성시켜요.,0
1419,127,"바-----퀴      벌----------레 새------끼   가 또 기어 나왔네~~~저놈 저거  반성을 할줄 모르네~~쑤---레--기 정치인 ---정화교육을 위한  
 삼청교육대 설립하자..  저런 바-----퀴      벌----레들 잡아다가 인간 개조가 시급하다",0
1420,127,"한동훈 뱃지 달아주고, 법사위 입성시켜요 ㅎㅎ...아주 볼만할꺼다. 정치거물 홍준표도 아작낸사람인데 추미애가 당할까?ㅎㅎㅎㅎ",0
1421,127,ㅋㅋㅋ 깜빵가즈아 ㅋㅋ 윤빠가 부역하던놈이 무슨 ㅋㅋㅋ 정의로운척,0
1422,128,대놓고 지령내리네 ㅋㅋㅋ 국격 대단하다,0
1423,128,너희들도 한국에 대한 존경심을 가져라!!!너희들은 주변 국가를 속국 취급하면서 존경 받기를 원하면 정신병자이지!!!,0
1424,128,내로남불 국가,0
1425,128,문국몽 중화재인: 쭵쭵 한국 극우세력이 중국 관련 허위정보를 유포하고 반중시위를 벌이는 것은 중한 우호를 훼손할 뿐만 아니라 한국 국가 이미지도 훼손하는 것. 쭵쭵 중국몽 영원히 꾸겠숨뉘돠.,0
1426,128,이젠 대놓고 하네 중공 대단하다~~~ㅋㅋㅋㅋㅋㅋ,0
1427,128,인경이가 앞잡이 노릇하고 중국이 조종해주는거야~ 한국 말살시키라고 ㅋㅋㅋ,0
1428,128,대만이야기하면 내정간섭 난리치는 것들이 무슨 외부세력 드립. 딱 내로남불 개쩌네 짖어라,0
1429,128,짜 앙ㄲ. ㅐ가 뭐 어떤데 십수십년 써오던 애칭인데 ㅋㅋㅋ,0
1430,128,뭐래? 니가 뭐 돼?,0
1431,129,바보들이냐?  오늘 당장  수사기관마다  고발해야지  뭔 한가한 소리를하고 자빠짐?  장동혁 얘 어디서  쳐놀고있음?,0
1432,129,"정성호,노만석 사퇴와 국정조사 당연하며 특검을 해서라도 사실을 밝혀라! 입법,사법,행정 삼권은 물론 대한민국이 오직 범죄자 이재명만을 위해 존재하는 나라. 이게 나라냐! 사법부가 솔선수범 범죄자 이재명 홍위병 노릇을 자처하며 범죄자 가랑이 사이로 기어 들어가 스스로 무릎을 꿇은 결과 법치주의를 포기하자는 것이며 오히려 범죄 공화국을 만드는데 동참 하고 있다.만악의 근원 이재명을 반드시 끌어 내려야 한다.",0
1433,129,,0
1434,129,운동권 출신들이면 벌써 단식삭발하고 천막당사치고 난리 블루스를 쳤을텐데 어찌 지금은 대체 누가 여당이고 누가 야당인지 구분이 안되네. 뒷북이나 치고 앉아 있는 꼴이 한심하다 못해 측은하다.,0
1435,129,"노만석 저놈은 진짜 민줏당,개다!!어떻게 저런인간이검찰총장대행이라~에라이 못난인간아!!!",0
1436,129,"모기 목소리 장동혁은 오늘도 기사를 못 받네.... 한심해 터진 국힘아, 극우 눈치보며 놀고 있니?   한동훈 1인이 보수의 목소리를 대변하고 있다.  김건희 졸개들이 당을 장악하고, 윤석열 면회 가서 욕을 쳐 먹기나 하지... 진짜 아무것도 못하네...  장머시기, 니가 대표야?  일할 줄 모르면 나가라,  지금 야당이 목소리를 내야 하는데 너무너무 답답하고 분통 터진다.",0
1437,129,째맹이 재판 안받으려고 전례가 없는 별 회괴한 공작과 음모를 쏟아내고 있구먼  검찰도 풀잎처럼 누워버리니 어이가 없다.,0
1438,129,"국민들은 다 알고 있다. 뇌물 먹은건 국짐 관련자놈들이고, 그쪽으로 가는돈 빼서 성남시로 돌린게 이재명이란걸...개수작 부리지 말고, 개검개혁이나 해라...",0
1439,129,"이재명 한명을 위해 얼마나 말도안되는 짓거리를
  하는지 셀수가 없다
  이런 악수를 두는데도 보수란놈들이 지리멸렬이니....국힘인지 국짐인지 한심한 놈들",0
1440,129,성남에서 수십년  살고 있는 시민이다. 사업이 잘안되고 남은 돈 모아서 서민 임대 아파트 대장동을 기다렸는데 .90% 이상 임대아파트 짓는다고 몇년동안 기다린게 어느날 갑자기 수천명의  서민은 어디가고 7놈이 중간에서 가로 채갔는데 .진짜 그놈들 아니면 대장도이 개발 만되어서 그놈들에게 맡겼는지. 아니면 왜 ? 꼭 그놈들한테 수천억 수익을 몰아줬는지.. 그 이유를 이재명은 밝혀야 한다.수년동안 기다린 성남 주민들은 어디가고 사기꾼 일당에게 그 사업을 맡긴 이유를 먼저 밝혀라 .어떤 대답도 내놓지 않고 그저 변명분인 날강도놈들,0
1441,129,,0
1442,129,썩어빠진 정치인들이 정권을 잡았다고 난리치니 정국이 언제쯤 안정되려나? 꼼수만 부리는 민주당은 향후가 더욱 난관에 부딪치고 변화를 찾을까?,0
1443,129,국정조사 해야한다.,0
1444,129,"느그덜은 빨리꺼지라고 이놈들아
 ㅅ울역ㅇ산역가서 추석민심 못느껐냐 후안무치 니들은 자민련된다니깐 다시시작해야되",0
1445,129,내란일베너자신부터 수사받아야!!!!!,0
1446,129,쓰레기같으니라구,0
1447,129,위헌정당 떨거지들아! 마지막 발악을 하네. 그런다고 비상계엄군이 잊혀질것 같냐? 권력에 기생하는 OOO들!,0
1448,129,"이런 법치가 유린될때 피켓팅할게아니라 단식농성하고 장외투쟁하고 법무장관 탄핵하고 좀 야당같이 치열하게 싸워라 쑈질, 지방선거 어쩌구 하지말고 쫌",0
1449,129,대장동 설계를 내가 했다고 한 사람이 누구더라?,0
1450,130,"기초 법상식도 몰라 대학생 제자들한테 조롱당한 조국아 모르면 공부해라ㅉ &gt;&gt;&gt; ""몰수 추징 제도는 검사가 범죄피해재산을 몰수 혹은 추징한 다음 이를 다시 피해자에게 환부하여 특정 범죄행위로 인하여 피해자가 입은 재산상 피해를 회복시키기 위한 제도다."" 대법원 판례 &amp; 대장동 판결문",0
1451,130,"죄국이 욕본다. 죄명이한테 박박기며 애완견 노릇하는것 참 딱하다. 니욕심으로 망쳐놓은
  아들.딸이나 잘 보살펴라!!",0
1452,130,그럼 조국아 니가 정치인생 걸고 받아와 ㅋㅋㅋㅋㅋㅋ,0
1453,130,조국 이 자는 코미디언인가?,0
1454,130,이익이 없다고? ㅎㅎ 그럼 그냥 해 국민이 사건의 전말을 알아야지? 몇 천억이나 되는 돈인데..,0
1455,130,세치혀로 나불거리지 말고 썩은 냄새 진동하는 네 집구석 부터 청소해라,0
1456,130,입닫아라 니가 무얼 말하든 국민들은 안믿는다,0
1457,130,넌 웅동학원 국가에 환수는 했니? 나불나불 하라고 사면헤 줬군아,0
1458,130,점박이 죄명이가 깜빵에서 꺼내줬으니 그 뚫린 거짓의 아가리로 빚 갚는구나. 역시나 죄국이.,0
1459,130,언제 니들이 접으로 할 수 있는 일만 했더냐?? 안되면 엉뚱한 법들을 만들어서라도 해왔으면서 새삼스럽게 법 타령이냐?? 그러니 내로남불 소리 듣는거 아니냐?? 니들 유리할 때면 법 조문 들이밀고 불리하면 그 법이 문제라면 다수석으로 법 바꿔버리고.,0
1460,130,이런자가 설대 교수였다니   이자 제자들이 현 특검에 포진해  구속.압수수색 남발 하는겨  에라이 한에 미쳐 날뛰는  비례구케   넌 여기까지다,0
1461,130,아부 처하고 있네,0
1462,130,이재명 조국 같은 급이잖너..ㅋㅋ,0
1463,130,법학교수? 누가 너를 법학교수로 인정이나 하더냐? 모란시장 개장수가 웃겠다,0
1464,130,그냥 힝소했으면 또 다른 재판이 필요없잖아. 왜 어렵게 갈려고 하냐?,0
1465,130,서울대생이 제일 창피해 한다는 법학교수이신가,0
1466,130,권력에 기어다니네 지식인중 최하위,0
1467,130,에라이 개인적 감정때문에 ㅎㅎㅎ   당신은 거기까지인거야 ㅎㅎ,0
1468,130,굳이 없다고 떠드는거보니 있는갑네.,0
1469,130,당신 말대로 못하면 몰수할 수 있게 법 개정이나 하슈.... 매일 같지도 않은 거지같은 법이나 발의하고 탄핵안이나 발의하지 말고,0
1470,131,이죄명이 몸통이라는 걸 증명한거지ㅎ... 이죄명이 몸통이 아니면 왜 김만배 항소포기를 하냐? 김만배 등 사기꾼들은 몇년 살다가 감형받고 나와서 7천억 원으로 황제처럼 살겠네ㅎ... 이게 니들이 말한 나라냐?,0
1471,131,"성남 시민의 돈 돌려 주세요.
이재명 대통령님, 아니 전직 성남 시장님.
본인이 단군이래 최대 치적이라고 하더니만 결과는 김만배, 남욱 등 화천대유 일달들에게 9천억원에 가까운 이익을 몰아 준 사건 아닙니까?
검찰에 책임을 지고 김만배 일당들에게 돈을 돌려 받으라고 지시를 해야지 항소 취소를 하면 
이재명 전직 성남 시장님과 김만배 일당 한 패 라는 거잖아요.
범죄 협의자 대통령 한 명 때문에 온 나라가 무법천지로 변하고 있습니다. 
국민을 정말 개돼지로 보고 있는 겁니까?",0
1472,131,은혜를 모르는 간교한것! 너는 날라리였더냐? 바이든 날리는것도 모자라 이제 국민들을 날리려 하는거냐?,0
1473,131,50억 쿨럽 국짐 너희들이 헤쳐먹었잖아,0
1474,131,"웃겼어! 본래 검찰이 처음 기소 할 때 손배액을 700억 추정 으로 했어. 한데 윤두환이 직접 시켰는지는 모르겠으나 나중에 공소장 변경을 통해 초과이익환수를 이재명이 뺏다는 이유로 5천몇백억을 더 얹어 배임죄로 기소한 덕분에 7천억 가량이 된거지. 지자체장이 지역개발을 하려다가 지지부진 해서 초과이익환수 조항 없애고 추진 했다고 그게 배임이면 손해가 시민들 에게 전가될것 뻔히 알면서 한 민자도로나, 지방들 주택개발 혹은 재개발 한 사람들 죄다 배임이게? 약을 팔려면 적어도 무슨 약 인지 알고나 팔어...",0
1475,131,바이든이라는 단어도 못 알아 듣는 인간이 누구를 비난하는거냐?,0
1476,131,"이재명 성남시장이 5000억원 이익을 얻어서 시민들에게 돌려줬는데,  개검들과 국짐들은 1조원 이익을 볼 수 있었던 사업을 5000억원 밖에 못 돌려 받았다고 배임이라고 우기고 있다.
이명박은 해외 자원개발에 25조원 손실 본것을 왜 배임죄로 엮지 않았나? 100조원 이익을 볼 수 있었는데 결국 125조원 손실로 끝났으니 수사해서 배임죄로 무기징역 때려야 국짐들과 개검들의 심뽀가 만족하지 않았을까? 빨리 이명박 수사해서 배임죄로 엮어라.",0
1477,131,이건 허위사실 유포로 고발해야되는사건이다 철수랑은혜,0
1478,131,"국힘은 진짜 헐일이 없는가배....이재명이 먹은것 없고, 국짐이 50억클럽으로 빼먹은거 알면서...이재명이 마치 해먹은것 처럼해서 재명이를 악마화 해서...국가는 모르겠고,,, 담 선거에서 또 당선되서..4년 더 해무글라고....참...이게 인생이가....그래 살아서 머핼라고...윤썩렬/김건니 모지리라고 왜 말을 못해고....",0
1479,131,대장동 일당에게 50억 받은 국힘 의원이었던 곽상도와 그아들은?? 추징 해야 되지 않냐 이래도 누가 공범이냐 양심이 없는 날리면들,0
1480,131,야 무식한 사람아 중간에 아파트값이 급격히 오른걸 왜 민간 시행업자나 성남개발공사가 책임 저야하나 성남개발공사의 죄라면 아파트값 폭등을 예견 못한것이고 민간없자들이 개발 이익을 많이 낼려고 하는건 자본주의 기본 현상이 아닌가,0
1481,131,은혜야 곽상도도 수사 다시 해야겠지? 왜 그 아들은 퇴직금이 그렇게 많은지 아직 납득이 안됐다  바이든을 날리면으도 듣었다는 인간이 뻔뻔하게 뭐라 씨부리노  주가조작녀는 검사들이 증거인멸까지 해서 무죄 만들어 주는데  그건 어찌 생각하나? 대장동 션하게  특검 하는거 난 찬성이야 깔수록 검사들 거짓말 다 들통날텐데 난 너무 궁금하네,0
1482,131,"다주택 투기꾼인 장동혁부터
처리하라!!!",0
1483,131,바이든이 날리면으로 둔갑한건 이찌된겨,0
1484,131,애초에 이재명은 성남시가 100프로하는 공영개발 주장했는데 당시 국힘이 다수였던 성남시의회에서 반대해서 어쩔수 없이 민관합동으로 개발함 니들 떠드는 7천억은 그때 국힘시의원들한테 받으면 됨,0
1485,131,뭐래 내란공범이.,0
1486,131,"날리면아 난 니가 날리면이라고 주장하던 그날을 잊을 수 없다.
날리면 주제를 알아라",0
1487,131,날리면 니들이 다 헤쳐먹고 어디서?,0
1488,131,날리면이 날리면이라 말하지도 못하는 간신 아줌마~   철수는 아프면 쫌 은퇴해라 구질구질하다,0
1489,131,"집값 떨어져서 민간 사업자들이 손해 보면  안철수,김은혜 니들 돈으로 보전 해주냐??",0
1490,132,불법이 일상화된 정당,0
1491,133,"입시비리범 따위가, '국민' 운운하는게 진짜 역겹네",0
1492,133,전과자가 절대로 정치 안하는 세상이 왔으면 좋겠습니다.,0
1493,133,쓰레기는 쓰레기장으로,0
1494,133,이해불가 ~~입시비리가 있었는데 어떻게 이런분이  정치를 하는지 ~~,0
1495,133,조용히 사시면 안대나?!!!! 에휴,0
1496,133,범죄자들은 정치 못하게 하는 법 추진해라~~,0
1497,133,국민이 원하는건 너같은 범죄자가 국회에서 정치판에서 떠나는 것이다. 제발 좋지도 않은 머리로 받아들인 이상한 사상으로 사람들 스트레스 주지마,0
1498,133,범죄자 집단 지겹다,0
1499,133,우리나라에서 제일 핫한 코메디언 널 보고 웃는다 ㅋㅋ 얼굴이 아깝다 교수출신? 개가 웃는다,0
1500,133,너는 석방했으면 좀 여물고 있어야지 이제 같은편도 아닌데,0
1501,133,제발 멈춰줄래?? ㅋㅋㅋ,0
1502,133,"소설을 쓰는군 조국아저씨는
7공화국?
화폐개혁. 22대 국회해산
하면 7공화국 완성이다",0
1503,133,저런인간을 지자하는애들은 머리에 뭐가들었을까?,0
1504,133,입으로 똥만 싸는 전직 교수 호소인... ㅋ,0
1505,133,,0
1506,133,국민은 범죄자 조국을 원하지 않는다 그냥 정치판 오염시키지말고 사라져라,0
1507,133,뒤태가 예술이네~,0
1508,133,국민이  정말 원하는게뭔줄아니???바로 너 안보이는것,0
1509,133,"국민은 니 면상, 니 마누라, 니 딸년 면상을 안보고 싶어한다.",0
1510,133,지랄하고 있네!  주제를  알아라,0
1511,134,민사로 하면 우리나라는 징벌적보상이 약해서 큰 효력 없다는데. 이 대통령 아들들 사진과 신상을 올리고 유포시키고 악플들이 달리는 것이 처벌 안 되도 되나? 형법을 폐지가 아니라 보완하면 되지.,0
1512,134,법을 다 뜯어 고치려고 하네,0
1513,135,누가봐도 틀린 소린 아닌데 한뚜껑이 선배한테 폭싹 급발진하네 윤빤스 시그니쳐일 뿐이다,0
1514,135,속시원하다. 그동안 같은 당이니 참아줬지.,0
1515,135,"홍 할배는 윤석열과 김건희에게 극도로 아부하며 총리직을 얻으려 했고. 그런데 한동훈에게는 마치 철천지원수라도 되는 것처럼 거품을 물고 일방적인 인신공격과 억지 비방을 퍼붓고, 그 모습이 매우 추잡스럽다.
 민주당과 이재명에 대해서는 비판을 안하는데  이재명 정권에 줄을 대어 다시 총리 자리를 얻으려는 것이 아닌지 의심스럽다.",0
1516,135,윤석열한테 딸랑거리다가 윤 끈 떨어지니 이제 현정부에 딸랑거리는 홍할배. 윤석열과 술파티 하고 아부하면서 나라 망친 인간,0
1517,135,검사들 !! 징징거리지 말라그래 그러라고 세금으로 월급 받는거 아니야 신분보장되고. 그날 그냥 항소장 넣었으면 되는거다 다 끝나고 징징대고있네,0
1518,135,,0
1519,135,동후니형 존경합니다!!!,0
1520,135,홍준표 개딸들이 편들어주네 그냥 민주당으로 가라 꼴뵈기 싫으니까 어차피 보수에선 너 안받아줌,0
1521,135,,0
1522,135,"권력앞에 개처럼 엎드려서 아부하던 간신이 누구였는지 우리는 모두 봐왔다   나이를 억었다고 어른이 아니다 . 
나이만 먹은 코박홍도 있다",0
1523,135,한동훈 코박홍 헛소리에 많이 참았는데 이제야 시원하게 일괄하네 잘한다. 참지말어,0
1524,135,"""지금 다들 싸우고 있는데 이재명 정권에는 찍소리도 못하지 않느냐""고 맞받았습니다. -&gt; 싸우지 말고 일좀 해라 국짐은 정권 교체되고 지금 5개월동안 단 한시간이라도 일을 했냐?",0
1525,135,친윤검사들 싹다 전수조사해야합니다 지금 대장동 항소포기로 길길이 날뛰는 검사들 다 친윤검사들입니다 한동훈 강백신 김영석 박상영등등 엄희준포함 친윤 정치검사들 상설특검으로 수사해야합니다,0
1526,135,동훈이 요즘 입이 마이 바쁘네~ 뭐 그런다고 지선에서 표 얻을 줄 아나? 이런다고 두창이 대통령 당선시키고 법무부장관직까지 한배 탰던 과거의 기억이 사라지려나~~~~ㅋ,0
1527,135,홍준표 ㅋㅋㅋㅋㅋ 그러지 말고 걍 민주당 입당해라 불쌍해서 못봐주겠다,0
1528,135,그래 홍탈영병은 입다물어라 니가 무슨자격이 있어 정치 안한다며,0
1529,135,홍준표는 인간이 아니다 한동훈 없애줄테니 국무총리 주라고 한 영감탱이 정치를 더럽게 배움,0
1530,135,"홍영감, 국힘 탈당 했고 정계 은퇴했다며? 그러면 제발 입 좀 다물고 나이값 좀 해라.",0
1531,135,그래도 검사출신보다는 홍준표가 낫네!,0
1532,135,홍할배 찢명이 총리 한자리 줄 줄 알고 ㄱ소리 ?윤석열 때도 총리주라고 한동훈 까 매일 페북으로 한동훈 만 찾더니? 쥐국수호 받고 죄명수호 까지 그냥 죄명이 찬양이나 하면서 총리구걸 해  찢이  총리자리 주는지 안주는지 나도 궁금함,0
1533,136,사실대로 애기해도 명예훼손죄라니 말이되나 빨리 개정해야 된다 더러운것들 훼손될 명예가 있나 법으로 옭아 매는거잖나,0
1534,136,사실적시 명예훼손은 없애야지...,0
1535,136,부선이 누나 이제 진실을 얘기하셔도 됩니다,0
1536,136,사실을 말하는데 명예가 왜 훼손되냐? 명예가 애초에 없던 거지.,0
1537,136,이게 맞지 사실인데,0
1538,136,오 이건 잘하는 부분이네 역시 이재명이 문재인 보다는 낫다,0
1539,136,이게 맞지.,0
1540,136,싹다없애라...개딸들도...,0
1541,136,공무원들 해외연수도 좀 잡읍시다.. 최근 10년꺼 다 털어서 지들돈으로 매꾸게 해야함!!!!!!!!!!,0
1542,136,국회의원 면책특권도 폐지해주세요,0
1543,136,국민의 가려운 곳을 잘 긁어주시네. 이통 기대 이상으로 참 잘하신다. APEC 때도 그렇고 역대 대통 중 취임 5개월 동안 저렇게 바쁘게 일한 대통이 있을까 싶다.,0
1544,136,사실적시명예훼손은 없어져야지,0
1545,136,"법무부 장관 대장동 범죄수익금 7천7백억 수익금 범죄자들에게 고스란히
갖다바친니들 반드시 댓가치를것이다",0
1546,136,김만배야 돈 안토해내도 되니 이제 조용히 하고 있겠지. 침묵의 댓가가 꽤 커? 그치?,0
1547,136,나이스,0
1548,136,사실을 적시하는 것은 위법이 아니게 바뀌어야지. 그 반대가 위법이 되어야 함.,0
1549,136,집회 및 시위에 관한 법률... 시진핑과 어떤 얘기가 오갔길래 이렇게 서두르시나... 어이가 없구만,0
1550,136,최고다 ㆍ,0
1551,136,전과4범 개재맹이,0
1552,136,"차라리 이재명을 위한 법이라고 사실대로 말하고 지시해라.
지 죄 없애려고 대통령 된 놈 같네.. 국민들은 안중에도 없냐?
그리고 관세협상 합의문은 도대체 언제 나오는거니? 나라 말아먹고 중국에 넘길 생각이야? 진짜 언플하고 조작하고 덮는게 아주 능수능란해...",0
1553,137,아이고~~박쥐하고 정동영이 소방차 몰고 가고 싶어 미치겠지???~~,0
1554,137,"동녕이 할짓 진짜음네 별걸 다 분석 하네 미친,,,",0
1555,137,통일부는 이제 수명을 다 한듯 하다. 통일청으로 내려서 통일관련 연구 등을 위한 기관으로 전환되어야 한다. 외교는 외교부에서 하면 된다. 통일은 힘에서 오며 힘이 있을때 통일도 가능한것이다. 여성부가 존재이유를 상실했듯 통일부도 재조정이 필요하다.,0
1556,137,"50mx50m=7600 평인가??
단위가 원제 바뀐겨~~?",0
1557,138,"미국산 소고기 광우병, 후쿠시마 오염수, 김대업병풍등 야단법석해도 시간지나면  다 허위사실  밝혀짐.
이제 국민들은   허위사실에  속지않고  , 오세훈 서울시장  지지율만   높여준다.",0
1558,139,"** 대장동 사건이 진행중에 있었음에도 국민들은 이재명을 선택하였다. 그런데, 국민이 내린 결정에 계엄령과 내란을 옹호하는 집단에서 탄핵을 운운하다니, 어처구니가 없다.",0
1559,139,"무슨 수로 탄핵을? 극우세력 모아서 쿠테타라도 할 생각인거니 ??
정말 저런 당대표나 그 추종세력들 말고 쥐약쳐먹은 집단은 정당 자진 해산하고 새로운 보수세력을 만드는게 맞는듯~ 제대로 된 보수 세력으로 거듭 태어나서 정말 국익을 위한 정통 보수 인재를 육성해야지 좀. 매번 외부에서 모지리같은 것들 끌어들이지 말고......

그런 인물이 누가 있을까??? 현재로선 보이진 않는구만....보수에 이회창 같은 인물 없나... 정말 보수는 참 인물이 없다..... 왜 그럴까~~",0
1560,139,재임시켜야할판인데 탄핵??ㅋㅋㅋㅋㅋㅋ,0
1561,139,니들 정당해산되면  할게,0
1562,139,내란당이 앞뒤 구분도 못하고 오로지 생떼만 쓰는모습~해체되어라~내가 낸 세금이 아깝다~~내란놈들 욕이 안나올수가없구나 한심한것들,0
1563,139,이재명대통령 탄핵하고 니가 대통령 할래? 니가 이재명 대통령만큼 잘 할 능력 돼? 잘 생각해보고 할 수 있거든 탄핵을 입에 올려라 못난놈아...,0
1564,139,아니 여보세요??? 니들 내란당이 탄핵의 ㅌ긋 자라도  실행 능력이 되냐고요~!!! 망상병 집단 인가!!!!,0
1565,139,내란세력들 싹 다 감빵가기 전까진 씨알도 안먹힐 얘기.,0
1566,139,"그냥, 매국노라 하겠습니다/
대한국민은 의견 입니다/
그것도 108 요괴/108 내란당/108  거부권/
108 투표거부/
댓글부대 여론조작 리박스쿨 자손군 무리배들",0
1567,139,정신나간 왜구 내란당,0
1568,139,국짐은 탄핵을 너무 많이 당했냐? 왠 탄핵? 국정지지도가 60%인데 탄핵이라고? 지방선거 폭망각이나 걱정해라~ 내란 지원 동조세력들아~,0
1569,139,"탄핵을 내란당놈들이 입에 올릴수록 박근혜, 윤석열만 생각나게 하는걸 모르나보다. 지능이 낮아야 내란당 국짐에 들어갈 수 있는건가? ㅉㅉ",0
1570,139,그래서 윤벌구 똥통에 들어들가겨 ..나오기힘드니까 막 개소리 하는거지,0
1571,139,정말  한심한 것들만 모여서 🐕 소리만 하는구나.,0
1572,139,어떤 당처럼 내란에 협조를 했나 총들고 국회를 갔나 이런 아무 맥락 없는 선동자들이 국회의원이라는 사실에 자괴감이 든다.해체하라.,0
1573,139,근데 그 인원으로 탄핵 가능하기나 하냐 곧 내란죄로 여러명 감옥가면 인원 더 빠질텐데 ㅋㅋㅋㅋㅋㅋㅋㅋㅋㅋ,0
1574,139,"윤석열, 김건희 확정판결나오고 니들 정단해산심판까지 하고나면 생각해볼께",0
1575,139,니뽕이다ㅡ 어따대고 탄핵이냐,0
1576,139,"이재명이 내년에 시행할 악법 생각하면, 이재명 저 놈은 내년에도 욕 먹어야 되는데.",0
1577,139,참 뻔뻐함이 극치요 말은 극우 일세,0
1578,140,"범죄사실을 적시해서 말했다고 민간인이고, 언론사기자고, 마구잡이 고소,고발 남발하는거 사실을 말했는데 왜 법적 처벌을 받게해? 허위사실은 처벌 해야하지만. 사실적시 명예훼손은 없어지는게 맞지",0
1579,140,"사실을 말한거면 형사처벌 대상은 아니고 다만 이를 통해 피해가 있었다면 민사청구를 하란거다.
뭘좀 알고 비난을 해라. 뭐 무조건 이재명이면 다 반대고 다 비난이냐?",0
1580,140,옳소~!!!!!!!!!!!!!!!!!!!!!!!!멋지다 ㅇ ㅣ쨈^^,0
1581,140,이거 폐지가맞음/직장 동료a가 사내불륜저지르고 온갖 짓을 다해놓고 그걸 고대로 적어서 내가한건맞는데 그걸 소문내서 명예가 훼손됐다고 동료b를 고소함. 훼손될명예가 있기나한건지//악용되는 사실적시 명예훼손은 폐지해라,0
1582,140,앗 그러면 이제 한뚜껑을 한뚜껑이라 해서 처벌받는 일은 없겠군요,0
1583,140,잘못한 사실을 밝혔는데 명예훼손이란 게 말이 되나? 양심없는 것들 싹 사라지길 바라며 강력 찬성임,0
1584,140,잘하신거 같네요...가짜뉴스도 제발 엄하게 다스리세요...,0
1585,140,도둑놈한테 도둑놈이라고하면 명예회손 당한다는게 말이되냐. 이건 사기꾼만 도와주는 법이다.,0
1586,140,잘한다~~명예는 명예가 있는이에게 지켜져야 하는것이다,0
1587,140,진짜  이법이야 말로  억울하게  당하고도~~ 어디가서  말도 못하게 하는  악법!  악용하는 사람들도 있겠지만~~지금도  이법에  힘없고 돈없는 사람들이 더큰피해를 보고 있다!!!,0
1588,140,김혜성 보고있나?,0
1589,140,"이야 일잘하는데  이건은  맘에드네요,",0
1590,140,그니까요~ 간통죄 이후폐지 이후에 일어났던~ 최악의 법입니다. 그게 사실적시 명예 훼손죄죠.,0
1591,140,도대체 이 그지같은 법을 문쩝쩝이는 왜 방치했을까??,0
1592,140,오 이 당연한걸 이제야 하네. 앞에 대통령들은 대체 뭐했노?,0
1593,140,사실적시 명예훼손은 반드시 없애야 할 악법맞다...이건 똥묻은 놈이 더 길길이 날뛰는법이다 잘했다,0
1594,140,찬성,0
1595,140,"2찍이들 뇌없어서 이해 안가지?? ㅋㅋㅋㅋㅋㅋ
통일교나 가라 ㅋㅋㅋ",0
1596,140,진실이 죄가 되면 안되죠.,0
1597,140,이건 맞지...사실인데..입틀막하기 좋은 법 ..지맘데로 얘기했다가 진짜 고소 당하고 명예훼손이 맞으면 벌금 맞으면 됨,0
1598,141,"한동훈이 홍준표를 진짜 오래 참아줬네.   

민주당이 궁지에 몰리면 어김없이 나타나서 한동훈을 공격하는.      

홍준표 이제 그만 나와라",0
1599,141,"준표 지가 정치검사였겠지 
석열이한테 딸랑딸랑 
재명이한테 딸랑딸랑 
탈영병 주제에 비열하게 나라 위해 죽도록 싸우는 한동훈만 공격해, 3년 만에 첫 대응하는 한동훈 사리 나올듯",0
1600,141,홍준표는 같은 당이라 원로 대접해 줄 때 아름답게 퇴장했어야 했다,0
1601,141,이제 홍준표한테 인정사정 볼 것 없다 막말로 같은 당도 아니고 허구한날 총질하면 이 정도는 각오했어야지,0
1602,141,준표야 니가 정치검사겠지 한동훈은 좌우권력에 휘둘리지 않았다,0
1603,141,한동훈이 많이 참았죠.ㅋㅋㅋ 한동훈화이팅,0
1604,141,이재명정부에는 찍소리 못하고 윤정부때는 아부하다가 2년간 참다가 한마디 잘 했다 증오심에 판단력 잃은 노인네,0
1605,141,조국수홍 홍발정 홍산가리야 조선제일검께서 그입 다물라 신다 ㅋ,0
1606,141,이재명한애 한자리 받아쳐먹으려는 윤석열 1등 따가리 홍준표,0
1607,141,홍준표 정치 은퇴했으면 입 다물어라 아직도 대선 꿈꿈? 시원하게 민주당 이재명 비판하는 꼴을 못보네 윤석여롼테 붙었다 욕했다가 총리줄까 싶어 붙어서 내란 옹호했다가 떨어질거 없으니 욕했다가 이건 뭐 제정신인 사람이라고 판단할 이유가 없잖아,0
1608,141,홍 탈영병은 그입 다물라,0
1609,141,홍준표 그대는 보수도 진보도 아닌  늙은 하이에나 에 불과하다. 이제  모든걸 정리하고 나라 정치계에서 떠나길 바란다,0
1610,141,홍발정 아닥해 한동훈 몇년간 참아줬다,0
1611,141,합죽이가되그라영감 존재감도 없는 뒷방늙은이,0
1612,141,"이재명 정권 이 맞으니깐 맞짱구치지, 넌 곧 구속이야 니가 대장동 검찰 조작 수괴잖아",0
1613,141,"동후나. 넌 삼성 괴롭힌거 언제 책임질래? 윤석열 도와서 박근혜 괴롭힌거는? 늬들 그걸로 정권 잡았잖냐, 아냐? 넌 보수의 철천지 원수야. 늬들 덕에 이재명이 대통령된 꼴 잘보고 있는데, 그나마 이재명은 윤석열보다는 정상적이고 잘하는듯 해서 불행중 다행이다. 너, 너 과 선후배들이 너 다 지지한다고 오해마라.",0
1614,141,홍준표말이 백번옳은말씀 검사와개검,0
1615,141,맞는 말인데 뭐.검잘은 정치검찰로 행동했고 개혁도 이번 일도 검찰 자업자득이다,0
1616,141,홍준표 정치 떠난다고 안했나?,0
1617,141,한때 지지를 했던분인데 극치의 꼰데가 되었네,0
1618,142,행정소송에서 지면 항소하고 질질 끌다가 지선 끝나면 풀생각임. 전월세 살고 있는 민주당 지지층이 오르는 집값에 집을 사서 보수로 바뀌거나 경기도로 밀려날까봐 토허제 걸고 아무도 이동 못하게 막은것임.,0
1619,142,왜 소송을 해야하는거죠? 어느날 갑자기 토허제는 실시해서 이 난리를 만들어놓고.,0
1620,142,강남에서 강북지역 집값이 오른 곳이  주공아파트가 아니라 20년  이내의 아파트 들이다 노도강  아파트는 30년  이상의 아파트 주공아파트가 다수를 차지하고 있는데  여기까지 묶는것은  거래를 하지 말라는 것이다,0
1621,142,책임도 지셔야죠,0
1622,142,손해배상은  너 개인돈으로  물어줘라!,0
1623,142,정책이 무슨 학교 주번정하기냐 화나네 증말,0
1624,142,정부 정책 신뢰가,0
1625,142,"노원 중랑 강북등
묻지마 민주당지지 개딸들
집단 거주지역이 있는한
강북은 강남의 변두리 촌에 불과하다",0
1626,142,서울에  30년이상 오래된 집들이 많아요 빨리빨리 재건축을 해야지  LH 아파트 조립식 아파트를 25억 이상 주면서 살  사람이 없다 다들  자이 더샾  롯데캐슬 KCC등  아파트를  원하죠,0
1627,142,무책임한 SG,0
1628,142,무능한,0
1629,142,윤덕아 그게 말이야 범벅이야 ?,0
1630,142,진짜 억울하고 원통하다 무슨 이런 개...,0
1631,142,국무위원 사람들 중 무주택자가 없죠? 집값이 오르기를 바라나요?  문재인 정부때도  직을 버리지 집은 지키잖아  최근에도 직을 버리고 두채집을  지켰죠,0
1632,142,규제 대상 아닌곳을 규제 하고 소송해봐 그럼 대응할게 이런거네. 와 양아치들,0
1633,142,국민을 개로 아는구나. 민주당 장관 미친 것들,0
1634,142,서울에 집이 없어서가 아니라 한놈이 많이 갭투자로 갖고 있어서 집이 부족한거다,0
1635,142,"그냥전부해제해
대신돈줄을조이면됨10억이상집사면
주택채권10어치사게만들면됨",0
1636,143,법무장관은 범죄 보호자,0
1637,143,좌파 앵커들 자식들 보기 부끄럽지도 않나?  정신들 차려라!  나라가 개판으로 가고 있다!!!,0
1638,143,"검찰총장 대행이 , 이래도 되나? 
사기범 , 집으로 사기치고 국민에게 뒤집어씌워
 이득을 본, 부동산 사기범을 풀어 준다고 ...

나라가 말이 아니다....검찰 총장이 한패?",0
1639,143,,0
1640,143,좌익들과 1찍들은 정신병자 홍위병들,0
1641,143,YTN 좌파 방송된지 오래 되었어요.......인터뷰 하나 마나 입니다.,0
1642,143,이번 사태에 대해 야당이 발끈하는건 보는 시각에 따라 이해도 간다...그런데도 국힘이 지지를 받지 못하는건 저번 윤석열 석방때 검찰총장이란 작자가 즉시항소 포기를 했을때 그 정의롭던 수많은 검사들은 뭐했지??누구 하나 올바른 소리를 한넘이 없었지 않나??그때 국힘은 또 뭐했고??근데 이번 항소 포기에 대해선 당차원에서 사활을 거네??이런게 선택적 분노라고 하는건지원..당연히 국힘 지지자들이야 같이 공감 하겠지만 등돌린 중도층이 공감을 해줄까??지금 지지율로는 아무것도 못할텐데..,0
1643,143,"국민의 힘 끝까지 싸워주세요!
이번정부 정말 답도 없고ㅠ화만납니다.",0
1644,143,YTN좌파  방송에나가서득될게없어요,0
1645,143,논리 떨어지는 나경원은 항상 마지막엔 인신공격으로 끝난다. 나경원이 입을 많이 벌릴 수록 국힘은 선거에서 계속 패재했다는 걸 보면 쉽게 알 수 있다.,0
1646,143,내란수괴 변호인이 뭐래. 계엄날 윤석렬이랑 무슨작당통화했는지나 불어,0
1647,143,빠루야자신죄덮으려는걸국민은다안다,0
1648,143,니는 떡렬이 대변인!!,0
1649,143,구형보다 선고형량이 더 많이 나왔는데 항소 할 필요가 없지 뭐가 문제?,0
1650,143,나베님. 왜구 대변인이세요??!!,0
1651,143,어휴. 밉쌍 어딜가든 티를 내네,0
1652,143,"경원아, 넌 윤두창이의 대변인 이잖아. 아니 윤두창이의 측근중의 측근이잖아",0
1653,143,5선이라 앵커도 우습게봤네,0
1654,143,저건 아무데나나가서  쌈질이야  쌈닭인것  알아지만  왜저래  막판이라  발작하냐,0
1655,143,나씨좀 그만 섭외해라. 소음공해다.,0
1656,144,이것들은 망해라 망해라 기도만 하는 거 같은데 나라 망하기를 바라는 게 보수냐? 국짐 특징 = 나라 망하게 해서 다음 정권 잡을 기회만 노림,0
1657,144,대단히 착각하고있나본데 니들 내란동조로 조사받아야하는 놈들이야,0
1658,144,내란당은 국회의원이라는 호칭조차도 치욕스럽다. 정치 검찰들 이번에 싹을 도려냅시다.,0
1659,144,너희는 인간이라는 말조차 부끄럽다,0
1660,144,니들은 귝개라는 말조차 부끄럽다. 뭔 개소리야,0
1661,144,"저 구역질 나는 역당들 언제쯤이면 사라질까? 반란범은 석방할때에는 아주 환영하더니,,,뭐 갖지도 않은 항소포기는 아주 구대기처럼 몰려드네,, 저 상당수 경상도 인간들 다음 총선에서는 얼마나 살아서 올려나,,,",0
1662,144,"국힘. 내란정당 곧 해산. 죄를 지었으니 목소리는
더 커지네",0
1663,144,내란견 너것들은 의원이라는 호칭조차도 아깝다.,0
1664,144,우정이가 윤돼지 탈옥시킬때는 입닫고 살던것들이! 기혀니는 어디갔노?! 가방주고 인사해야지~ 예의없는것들아~,0
1665,144,내가 젊은시절에도 한나라 새누리 국힘은 항상 이모양이냐 맨날 패턴이 똑같아...이러니 나라가 망하지 민주당은 조금씩 변하기라도 하지 이것들은 항상 똑같냐 싹쓸어야한다,0
1666,144,상종할 가치가없는 사악한 집단 반드시 해산시켜야한다.,0
1667,144,너희들은 국회의원도 아니다.  계엄 옹호 치한들이다,0
1668,144,국짐쓰레기들은 폐기처분이 답이다,0
1669,144,말도 안되는 논리로 법을 외곡해서 윤석렬이 풀려났을때 검새들이 즉시항고 포기하고 석방지휘 했을때 그때 조금이라도 비판하고 분개하는 모습이라도 보여 줬으면 지금 이렇게 행동하고 말하는게 조금이라도 진정성이 있어 보이겠지...,0
1670,144,참 한심하다는 생각 뿐.,0
1671,144,국짐들은 국회의원 이라는 이름도 아까워.. 뺏지 때라,0
1672,144,이놈들은 위헌 정당 해체가 답이다.,0
1673,144,하나같이 목은 길게 빼고 어깨는 오그라들고...;;,0
1674,144,특검해서 부산저축은행부터 관련자들 싹 털자.,0
1675,144,지 마누라는 땅 사고 거기에 예산 집행하는 동혁아... 너를 비롯한 개들의힘 쇄리들은 국개의원이라는 이름이 아깝다... 작두로 도살이 필요한 것들 ㅋㅋ,0
1676,145,김건희 무혐의때.윤석열이 시간계산 풀어줄땐 아무말도 안하던 검찰집단이 갑자기 떠드는걸보니 검찰은 국가기관이 아니라 정치집단이다.윤석열이 이후론 검찰들 말은 일단 거르고 본다,0
1677,145,떡검은 스스로 항소포기해놓고 스스로 발라당 드러누워서 '왜 항소포기하냐'고 자해공갈중이다. 떡검이 가증스럽다. 떡검은 현 정권과 적대적 관계다. 항소포기는 떡검 자신들에게 가장 이득이 되는 선택지를 고른 것이다. 떡검만 항소를 포기했고 피의자들은 모두 상고했다. 그런데 피의자의 상고로 진행되는 2심에서는 더 엄한 판결은 할 수가 없다. 결국 떡검이 피의자만 상고하도록 내버려둔 것은 피의자의 이득을 위한 것이다! 그 피의자가 누구냐? 떡검이 구워삶아놓은 유동규다. 유동규는 2찍들이 영웅으로 추앙하는 범죄자다!,0
1678,145,지금 두드러지게 발광하는 것들은 대장동 조작수사•억지기소에 발담근 검사들이다.,0
1679,146,음주운전 벌금이나.세게 때려라 쯧쯧,0
1680,146,관세협상이나 마무리 해. 대통령이 할짓이 그렇게 없냐? 암표 팔이나 때려 잡고 ㅎ 나참. 이런게 대한민국 국가원수라는게 정말 쪽팔린다.,0
1681,146,1인기획사 미등록 건은 잘 해결하셨는지요?,0
1682,146,썰레발 치지말고 단군 이래 희대의 민관 유착비리 대장동 저수지 재판이나 받아라. 국민들의 명령이다.,0
1683,146,"형사처벌 강화는 반대하고 과징금은 왕창 부과?
 형사처벌도 강화하고 과징금도 왕창 때려야 덜하지 저거 맛본 것들 쉽게 안바뀔텐데 ㅎ",0
1684,146,전과4범이 뭐라냐 니가할소리는 아니지 대장동8000억 슈킹하게한놈이,0
1685,146,관세협상 망했어요? 왜 결과 발표안함?,0
1686,146,"암표도 잡고, 대북송금한놈들도 잡고, 대장동으로 수익본거 전부 회수하면 세금확보될텐데",0
1687,146,니가 범죄잔데 니가 그런말 할 자격이 있다고 보냐 이 바보야,0
1688,146,너는 관세협상이나 하고 제발 연예계를 떠나거라. 왜 연예계에 자꾸 기웃거리는지 연예인을 하던지.,0
1689,146,대장동은??? 이런 10의자석같은…,0
1690,146,암표시즌 끝나고나서 하면 뭐함ㅋㅋㅋ,0
1691,146,암표처벌을 강화하면 아마 음지에서 더 활개치고 사기당하는사람들 속출할듯 ㅋㅋ 티켓베이때문에 그나마 거래자체는 안전하게 하는거긴함,0
1692,146,"암표만 말고, 음주운전, 성범죄형량/ 벌금등 좀 손봐라",0
1693,146,대장동 달달하제~?,0
1694,146,현수야 듣고있니???,0
1695,146,지 죄는 무죄고 남의 죄는 쥐처럼 잡아 뜯는구나. 시8 닝기리다.,0
1696,146,이재명 대장동 재판 즉각 재개하라!!!!!!!!,0
1697,146,조만간 암표쟁이들 쫄딱망하는법나온단다,0
1698,146,,0
1699,147,윤석열 쳐내지 못하면 선거 패배해서 당이 사라질거다. 중도층은 윤석열을 지금도 용서하지 않고 있다,0
1700,147,국힘은 윤 그만 찾고 쫌만 더 잘하자,0
1701,147,이참에 전국 지자체 개발관련 전수 조사 한번 하는 것은 어떠냐? 내란당놈들 지역은 어떤지 궁금하긴 하다. 민자개발에 전부 배임 걸어버리면 대상 안될놈이 얼마나 되겠냐? 당장 서울만 해도 한강버스니 뭐니한강 관련된 것만해도 몇개는 나올 것 같은데?,0
1702,147,"헌법 84조는 ‘대통령은 내란 또는 외환의 죄를 범한 경우를 제외하고는 재직 중 형사상의 소추를 받지 아니한다’고 규정하고 있다. 내란이나 외환을 일으키는 정도의 국가 배신 행위가 아니라면 이재명 대통령을 재판대에 세우지 않는다는 것이다. 국정 운영의 안정성과 계속성을 보장하기 위한 장치로, 이재명 대통령의 지속적 업무 수행이 그만큼 국가에 중요하다는 것이다.",0
1703,147,국가와 국민에 독극물과도 같은 암적인 집단 국짐당 놈들아 쥐귀여니 법을어겨가며 내란 수괴범을 풀어주어도 항소하지않은 전 검찰총장 심우정이 와 대검에 항의 했어야지 ᆢㅉ ᆢ국짐당 이놈들 정당해산시켜야 한다,0
1704,147,아주 바보들에 행진이네..,0
1705,147,김만배는 왜 50억 클럽에 검찰총장출신 대법원장출신들을 선택했을까? 크게 해먹을 결심을 하고 포석을 깔아 놓은건 아닐까????? 그렇다면 법조카르텔은 아닌지????? 그리고 곽상도 국회의원 아들의 50억 퇴직금은 무엇인지 심히 궁금하다 특검해서 썩어빠진 나리들을 뿌리 뽑아야 한다 대한민국의 정의실현을 위해서 수사할때 핸드폰 비밀번호를 풀지않으면 최고형으로 판결하는 법이 있으면 좋겠다,0
1706,147,진짜 희한하거든..아무리 내란과 매관매직 증거가 쏟어져도 모른척하고...기소한거보다 더 무거운 형으로 유죄판결 나온거 항소포기했다고 나라가 망한거처럼 난리를 쳐댐......국민의 힘이 상대방에게 들이댄 잣대의 만분의 일정도만 자기자신에게 들이댔으면 아마 인류역사상 가장 투명한 정치집단이 되었을듯 ㅋ,0
1707,147,너같은 계엄 동조 반탄핵 세력이 보수당 대표로 있으니 쪽수도 밀리는데 더 처망하는거야 온갖 비리에 얽혀 찢주당앞에만 서면 설설기는 인간을 구라도 진실로 밀어붙여 지들 유리한쪽으로 몰고가는 좌파들이 두려워하겠냐고,0
1708,147,애초에 대장동 결과에 윤과 이가 직을 걸고 해보자고 이가 했는데 윤이 쫄 해서 끝난거 아님? 내란의 힘 당이 그래서 공산당 추진하려고 북한 도발하고 전쟁 벌이려 했는데 김정은이 반응 안해서 지금 이거고. 대체 어깨위에 뭐가 있는지.......... 선동을 하냐. 다들 통일교인가???,0
1709,147,,0
1710,147,1차수사팀의 성과는 분명 판결로 인정받음. 그러나 한동훈의 2차수사팀. 즉 윤석열이 집권하고 법무부장관 한동훈이 들어와서 서울중앙지검 강백신 엄희준 김영철 이자들이 다 이때 튀어나오는거.배가른다 연어다 회유다 협박이다 이거 다 2차수사팀 작품임. 항소를 위에서 막아? 중앙지검장이 내면 그만이잖아. 아니 말단 검사도 관청으로 인정받음. 누구라도 내면 되는거잖아? 본인들의 비겁함을 왜 정부와 장관에게 덮어씌우냐? 특히 한동훈과 그 졸개들은 대체 누구한테 화를 내는지 도저히 모르겠음. 자기얼굴에 침뱉고 있네 진짜,0
1711,147,탄핵이 찢한테만 거는게 목적인거냐? 지금 당장 정성호부터 올리라고,0
1712,147,지 마누라랑 땅투기 한 쇄리가... 지 죄는 모르고 누굴 모함하는 건지.... 쯧쯧... 작두로 모가지를 댕강...,0
1713,147,"김건희 지키자고 계엄일으킨 윤석열과  모지리 윤석열 손절 못한 니들이나, 사법질서 개판만든 정부,여당이나 똑같다.",0
1714,147,내란 의 몸통은 누구??? 내란 부역자들이 지들 수사 할 곳을 미리가네,0
1715,147,"국짐의 특징 지들이 한 짓을 꼭 다른 당도 할것이라생각한다.
지들이 3년동안 한짓들인데....반성도 없이 뭐하는 놈들인줄 모르겠는데...이런놈들은 뽑은 사람들도 한심해보이기 시작한다.
정신똑바로 차리고 내년부터 선거 제대로합시다.",0
1716,147,이번 기회에 내란정당 해산시켜야 한다.,0
1717,147,너 감옥간다 이대통령이 무엇때문에 항소에 관여하겠나 멍청한 내란당 그러니 조작수사나하고 멍청하니 내란이나 잃으키지,0
1718,147,안타깝다.제발 정신좀차리라,0
1719,148,"그 문제는 판단하지 않겠다는 판결문에 명시되어 있듯이 이재명 성남시장과는 무관한 재판이다. 1기 수사팀이 만들었던 근거는 대체로 인정됐지만, 1기를 쫒아내고 윤석열 한동훈이 만든 2기 수사팀의 주장들은 재판에서 인정되지 않았다. 애초에 2기 수사팀이 항소를 하면 되는 문제인데, 항소는 않고 언플만 하는 시점에서 그들의 진의는 뻔한 것이다",0
1720,148,곽상도 50억 다시 받아내라,0
1721,148,"제목 꼬라지가 뭐냐?  여당은 수세적으로 방어하는 모습으로 야당은 숫자를 집어 넣어 마치 야당 주장이 맞는다는 식으로. . .  이러닌까 기자들이 욕먹고 인정 받지 못하는거다. 7,800억을 야당이 주장한다고 이게 맞은 숫자이고 주장이냐? 7,800을 부각시켜 주려는 의도가 아님 뭐냐?  기러기님들아",0
1722,148,"이재명 엮기위한 헙박조사 들통나서,
항소 포기
협박수사 검개들을 반듯이 조사해야 한다",0
1723,148,선거때 몸통이 이재명이니 윤대통령이니 서로 주장하였는데.  몸통은 밝혀야 하지 않나,0
1724,148,민사로 재판하면 인지대만 50억이 넘는데... 장난하나... 찢정부 탄핵 해야된다,0
1725,148,"대표적 가짜뉴스 법조인에게 물어봐라 사기죄,배임죄에 해당하는 돈을 국가에서 추징가능한지 이번에 추징한 내용도 뇌물죄로 한것... 배임에 관련해서는 추징 못함...그건 형사에서 유죄받으면 민사로 받는거임 그거 다 알걸 그런데도 정치프레임 때문에 헛소리 하는 중 근데 이게 지능 떨어지는 2찍이에게는 먹힌다는게 핵심 ㅋ 아이고",0
1726,148,또 기자들 프레임 씌운다. 맨날 속는 인간들이 있으니까 이러냐? 추-윤 갈등 프레임으로 법무부 장관한테 항명한 검사 윤수괴를 대통령 만들어놓거 또 이짓이야?? 범죄자 집을 생각 없고 정치질이니 하는 검찰을 있는 그대로 볼수없어?? 검사가 범죄 혐의자한테 배가른다는 햡박하고 되도 않는 조작질로 수사하는게 맞냐?,0
1727,149,오세훈 뭐하나 잘햇던게 잇어야지.. 새빛둥둥섬.한강버스.무상급식반대 다  망햇자나...,0
1728,149,배추밭 농사나 혀라 ㅋㅋㅋㅋ,0
1729,149,72m 빌딩으로 이미 합의가 되어있었어. 그걸 오세훈 마음대로 두 배로 높였지. 그러고 싶으면 문화유산 영향평가를 거쳐서 절차대로 하면 돼. 그런데 오세훈 혼자 급발진해놓고 공개토론하자고? 멀쩡한 절차 다 팽개치고 지 꼴리는대로 하고서 뭔 토론? 국짐이 늘 저래. 모든 언행의 인과가 없어. 인과를 사고할 만한 지능이 안 되는 한 줌 2찍만 지지하지.,0
1730,149,5세  훈이뫄 토론이 될까? 어린이 무상급식 안 주겠다고 뗑깡 놓고 시장직 내던진 놈과 이성적인 대화가 될까? 명태균이 앞에서 벙어리짓 하던 놈이 공개토론 나와서 또 벙어리짓하면 어쩌려고?,0
1731,149,고층 건물 옆에 서 보면 누구나 알 것을 능지가 모자라니 토론으로 배우겠다는군. 그러니 손바닥에 왕 자 보고 바로 윤스시를 주님으로 믿고 쉴드쳐 왔겠지. 능지가 한자리수라서. 그걸 또 뽑는 리박돌박들 능지는 말해 뭣하랴.,0
1732,149,아니 오세훈을 왜뽑는거예요?  저사람이 머했는데요?  진짜 궁금해서요.,0
1733,149,오세훈은  싸울줄을 몰라 정치를 몰라 흐리멍텅,0
1734,149,명태균 앞에서는 벙어리처럼 말을 못하시더니 공개토론회 하자네요.,0
1735,149,전세계 자랑인 종묘앞에....아파트를 꼭 지어야하냐??? ....도대체 5세훈이 옆에는 제대로 된놈이 하나도 없냐??? 내란당것들 수준이 다들 이모양인건희???,0
1736,149,,0
1737,149,범죄자들은 입만 열면 거짓말이지 ㅎㅎㅎㅎㅎ  선전 선동하고 조작질에 날조까지 ㅎㅎㅎ 내가하면 괜쟎고 니가하면 안되는 놔파들의 논리 ㅎㅎㅎㅎㅎ 돈에는 ㅎ한장을 하지 ㅎㅎㅎㅎㅎㅎㅎ,0
1738,149,오세훈이도 털자 명태균이는 떳떳하게 다 말하는데 오세훈이는 얼버무려  저런사람이 서울시장 자리에 앉아있어 발전이 없어,0
1739,149,,0
1740,149,공개토론하면되겠네,0
1741,149,명태관련 수사나 잘 받고 감빵이나 가쇼,0
1742,149,,0
1743,149,5세우니는 명태균하고나 해,0
1744,149,오  시장  그 인간 말 듣지 말고 밀어 부쳐,0
1745,149,제발 아무것도 하지마!,0
1746,149,명태균한테도 발리는 사람이 무슨 토론 ㅋㅋㅋㅋㅋㅋㅋ,0
1747,150,백만원정도는 뇌물도 아닌정도의 감각으로 공직생활 해왔다는거 잘 알겠다 얼마나 더럽게 살았으면,0
1748,150,얼탱이가 없구만. 7만8천으로 재판받은 이재명와이프가 기가막히겠다.,0
1749,150,이 c바라 법원에서 버스기사분 800원으로 커피 마셨다고 횡령죄 유죄받고 퇴사했고 카스타드하고 초코파이 먹었다고 절도죄로 기소당해서 재판 진행중이다. 니들은 힘있고 빽있다고 100만뭔은 괜찮다고 생각하는가보다.,0
1750,150,아? 100만원대는 너무 많이 처받아서 뇌물인지도 모르는거 아님 국힘놈들??,0
1751,150,저런 걸 입 밖으로 내뱉는 수준과 도덕관념이 너무 처참하다,0
1752,150,자기가 쓰지도 않은 밥값 10만원으로 이백번 압색 당하고 재판 받고 있는 김혜경 여사는 그럼 뭐니? 내란견들아! 구역질나는 것들!,0
1753,150,100만원이 국힘당에게는 뇌물이 아니지 . 그들에게는 50억이 껌값이니까..,0
1754,150,"그럼 김혜경여사 78,000은 뇌물이라서 수백번 압색을 한거냐 말이 되는 소리를 정도껏 해야지",0
1755,150,성일종 국민의힘 의원이 “100만원 정도 되는 백이 무슨 뇌물이냐”고 주장????  김혜경여사는 3며에게 5만원 밥 사고 압색만 130번인데????,0
1756,150,성 일종 이넘 인간이길 포기하네.,0
1757,150,민주당은 비리를 저지르면 잘못을인정하던가 수사받고 수사받는동안 나락가고 국힘은 뻔뻔하게 죄가아니라고 떠벌리고 수사도 무마하려한다 설사 수사 되더라도 무죄확률도 높고 나락도 잘 안간다.,0
1758,150,미친건가. 10만원도 안되는 밥값 냈다고 기소하고 재판받는 사람도 있다는걸 잊은건가?,0
1759,150,"100만원 넘는 가방이 인사치례이면
김혜겅여사 10 만원도 안되는 밥값으로
130여차레 압색에 기소에 재판에ㅡㅡ
이건 뭔데?
나오는 대로 시부리는구만ㅡㅡㅡㅡ
니형 성완종은 비자금 조섬 뇌물공여
정치자금법 위반...
MB 정권하에서 한짓을 세상이 다 아는데...
아주 나쁜 놈",0
1760,150,그래서 니들은 7만원 법카 썼다고 김혜경여사 부도덕하다고 온갖 해악질하고 압색을 100번넘게 했냐?,0
1761,150,"10만원 이상이면 청탁 금지법위반이다 인간아 !
국힘당 망해도 쌉니다 !",0
1762,150,도대체 니들은 얼마 짜릴 받아 먹길래 100만원이 뇌물이 아니래?,0
1763,150,"100만원 정도 하는 보편적인 백이래..
와..
아마 저놈들은 시장 장보러 갈때 지방시 400만원짜리 비닐봉지 정도는 들고 다니나보제??

얼마나 민심과 멀리 사는 놈들인지 팍팍 티가 나네. ㅉㅉ

문제는 저런 놈들을 찍어주는 사람들이고..",0
1764,150,7만원 밥사주면 수백번 압색했는데 100만원이면 수천번 압색해야지?,0
1765,150,"요즘 지지율 보니까, 70대 이상 남자보다 20대 이상 남자애들 국힘 지지율이 높던데.ㅋㅋㅋㅋ근데 국힘지지하는 20대 남자애들은 동양대 표창장엔 분노, 7만 6천원 법카, 샌드위치에는 게거품물고, 50억퇴직금, 100만원 가방, 몇십억 특활비에는 이해심이 깊다던데 진짜인가요?",0
1766,150,"김혜경여사 10만원 식비 사용한걸로 기소해서 재판받은건 뭐냐?
아주 죽을죄 지은것처럼 몰아부칠땐 언제고당대표 지지율 꼴치였던 김기현 당대표 선거 감사하다고
100만원에 넘는 클러치백 사준건 의례적인 인사라고??
그런데.. 그 클러치백안에 아무것도 없었을까 과연???",0
1767,151,정치보복 심하구나 이시바라 ㅋㅋㅋㅋ ㅋㅋㅋㅋ 더불어서 산에가서 감방가서 대질넘들 ~~~~~~~~~~~~~~~~~ 푸 ㅎㅎㅎㅎㅎㅎㅎㅎㅎㅎㅎㅎㅎㅎㅎㅎㅎㅎㅎㅎㅎㅎㅎㅎㅎㅎㅎㅎㅎㅎㅎㅎㅎㅎㅎㅎㅎㅎㅎㅎㅎㅎ,0
1768,151,가담의 범주가 뭔데? ㅋㅋㅋㅋ 계엄 중에 반발 안하고 묵묵히 자기 업무 수행하면 가담자? ㅋㅋㅋㅋㅋㅋㅋㅋㅋㅋㅋㅋㅋㅋㅋㅋ,0
1769,151,"세월호 희생 학생들에게 ""얘들아 고맙다""팽목항에서 소리지르던 문재앙 임기내내 세월호 꽤나 울궈 먹었지요~?윤통을 ""내란""빼고 헌재에서 탄핵을 뽑아낸 더주물럭당 우대가리 점박李 저 넘도 ""내란""세월호 이상으로 울궈 처들게 생겼소이다....개한심 개역겼습니다~~",0
1770,151,라도 대박,0
1771,151,"얼마나 애궂은사람을 잡아넣으려나?
정신차리세요  본인은 얼마나  깨끗하십니까?
지금공직자들이  대통령과 각을세우면  어쩌하시겠습니까?",0
1772,151,환율이 1500원 뚫을려고 하는데 내란 타령만 하고 앉았네 한심한 인간 미국하고 관세 협상은 어떻게 된거냐?,0
1773,151,특검도 모자라 TFᆢ티끌이라도 잡아보겠다고 발버둥거리는 이퉁님아! 세금 줄줄세는소리가 강을이루네  특검만하다 임기 끝날판이요?,0
1774,152,"관상은 과학이다. 임은정,오렁우탄 최민희, 돼지 멱따는 서팔계 서영교(제2서영교 비레대표 용해인 ), 이재명 닮은 뱀눙깔 전현희 등 등 참으로 혐오스런 관상들이다. ㅉㅉㅉ",0
1775,152,문화재는 좀 보호해라. 이태리 유럽가봐라 초고층은 다른곳에 하고... 오세훈 은 뭔가가 부족해,0
1776,153,ㅋㅋㅋㅋ 내란 세력 뿌리 뽑겠다고? 더불어써거버린 민주당과 너가 우두머리인 조국범죄당? 앗어라. 니 뿌리먼저 뽑히겠다. 아니다. 너는 이미 정치생명 끝난거 같어~,0
1777,153,감빵에 갔다온 놈이 뭐 저리 당당한가? 운동권 데모꾼들은 진짜 감빵을 훈장이라고 생각하나?,0
1778,153,너같은 범죄자가 그딴 소리하니까 졸. 라게 역겹다 정말.,0
1779,153,사기 위조는 어떻게 할까?,0
1780,153,"내란지겹다
국민은관심없다
힘들다",0
1781,153,범죄자는 좀 나오지말라고,0
1782,153,난 저 인간 강냉이 털고 싶다...,0
1783,153,감빵 갔다오더니 더 뻔뻔해졌네.  창피하고 부끄러운줄 알아야지  얼굴에 독기가 그댈로 ㅠㅠ,0
1784,153,내란세력? = 더불어탄핵민주당? 함 겨뤄보면 좋겠다. 누가 더 썩었는지. 주사파와 북로계?,0
1785,153,범죄자들이 당당한 나라! 중국한테 얼마나 받아먹길래 이렇게 당당하게 살수 있는지들 궁금,0
1786,153,사기꾼 들이 이렇게 득세하고 다니니..이런 상황을 멍청한 국민들이 만들었네,0
1787,153,파렴치한 범죄자는 이제 은퇴해서 조용히 살길. 국민들 더이상 스트레스 받지 않도록.,0
1788,153,그전에. 성추행이나 뿌리 뽑으세요,0
1789,153,위 선 자,0
1790,153,입다물고 조용히  살아라 뻔뻔스럽기  짝이 없구나,0
1791,153,단 한순간만 이라도 국민을 위한 일좀 해봐....,0
1792,153,범죄자가 무슨수로?ㅋㅋㅋ,0
1793,153,미쳐돌아가는구나,0
1794,153,그냥 가만히 좀 있어라 영양가 없다,0
1795,153,제 얼굴에 똥 묻은 것은 놔두고 남의 얼굴의 밥풀을 흉보는 격이네. 네 잘못은 언제 사과할래?,0
1796,154,이번 국감에서 개혁신당 천하람의원이 잘 파헤쳤네. 홈런은 아닌고 3루타정도 친거였는데. 잘했다. 행정소송도 꼭 승소해라..승소하면 홈런이다..,0
1797,154,더불어 흡혈귀들의 목적은 알고 보니 오직 세금 갈취 하고자 했던 것 이군요 !,0
1798,154,"국민재산권 침해?과다 세금?
다 맞지!!!일반 가정도 삶임하는 사람이 계획을 세우고 하는대~정확한 세부적으로 반대를 이유를 달아야지
편중해서 일부만 대변하면안되고
국민이라는걸빼고 일부 국민이라 하면되지",0
1799,154,니들 샤워도 취소해라,0
1800,155,조국의 말을들어볼것도 없이 잠깐읽어보면 무슨말인지 대강알수있다. 국힘당이나 찍찍이들이 공산당같은 발상을 하면서 자신들이 그런생각을 했다는것을 부인하고 있다. 성남시에서 이미 그돈에대해서 소유권을 주장하면서 민사를 진행중이기때문에 국가가 개입할수없는것이다.언론들이 제대로 보도를 안하니까 국민들끼리 이사실을 공유해야한다.2000억은이미 회수됬고 4600억을 민사소송중이다. 김만배는 좋겠네? 이말자체가 웃기고 자빠졌는말이다. 김만배처럼 안걸리고 도시개발하면서 해쳐먹은놈들이 드글드글한게 현실이다. 이 악의고리를 끊을사람은 이재명밖에 없다,0
1801,155,무식한 국짐 내란당 빨리 해산시켜라,0
1802,155,사실상 대장동 50억 클럽 돈먹은 국힘의원들+ 검판새 +언론인 출신 개발업자 해먹은 돈만 뱉어내면 되는 일인데.. 돈 먹은 것들이 더 버럭하면서 화를 내는 이 어처구니 없는 상황에 개빡친다...,0
1803,155,굿..명석하십니다.,0
1804,155,죄국아 최소한 가서 1심 판결문이라도 읽고 씨부려라!,0
1805,155,성남시가 민사소송으로 회수??? 저게 법학교수였다고 내세우는 너미 할 소린가? 그 민사사송 몇 년 걸리는데... 아무리 가제는 게편이라지만 니가 할 소리는 아니다. 법학교수였다는 자존심 남아 있다면 잘못된 것은 잘못되었다고 말할 수 있는 용기가 있어야지.,0
1806,155,조생충답다 조국!민주당 개노릇을 잘하는구나,0
1807,155,뻔뻔한 놈,0
1808,155,한과 조 둘 중에 1은 거짓말을 하고 있다. 민사로서 모든 것을 회수 할 수 없고 형사로서 가능하다는 말은 곧 민사재판관들이 하수고 허접하니 형사재판관들이 모든 것을 다 알아서 해야 한다는 말로 들리는데? 민사 재판관이나 민사 관련 변호사님들이 판결해줘야 할 문제다. 그리고 정당한 권리자가 있음에도  일단 국가가 몰수하면 정당한 권리자는 닭쫒던개지붕처다보는 격아닌가? 설마 국가가 몰수해서 정당한 권리자에게 되돌려 줄 일은 없을테니... 형사재판관은 형사 재판할일을 한다고 해서 민사재판관이 자기 할일을 하지 않을 것이라 상상은 왜함?,0
1809,155,"이건 조국말이 팩트지 ㅋㅋ 성남시에서 민사 소송 했는데 이겼다고쳐..  근데 중앙정부가 전부 추징 몰수해갔네? 그럼 어떡게 받아? 성남시가 국가상대로 소송해야하나? ㅋㅋ 국힘이랑 검찰이 언플한거야 ㅋㅋ 국힘이야 언제나처럼 헛소리한거고 검찰은? 껀수하나잡아서 개혁당하는거 반빌한거고 ㅋㅋ  검찰애들 개웃긴게 윤석열 임기내내 +김건희 무혐의 + 내란후 석열이 날을 시로 바꿔도 ,  한번도 반발안하다가 추징 못한다고 언플하면서 반발 ㅋㅋ 그런다고 검찰 개혁 안당하는 일은 없다고 ㅋㅋ",0
1810,155,"니가 받아내면 대통령 감이다. 
그 논리로 부탁한다. 이거 환수 시키면. 
국이한테 몰빵이다.",0
1811,155,그분꺼...,0
1812,155,이런 한심한 인간이 법학교수였다니… 그래서 사법시험 합격 못한거야? 민사자체가 너무 너무 너무 너무 어려운거야. 변호사가 누구라도 손해액 자체를 산정할수가 없어. 니 주변 변호사 들에게 물어보고 다시 SNS질을 해라. 정말 우낀다.,0
1813,155,"한국은 좌팔. 인간들의 무능 멍청짓으로 골병 들고 있다
사기꾼. 잡범들이 판치고 철면피 가면들을 쓰고 난장판 국가를 만들고 있지 민주당 범죄당 은 추악한 집단이지",0
1814,155,엉뚱한 소리하지 말고 한동훈한테 가서 무 꿇고 한 수 배워라.. 법학교수라는 작자가 제대로 아는게 없냐,0
1815,155,,0
1816,155,"국가에서 몰수하건  성남시에서 손해배상으로 돌려받든,,, 반드시 환수해야 한다..
수많은 시민들에게 피해를 준 범죄인들이다..",0
1817,155,"아무런 법적, 사실적 논리가 없어요. 국민의 힘과 관련된 모든자가.",0
1818,155,정치를 했다는 놈이 감옥은 왜 갔노 특히 법학 교수로 지내면서 조국도 그 돈 좀 만지겠네,0
1819,155,국짐 내란당 놈덜 여기서도  사기질  하고 자빠졌구나.  국정발목만 잡는 나쁜 놈덜이다.,0
1820,156,원숭이가 망가뜨린 서울을 재건시키는 세훈이가 무섭긴 무서운가보다..,0
1821,156,오세훈 하나 당하지 못해서 내로남불당 단체로 덤벼들고 그것도 모자라 오세훈TF(오세훈 서울시장 시정 실패 및 개인 비리 검증 태스크포스)까지 발족하다니 창피하지도 않냐?  지방선거는 아직 시작도 안했는데 오세훈 하나 잡으려고 별 짓을 다하는구나..,0
1822,156,"오세훈이 얼마나 무서우면 저리 tf까지 ㅎ
 진짜 토나온다 선동꾼 이놈들아",0
1823,156,미대사관저 방화범 더불어 공산당 수괴와 전과4범 뇌물 배추총리.그리고 각종 잡범들의 더불어 공산당.,0
1824,156,따불땅 놈들 다 합쳐도 오세훈 서울 시장 1명 절때 못당한다!!!!그 이유는 능력도 없고 전부다 범죄집딴이니 어느 시민이 이놈들을 지지할까????,0
1825,156,,0
1826,156,대통령 탄핵 찬성.,0
1827,156,똥 뭍은 개 주제에 꼴에 총리란다 쪽파려서 정말  저런건 좀 치우면 안 되나,0
1828,156,오세훈검찰은조사해서구속해야한다저런인간쓰레기가시장개보다못한인간이다재판받아구속해야한다,0
1829,156,머리에 범죄만 들어있으니 심리학의 기본을 모르는군. 인간의 뇌는 부정적인 이미지를 만들지 못한다. '오세훈을 떠올리지 말라'고 외칠수록 사람들의 머릿속엔 '오세훈'만 남게 된다고 신병들아 좋니?,0
1830,156,겉으로는 한강버스니 뭐니 욕해도 속으로는 오세훈 못잡겠다 싶으니 저러는거겠지. 사실 오세훈 자체는 별거 아닌데 부동산 정책을 개판쳐놨으니 지금 아무리 지지율이 민주당 우세라도 서울에서 민주당이 이길수나 있겠냐 ㅋㅋㅋㅋ 나중에 윤석열이처럼 민주당이 오세훈 체급 키워서 대선후보까지 만들어주는거 아닌가 몰라. 그건 그거대로 재앙인데,0
1831,157,이건 항명이고.....윤석열이 계엄 안따른건 민주주의 수호냐...??? 범죄자 따위가 대통령으로 있으니 별일이 다 있노.....손바닥으로 하늘을 가려라...ㅃㅉ,0
1832,157,이재명 탄핵,0
1833,157,조작기소인데 어케 중형이 나오며 채상병사건과 계엄때 상관의 부당한 명령을 거부한 건 정의고 검사과 상관의 부당한 처사를. 비판하면 항명이 되나. 항명 유무죄를 떠나서 국고로 더 환수될 수 있는 수천억을 다퉈 보지도 않고 그냥 범죄자들에게 준거다.,0
1834,157,"민주당 동조하는거보니 작전 통했나보네 이죄명 살리기 .역시 현지 역할도크고.
저수지 잘 보전했으니.
대한민국 사기꾼 범죄 정권 덩치꾼들로 드글드글",0
1835,157,그래 개거품 물구만너희더불어사기당에게불이하면 탄핵  정치검찰찿고 유리하면 한자리씩 퍼주는당빨이해쳬가답이다 꼭너희들에게철퇴가있을것이다,0
1836,157,죄명이 무제 만들려고..항소 포기하게 만드냐?? 그럼 4000억은 누구한테 가는거냐?? 성남시민?? 김만배??? 누구?? 성남시민에게 갈 돈을 민간사업자한테 몰아주는게 맞는거냐?? 이재명!!! 대통령은 말해봐라..이것이 맞는말인지????,0
1837,157,범죄자 한놈때문에  하루도 조용한날 없네!!그런 범죄자를  이땅에  살게끔  놔두어야하나??국민들이여  고민좀하자!!,0
1838,157,대장동 7400억원 《 그놈거 》란걸 국민들은 알고 있다,0
1839,157,"더불어 범죄당은 즉시 해체하라
범죄자 전과자 주제에 누구를 가르치려 들고 국민들 세금을 빨아 처 먹느냐 니들은 범죄를 저지르는 방법을 가르치고 있다 여기가 범죄 국가냐
이것들은 북한도 니들처럼 안 한다",0
1840,157,"좌파들은   할말없으면 친윤.내란 덮어쉬우네
지긋지긋하다.고마해라",0
1841,157,최대의 치적이다 자랑질 한 인간이  이제와 발을뺀다?    7400억 해먹게 대장동 승인한 이재명   대장동 저수지 돈 몸통 김만배랑 같이 처먹겠지,0
1842,157,개딸들 아침부터 오지게 일하네 ㅋㅋㅋㅋㅋㅋ 판결이 중요한게 아니라 1심의 여러가 범죄행위에 대해 일부 무죄의견을 항소하지 않으면 2심에서 다툴수가 없는데 개딸파 민주당 인간들은 형받은것만 강조허며 물터기함 국민을 개돼지로 아는게 분명험 ㅋㅋㅋ,0
1843,157,"정청래야! 니들이 지금 말하는게 불법 지시라는거야. 불법지시했네, 했어. 그게 바로 탄핵감이라는거야.",0
1844,157,"정걸래같은,인성불량자가,당대표하는,개딸독재당.!!",0
1845,157,친윤드립치고 자빠졌네ㅋㅋ대통령이 감방인데 무슨 상관이야. 거기다가 윤석열은 문재인 때 추앙받던 검찰총장 아님? 지들이 임명하고 잘한다고 박수쳐서 저리된건 모름. 검찰 전체가 문제라고? 입법부보단 몇배 깨끗하지. 입법부 국회의원 300명이 매년 터지는 문제가 많냐 검찰이 많냐?,0
1846,157,개검들 꼬투리 잡아서 날뛰는구나. 윤계엄과 마누라가 쓰레기짓 할때는 입막고 귀막고 풀어주고 무협의 처리하던 것들이. 이래서 개검은 없어져야 해.,0
1847,157,,0
1848,157,여야 정치를떠나 천문학적 비리집단들의 조직척범죄사기단 이거 당연희 항소가맞다  이걸 검사들항명이라고 물타기 쑈하고있나  민주당 이재명  김현지 당장특검받을준비나하라,0
1849,157,윤석열 환율 1400원(당시엔 달러 강세였음) vs 이재명 환율 1460원(지금 달러 약세임).이재명이 경제 천재라고 하는 좌파들은 지능이 낮아지는 정신병 걸린거지?,0
1850,157,,0
1851,158,정성호 게이트가 아니라 이재명 게이트 아닌가. 원래 범죄의 주범은 행동대장이 아니라 범죄로 가장 큰 혜택을 보는 자다. 항소 포기로 가장 큰 혜택을 본 사람은 이재명 아닌가. 그러니 정성호 게이트가 아니라 이재명 게이트라고 하는게 맞겠지.,0
1852,158,이번 대장동 항소포기로 가장 이득을  보는  전과4범 5가지 재판중인  전 성남시장  이재명을 반드시  파면해야 한다,0
1853,158,정성호 게이트라기 보다 용산 게이트가 아닐까.ㅡㅡ법무부와 용산 민정과 통했을 것이고 이재명에게 보고는 필수. 이재명의 어떤 표현이던 있었을 것이고 민정에서 법무부 검찰대행으로 흐름이 있었다 볼수 있다. 용산 대변인은 없다 했지만 대변인까지 그 흐름에는 끼워주지 않았을것.ㅡㅡ대장동 문제등 모든 악의 근원은 이재명에 귀착될 것으로 보인다. 악마가 있다면 그 영향력은 타세력이 모르게 그들만의 경로가 있을 것이라 볼수도 있겠다.악행이 드러나면 만사가 그르칠것 아니겠는가.ㅡㅡ나라에 드리운 검은 그림자가 차차 어둠의 세력에 먹혀 암흑화 될수도,0
1854,158,"매관매직 정당 개소리 , 쑈 하지 말고 대장동 특검 법안 발의 해라. 특검 하면 될 것을 역적놈들 왜 쑈를 하고 발공이냐?  민주당 놈들이 특검하면 받겠다고 했으니 쇼 그만하고 매관매직 한 놈들은 특검 법안 발의 해라.",0
1855,158,정말 주인에게 충성을 다하는 개들 많다...늙은개 젊은개 암캐....,0
1856,158,이재명은 절대 못까는 여당대표ㅋㅋㅋ알아서 꼬리자르기 해주네 특검 탄핵 안하냐 민주당 2중대냐,0
1857,158,이재명  민주당과 야합한 장동혁은 국힘 대표에서 물러나라. 야당역할도 못하고 이게 뭐냐. 한동훈 혼자  거악 정부 국회와 싸우고있음,0
1858,158,이야 ㅋㅋㅋ 이재명 비호하는 장배신 보소 ㅋㅋㅋㅋㅋㅋㅋㅋㅋ 이게 어째새 정성호 게이트내 이재명 게이트지 이 쫄보야. 니 비리 수사받을까 겁나냐 쫄보배신자야,0
1859,158,어후 국힘 당대표 좀 내려 진짜 워딩도 잘하지도 못하고 공감도 못얻어 그리고 막말로 대장동으로 가장 이익보는 인간이 정성호냐 이재명과 정진상이지 뭔 게이트 이름도 저리 하는지,0
1860,158,한동훈 홀로 싸울 땐 정청래와 파안대소하며 낄낄거리더니 장폴더 저거는 뜬금없이 뭔 장성호 게이트야 그 위에 이재명을 조져야지 저런게 뭔 야당대표냐,0
1861,158,장동혁 ㅋㅋㅋ정성호게이트가 아니라 이재명대장동게이트다 ㅋㅋ 니가 진짜 좌파에서 온건 맞구나,0
1862,158,항소포기가 아니라 추징포기다 !! 한동훈 전 당대표의 결론 !!  성남시민 돈 7500억을 대장동 일당에게 넘겨줬다,0
1863,158,촛불은 이럴때 드는거다! 국민들이 이재명을 탄핵시킬것이다,0
1864,158,이재명대통령이 정녕 대장동에 관련이 없다면 단군이래 최대의 민간미리사건을 조사하라고 다그쳐야지 왜 입다물고 조용히 있는지 국민은 알고 있다!!!,0
1865,158,"국민의 힘과 장동혁대표
지금 당장  단식농성에 들어가시오
정청래와 어울려  처웃는 사진이나 남발하지말고
지금  국민의 힘은  전쟁터에 나가 홀로싸우는
한동훈밖에 안보인다
8000억을 해먹은  사기업자들과
그들의  재판을 중지시킨  정성호와
그 사기업자의  몸통 이재명을 탄핵시키기위해
어느누가 나서고있고 몸소 투쟁하고 있는가
국민의 힘  정신차려라",0
1866,158,내가보기엔 정성호 그 위에 리짜이밍 연결고리,0
1867,158,"항소포기하여 나라에 손해른 끼친 검찰총장 직무대행과 법무부장관의 전재산을 압류하여 몰수해야한다,",0
1868,158,정성호는이죄명딱깔이,0
1869,158,수천억원 비리를 항소포기한건 대한민국 역사상 최초다. 그거 덮으려고 내란만 외치고 있다. 그게 덮어질꺼라 보나?,0
1870,158,범죄자편에 서서 범죄자들 대변인 노릇하는 민주당과 이재명정부 살다살다 범죄자 재산권 지켜주는 나라는 또 첨보네.,0
1871,159,니들이 언제부터 정쟁을 했다고.. 그냥 법원으로 가서 판결받아라. 천하람이 행정소송 냈으니 지켜보자고!!,0
1872,160,"어린놈들이 벌써 무속에 빠져 5만원들고 야밤에 홍매화나 심는 이상한 놈들이.....젓가락들고 주술 외우니 신령님이 그리하라 시켰구나......개혁신당의 ""신""자가  무당""신""이라며?",0
1873,160,최종신호 네린넘은 더불어서 대지나여 ㅋㅋㅋㅋ ㅋㅋㅋㅋ 냉장고의 구멍들을 발라먹다 김현지의 구멍에다 머리박고숨막혀서 댜지나여 ㅋㅋㅋㅋ ㅋㅋㅋㅋ ㅋㅋㅋㅋ,0
1874,160,누가 꾸민건지 온국민이 다 아는 자~그 이름 찢죄명,0
1875,160,준석이의 사고방식이  상식에서 벗어나 사악하네요.,0
1876,160,홍매화나 심어! 시끄러워 임마!!,0
1877,161,"계속타거라
김정은도 태우고",0
1878,161,1찍들 돈 모아서 좀 보내줘라.ㅋㅋㅋ,0
1879,161,조만간 민주당에서 한민족의 고통을 차마 눈감을수 없어서 대북 재난지원금 법안 상정할듯,0
1880,161,찢나베. 정동영. 박지원 사비로 복구비 지원하고 싶겠네!,0
1881,161,대장동과 김현지 물타기,0
1882,161,"우덜 장군님 계시는 곳이라 안절부절하나보네 더듬당 좌파들. 참고로 경기도에서 큰 불나서 소방관 죽었을때 당시 경기도지사 찢재명은 ""떡볶이는 맛없는 음식"" 이라고 떠드는 놈과 지방에서 킬킬거리며 떡볶이 먹방찍고있었음. 경기도지사가 거기서 뭐하고있냐니까 ""보고는 받고있었다"". 참고로 세월호때 박근혜가 보고만 받고있었다고 직무유기 고발한게 찢",0
1883,161,다음번엔 평양 불바다 될 만큼 활활 타오르길,0
1884,161,이런건 정동영 박지원이 말해야지 왜 니네가 먼저 말하냐 ㅋㅋ 자꾸 이러면 니네 확 고발한다 알겠니,0
1885,161,꼬마 멧돼지 바베큐 맹글 때 찢뱀도 같이 구워야 했는데 아깝데이.,0
1886,161,지원 안가나요? 북한인데.. 찢~,0
1887,161,기쁜 소식이군,0
1888,161,반란이길 바란다.,0
1889,161,"한국 보도나 잘 해 주세요
북한까지는 안 해줘도 되요",0
1890,161,더부러공산당 떼거지로 불꺼려가라 갈때 개딸들다끌고가라,0
1891,161,김가네 모셔놓은 태양궁인지 뭔지 하는 거기가 저렇게 되었어야….,0
1892,161,웬 평양 뉴스  나라 관세나  뉴스거리 삼아라,0
1893,161,동영이 가만히 있네? 둥무래소방차라도 갖다줘야 하지 않갔어?,0
1894,161,문재앙이 유튜브 데뷔 영상 찍으러 가면 되겠네ㅋㅋㅋ 다음 영상은 뭐... 수령님 허락해주시면 찍든지 말든지ㅋㅋㅋㅋ,0
1895,161,문재인 오열.. ㅠㅠ,0
1896,161,돼지 바베큐했나 ?,0
1897,162,재산 몰수 해야지!  구속이 무슨 단죄냐? 철저하게 다시 수사해라.,0
1898,163,범죄자들의 나라 나라가 미쳤다,0
1899,163,노만석도 주군을 위한 희생양 주군을 살리고 스스로 칼을 맞다,0
1900,163,"이것들은 석열이 건희건  덮을때는 말도 못하더니
지금은 악을 쓰고 있네.
너거 그리 할수록 하나회하고 똑같다.
그냥  해체하자",0
1901,163,"윤돼지 구속 항소포기는 정당하고?
니들이 인간이가",0
1902,163,검새가 부역자다,0
1903,163,개검들아 너들이 정의의 기사냐?  내란수괴 윤석렬과 김건희 무혐의 덮어줄 때 머했노?  사표내고 나가라~,0
1904,163,이 시기에 휴가가 웬말이냐? 미친,0
1905,163,나라를 쑥대밭으로 만든 검찰이 되려 저런 반응을 보이네.적반하장. 국민의 혈세로 월급받고 조작수사나 하고 시건방진 태도로 군림하려는거 못봐준다.,0
1906,163,다 그만둬라! 제대로 된 인간들로 새로 뽑자!,0
1907,163,ㅋ  검찰들이  서로 물어뜯고  난리구나  자기 꼬리  동료 발가락 목   마치  광견병걸린  똥개들 같구나   잘들 한다,0
1908,163,노만석 거취는 관심없다. 추징 못하는 부당 이익에 대해 누가 책임지고 사재로 물어낼 건지만 밝혀라,0
1909,163,세명중 누구하나 시체로 발견되면   시체한테 모두 덮어쒸울듯,0
1910,163,"검찰이 분노조절장애 환자 같다. 윤석렬과 김건희에 대해서는 말도 못하고, 이번 일에만 항의를 쏟아내나. 검찰의 수사권을 없애면서 검사 출신 변호사들 밥그릇을 줄이니까, 화가 나는 모양이다. 후안무치한 자들이다.",0
1911,163,법무부장관도 고발해야지..탄핵인가,0
1912,163,대대적으로 깝치고들있네 ㅎㅎ,0
1913,163,"Q: 보여주기 쇼를 가장 잘하는  정당은?
A: (ㆍㆍㆍㆍ)",0
1914,163,"머하는 분입니까? 그자리에서 일말의 사명감도없이 범죄자정권에 부역하고 같은식구들로부터 외면당할것을 예상도못햇나요?
법무부지시사항공개하고 물러나세요",0
1915,163,"딱 숨었네  그래도 막강권력이  든든히
바쳐주니 걱정없지",0
1916,163,무슨일 났나요..국짐이 나라를 흔들고있네요..윤성열 시녀 패거리들의 행태가 우습군요..,0
1917,163,"노가 임마 하나로 해결되서는 안된다 장관,죄명이 다 책임을 물어야하고 죄명이 구속수사해라.",0
1918,164,부정선거 산유국 베네수엘라 급행 열차 타는 민노총 총책 이재명,0
1919,164,범죄자를 개통령으로 뽑은 대가가 수천억원의 국민혈세로 돌아오는구나..,0
1920,164,"대장동 항소 포기로 김만배는 7천억, 남욱은 천억을 챙겼다. 찢재명이 자기 범좌 덮으려고 입막음용이지...김만배...8년을 감옥에 있어도 하루에 2억원꼴이다...와...더러운 찢재명 목숨값으로 돈벼락 맞았네...이게 나라냐? ㅜㅜ",0
1921,164,",나라가 공산주의로  되어가고있다.탄핵만이  민주주의가  살아난다.",0
1922,164,단군이래 최대 악질 범죄는 누가 뭐래도 ᆢ민주악마들이 중앙선관위와 짬짜미로 부정선거 노골적 지시와 개입으로 표 도둑질로 지난 몇차례 총선에서 말도 안되는 거대 악마당 창출과 연이은 대선 개입으로 가짜 대똥령 만들어 내세운 최악질 범죄ᆢ그 다음이 영웅 윤통을 탄핵으로 몰아 몰아내고 감옥에 가둔 일ᆢ그 다음이 대장동 사건이다!,0
1923,164,취소시킨순간 정성호등 치맥파티?인간같잖은 것들때문에 무너지는 나라...,0
1924,164,죄명이는 죗값을 치뤄야지,0
1925,164,탄핵하라,0
1926,164,,0
1927,164,대장동비리 50억클럽 범죄자들 국민의짐,0
1928,164,,0
1929,164,이재명은 물러나라!!!,0
1930,164,尹무능 항소 포기때는 조동아리를 닫고 있더니 왜들 난리니..,0
1931,164,"보바들 퍼포먼스 한다 욕본다.
항소포기 특검 엽차기 하지 말고 대장동 사건 상설특검 하자고 그래., 니들도 엮이게..",0
1932,164,저 내란당 놈들,0
1933,164,4050은 도대체 뭔일이있었던거냐? 왜 1찍이많냐?,0
1934,164,,0
1935,164,내란당은 해산하고 집에가서 엄마 젖좀 더 먹고와라,0
1936,164,"민사를 한다고?
부자 변호사들이 나오겠군",0
1937,164,내란잔당들이 무신낫짝으로 저지랄들을 하는지 ㅋㅋㅋㅋ,0
1938,165,너나 좀 사퇴해라.꼴보기싫다,0
1939,165,나베야 ~. 김건희 주가조작 무혐의 처리때 조금이라도 떠들어 보지 그랬어?  윤석열 구속취소에대한 즉시항고 포기때 그 입좀 열지 그랬어?  윤석열이 당대표 출마 포기시킬때 그입좀 열지 그랬어?,0
1940,165,국짐 에서  저연이  젤    싫다,0
1941,165,나베야 니나 사퇴해라..니 얼굴 보기 싫은 국민들이 한 둘이 아니다...ㅉㅉㅉ,0
1942,165,그야 남욱이 했던말이 반영되소 유동규 증언을 탄핵했으니까,0
1943,165,,0
1944,165,나경원 지 꼴리는 대로 판단하고 씨부리는 입이 참 더러운 정치인 중 한 명???? 아무리 찌껄여도 국민을 속이지는 못할 것이여????,0
1945,165,나베야~~ 올해는 '2025 국썅대상' 지키기가 어렵겠다.  빵진숙이도 있고 특히 강력한 수상후보 거니가 있어서...  분발좀 해봐라 입만열면 국민들의 기분을 잡치게하는 희안한 재주를 가지고있잖아~~,0
1946,165,"나경원은 윤석열,김건희 대변인이냐??? 남편은 실제 뒷배고",0
1947,165,(미치광이 내란수괴)윤석열 면회간~ 울산남구을-김기현 &amp; 나경원...내란 동조세력들~ 너희먼저 사퇴해라.,0
1948,165,나경원 너는 윤석열 대변이이냐? 내란범죄자를 옹오 왜 하는데?,0
1949,165,"나베 자위대행사 참석,주유비5천,계엄때 석열이와 통화,빠루 선진화법위반 재판6년,자식문제 등등",0
1950,165,이런건 개소리고 ------- 추경호 유죄나오면 100%…'국민의힘' 해산 피할수없다 의원들 전원 내란동조로 봐야한다 유죄나오면 3일밤 국회로 안오고 당사에서 시간때우기한것들이 국민의힘당이다 해산이 답이다 100% 유죄 나올겨 국고 세금도 700억 압수하라 당사 압수  -------  나경원   내란밤  윤돌이랑  무슨 통화  뻔하지 윤돌이  성격에,0
1951,165,"됏고,.. 꽁이나 까 드셔.재명이가 어쩌니, 대장동이 어쩌니.. 부들부들 말고,, 그래서 굥은? 굥 마누라는?. 어제 뉴스 보고 낸 정말이지 놀랬다. 저것들 권력을 위해, 외환, 즉,북한을 물리적, 심리적으로 도발하여 전쟁을 일으키려 했다는거..와! 진짜 다시는 세상에 나오게 하면 안됨, 지금 태평성대가 너것들은 배 아픈거잖아..  못묵고, 못사고, 못입고, 집값도 엄청 올라,, 뭐든 망해야 너것들은 좋아 하잖아. 진심 국민을 걱정하는게 아니라..너것들 자손만대,,. 권력해처물라고 하는것에만 몰빵이잖아... 이게 팩트이지 싶은데..",0
1952,165,나빠루는 내란과 국정농단의 공범이 확실해 보인다. 드럼통 장만해 놓은 것 부터가 이미 범죄스타일 썩열이의 누이동생 같아 보인다.,0
1953,165,쌍판때기가 철판인가 아직도 저러고 있네,0
1954,165,오선 이미지 나락!!의견 불일치면 막 대드는 무식한 동작 아줌마 할매!!,0
1955,165,이재명 지키겠다고 ..사법 시스템 바꾸려하고....항소 못하게 하고.....회수할수 있는 돈 7886억 포기하고......니들 다 같이 나눠 먹은것 아님??? 그렇치 않고서야. 포기 할수 있남?? ..환수하면  세금인데,0
1956,165,나베 볼 날도 얼마 안남았어 꼴 보기 싫어 도 참자,0
1957,165,"공수처장 은. 나경원. 아들딸. 입시비리.   범죄행위. 명확한대.  덮은. 검찰과.     
   청탁한 나경원. 다시 재조사. ?",0
1958,166,더불당은 이전 대통령 취임하고 일주일도 안 되어서 탄핵 이야기 하셨던 걸로 기억하는데..내가 하면 로맨스 남이 하면 불륜인가요?,0
1959,166,단군이래 최대 비리사건~~대장동.개발이익금 전부 회수 하자.,0
1960,166,,0
1961,166,장동혁이 뭐하노? 그 겨울 어려운 시절 살린게 극우라며. 전한길이라며. 극우 데리고 탄핵 꼭 시켜라. 그럼 다음 대통령은 너다.,0
1962,166,거짓과선동 덮어씌우기세상 윤대통령님 여사님 국가와 애국국민들위해 힘네시길기도합니다🤣🤣,0
1963,166,국민들은 대장동 저수지 관리자들을 버렸다. 더이상 국민 운운하며 국민팔이하지마라. 위정자들아,0
1964,166,조선은 국짐당 비호언론으로서 없어져야함.,0
1965,167,북한에서 불난걸 왜 기사에 쓰네? 어쩌라고? 그거 알아서 머하게?,0
1966,167,대한민국의 주적놈들 불나건 말건 이걸 기사화 해야 하나?  노예 착취한 신안 소금 수입금지 같은건 좌파 방송에서는 아예 보도도 안하지.  불과 2주전에도 신안 염전 노예 사건 있었는데 그건 눈씻고 봐도 없네,0
1967,167,북돼지 죽은거 아니면 기사쓰지마,0
1968,167,참 이런걸 기사라고 평양 중심서 불이 나건 불꽃 놀이를 하던 뭔상관인데..미사일 쏜거나 제대로 파악하고 보도 해라..,0
1969,167,(개)거지 독재 비정상 국가,0
1970,167,하루속히 양산 평산마을 한가운데 문재앙과 찢대통령께서는 탄식과 위로의 뜻으로 북으로 찾아가야 되것네,0
1971,167,ㅋㅋㅋㅋㅋㅋㅋ 디지든지 말든지,0
1972,167,뭐 어쩌라고,0
1973,167,이런거 간첩이나 궁금하지. 한국인들은 안궁금함.,0
1974,167,아~ 불이 나던지 뭐 북한일대를 다 태워 먹던지... 알아서들 하라고 냅두면 그만인것을 왜 또 기사화 하는 것인가?? 왜 또 국민 세금으로 뭐 돈이며 쌀이며 이것저것 지원해 줄라고??? 세금가지고 장난치지 말거라~!!,0
1975,167,불타던가 말던가 김영남이 뒤지던가 말던가 뭔상관 ?,0
1976,167,싹다 타 ㄷ 져도 괜차나,0
1977,167,"제목이 뭐이리 책임감도 없고 친구한테 말하듯이 썼냐
편집부 수준 낮네",0
1978,167,,0
1979,167,"혹시알아. 내용을 모르고 넘어가면
쳐들어올수있잖아 생각을을해라",0
1980,167,알빠노,0
1981,167,북한 불난거를 어쩌라고 시28,0
1982,167,그래서 어쩌라고?? 국내 사건도 정신없다,0
1983,167,민주당 : 우리가 도와줘야겠네요. 예산 100조 준비 합시다. 개돼지들 돈 끌어모아보세요.,0
1984,167,뭘 어쩌라고 대한민국 수도인 평양에 불 났으니 안타까워 해야 하는거냐?,0
1985,168,대장동 원흉이 누구인지 국민들은 다안다 석고대죄하십시요!,0
1986,168,이게 나라인가 대장동의 머리는 누군지 정상적 사고방식 국민이면 다알탠데 ㅋㅋ,0
1987,168,그냥 저것들 끌어내야 되는거 아닌가 사법무력화가 되면 공산주의와 뭐가 다른가 지금 법앞에 평등한가,0
1988,168,배급견들 지령 받고 왈왈왈  그게 뭐 어때서? 7400억은 가능하고 명품백은 빽  둘다 나쁜거지 어느건 착한거냐? ㅋㅋㅋㅋㅋ 그래서 김건희도 조사 받는거고 윤석열도 빵 들어가있잖아?  그럼 이제 항소 포기건도 특검 가야,0
1989,168,"여당이나법무부나 대통령실이나
최고야비한짖했다일반인도  항소포기해라",0
1990,168,"이나라에 대통령은없다
  잡범많이 존재할뿐",0
1991,168,윤석열 석방할때는 항고 안하더니????,0
1992,168,구형량보다 더 나왔다더만 다시 항소하면 몇년 구형할려구?,0
1993,168,특별한입장 없는게 아니라 괜히 입털었다가 걸릴까봐 아닥하는거지 뭐 ㅋㅋ 대변인수준보면 그냥 줄줄이 말할까봐 무서워서 걍 입닫고있는거지 ㅋㅋ,0
1994,168,"윤석렬 석방 때 조용하던 정치검찰, 표적수사 대장동 사건에는 개거품 무네. 정치검찰의 선택적 반발이 역겹다. 정치검찰들 발본색원 하라",0
1995,168,이번에  확실히 윤석열이 쫄따구 정치검찰들  모조리 사퇴시켜라. 극우언론들  뒤에 숨어서 내통이나하고 아직까지 윤석열이 하는짓이랑 똑같네,0
1996,168,이재명이가 직접 지시했으니까! 특별히 할말이 없지~,0
1997,168,침묵은 인정한다는 뜻..그리고 아니라고 거짓말하는것도 이제 질려버린 K-사기꾼 이재명.... 사과 시장 미국에 개방하기로 해놓고 사기친 이재명...,0
1998,168,범죄자 독재정권을 탄생시킨 전라도 인간들의 입장(???)을 듣고  싶다........ㅉㅉㅉ,0
1999,168,찢의 담대함..난..돈만 챙기면..된다..,0
2000,168,죄명이는 속으로 파안대소하겠지 이게 기사냐,0
2001,168,일각이 아니라 거의 모두가 들고 일어난 것 같은데.,0
2002,168,이 재 명 탄 핵!!!!!!!!!!!!!!!!!!! 여러분 집회에 나오십시오 민중봉기 시작해야합니다,0
2003,168,현지가 시켰네,0
2004,168,대장동 설계자 이재명이 항소포기로 국고로 들어갈 돈이 적어지고 범죄자만 좋은 상황이 되었는 데 대통령이 관심을 갖지 않고 또 내란몰이로 시선을 돌린다!! 대장동 관련자 다 불러서 생중계로 재판합시다!! 진짜 내란만큼 이재명관련된 범죄때문에 범죄나라에 살고 있나 싶을 정도로 스트레스 받습니다!!,0
2005,169,내란에 대해서는 침묵중...니가 부산에서 한 일을 다 알고 있다!!!!,0
2006,169,너 부산 저축은행이랑 관련있나?,0
2007,169,"너도 감방에있어야할자가 개검보호아래 할것은 다하고
있는것임을 하늘과 땅과 너자신은 알고 있지",0
2008,169,"본인 걱정이나 하시지요~~~
모르는 사람이 들으면 귀하의 말씀이 맞는줄 알겠습니다~~~
성남시에서 손해배상소송하겠죠~~~  뇌물은 추징금은 부과됐고~~~",0
2009,169,,0
2010,169,"자기 죄를 없애기 위해 나라 전체를 방탄판으로 삼고 있는 찢과 찢정권, 그 앞잡이들 모두 영원토록 크게 고통받길 바란다
이리도 이기적인 정권이 또 있을까? 난 지금도, 앞으로도 없을 것이라 본다",0
2011,170,혼자 잘 논다 ㅋㅋ,0
2012,170,저 나짝 치워라 토 나온다,0
2013,170,"이 면상 기사 올리지마라
독자도 저 얼굴  안 볼 권리 있다",0
2014,170,전과자들만 정치하냐?,0
2015,170,이나라 법은 길바닥에 굴러다니는 쓰레기만도 못한 듯. 진정으로 범죄자 전성시대다.,0
2016,170,"축    민주당, 혁신당 두당 모두 전과자들이 설치게 되었네..",0
2017,170,조국 개인당 아닌가??,0
2018,170,국회의원도 탄핵시킬수있어야돼!,0
2019,170,참... 기사를 올리지를마라 어제는 후보나간다라고 띄우고 오늘은 단독후보 혁신이 덜 된당은 인재도없고 혼자서 자화자찬하는듯 .. 보기싫은니 듣보잡으로올리고 내려라 ....,0
2020,170,1명 뽑는데 1명 후보면서 무슨 도전이야,0
2021,170,범죄자들 세상이구나 말세다,0
2022,170,기괴한 당..,0
2023,170,혼자 북치구 장구치구 다 해처먹어라. 그 당에서 겨나오지만 마라.ㅋㅋ,0
2024,170,,0
2025,170,혼자 쳐 올라오는데 후원금은 왜 거둠? 그동안 책팔아주고 후원해주고 영치금 넣어주고 딸래미 화장품도 팔아주고 그 돈은 다 어디감??????? 재산이 없는거도 아닌데 항상 조딴지는 뭐 자꾸 사주고 입금함 ㅋㅋㅋㅋㅋㅋ,0
2026,170,혼자치는 고스톱인가?,0
2027,170,어이구 사람이 어쩜 저리 될수가 있는지 도저히 이해가 않된다 어쩌면은 저런인간 될수가 있을까요,0
2028,170,수령님 추대 축하드려요,0
2029,170,그냥 북한식,0
2030,170,유일 수령 체제,0
2031,171,재명아 뭐하노.. 뺠리 대장동 우두머리가 누구지 특검 해야지,0
2032,171,"임 마. 네뇸이 시켰지? 7800억. 안 뺏길려고.
   도독뇸.!",0
2033,171,"법무부 ,대검 , 대통령 비서실  이래도 되나. 김만배 일당 7,200 억 부당 이득 환수를 막아버렸다.  이정도면 이재명 정권의 도덕성은 완전히  붕괴되었다고 봐야지요. 도덕성 상실한 정부를 누가 믿고 신뢰할까요.  망하지 말래도 스스로 무너질겁니다.  두려움을 모르는 뻔뻔한 정권  그저 놀랍기만 합니다.",0
2034,171,사기꾼  다중 범죄 전력자  다중 범죄 피의자가  대통령을 하고 있으니 잘 될리 만무한 일   이넘이  헌정 파괴의  근원이다   법 위에 국민 위에 군림  패악질 일삼는다 속히  끌어내야,0
2035,171,항소포기? 직무유기다 탄핵감이다,0
2036,171,민주당 뿐만 아니라 대통령실 마져 정신병자 집단이 되었구나!,0
2037,171,"이놈은 항상 이런식이지... 남을 시켜놓고 저는 발빼고 "" 정진상이 했나? 나는 모른다 기억이 없다.! "" 사악한 혓바닥만 놀리는 놈.",0
2038,171,,0
2039,171,네팔국민은 위대하다!,0
2040,171,개가 웃는다,0
2041,171,범인이너란걸다아는대 두렵지않은가,0
2042,171,"찢짜이밍
입으로 대장덩 설계 본인이
했다고 떠들고 다녔는데?? 빵에 백만년, 재산몰수.",0
2043,171,"대장동 일당 판결문에서 리짜이밍 이름만 300번 넘게 나왔는데, 이래도 흐린 눈 한다고?ㅋㅋ 국민을 개bs으로 아는거지. 벌구 sg들은 당장 끌어내려 국립호텔에 쳐 보내야된다",0
2044,171,"임기내내 싸질러 놓은 똥치우느라 정신없을 것이다. 이제 겨우 대장동 게이트  한건 해치웠다고 안도하는 모양인데, 어떡하냐? 똥물은 사방에 튀어서 냄새는
진동하는데 진짜 똥벼락 맞을 날이 반드시 올것이다.",0
2045,171,눈가리고 아웅이고 손바닥으로 하늘을 가릴 수 있니.,0
2046,171,"gae ss gg....    깡패 석열이도 나쁜 놈이지만, 이 놈은 100배 더 나쁜 놈이다... 속으로 빙긋이 웃고 있다....내가 어떤 놈인데 잡혀 들어가? 택도 없다....",0
2047,171,"어이 개죄명이재판받아라. 파렴치범 넘이 재판회피 하려고 꼼수 부리지말고 좋은 말할 때 들어라, 국민이 절대 용서 안해",0
2048,171,세금이 조단위 가까이 없어졌는데 이게 국정이 아니면 뭐임?,0
2049,171,현지하고 노느라  국정 현안 챙길 시간도 없냐....,0
2050,171,이재명 이 ㄴ은 널 이렇게 해왔지  민주주의 법치주의를 무너뜨리는 ㄴ이다. 국민들이 일어나야 한다,0
2051,172,개  소   리   ..................  국민의짐당....   정당 해산 신청해야 합니다~~~~~~~~~~^^,0
2052,172,ZRB하네 느그 내란외환 수괴암수나 면회가든지,0
2053,172,내가 너희들 에게 진심의로 궁굼해서 묻는건대 말이다 ?  검찰구형 보다 판사가 내린 실형이 더 높게 나왔잖아 ?  그럼 1심 수사을 하였던 검사들이 항소을 한다는 이야기 인대 그럼 항소 이후 판사가 내린 실형보다 더 높은 형량을 요구 하겠다 는 것이니 ? 그게 아니면 항소 이유가  판사가 내린 실형이 구형보다 높아서  판사가 내린 실형에 대해서 항소 하겠다 는 것인지 그것좀 답 해주는게 우선 아니겠니 ?  항소 이유가 무엇인지 그 이유좀 밝혀줄래 1심보다 높은 구형요구 한다면 그것은 1심 수사가 잘못 대었다는  애기잖아 !!,0
2054,172,꼬우면 106석으로 특검발의히보시던가,0
2055,172,,0
2056,172,,0
2057,172,내란당을 해체해라.내란당을 해체해라. 내란당을 해체해라,0
2058,172,"이 사건의 피의자로 이재명은 없다. 즉, 이재명과 아무상관없는 재판이다. 그리고 2심은 열린다. 유동규가 항소했기 때문이다. 왜? 검찰이 구형한 처벌보다 높은 판결을 받았으니깐. 따라서 검찰이 저러는 건 그냥 언론 플레이일 뿐이다. 이 기회에 저것들 싹 정리해야 된다.",0
2059,172,내란당이 발광한다?  &gt;&gt;&gt; 옳은 현상이 발생함.,0
2060,172,"와 정말 잘한다. 공정과 상식의 대한민국을 지키는 국민의 힘 화이팅!! 근데 설마 검찰총장, 법무장관 따위가 이 일을 시켰겠어? 용산에 앉아있는 그 X이 시킨 거 아냐? 그 놈의 사랑때문에 쿠데타도 하고, 계속 왕노릇하려고 노아의 방주도 실제 해 보려고 한, 빵에 있는 고독한 미식가 빤스수괴를 지키는 우리 국민의 힘답게 용산으로 바로 가라고. 또 알아. 용산가서 난리부루스 치면 입틀막도 당해야 2대남, 어리신들이 좋아하지. 아니면 의왕 빵에 단체로 가서 엎드리면서 큰 소리로 고독한 빤스수괴한테 단식농성이라도 하라고 소리라도 치든지",0
2061,172,내란 매국 바퀴벌레당 원내 대표는 저 아무말 수괴 송가 정도 되야 하는 거다! ㅎㅎㅎ,0
2062,172,시끄러!,0
2063,172,사퇴를 왜하냐 이 멍충아,0
2064,172,대통령지지율이 상승하고 코스피는 계속해서 상한가치고하니깐 정치검찰이랑 네거시미디어랑 바퀴벌레당 인간쓰레기들이 아주 작당하고 총궐기를 하는구나 대가리들이 아메바만도 못한것들끼리 저리 모여있으니 앞날은 안봐도 훤하네 언석아 너도 곧 내란수괴굥옆으로 갈날이 머지않았다 햇볕을 실컷 만끽해라 앞으로 세상빛 구경못한다,0
2065,172,"대장동 항소포기 집단항명한 떡개검찰, ' 이중잣대 '에 국민들 분노 ?? "" 윤석열 석방 때는 ?? ""  다시 거리로 나가는 제정신이 아닌 그 떡개검찰수준의 국민의힘 ?? 검찰 자살했다는 그 수준의 윤석열 시다바리.조무래기였던 깐족 한뚜껑, 윤석열 석방땐 "" 당연 "" ~~ 심우정 '즉시항고' 포기엔 ??",0
2066,172,짐심이냐? 독립기관인 대검의 판단을 법무부에 가서 따지겠다고? 야당 대표 수준 하…,0
2067,172,내란당은 언제 해산 시켜냐 저런것들이 아직도 무슨 국회의원이라고 하냐 국민은 안중에도 없는 오로지 윤어게인과 정쟁만 할뿐 더러운 썩은잡것들 다 제거 해야 하는 암덩어리들,0
2068,172,유동규가 검찰 의 협박과 회유로 정진상에게 줬다는 거짓말  협조 잘해줬는데  지들이 구형 한것 보다 더 많이 나오자 당황 .유동규 열받아서 사실대로 다 실토 할수도 있거든.친윤 검찰들과 조작했다고 .떵줄 타거든.윤석열 지시 한동훈 법무장관 하명.기획수사다. 윤수괴 검찰들 이재명 엮어서 제거 하려 했는데 뇌물 받은게 없거든.그래서 배임죄로 다시 기소 .정말 천벌받을 윤석열 과 김건희 한동훈.정영학 녹취록에 천화동인 유동규 거라고 노래방 녹취도 있고 남욱이 협박당해서 검찰임시킨대로 한거라고 자백했다.강백신 검사등 .니들 조작 검사들은ㄱ,0
2069,172,얌마 굥돼지 항소포기할때도 이랬어야지 웃기는 놈들이네. 나라를 거덜낼놈들.,0
2070,172,검찰구형보다 높게 선고되었구만~~~유동규 형량이 올라서 그러냐???,0
2071,173,좌파넘들아.   부끄럽지  않냐...사람이라면   수치심 을  좀  가져봐라.,0
2072,173,언어폭력? 민주당 좌파들이 예전부터 늘 하던짓이잖아요,0
2073,173,ㅋㅋㅋㅋㅋㅋㅋㅋㅋㅋㅋㅋㅋㅋㅋㅋㅋㅋㅋㅋㅋㅋ윤석열 대통령때는 시도때도 없이 탄핵 탄핵 탄핵 거리더니 이제는 탄핵 사유가 명백해서 탄핵한다 해도 무슨 정쟁 위한 언어 폭력? ㅋㅋㅋㅋㅋㅋㅋ양심이 있는거냐? 민주당 의원들이나 지지자들이나 똑같다 똑같아 양심없기는,0
2074,173,취임전부터 탄핵을 외치며 탄핵설계를 하던 정당이 있다??,0
2075,173,"항소포기로 이 돈들은 고스란히 대장동일당 수중에 남게됨 



민사로 받으면 된다는 개소리는 형사에서도 항소포기한 금액을 

민사에서 받기는 하늘의 별 따기임 



인생은 대장동처럼ㅋㅋㅋ",0
2076,173,"역대 대통령중에 덕이 없고 재주가 없으면 벌어지는일.문재인,윤석열,이재명이 당선된다",0
2077,173,웃기고 자빠졌네,0
2078,173,아이구 동혁아~이럴때 힘든 셔민이나 돌봐라!너거 국힘당은 천날만날 이재명 죽 이 기 하다가 세월 다보낸다!iq가 70도 안되지싶은데!,0
2079,173,이재명 엮을려고 가즌 애를 쓰는 내란당이 전부 범인이지ㅡㅡ개검 개판사 지귀연 조희대 내란당은 한몸,0
2080,173,"약하다...머리도 깍고, 밥도 굶고 총궐기해라...되지도 않는 소리 입으로 씨부리지만 말고..",0
2081,173,"개검이 권력두려워 한적 있었나ㆍ지검장이
항소하고 사퇴했어야지ㆍ 비난일자 개소리하고
내란당놈들은 얼씨구 물만난고기처럼 지랄한다",0
2082,173,"민주당 너희들 놀아?~~ 국민들이 저런것들하고 놀지 말고 없애라고 정권 만들어 줬더니~~ 놀아??
왜 국민들이 저런것들 봐야해??? 계속이러면 너희도 국짐이랑 같은 넘된다~~",0
2083,173,이재명은 왜 저렇게 무리하게 저럴까? 자신이 유죄를 인정하는 꼴!,0
2084,173,꼬ㄹ까ㅂ들 떤다!....국짐당것들아!~~제발 일 좀 해라~일!~,0
2085,173,장 이놈은 수준이 쑤레기라서 하는 짓거리도 그 수준이여  참..,0
2086,173,"폭주하는 거대여당 민주당에 아무런 대안과전략도없는 한심하고 무능한 국힘당..가짜보수양자 윤석열이 통째로 말아먹은 보수집안의 재건은 극우화되어가는 한심한국힘당은 도저히 불가능하고 민주당이 가장두려워하며견제하는 범보수의 검증된 미래지도자 필승히든카드 개혁신당 이준석만이 가능하다..세계초일류 과학기술강국 제2의 대한민국부흥을 설계하며 2030미래세대와 중도와수도권에 소구력이 강력한 전투력 일당백 이준석을 항상 응원하고 지지합니다..진영내 싸움만하는 국힘당은 제정신차리고 부정선거,윤어게인 늪을 건너지못하면 10년이내 보수정권창출 힘들다.",0
2087,173,이재명 탄학전  단순 참가자 라도 내란 참가자 전원  사형 시키면  이재명  탄핵하든 말든,0
2088,173,작년에 대통령한테 비상계엄을 선포해서 민주당의원년놈들 싸그리 제거하고 비상계엄을 해제하하였으면 지금과같은 상황은 안OOO고 이재명의 특혜는 없었을것이다 .윤대통령님도 내가시키는대로 할것을 굉장히 후회하실것이다.,0
2089,173,"뭐라고 씨부리 쌋노?
해산되어야 할 정당이.",0
2090,173,"언어폭력이면 당장 수사,구속하고 제거해랑께.힘 좋을때 독재로 가는길에 걸림돌 있다면 장대표 죄옭아서 제거해야 않겠나?? 왜 못하면서 외곽에서 변죽만 울리고 주디 말만 많은가.타칭 국짐이 두려운가??당장 수사하고 잡아서 집어 넣어라.나라가 어찌 ㅍ바다 되는지 보고 싶네.구킴 국개들은 초재다선 할거 없이 이런 망나니 카ㄹ 춤에 멈칫대는거 보면 혈세도 아깝다.",0
2091,174,,0
2092,174,그짓을 해놓고 치맥을 쳐먹네,0
2093,174,,0
2094,174,개검놈들의 마지막 발악.........   애잔하다.. ㅉㅉㅉ,0
2095,174,,0
2096,174,사퇴해서 될일이냐 깜빵 집어넣고 웃 데갈통도 잡아 주겨야지,0
2097,174,,0
2098,174,"조작, 협뱍 회유로 감방가게 생긴  친윤 검사들이  항소포기로 쿠테타 중......국짐은 특검은  자기네가  불리하니 무서워서 절대 못하고,   국민만 선동해서 선거에서 이기겠다고 착각하고.... .국민들 안속는다... 민주당은 당장 대장동 특검해서     한동훈, 친윤검사들 피의자로 만들어라...아마 주진우까지 피의자가 될것....윤석렬 항소포기, 구속취소 땐 침묵하던 것들이......이재명에게  수백명 검사 붙이고, TF까지 꾸리고, 압색 400번에  친구 이혼한 전처까지 수사한  정치검찰.....내란우두머리도 이렇게는  안함.",0
2099,174,송언석 이놈 참 한심한놈이다 진실이 하나도없는 인간들! 어쩌면그리도 뻔뻔하냐? 너희들는 지금 국민들을 기만하고 있는거다.,0
2100,174,"윤가 구속취소는 왜 가만히 있었나?
검찰 해체해라 !",0
2101,174,ㅉㅉㅉ 싸이비내란 썩은 집단 악취가 진동을 하는구나...,0
2102,174,항소포기한거 내란의힘이나 검찰한데 유리해서 그런거 아니냐...짜고치는 분노냐..남욱배를 가른다느니 앞으로 이재명 대통령 악마화한것 하나하나 들어날것 같으니 저러는구만...송언석이 항의방문 실컷해라...윤가 항소포기할때는 잘했다고 입다물고 있더니만...하는짓이 내로남불의 끝판왕 내란의힘 해체가 정의 구현이라본다..,0
2103,175,형수막말정당도 있는데 범죄자야,0
2104,175,현수막 민주당이 제일 많이 달거든...  폐기물 쓰레기 생산 1등 민수당 현수막,0
2105,175,바쁘실텐데 구석구석 챙기네  현수막까지 신경쓰시고  니욕달릴까봐  이젠 현수막도 못달게하냐,0
2106,175,울 동네 현수막은 좌삐리들거만 득실거리더라 여기좀 청소 시켜라  죄멍아,0
2107,175,현수막 선동의 최고봉은 더불당이다 ! 대통이란 자가 별걸 다 시비네. 남 신경 쓰지말고 니 재판이나  빨리 받아라 !,0
2108,175,그래도 단속해야 한다   초딩도 안쓸것같은 문구로 국민들을 우롱하고 현혹시키는 정당이라는 그늘에 숨어 야비하게 이나라를 휘젓는 놈들은 처벌받아 마땅하다,0
2109,175,"이재명은 범죄를 숨기는 자가 아닌가요, 온 국민을 속이는 아주 질이 나쁜사람 아닌가요",0
2110,175,"뉘이이미라랄 ~~중랑구엔 서돼지가  택도  아닌거를 달고, 혼자 도배질  하더만 ....",0
2111,175,진짜 국힘 현수막으로 명예훼손하고 혐오 발사하고 거짓말하고 남의 공 가로챔 ㅋㅋㅋㅋㅋ지긋지긋하니까 선거 기간 외에 현수막 못 달게 해 좀.,0
2112,175,야!!  니들은 있는 특혜다 누리고 이제와서 재롤들이냐?? 이게바로 내로 남불이야..,0
2113,175,시대가 어느땐데 현수막이냐 그냥 공해물이다 여야를 막론하고 다 철거했으면...,0
2114,175,오랜만에 맞는말 대잔치네 ㅋㅋㅋㅋ 좌우 막론하고 현수막 진짜 공해수준임. 양당이 다 그러니 잔잔바리 정당들까지 합세해서 어휴. 진짜 다 철거해야함.,0
2115,175,얼마나 지은죄가 많으면 저리도 꽁꽁싸메냐 전과4범 도둑놈 사기꾼을 올려놓으니 이런 꼴을 보는거다 이게 나라냐,0
2116,175,진심 어린애들이나 외국인에게 보이기 부끄러운 이상한 말에 혐오발언 쏟아내는 것 좀 멈춰주세요,0
2117,175,전과 있고 아직도 재판 진행중인 놈이 대통령 하는 나라도 있더라,0
2118,175,면상봐라 관상은 과학이다,0
2119,175,"ㅋㅋㅋㅋㅋ.
왜??


너의 실체가 까발려지는게 싫어??",0
2120,175,국민막말 일절 못걸게 법으로 박아야 ! 현수막 내지 프래카드 없어도 언론 통해 보느고 듣는것 만으로도 싫증난다. 까놓고 국민 눈에는 정당 정치인 홍보물 지겹다.,0
2121,175,그러게 진보당의 혐미 문구 현수막 보면 토 나오는데 ㅠㅠㅠㅠ 우리 대통령님께서 이런걸 고려해주시는 구나 ㅋㅋㅋㅋㅋㅋㅋㅋㅋㅋㅋㅋㅋㅋㅋㅋㅋㅋㅋㅋㅋㅋㅋㅋ,0
2122,175,악용하면 민주당 아닌가요 줄탄핵이 대표적인 악용 아닌가요 이재명이 악용이라하니 웃기는군요 허 참,0
2123,176,"국힘 추경호 체포 영장 정당하다 국힘 불체포 특권 폐지 법안 발의하여 대한민국 미래의 희망이 되어주길
내란 특검 추경호 체포 영장 발부 정당하다 내란 우두머리 항고 포기 그 때는 왜 어필 하지 않았나 김건희 주가 주작 불기소 무협의 그때는 왜 조용했는가? 강력하게 말 못했는가 국힘",0
2124,176,아 이 어이없는 녀석들. 내란당 니들이 죄다 사퇴하고 깜빵으로 가야지.,0
2125,176,내란당 더이상 놀랍지도 않다....,0
2126,176,윤통   풀어준     판검사는   니네  편이니  ???   니들부터  잘했어야지,0
2127,176,똥개가 짖는다고 달리는 열차가 멈추던.....?,0
2128,176,송언석이 남부판결때 법정구속하지 않을까 싶다? 하는꼴보니,0
2129,176,대통령 탄핵은 국회의원 과반수 동의로 발의되는데 국힘당 의석과 개혁신당 의석만 가지고는 어림도 없을 듯,0
2130,176,내란당은 대장동 사건을 정치검찰과 조작한 주범입니다. 성남도시개발공사의 비리를 마치 이대통령이 지시한 것처럼 조작한 국민속이기 짓이었습니다. 이 사건의 범죄자 놈들이 무슨 말할게 있다고 씨부리노? 새로운 검찰은 내란당과 정치검찰의 조작 음모 건에 대한 수사를 해야합니다,0
2131,176,곽상도 50억 어떻게됫냐?,0
2132,176,"전군부독재,윤검부독재의 걸면걸리는게 법이라는것을 악용한 정적숙청용기소폭주,부부범죄틀막용계엄 사형타당,80년대괴물방생우려로 국힘은 2050년까지 야당",0
2133,176,지시한  윗대가리들은  탄핵이다 ----- 탄핵 가즈아~~~~~,0
2134,176,"썩열이 구속취소, 항고포기 가만히 있던 내란열사들 또 격앙들하시네ㅋㅋㅋ",0
2135,176,트럼프가 원하는 한국의 관세 협상은 이재명이 자리에서 내려 오는 것이다. ..이재명이 잘한다는 배급견 분들.. 수령님이 배급을 준다고 하더라도 그 배급이 나와도 언제까지나 나올거라고 보는 것인가.. 북한만 봐도 배급 끊긴지가 50년이 넘었다.. 수령님이 배급줄 필요가 없다고 생각 된다면 당장 안줄것. 그때는 풀뿌리 캐먹고 살것인가.,0
2136,176,"OOO 검찰놈들..., 꽁자에 술만쳐먹어서 이제 머리도 딸려 하는일마다 전부 하자투성 되는일 없다.",0
2137,176,대장동 저수지는... 범죄집단의 자금유통경로 로 사용되었음을 보여주네요.. 배후에 막강한권력은 누구가요 ?????,0
2138,176,이건사퇴로 끝낼일아니다 어마하게 큰사건이지 줄사표 줄탁핵.,0
2139,176,사법부 독립 어쩌구 하던 것들이 지덜 입맛에 안맞는 판결 때리면 때려부수고 항의방문 ㅋㅋㅋㅋㅋㅋㅋㅋㅋㅋㅋㅋㅋㅋㅋㅋㅋㅋㅋㅋㅋㅋㅋㅋㅋㅋㅋㅋㅋㅋㅋㅋㅋㅋㅋㅋㅋㅋㅋㅋㅋㅋㅋㅋㅋㅋㅋㅋ,0
2140,176,소수정당이 의미잇냐? 윤석렬 버리면 이길수잇다 바보들아,0
2141,176,"넌 빠져라.
  한동훈 최고다",0
2142,176,심우종이가 윤석열  상고  포기  했을  때는  아무 말도  못 한 것들이 이제는  발악을 하는군,0
2143,177,"심우정때 좀 그리해보지
내로남불당 은 그만짖고 수사나 받아라",0
2144,177,"이참에 50억 클럽 조사하자~~
 뇌물당 씨를 뽑자!",0
2145,177,"송언석 말잘했다 심우정 윤석열 구속,취소할땐 국힘에선 뭐라고 지껄었던가",0
2146,177,ㅋㅋㅋㅋㅋ 화천대유 곽상도 50억 무죄줘 놓고 국힘이 찾아오는건 너무 정치쑈 아니냐?,0
2147,177,내란당아 대장동 특검해라~~~ 특검은 죽어도 찬성 못하지. 유동규 회유가 밝혀질테니,0
2148,177,"야?  국짐당 놈들아  윤빤스 탈옥때,김거니 핸드폰 반납하고 조사하는척하고 무혐의 때릴때도 지금같이 해보지. 그때는 꿀먹은 벙어리처럼 가만히 있더니 지금은 🐕 난리냐!",0
2149,177,"구형보다 형량이 배가되는데 뭔항소를하나?
형량낮춰 달란말이네.",0
2150,177,"내란선동질하고도 모자라 대검까지 가서 난동을 부리네.
하옇튼 좀비보다 못한 인간들 같으니..",0
2151,177,"대장동도 특검하자 국힘아~~
결국 몸통은 윤석열
조작검사들도 모두 처벌 받자",0
2152,177,털어도 털어도 안나오니 항소 포기하는게 합리적인 판단 아닌가? 지금 몇년째 수백명이 털고있는데 이정도면 포기하는게 합리적인 수순이다,0
2153,177,국짐 내란당 쟤들는 저게 저래 종료되면 더이상 이재명정부 발목잡을구실이 사라지기때문에  저러는거야 ㅉㅉ,0
2154,177,도대체 언제까지 내란패거리들 저런 행패를 봐야 하는가..쌍판때기에 철판을 깔았네..,0
2155,177,특검해서 확인하면 되지 그치? ㅋㅋ 니들이 열심히 파봐.....쓰레기 당에서 꽤나 나올듯 싶은데...,0
2156,177,"니즐이 뭔데 대툥령을 사퇴하라마라 하는겨?? 윤석열 항소 포기때는 안도의 한숨을 쉬었을텐데-
...헛소리좀 그만하시지요!! 남탓만하는 국힘당",0
2157,177,내란국짐당은 해산하라.,0
2158,177,"근데 업자들한테 7,000억 이득을 거의 확정지은 행위나 다름 없는데... 좌파들은 이래도 지지하는구나... 진짜 무섭다...",0
2159,177,대장동 특검하자  국짐당 50 억 처먹은 넘들은 무죄고 조작한거 나올까봐 무섭지,0
2160,177,"모지리들~ 나희 권력있을때 압색 백번넘게, 재판 수십회 했는데 왜 못 잡았냐? 썩렬거니는 반년만에 비엔나 쏘세지인데~~ㅋ",0
2161,177,국짐당 놈들아 ! 김건희 안가조사특혜 윤 썩열 구속 날이아닌 시간제로 풀어준 검사들 한테 찾아가서 좀따져 보시지들 B S,0
2162,177,국짐내란당 너무 속보인다. 그래서 니들은 안된다. 정치쑈,0
2163,178,ㅋㅋㅋ 할배. 그냥 이재명 다리 밑을 기어. 그게 나아.,0
2164,178,"한동훈 그동안 많이 참았다. 코박홍 예전부터 인신공격까지 하며 한동훈 공격했는데, 한동훈이는 한마디도 응수 안했다. 당 선배로서 예우를 해준거지. 그런데 코박홍은 한동훈이를 왜 그런지 몰라도 무슨 일 있을때마다 엮어서 공격하더라. 뭐 저런 사람이 다 있나 싶을 정도였다. 혹자는 열등감에 쩔어서 그렇다 하고, 혹자는 가장 강력한 경쟁자라 그렇다 하는데, 어떤 이유인지는 모르겠으나, 코박홍은 한동훈 스토커 마냥 너무 집요하고 추잡스럽게 한동훈을 공격하더라. 이제 더 이상 참지 못한 한동훈이 한마디 했네 ㅋㅋㅋㅋ 속이 다 시원하네 ㅋㅋ",0
2165,178,홍준표  이놈이 완전 맛이 갔네?,0
2166,178,준표야 제발 좀 사라져라 꼴통 이미지 때문에 맛이 간지 오랜데 또 질퍽되네,0
2167,178,모르는 사람이 봤으면 홍준표는 민변 출신인 줄;;,0
2168,178,한동훈은 그래도 전과4범 이죄명을 향해 전과자 취급하면서 공격이라도 하느데! 홍은 죄명이 하고 밀약 때문에 공격도 전혀 않고 있는걸 보니! 지난 대선때 차기 총리설이 항간에 회자되고 또 홍 지지자들 까지 죄명이를 지지선언한 것을 보면 항간에 밀약설이 상당히 설득력이 있네! 그리고 그 이후 홍이 단 한번도 죄명이를 공격하는것을 못받다! 보수의 혜택을 제일 많이 본 사람이 사사건건 보수를 공격하는 배신자! 홍! 이제 당신 말대로 정계은퇴를 선언했으면 들어가라! 추잡스러운 짓 하지말고!,0
2169,178,홍준표 이 더러븐 영감~,0
2170,178,깐족이는 민주당도 못가고 국짐도 못감. 다 안받아주거등. 계속 정치권에 발디딛고 있으려면 배현진이처럼 간쓸개내주고 아래로 들어가있다 배신하던가 조국이처럼 세력이 있어서 선거에서 이던가 해야되는데 이놈은 둘다 가오때문에 못함. 그냥 라이브나 찍으면서 여기저기 패널이나 다니며 얼굴비추고 관심받는거 즐기는 정도뿐. 더구나 대장동 언론사주. 검새증거조작 혐의도 있어서 맘먹고 파면 리스크도 커서 언제 무너질지 모름,0
2171,178,"홍준표가 요새 찢준표가 되어
 찢죄명이 개노릇하는 꼴 좀보소!!!",0
2172,178,본인은 정치검사 아닌가? 자기얼굴에 침뱃는거면 조준을 잘못했군요. 본인포함 나라말아먹은 정치검사들....,0
2173,178,어이 영감 할배 그입다물라,0
2174,178,시원한 홍카콜라!,0
2175,178,홍카콜라가 김빠지니 맹물인줄알았더니 썩은물로 됐네 참 추하게 늙었다,0
2176,178,홍할배는 정치그만하고 좀 빠져라. 나갔으면 쿨하게 나가야지 또 기웃기웃 거리네,0
2177,178,하와이 파자마 홍. 꺼지라.,0
2178,178,제발 홍준표는 이나라를 떠나라..나라발전 정치발전에 해악만 끼칠뿐이다..그래도 대구에 내려오면 마빢을..,0
2179,178,"에라이~~
 ㅉㅉㅉ",0
2180,178,홍준표 또라이,0
2181,178,ㅋㅋㅋ 한동훈이 많이 참았지,0
2182,178,"홍준표 이OOO는 왜 나와 OOO
 너 이새끼야 이재명 편들면 너 안잡아간다고 했니 민주당 앞잡이",0
2183,179,멍청래...지금 시국에 내란 타령...ㅋ ㅋ ㅋ 대그빡 규모는 웅장한데 내용물이 별로 없는 인간....전세계에 내란이란 단어를 제일 많이 사용하는 인간...최민희와 당내 사내커플을 연상시키는 인간...그이름 .....정청래.,0
2184,179,"이것들아.. 윤석열 임기 초에 이원석을 봐봐라.. 문재인, 김정숙, 이재명 수사하랬더니 질질 끌고 그래도 윤석열이 검찰에 외압하고 그러진 않았다. 너네들처럼 전과자 한명 지키자고 그런식으로 대놓고 항소 제끼고 국민 세금 수천억 날려먹고 그랬냐?",0
2185,179,매일 매일 뉴스 보면서 화가 난다. 도데체 죄지은 넘들이 왜이리 잘되고 큰소리 칠 수 있는 세상이 된건지.,0
2186,179,항명? 독재 범죄자 찢죄명의 지령에 목숨거는 개 정성호의 찢죄명 방탄용 항소포기 지시를 따르면 그게 검사가 아니지!!! 대장동 횡령의 몸통이 설계자인 찢죄명인데!!!!,0
2187,179,폭탄테러범이 정치하면서 살아가는 너야말로 소멸대상이다,0
2188,179,"청래저건, 머리통에  뭐가 들었을까,저 돌머리에 세상빵구 내는건만 들었을까,저걸 몇선이나 시켜준 시민들은",0
2189,179,"국민들은 검란에 관심없고,항소 포기로 그동안 가압류된 대장동 저수지의 검은돈 7000억이,어제 가압류에서 해지되어 누가 빼갔고?최종 목적지가 어디인지가 궁금하다.",0
2190,179,아니 검사들...기본적인 일관성은 가지고 살아야지....박수영 항소포기... 윤석열 즉시항고 포기...김건희무혐의 다 입닫고 있다가 이제와서...ㅋ 항명하는데 가만두면 그건 정부/여당의 존재이유가 없는거지요??,0
2191,179,내란은 지들이 했는데 맨날 뒤집어 쒸우려 발광을 한다 국민들을 바보로 만들려고 하지마라 이재명은 탄핵 시켜서 남은재판 신속하게 진행 시켜라,0
2192,179,이래도 민주당 이재명지지하는것들은 도대체 뭔지----,0
2193,179,"물타기 말고 A를  물으면  A를 답해라
언제까지  윤타령할래  이번  건은  그 잘못이 비교  불가이다",0
2194,179,"여당대표란놈이,,,관세,환율,물가로 나라가이모양인데,,,여태까지 내란타령하는라,다른일을안하네,,,,,아는게있어야뭘하지,,,,내년선거에서 민주당것들은 한마리도뽑지말아야한다,,",0
2195,179,"위선 비개덩어리 좌파 멍청걸레, 김변기, 애미추, 최미니, 씨앙꼬 등 모두 구덩이 파서 처묻어야지 말이 없어질려나...",0
2196,179,"민주당아,  윤통 문제하고 대장동 사건하고 같으냐? 완전 급이 다른거다.. 여당이면 제발 좀 점잖게 입다물고 있어라.. 국민들이 야단쳐도 지들만 잘났다고 하는것들.. 선거때만 국민들에게 굽신거리고 당선되면 지들 맘대로 행동하는 나쁜것들..",0
2197,179,놀고먹는 국민혈세철밥통들 밥값하고 있다!!! 국민이 나서서 국개수100으로 줄이고 각종 특권 폐지하자!!!,0
2198,179,청래야  개소리  그만하고  항소포기  배경이나  밝혀라,0
2199,179,대장동몸통수호하느라애쓴다 더불어 개들이 날뛰니 누가외압을햇는지 확실해진다 국민들 일어나서 더불어와 짲죄명을 끌어내리자,0
2200,179,더불어범죄당과 리죄명 = 내란세력 = 김어중과 개딸들,0
2201,179,"민주당 이놈들아~ 당연하지 윤석열 대통령은 범죄가 소명되지 않지만, 범죄자 이재명과 너희 당 모두는 범죄사실이 인정되기때문이라는 것을 몰라? 부정선거, 내란당, 범죄자 모인당, 주사파 모인당 아님?  내말이 틀리다면 나와 맞짱떠 이놈들아~ 내가 상대해 주마~",0
2202,179,"죄진놈은 지편 이라고 떠 받드는 주제를 모르면서, 헌법을 바로 세우겠다는 검사들 한텐, 지가 하늘 아래 신 처럼 행사 하는 ""꼬 락 서니""를 단 칼에 없애는 방법은 없나??????",0
2203,180,뇌물주고받는 놈들만 잘사는 더러운 세상,0
2204,180,독재명 재판 받어라,0
2205,180,조작기소 같은 소리 한다? 에휴 어쩌다가 저런 범죄자들이 정치 한다고 설치는지. 잡범을 대통령 뽑은 국민들도 책임에 자유로울수 없음.,0
2206,180,이죄명이요세끼한마리가나라를망치도너무망친다끌어내리자죄명이,0
2207,180,"정성호, 김현지, 찢재명, 노망석 다 불러라. 암덩어리들.",0
2208,180,대장동 특검하자 ㅋㅋ 곽상도 50억 다시 불러오고 윤석열 아빠집도 살펴보고 ㅋㅋ 꼭 하자?,0
2209,180,"지판사,심총장 특검하라. 관습헌법  위반  아니가,",0
2210,181,진행중인 재판에 압력을 넣어 항소 포기시켜서 7800억 불법이익을 무죄로 확정시킨 놈이 누구냐? 나라를 완전히 개판 만들려고 작정한 놈이 있어야 할 곳은 대통령실이 아니라 깜방이다. 재판 받던 범죄자 놈은 사악한 대통령질 멈추고 재판이나 받아라!,0
2211,181,"죄명이 지은죄 참으로 많은가보다,,,ㅁᆢ든곳에서 그렇다고 증명하네,,,그렇다고 죄가 없어지냐,, 정성호 네가 저지른 죄 네가 알렸다, 언젠가 몇배의 죄값을 찌를것이다 ,,대한민국 온갖곳에 미친 개들이 판을쳐 나라를 위태롭게 만드는구나 ,,반국가 매국적 역적들이 득실 대는구나,,,큰일이다 국민을 알기를 개돼지로 보는구나 ,,",0
2212,181,400억만 환수시키고 항소포기로 7400억을 덮어?ㅋㅋㅋ민주당 같았으면 곳곳에 현수막걸고 난리낫다,0
2213,181,"강백신, 엄희준이  뒤에서  조종하고,   항뚝껑이  밖에서  응원하고,  ㅋㅋㅋㅋ    아주  꼴값을  떨어라!!!    조작질한  대장동사건  들켜서,  이제  감빵갈놈들은  너희다!!    내란당과  한세트로  역어서  전부 감옥보내라!!",0
2214,181,먼저 자리에서 내려와야할 자들이 윗물부터 아랫물까지 줄줄이 줄 서있다 원인제공하며 사주한자 권력에 붙어 지시한 자 맞장구치는 자 소신도 뭣도 없고 부끄러움도 모르고 수행한자 참으로 한심하다,0
2215,181,정성호를 탄핵 시켜야 한다,0
2216,181,본인들이 본인들에게 규탄시위를하네? 어이없네요~,0
2217,181,내란범 윤빤스 찌끄레기들..... 내란당 친윤지도부ㅎㅎ 심우정이 법원 결정 항소 안하고 윤빤스 석방 시켰던건 왜 조용했던겨? ㅎㅎ 내란당 사이비 종교와 짬뽕되더니 완전 맛탱이 갔구먼~,0
2218,181,쓰레기집단,0
2219,181,,0
2220,181,,0
2221,181,"이꼴을 보니, 내 인생 전체가 부정당한 것 같군..... 도대체 저런 사람을 뽑은 사람들의 사고구조는 어떻게 작동하는걸까...? 언제부터 우리사회에 정의가 사라진걸까?  이 사회의 최고가치는 이제 무엇이란 말인가? 육십년하고 반십년을 살면서, 타의에 의해 내 정신적 가치 판단의 기준을 바꿔야 할 줄이야.....",0
2222,181,사라지는 검찰의 마지막 답게 찢의 개역할에 충실한 띨띨한 노만석,0
2223,181,이제 일좀 하네,0
2224,181,"내란당은 뭔 멍멍이소릴 지껄이고 있노~
대체 누가 정치 검찰이냐 ㅋㅋㅋㅋ당장 해체해라",0
2225,181,양아치 언론들하고 짜고 검찰들 검란! 그래도 검찰청은 해체된다 ! 종편들이 앞잡이놀이,0
2226,181,삭발하고.단식해!  이쪼다들아!,0
2227,181,이제  대놓고  개검과  짜고 쑈를  하는구나!!!   증신나간 짐승들!!!,0
2228,181,"세상 오래살고 볼일이다.
국힘이 정치검찰을 규탄한다니 이게 세상에서 제일 웃긴 블락코미디다",0
2229,181,이따위걸로 내란이 덮어지겠냐 ㅋㅋ,0
2230,182,응원!!!!!!!합니다~~,0
2231,182,지금 이재명 용산 대통령실에는..... 윤건희 대통령과..정진석 실장때...같이 근무했던 직원들이...아직 많이 남아 있는데... 이들이 현상황 정보를 상당히 빼내서...친윤 검새들과 국힘당 으로 흘러나가고 있다는.. 소문이 상당하다...정권둑이 무너지는...큰일이.. 날수 있는데 방심하고 있나..,0
2232,182,박수,0
2233,182,재명형 본인 재판이나 받고 정당해지자.대한민국은 법치국가 인것도 모름? 누구나 법앞에 평등해야한다고.본인이한말도 잊음?,0
2234,183,이제 콩밥묵으로 가자.,0
2235,183,감사원이 대통령을 보좌하는 기관이라고 말했던 사람이 이제와서 무슨 독립성과 중립성을 운운하는가,0
2236,184,김만배 돈의 반이 죄명이꺼라메... 그래서 항소 포기 압력 넣은거고... 이거 엄청난 사건 아님?,0
2237,184,주가 상승에 관련된 주가만 오르는데...이게 우리나라 경제 상황이 나아져서 그런겨?..근데 왜 환율이 같이 오르냐?... 주가 도작하다 걸리면 퇴임 후에도 뒤진다...ㅋㅋㅋㅋ ㅋㅋㅋㅋ ㅋㅋㅋㅋ ㅋㅋㅋㅋ ㅋㅋㅋㅋ ㅋㅋㅋㅋ,0
2238,184,"이재명씨! 당신 자식 가족이 당한 일이라고 생각 바랍니다.저는 그동안 김대중 부터 문재인 까지,그리고 2020년까지 민주당에 투표 열심히 했습니다! 2018년 경기지사 이재명씨 한테도 한번 투표 했습니다! 503때 적폐범죄 당하고, 적폐청산 한다던 사기꾼 문재인놈에 뒤통수 맞았습니다! 무슨느므 나라가,국민이 정부 인증 사업에 100억원대 대국민 조작사기 적폐범죄 당하고, 육하원칙 상세한 내용 정부에 전부 다 있는데도, 검경 등 수사기관은 문체부 요청이 있어야 한다고 하고, 문체부 스포츠산업과장 임아영 은 자기가 그냥 하기 싫다함!",0
2239,184,"저건 뭐 기업을 국외로 내쫓지 못해서 안달났어..  간첩이냐?  아직 우리나라만 관세 해결 못해서 높은 관세 쳐 맞고 있고..  노랑봉투법, 중대재해법으로 국내에서 기업하면 바보가 되는 상황을 만들어 놓고..   저러면서 코스피는 올라가라고 정부에서 대놓고 압박..ㅋㅋ",0
2240,184,나라가 시끄러운데 정작 핵심인 죄명인 대리인 전쟁? 시켜놓고 대통령 놀이로 강건너 불구경 하고 있다.,0
2241,184,대장동 재판이나 받어ㅋㅋ 별... 헛소리를 다하네 ㅉㅉ,0
2242,184,매번 국민들 위하는 척 말 내뱉고 뒤로는 퇴직금 강제 연금화 추진 원산지표기법 폐지 중국인 운전 허용 말과 행동이 항상 다르던데,0
2243,184,"장기보유 대주주한테 세제 혜택주지말고, 장기보유 일반에게만 세제혜택을 주라..??  동일하게 혜택주는것도 아니고..  ㅋㅋ     아니 이건 뭐..   신용등급 높은 사람한테 이자 많이 받고, 신용도 낮은 사람한테 이자 싸게 해주라는거 만큼 신박한 이야기네..ㅋㅋ   호텔 예약했다가 취소하면 경제가 잘 돌아간다는 무한동력 호텔경제학 이야기하는 이재명이답네..ㅋㅋ",0
2244,184,대주주라도 장기투자 하면 대주주라는 이유로 불이익 주지말고 똑같이 세제혜택 주면 되는거다....어려운거 없다...,0
2245,185,저질러 놓고 되려 으르고 협박하는 꼴은 적반하장 ~  딱 조폭의 모습,0
2246,185,석열이땐 조용하던 개검들 사표써라 정치감사들 일관성이 없네,0
2247,185,대장동항소격노 특검.  의대농단 재판거래 재판지연 종북간첩 주동자부역자처단.,0
2248,185,저기요 올해 장동혁 대표 검철이 100만원구형하고 무죄났는데 검찰이 항소 포기했다면서요 그때는 왜들 가많히 있었어요?? 무죄났는데 검찰이 항소포기해도됨 니들 논리대로면???,0
2249,186,유병호의 허수아비 주제에 무슨~~,0
2250,186,역대 감사원장중 감사원을 가장 망친 자.,0
2251,186,"당신은 웃으면 안된다~
국가기관에 타이거파라는걸 존재하게 만든 책임을 져야 하는게 맞다~
하급자 상전을 데리고 있었던건 권력과 타협 하지 않았다면 결코 발생할수 없었던거 아닌가??
누군가를 가르치기 전에 스스로 부끄러운줄 알아라~
누구보다 공정해야 했고 누구보다 정의로웠어야 했고~
그 어떤것 보다 명예를 택해야 하는 자리였는데~
실상을 아는 사람들은 박수보다는 손가락질 할거다~
늙은 뒷방 노인네로 물러나서 누군가와 막걸리 한잔 하다가 따귀 맞을수도 있다",0
2252,186,네가 할말은 아니지 내란범 주구가,0
2253,186,윤두창때 본인들의 역할이 대통령을 도와 국정을 안정화시키거라 하지 않았나?  그냥 난 허수아비였소 하고 나가지 뭔 헛소리를....,0
2254,186,모지리 감사원장이 임기는 다 채우네!!!,0
2255,186,곧 울면서 다시 오게 될 것.,0
2256,186,웃으며 떠난다~~?  뒷돈 두둑히 챙겼나~~? 일도 드럽게 못하고 석렬이 뒤바주고 감옥도 안 가니 웃음이 나냐~~?,0
2257,186,감사원은 대통령의 보좌기관이란 말을 남겼지  유병호 이넘은 특활비 특정업무경비 두카드로 소고기집에서 100만원돈을 두장으로 나눠서 결제했다며?,0
2258,186,"그래 언능 집에가서 가족들 모아놓고 국기에 대한경례하고 살아라
어울리지 않는 자리 지키느라 욕봤다",0
2259,186,,0
2260,186,문죄인이 싼 응가였어? 그런데 윤석열에세 그렇게 충성했고? 과연 뻘짓의 대가 문죄인 답다.,0
2261,186,"우리나라 자칭 지도자란 자들은 걸핏하면 4자성어로 지식자랑..문화적으로 중국속국임을 자처...대학교수협의회에 매년 말 올해의 한자 발표...지식인들의 수준....AI시대임에도 공자,맹자 떠드는 한심한 먹물들...좋은 우리말로 표현합시다",0
2262,186,,0
2263,186,"무엇이 감사원을 위한길인가?...
국가와 국민을 위해 감사원이 어떤역할을 해야하는지 
고민하는게 맞지 않을까.",0
2264,186,한심한 사람,0
2265,186,조사 받자!,0
2266,186,,0
2267,186,곧 수사받고 깜빵가야지,0
2268,186,"국가의 재해가 사라졌다, 이제야 해제됐다,",0
2269,187,범죄경력자들이 모여서 헌법 존중 TF 만들자고 한다..참 허탈하다..수많은 재판 기소중인 피의자는 재판부터 속개후 하셔도 된다,0
2270,187,"미국, 중국, 러시아, 대한민국이 세계를 제패할 것입니다. 현대판 정조대왕 이재명 대통령이 있기에 가능합니다.",0
2271,188,"종묘하고 세운상가 건물 올라가는거하고 무슨 상관  거리가 거의 200미터 떨어저있는데 억지좀 그만 ,대법원에서  판결 났잖아 법을 지켜라 .",0
2272,189,부당하고 위법한 행위에 맞선 대쪽 같은 분이 윤석열 정권 때는 왜 조용??,0
2273,189,쟤들 명태균과 계산 끝났나 ?  각종 비리와 내란의혹등으로 갈길이 태산인 주제에 .,0
2274,189,정체가 뭔지..당비 아깝다.,0
2275,189,누구? 뭔당?,0
2276,189,ㅋㅋㅋ그럼 집값 계속 오르면 좋아? 나만 잘먹고 잘 살면 되는거지?,0
2277,189,"저런 찌질이들 요즘 할일이 없긴하나보다.
지들 서울 집값 오르면 다된다고 생각하는 갑다",0
2278,190,이거 금투세 빌드업인데ㅋㅋㅋ 애시당초 지금 상장주식 양도차익에 대해서 비과세하고 있는데 무슨 세제혜택을 말씀하시는건지ㅎㅎ,0
2279,190,와… 지 야당일때 온갖 세금 다 붙여서 국장 초토화 하더니 지 대통되니 훈훈한척 하는거 보소 ㅠ 가증 끝판왕,0
2280,190,도둑ㅉ,0
2281,190,왜 이제 그돈을 대장동저수지에 빼내서 주식시장에 던져놓게? 타이밍도 참 기가막히다...도둑놈들에게 수천억원을 안겨주며 이 나라가 이렇게 시끄러운데...입막음용치고는 너무 크다...그 자리에 언제까지있는다고...저것들 국적포기하고 해외 어디로 망명을한들 언젠가는 이 나라 국민들이 반드시 찾아내 죄에합당한 처벌을 할것이다...,0
2282,190,"작년까지~더부러좌파들,,3~8년간 금투세폐지방해.대주주완화방해,, ~ 국장은  개스피,.~~~`,쇼이나 치라던개~~~오락가락하냐??? 슬그머니 주식 전도사로 변신했냐???  연기금 이쌈 짓돈이여???대장동  백현동,재판이나받자,,공직선거 유죄취지 파기환송 내년2월이면 시작하겠군~",0
2283,190,"지금도 국장 어지간한 개인은 세금읍다, 금투세 빌드업 하지마라",0
2284,190,또 또 대통이 주식투기를 부추키네...폭락하면 책임지려나..?? 정권도 끝장이 날텐데...??,0
2285,190,,0
2286,190,ㅋㅋ 이게 뭔 개소리~~ 그럼 매수하면 자동으로 5년 동안 매도금지 하는 법을 만들지?? 세제 혜택 몇십만원 받자고 수익이 나도 팔지 말라는거임??,0
2287,190,금투세로 강화 할려고‥진성준이 좀 치워라 죄명아,0
2288,190,"주식 올려줄려고 노력하시네요. 
감사합니다. 올해 두배 벌었네요.
주가 올해 3천 중반까지만 가면 잘된거라 생각했는데. ㅎㅎㅎ. 그런데 10000을 꿈꿀수 있다는게 중요한거라 봄 희망이 보인다.",0
2289,190,금투세하려는건 아니지,0
2290,190,금투세 이야기 쳐 하는 진성준을 작살내자,0
2291,190,금투세 부과하려는 모양,0
2292,190,어따대고 하라마라야,0
2293,190,코스피 4천붕괴되서 나라세금인 국민연금을 투입한다고하네요 나라망했다는 신호다,0
2294,190,"뭐좀 알고 짓거려야
믿음이가지!!!",0
2295,190,그러다 빛투 늘어나요.,0
2296,190,돈을 마구마구 퍼주니 물가 폭발하여 더 살기 힘들어졌다 소비쿠폰 같은 거 자꾸 퍼주니까 물가 오르잖아 이번에는 현금으로 1백만원씩 뿌려라 우리도 주식 좀 사게,0
2297,190,2찍들 부들부들 ㅋㅋ,0
2298,191,본인 재판도 당연한 일이잖아?,0
2299,191,북한사상검증하고 무슨차이냐 국힘지지할수도있는거고 일개공무원이 정치적표현도 못하냐?,0
2300,191,정치보복 하지 않겠습니다 &lt; 대선 전 실제로 했던 말,0
2301,191,정신나간놈들내란이너것들밥상인가.너내들이내란공모자들이야.나쁜범죄집단들,0
2302,191,이직도  내란 내란!  너희들이 국민을  위해한일있냐! ㅉ ㅉ ㅉ,0
2303,191,범죄자 얼굴  정말 징그럽게  보기싷다,0
2304,191,당신 재판도 당연히 받아야되는거 아닌가?,0
2305,191,시작이 있으면 그 끝도 있는 법.. 범죄집단.,0
2306,191,즐라도 좌파들 대통령이지 모든 국민들의 대통령은 아니다,0
2307,191,이재명민주당 니들이 내란범이자낰ㅋ 반대파숙청명부 만드는군ㅋㅋ 이제 일반국민들도 내란동조범이라고 구속시킬꺼다 국민들에게 재갈물리는거지,0
2308,191,니 범죄 방탄에 동조한것들도 좀 털어보자.,0
2309,191,니나 똑바로 행동하고 살아라 재판 받고 김현지 특검 하고 알겠냐 니가 그명부에 1순위다,0
2310,191,재판받아라,0
2311,191,"ㄴ,ㅁ 니 재판이나 받아라  퇘",0
2312,191,너네일부터 똑바로 ㅋ,0
2313,191,,0
2314,191,미친 대통령 아니 개통령~ 돌아이 찢,0
2315,191,나라에 내란 일으켜서 고작 하는짖이 깜빵에서 나라세금으로 밥이나 축내고 있으니. 쌀이 이깝다.,0
2316,192,다른건 다 떠나서 국무총리란 자가 '미문화원 무력점거' 테러 전과 있는건 좀 아니지 않음?,0
2317,192,대장동 1조원 헤처먹은건 근시안이 아니고 원시적으로 헤먹었냐? 하긴 저놈도 배추농사로 수억 뇌물 처먹은놈 이니 정말 대단한 정권이다,0
2318,192,김민석이 아는것이 뭐가 있는데? 시위하는거? 어떻게 친북주의자가 국무총리를 할수 있는지,0
2319,192,비선실세 김현지 축의금 두배 도둑 최민희 수갑채워 구속해야 마땅하다 방탄 사법리스크 대북송금 찢 반드시 구속되야 나라가 편하다,0
2320,192,,0
2321,192,"김민석은 청계천복원공사때도반대했었는데  ㅋㅋ 
맨날반대만하고있네",0
2322,192,"종묘가 중요한 국가적 유산은 맞지만 그렇다고 그 지역을 흉물로 방치해선 안되지.   주변을 깨끗이 정비해야 종묘가 더 살아나는거 아닌가,",0
2323,192,온갖 패악질로 재산형성한 국무총리란 작자.당원 모집에서 종교계를 찢은 더불어 중국당의 김민석..정신 차련마.,0
2324,192,"김민새는 주덩이 닫아라. ㅋㅋㅋ 2002년 4월 22일, 서울시장 후보때, 이명박이 청계천 복원한다니까, 엄청난 교통 혼란이 발생하고, 쓰레기 처리문제가 발생 한다며, 청계천 복원을 엄청 반대한 인간이잖아 ㅋㅋㅋ 김떼중 슨상이 박정희 경부고속도로 건설을 반대 하듯이.........",0
2325,192,"어리버리 민석아, 권하건데 그냥 죄명이 따까리 하다가 사라져라..능력은 쥐뿔도 없는 님이...",0
2326,192,"종묘도 유산이고,주변 세운상가등 벌써 수십년전부터 재계발 해야할만큼 지저분했다..대학때 그곳을 지날때마다 느낀거였음..좌파들은 나라발전 비젼없이 무조건 반대만하고 정권잡을때마다 발전은커녕,세금 퍼주고 축낼생각뿐..",0
2327,192,"미대사관저 방화 김민석 니는,입이 열개라도 할말없다",0
2328,192,저자는 관세협상에 아무역할도 못하는 가장한심하고 무능한  반미 데모꾼 화염병투척 전문가 아닌가?살줄아는건 선동질 데모질밖에 없으니...,0
2329,192,ㅋㅋㅋ 내놓은 부동산 정책마다 실패하는 좌파정권 그렇게 실패해도 뽑아주는 깨시민들,0
2330,192,종묘앞에 썩은 건물 방치하는것보다 새건물로 건축하는게 종묘의 가치가 살아난다...종묘가 왜 할렘가 옆에 방치되어야하냐? 경부고속도로 건설과 청계천 개발을 반대한 민주당과 김민석...서울의 전라도화를 반대한다.,0
2331,192,선전 선동질 하는 배추총리야 청계천개발반대했는데 지금 청계천보면 어떤생각이냐 말해바라,0
2332,192,조례가 상위법에 위배된다고 판결이 나서 조례 조항을 삭제한건데… 그리 막고싶으면 민주당 놈들이 법을 개정하면 될일이야. 근데 그렇게 안하고 조동아리만 털지. 이유가 따로 있는거야. 하는 행동이 참 저질스럽다,0
2333,192,배추총리야 니가 할말이 아니지 또 제2의 박원순처럼 도시재생사업 할래? 벽화나 그리고? 정신차려 전과자 총리야,0
2334,192,파고다공원도 할버지매춘...싹 없애버리고...정비 잘해놨던데...세운상가 재개발이 몇십년 해왔는데...가만있다가  지금와서 브레이크야? 민주당이 점점 좌파쁘락치본색을 드러내고있네...,0
2335,192,,0
2336,193,"윤 어게인을 주절대는 ㅇ파리넘 충견 ㅇ ㅇ들, 이런 쓰레기들이 국개라는게 문제다, 당장  ㅇ파리 내란동조범으로 체포해서 연평도 앞바다로 보내라.",0
2337,193,민생은 안중에도 없고 오직 지들 이익만 추구하는 사라져야 할 내란정당,0
2338,193,은진혁 알케미스트 대표 57세 2025년1월30일 동남아시아 사망 ➖️sk사모펀드 화천대유 실소유주는 누구 ➖️ sbs 끝까지 판다 프로그램 2023년 sbs방송 ➖️그의 사망 2025년 1월 30일 ➖️ 동남아 사망 ➖️ 대선을 앞둔 시점 ➖️알케미스트는 누구겁니까 ➖️죽은후 그돈은 어디로 갔나요,0
2339,193,"밤낮 가리지말고  피켓들고 아까운 밥도 쳐먹지 말고  거기서 죽어라
 내란 잔당들아 국민이 호응해야  그것도  할 맛나지  태극기부대  가서 응원해라",0
2340,193,"뷸량배들 모습만 보이고, 아스팔트, 사이비교 부대원들은 안보이네!",0
2341,193,소용없고 소리만지르고 아무것도 할수없는게 국힘이다 집에가서 밥이나 먹어라,0
2342,193,나는 보수다. 요즘 이재명이 너무잘한다. 보수는  박통도 세월호당시 청와대서 성형했다.궂을했다.비아그라 복용했다. 온갖거짓으로 끌어내지 않았나...쓰레기들...,0
2343,193,국짐 해산 대회하는것 갔다 ㅋㅋㅋ ㅋㅋ ㅋㅋ,0
2344,193,국민들이 동의하지 않는 내란당의 행태는 놀림꺼리만 돼고 내란당이 해산될수있는 명분만 줄 뿐이다.,0
2345,193,이런 무능한 자들이  몆십억씩  세비축내는 밥 OOO들  이재명 양아치 집단이 내란공무원들 새출하고나서  내란국민들도 색출해서 내란 수용소에  가두자고 할거다 그럼 느그들은   미쿡으로 존나  토껴.,0
2346,193,"무식하고 무능한폭군 가짜보수양자 윤석열이 통째로 말아먹은 망한보수집안 재건은 대안과전략도없이 극우화되어가는 한심한 국힘당으로는 도저히 불가능하고 민주당이 가장 두려워하며 견제하는 전투력 일당백 범보수진영 검증된 필승히든카드 개혁신당 이준석만이 가능하다..보수진영은 부정선거,윤어게인늪에서 헤어나지못하면 10년이내 보수정권창출 힘들다..전략적으로 세계초일류 과학기술강국을 설계하여 대한민국 제2부흥을 꿈꾸는 개혁신당 이준석,천하람,이주영을 강력하게 지지해줘야 정치와나라가 바로선다..보수진영은 제발 정신들 차려라.",0
2347,193,불량배들만도 못한 매국노들... 국민들은 3만원 식사도 김영란법 걱정하며 머뭇거리는데 100만원 선물도 아무렇지 않다는 쓰레기들의 뇌에서 나올게 뭐가 있겠나? 이놈의 정당은 언제 해산하는거냐,0
2348,193,국힘놈들아 찢죄명잔당들이 야당일때 거리료 광화문으로. 나와서 시위하고 뭐하고 난리였는데 국힘당신들 너무 무능한거 아니닌가요 하루빨리 윤어게인들하고 자유통일당하고 합심해서 찢 정권 무너뜨려야 하는거 아닌가요?,0
2349,193,그래 국조하자 딴말하기없기다,0
2350,193,"역시 내란 국암당과 법폭집단 개검이 또 같은 프레임으로 선동해대는걸 보니 이젠 서로 같은 편인걸 대놓고 드러내네ㅉㅉㅉ 가만보면 서로 조작 전문인것도, 회전문 법조 카르텔인것도, 언론들과 유착해 작당질하는것도 쌍으로 판박이ㅉㅉㅉ",0
2351,193,탄핵될만한 사안,0
2352,193,"한심하다
50억클럽하고 국짐 정치검찰들의 조작기소나 설명해봐라",0
2353,193,재명이 김현지 돌다 특검해야 나라가 안정화 될듯 반대하는 사람은 북한이나 중국인 일듯,0
2354,194,민주당 저기 가보긴 햇냐? 저기 완전 썩다리 판자촌 이던데 녹지축으로 종묘부터 한강까지 연결하면 멋잇던데 무조건 반대가 맞나? 그런 식이면 경복궁 바로 앞에 흉물 정부청사 부터 폭파시키자,0
2355,194,민주당은 판자촌이길 바라는 정당인걸 모르나요. 본인들이 공공임대아파트 지어서 세금으로 헐값 월세주고 생생내려면 사법부 판결도 무시! 개딸은 다함께 임대아파트로~ 가자!,0
2356,194,민주당애들은 저기 가보긴했을까 ? 누가보면 종묘 밀고 개발하는줄 알겠네 ㅋㅋㅋㅋ,0
2357,194,ㅋㅋㅋ 지금 종묘 일대가 개발된 지 오래인데 거기에 고층빌딩 들어선다고 난리치네 ㅋㅋㅋ 그럼 종묘 문화재 지키기 위해 주변 건물들 싹 다 밀어야 하는 게 민주당 주장이니?? ㅋㅋㅋ,0
2358,194,미래와 과거가 공존하는 종로가 나쁘지는 않을듯. 지금 오세훈이가 하는걸 어떻게든 밀어내려고 여론전 펼치는거지.,0
2359,194,오세훈이 종묘를 밀어버리겠다 한것도 아니고 근처 판자촌 재개발 한다는데 왜 발작하냐,0
2360,194,개발허가증이란것이 있나? 말도안되는 주장을 하려니 없는 말도 만드네,0
2361,194,종묘를 어제부터 그리 챙겼니. 지금 상권을봐라 쓰러지는 건물들을,0
2362,194,기사 요약 : 민주 바퀴벌레들이 악취를 풍기며 나대고 있다. 싹 다 밟아 죽여야 서울이 산다.,0
2363,194,역겨운 민주당. . 너희 거지들이 잘 살면 누가 민주당 찍음? ? 안되제 너희 계속 거지로 살아야제,0
2364,194,"민주 서울시장 후보자들과 총리가 막무가내식으로 문화재청장.국토부장관등등 앞세워 오세훈 죽이기 하는꼴로 밖에는 안보이는데 나만 그런가? 제대로 토론한번 붙었으면 
전현히.서영교.추미애 이것들만 없어져도 국회의 격이 달라질듯 X도 모르는 것들이 입만 살아서 개짖는 소리들만 하니 국회가 개판 되는거 아닌지? 한심",0
2365,194,강남 좌파들이 강북을 규제로 발전도 못하게 하고  할렘가로 만들려고 하네,0
2366,194,종묘서 왕비 놀이한 여자는?,0
2367,195,근데 미국 관세협상은 어떻게 된거냐? 아직도 관세 25%냐? 팩트시트 빠르게 발표한대매 ㅋㅋ 무슨 이 놈의 정부는 일을 하다 마냐 재판도 다 중지시키고 ㅋㅋㅋ,0
2368,195,"오늘자 환율 1470원. 진짜 뭐하는거냐? 대통령이란넘은 중국 옹호나 해쌓고, 여당대표는 1년 내내 내란 무새고... 그냥 얘네는 정권을 잡았으면 안됬어.",0
2369,195,그런데 윤석열에게는 분노하지 않는 중궈니ㅋ,0
2370,195,전한길이랑 라이벌 ㅋㅋ,0
2371,195,중화강점기 중국산 짝퉁령 찢짜이밍,0
2372,195,정성호가 총대 멧으니 깜빵행,0
2373,195,100프로 공감,0
2374,195,김건희 따까리 진중권ㅋㅋ,0
2375,195,진중궈이 역겹다 정말 악취가 나네,0
2376,195,그렇게 놔두면 안되죠  국민들이 저항해서 막아야죠 준비  됐습니다  나라 구해야죠 범죄집단들의 구정물나라  막아야죠,0
2377,195,ㅋㅋㅋ 문화일보 진중권 뭐 볼것도 없다,0
2378,195,ㅋ.건희 빨더니 ㅋ.넌 그런거나해,0
2379,195,예산 삭감으로 윤정권의 목을 조르고 탄핵으로 수ㆍ족을 묶고 조직적으로 계엄을 유도하여 정권을 찬탈한 민주당 집단이 국민의힘더러 발목 잡기 한다고 현수막을 내건 잡당 기가찬다민주당 집단은 너들 자신을 아는가?????????????김민석은 반란의 주역 계엄 선동자일뿐이다현재 국민의 힘이 쪽수에밀리고 여론조작에 밀리고 무슨 힘이 있어 발목을 잡나 이재명 독재에 서막이 시작되었다 어디 지켜볼뿐 선택한자들이 책임 지려나,0
2380,195,김만배가 이재명을 분다고 협박했거나 돈 나누자고 회유했거나 둘중 하나겠죠.,0
2381,195,문화일보기사들은 대부분이 ㅋㅋ 보수찌라시인듯?,0
2382,195,"전라인민들은 좋겠다. 당신들이 꿈꾸던 그 해방의 나라가 되었으니 얼마나 좋겠니? 범죄자해방구. 신안염전노예의 나라, 국민노예의 나라 만들어주세요, 당신들의 나라에서 말입니다.",0
2383,195,김건희 쉴드치던 진중권이가 할소리는 아니지,0
2384,195,만약 이 법이 통과되면 좌익들은 애국청년들에 의해  네팔 당할것이다,0
2385,195,잠잠해지니 슬슬 겨나오네. 징글징글하다,0
2386,195,"윤석렬이한테는 찍소리 못하더니, 어디서 숨어 있다  슬슬 기 나오나",0
2387,196,정신차려야한다. 중국인들 지방선거 투표권 있고 점점 더 확대시키고 있는데 이 래파토리가 홍콩이 공산당한테 먹혔던 래파토리임. 한국 군사시설 호기심으로 사진찍는게 말이돠냐. 공산당 나가라,0
2388,197,병기야 진짜 국민을 호구로 아냐? 민주당 180마리 모두 징계 하고. 검찰 항소 못하게한 찢가를 탄핵 해야 한다. 이게 바로 내란 이고 반국가세력에 위헌정당 이다. 국민 들도 참는데 한계가 있다. 정치보복의 칼춤을 추고 있는 가짜 대통 끌어 내리고 진짜 대통령 다시 뽑아야 한다.,0
2389,197,국민 알기를 호구는 고사하고 홍어 죠스로 알고 있는 민주없는 민주당 나대는 꼴을 바라 검찰 집단 반발은 약과다. 국민들이 들고 일어나 범죄자 이재명을 반드시 끌어 내릴 것이다.그리고 이재명 독재를 위한 갖은 악법으로 범죄사실을 삭제하고 삼권을 파괴 하고 있는 국가 발전에 최악 걸림돌 집단 더불어 민주당을 강제로라도 해산 시킬 것이다.,0
2390,197,거대 여당이 어떻게 7천억 대장동 범죄자 일당에게 유리한 짓거리를 하고 있나? 항소포기가 정상이냐?,0
2391,197,쎄게 가자! 대장동검사들 전수조사하자!,0
2392,197,병기야! 대장동 깃털만 뽑으면 되겠냐! 몸보신 하려면 몸통을 가마솥에 넣어야 보신한단다 잔말말고 전과4범 재판받거라!,0
2393,197,호구가 아니라 똥개들로 여기는게 아닐까요 ㅋ,0
2394,197,이 놈들은 국민을 호구로 보네..,0
2395,197,좌빨갱이이념에 함몰되어있는 더불어당 네깟것들인데 뭐가무섭겠나? 네놈들은 짐승 그것으로밖에 안보이는데...?,0
2396,197,징계만? 대장동 수사와 대북송금 수사에서 유동규 남욱 김성태 등 수시로 불러내 회유 협박 조작한 정치검새들을 특검으로 구속수사하여 기소하고 변호사 개업도 못하게 철저히 내란 잔당을 진압해야 한다.,0
2397,197,시민들의 돈 수천억원을 갈취한 범죄자들에게 더 중한 죄를 묻고 갈취한 돈을 시민들에게 돌려줘야한다는 검사들을 징계해야한다니 김병기는 범죄자들과 같은 편인 모양이네. 시민들 편이어야할 여당 원내대표가 왜 범죄자들 편을 들까. 대통령 이재명이 이 사건에 연루되있기 때문이겠지.,0
2398,197,"내란수괴 윤석열을 대통령으로 만든 검찰 집단이다. 이번 기회에 다 처내고, 문제있는 검사들 변호사도 못하게 입법 조치하자. 저런 집단의 도움으로 내란 수괴 같은 인간이 대통령 안되게 할려면 방법이 없다.",0
2399,197,"칼만 안들었지 완전 깡패네 깡패여! 아유~ 검찰도 죄다 내란으로 줄줄이 엮어서 보내버리지 그래! 아주 신나셨어들, 걍 막 공산화되니까 신이나요 신이나~~ 덩실 덩실",0
2400,197,찢은 얼마나 큰 죄를 지었으면.. 허구헌날 사법부 족쳐.. 만진당은 재판 중지법 만들어.. 행정부는 법무부장관이 검찰에 외압 넣어.. 이리 대장똥냄새 진동 하는데 그냥 덮고 갈수 있겠냐?,0
2401,197,당연히  호구가 아니지  개를  붙였어야지,0
2402,197,"당연히 민주당 ""호구""",0
2403,197,김병기  이놈은  범죄자 가  이재명  이니  범죄자  천국  만들려고   환장 한 놈이국나 .! 검사 까지   다 없애려고 하는걸 보니  이래서  범죄자들 이 정치  하면  범죄자   세상만  되지 .!,0
2404,197,"내란 선동, 사법 쿠데타 선동, 대장동 검란 선동, 대한민국 말아먹는 쓰레기 신문 조선일보는 폐간이 답이다♡ 더불어민주당 화이팅♡",0
2405,198,이죄명의 북한식 반동분자 색출작업 들어가네  지금까지 잘먹고 잘살아서 정치에 관심없고 투표에 관심없던 인간들아  이제 개돼지 취급받고  자유없이 살아봐라 옛날이 그리워 질거다,0
2406,198,공산당식 검열독재 시작이네 1찍이들 핸드폰 전부 제출해라,0
2407,198,사상검증 독재들어갔죠? 개돼지들은 그래도 좋다고 멍멍꿀꿀,0
2408,198,"이재명 김민석 니들부터 성남시장때부터 휴
대전화 다 제출해서 조사받자.니들부터 조사받고 그런소리를 해야 국민들이 이해를 하지",0
2409,198,"이건 정말 과하고 비민주적인 조치라고 본다. 상당수 국무위원들조차 사전 설명도 없이 국무회의에서 통보받았다는데, 별 관련도 없는 일반 공무원들에게까지 이렇게 압력을 가하는 건 이해하기 어렵다. 빈대 잡으려다 초가삼간 태우는 격이다. 항소 포기 외압 의혹을 덮으려 무리수를 두다가는, 결국 더 큰 역풍을 부를 수 있다.",0
2410,198,와우~~  공산당이 따로 없네.,0
2411,198,"운동권  그건도 어설픈 운동귄출신과 잡범 전과자들이 국민을 현옥시켜 정권을 잡더니, 다시 유신으로 회귀하는 듯 싸하네",0
2412,198,민주당 추종자들만 공무원 만들겠다는것인데 정권의 뿌리 그리 쉽게내려질까?,0
2413,198,세계에 이런 유례가 있나? 공직자 폰을 전부 압수해서 전후10개월 통화내역을 싹 뒤진다고? 남조선인민공화국으로 언제 국호가 바뀐건가? 지들이 소위 '운동'할 땐 가방만 뒤져도 인권탄압 운운하더니..지들이 권력 잡으니 아예 10개월치를 통째로? 게중엔 계엄과 1도 관련없는 사생활이 99.99%인걸 지들도 알면서..진짜 목적은 공직자 사적 정보를 털어 옴짝달싹 못하는 충성노예로 만들겠단 심보 아닌가? 군사정권도 이렇게 한 적은 없다.,0
2414,198,진짜 미친거 아닌가? 자기편들 선별해서 승진시키겠단 거잖아,0
2415,198,"계엄 선포 자체는 명백히 잘못된 결정이지만, 그 기간이 불과 몇 시간에 불과했다는 점을 고려하면 지금처럼 10개월치 공무원 행위를 검열하는 것은 과도하다.
헌정질서 수호라는 명분 아래 행정의 충성심을 재정비하려는 정치적 행위로 비칠 수 있다.
항소 포기 외압으로 정부가 여론의 신뢰를 잃자, 이를 덮기 위한 매카시즘식 전환 전략이라는 비판이 제기되는 이유다.",0
2416,198,무식하고 멍청한 정권...독재자의 본색을 드러내는구나,0
2417,198,완전 공산당이네.,0
2418,198,계엄하는것도 몰랐을 일반공무원들을 쥐잡듯하는게 6.25때 인민위원들이 죽창들고 군경 잡으려 다니는것같다,0
2419,198,이재명 마음에 안들면 공무원도 옷벗겨서 쫓아내기 ㅋㅋㅋㅋㅋㅋ 진짜 나치인지 남조선공산당인지 ㅋㅋㅋㅋㅋ,0
2420,198,또 저 짓거리 하네...더불어 공산당...문재앙때 당하고 또 민주당 찍은 공무원 넘들은...왜 사는지 스스로 자문해야 함...사생활 관련된 온갖 정보가 들어있을 휴대폰을 강제로 열어본다고? 진짜 여기가 북한이냐,0
2421,198,미쳤구나,0
2422,198,공무원부역자 찾기는 이재명의 인간말살정책이라 칭한다. 독일의 히틀러가 유태인을 발본색원해서 가스실로 보낸 것과 못지않다. 같은 인간으로서 경악한다.,0
2423,198,완전  공산당집단이네,0
2424,198,"말이 ""자발적 제출""이지 결국엔 개인 폰까지 싹 다 뒤져보겠다는거네. 민주화 이후 이런 공안정국이 있긴 했냐?",0
2425,199,이번 국감에서 개혁신당 천하람의원이 잘 파헤쳤네. 홈런은 아닌고 3루타정도 친거였는데. 잘했다. 행정소송도 꼭 승소해라..승소하면 홈런이다..,0
2426,199,정부가 알아서 일처리 잘했겠지 ㅋㅋ. 집값 떨어지고 투기 못하니까 열받냐 ㅋㅋ. 주식시장 좋잖아.주식해 ㅋㅋ,0
2427,200,니네 쪽수로 뭘 할수 있을까 생각좀 해라 ㅋㅋㅋㅋ 아무것도 할수있는게 없네 ㅋㅋㅋㅋㅋㅋㅋㅋㅋㅋㅋ,0
2428,200,생쇼도 어지간하게 해라 내란당아,0
2429,200,대법에서. 유죄판결받은.  범죄피의자놈. 이재명이. 대통령. 🐕 🐖 가 웃을 일이지요.   유영철.정유정 오윈춘도  대통령한다고 할것같으지요.  더럽은 세상이 되였네요,0
2430,200,탄핵해서. 아웃~~자유대한민국을. 살리는길 입니다,0
2431,200,김건희 무죄일땐 입꾹닫하더니.. 으휴,0
2432,200,"탄핵이 되나 ㅋㅋ
106표로 지나가는 개가 웃겠다
내란당해산시켜라 어서~~~",0
2433,200,"니들 내란죄는요?
니들 개나라당    먼저 정당해산하고
정계 은퇴가 먼저인데
그리고 중요한 2찍개들
투표권   박탈한다면
생각해볼수도  있다",0
2434,200,"쥴리 (단란주점,클럽,룸싸롱 접대부)의 졸개들...한자리 해 먹겠다고 난리 부르스들 이구만...정치판에 있어서 안될 인간들(권영세,권성동,나경원,주진우,강민국,강승규,성일종,곽규택,임이자,김희정,이철규,신동욱,박정훈,김도읍)",0
2435,200,제발 국민의 힘 바보들아! 지금 니가 탄핵을 하려면 머릿수가 되냐? 좀 현실적인걸로 해라! 차라리 재판재계로 대선무효라든지 아님 군을 통한 국민저항권! 간첩혐의로 끌어내리기! 내가 그동안 생각한건데 하나 알려주랴? 저거 참수하는 부대 즉 실미도 같은것을 비밀리에 모집하고 육석해서 유사시에 괴물로 길러진 부대를 창설하라! 작계는 5015 저놈들은 간첩임에 틀림없으니 간첩소탕작적이라는 명분은 주어진다. 그렇게 해라! 아님 국민성금으로 저놈을 비호하는 군경을 상대로 대간첩 테러진압군을 창설하라! 유사시는 항상존재한다. 그걸 쓸일이 있다.,0
2436,200,저소득 저학력들이 다수가 되니 나라가 이상해진다.,0
2437,200,,0
2438,200,"ㅋㅋㅋ 말로만 쇼하냐?
그래가지고 돼?
귝만혁명하자고 해라.",0
2439,200,진짜 계엄보다도 나라 꼬라지가 심각한데 잘하고 있다는 1찍들은 배급견보다도 못한 무뇌들임,0
2440,200,,0
2441,201,모지리 관종남매같네.,0
2442,201,"7천억을 범죄자에게 주고 자기재판뭉개는 전과4범 ~대장동 , 선거법위반, 대북송금등 다 뭉개는게 삼권장악 사법장악 헌법유린 리죄명아웃~관세협상 폭망 일본보다 선방했다고 거짓언론선동 하고 대미수출급감 무역수지적자 환율 1300원대에서 1450원대까지 폭등 한국경제 책임지고 내려오자 삼권장악 여론장악 해도 여론수사찬성 50%이면 실제는 70~80%이상이다 사법부겁박 재판뭉개고 이진숙 영장친거 보고받고 지시한것, 반중평화시위 수사지휘한 직권남용, 12재판 속개하라 이화영 증거인멸 교사 한 경제공동체 범죄공동체 김현지와 민중기특검 특검가자",0
2443,201,"청렴, 깨끗한 안철수가 그렇다면 그런거다. 정치권 범죄자들을 지지하는 아메바들은 조용히해라.",0
2444,201,"판사는 멍청이어서 저렇게 판결했을까요?
이것은 국민의힘 프레임법칙이다.",0
2445,201,대장동 저수지 수천억원 조무래기들만 잡아서  넣고 우두머리는 겁이나 항소포기한 이런나라 내사랑 김현지 애지 중지 현지 숨기기,0
2446,201,안철수 김은혜는 듣보하다가 튀어나오네,0
2447,201,날리면 척킫 돌대가리 칠수,0
2448,201,대장동은 극우매국노 정당 너 내 텃 밭이다.,0
2449,201,재산이 수백억씩 있으신 분들.,0
2450,201,7천억같은소리하네. 니들은 장사하면서 받은 매출이 다 니꺼냐? 분당 멍청이들,0
2451,201,자다가 봉창 깨는것들,0
2452,201,안쬬다 모지리 조용하더니 바퀴벌레처럼나오네~ㅎ,0
2453,201,ㅋㅋㅋㅋㅋㅋㅋㅋ 해체나 기다리실게요~~ ❤️🥱🥱🥱,0
2454,201,"이것들 허위사실 유포한다 
내란당  해산 의원직 박탈이 답이지",0
2455,201,"ㅋㅡ한분은 손가락 운운하면서 귀속된분이고 또하나는, 잘들어보라면서 귀가 어두운분이 또, 무슨 작당모임 으로 잘하고 있는 정부를 흔드시나ㅡ",0
2456,202,중국은 한국내정에 간섭하지마라...,0
2457,202,저 미개한 중국인이 어디 내정간섭을하는 발언을 계속하지.. 지감 서해안 인공구조물이 16개 몰래 짓는 나라의 대사주제에,0
2458,202,대만문제 이야기 꺼내면 지네나라 내정간섭하지말라고 발작하던애들이 우리나라 반중시위갖고 발작하는거 보소 ㅋㅋㅋㅋㅋㅋ내로남불 오저 짜장들 ㅋㅋ,0
2459,202,불법 서해구조물이나 치우고 얘기해..,0
2460,202,"""외부""가 아니라 ""미국""이겠지",0
2461,202,그냥 한한령 계속해라 도움 하나도 안됬다,0
2462,202,니네 나라 민심이나 돌봐!!!  어디서 간섭이야!!!,0
2463,202,"중공 경제는 G2, 행동은 G200?
 시진핑은 3조불 돈 쌓아놓지말고, 서해 양아치 앵벌이부터 없애라.
  시진핑은 역사왜곡 하지말고 동북 3성을 개방하라.
   일본보다 더한 역사왜곡 중공은 분열한다.
    백두산은 장백산이 아니라 백두산이다.
    시진핑은 방한하기 전에 서해 구조물부터 철거하라.",0
2464,202,생긴거부터 버그상이네 짱퀴벌뤠,0
2465,203,배신자나왔네.ㅋㅋ,0
2466,203,"당초 실체없는 이재명 엮기, 헙박조사
남욱이 폭로하여  검개들 항소포기함
협박 조작수사한 
검개들 반듯이 조사하라",0
2467,204,"● ‘대장동과 백현동’을 파면 팔수록 윤석렬과 ‘국짐당’ 인간들만 끝없이 나와 ! ●이병철 변호사 - 내가 윤석열 대선캠프에서 ‘이재명 비리검증단 부단장’으로 이재명을 완전히 탈탈 털어봤는데 ● ‘대장동 백현동 ’등등 이재명 계좌에서 단돈 1원도 안나와 충격 ! ● 히야 ~ 이재명, 이양반은 돈에선 진짜 깨끗하구나 ! 그때부터 난 ‘이재명 지지’로 돌아섰다 ! ● 윤어게인들 부.패.할수록 ‘우리 대통령’ 이라며 좋~텐다● 이재명 대통령을 우리혈세 수백억 써가며 기소하고 수년간 376번이나 압색하고 탈탈 털때 그때 잡아넣지 뭐했어 !",0
2468,204,내란잔당들 뿌리 뽑아,0
2469,204,"지들죄 가릴라고 국민과 국가에 전혀이유없이악을쓰고 대적하는 저 국힘 내란깡패당을 반드시 최고 내란행위로 처벌하라!!! 지들이 몸통이고 개검사와 조작수사에 관여하고 엮을수없으니 배가른다는 협바까지하고 나라와 국민에 위협을주는 저들을 반드시 최고형으로 처벌하라!!!!  
반드시 대장동 국힘 자금흐름 반드시 조사하고 
나라를 혼란케하는 저내란깡패당 처벌하라!!!
오셰훈 수천억해먹고 종묘앙치는 고층빌딩으로 또 수천억해먹으려는 오세훈 반드시 잡아서 처벌하라!!!",0
2470,204,내란부역자들이 아주쇼를 하네. 윤석열 석방때는 얼씨구 하던섯들이 그게 내란동조자지. 국힘해산 돌입하겄네. 대장동 민간업자 판결과 뭔 상관이라고 막 엮네.장동혁 니 비리 수사나 받게. 비리인간들은 지 비리덮기위해 항상 시끄럽히지. 곧 잡혀가겠구만.,0
2471,204,지금 대한민국이 개판이 된 것은 개들이 더불어범죄당에 국개의원수를 많이 만들어준 결과다. 개들이 책임이 크다.  범죄자들한테 경찰 잡아라고 수갑을 준 꼴이다,0
2472,204,국짐은 내란옹호를 먼저 털어내고 뭘해도 해야지 이렇게는 반발만 크게 할뿐.,0
2473,204,저놈들을 기관 총으로 갈기고 싶다,0
2474,204,빨리 정당 해산시키지 않고 뭐하냐,0
2475,205,인민민주주의 초석을 까나?,0
2476,205,대장동항소포기에 검찰들 반대에 쫄려서 그런거잖아. 공직자들한테 내말안들으면 뒤진다고 협박하는거잖아 헌법수호는 니들이나 해라  쫌!!!!! 짭통은  재판받고! 국민의 거주이전의 자유 재산권이 헌법에 명시되어있는데 통계조작 누락으로 탄압하고 있잖아!!!   계엄 재판도 안끝났는데 내란이라 선동하고 색출하냐? 한국의공산당 커밍아웃하냐!!!! 무죄추정의 원칙은 어디가고? 내란내란내란무새 지겨워죽겠다,0
2477,205,일어나라 들불이여 지금이 바로 횃불을 들 때이나라.,0
2478,205,내란가담자들 엄벌에 처해라,0
2479,206,윤수괴 항소포기할 때는 입 다물고 지금은 난리치고? 저런 쓰레기 집합소가 정당이라니.,0
2480,206,"대장동 사건 조작 검사 강백신, 명태균 부실 수사 정유미 등이 주도하는 정치검찰 난동에 북치고 장구치는 내란당과 허접한 언론사, 네들 삼종세트가 이 나라를 망치고 있다.",0
2481,206,많이쫄리네 대장동2기수사팀 강백신 엄희준 김형일 등 총지휘자 법무부장관 한동훈 그다음 최종빌런 윤두창 콜거니 ㅡ국짐종편조중동 가짜보수지 개검 삼각편대 형성 마지막발악중 국짐 국정조사 청문회 특검언플시작 그러자 민주당 콜 특검 머든콜 그러자 국짐 특검은 잠시보류 ㅡㅡ개콘찍는중 그냥 이재명 정쟁팔이중 근데 지금은 뉴미디어시대 조중동 개검언플 안통함 정보가빨라 7천억프레임은 대장동수사2팀프레임이고 본질은 유동규 정민용항소심재판서조작수사 까발려지는게두려움 결국 한동푼뚜껑까질시간 다가옴 대북송금도 같은내막,0
2482,206,"이데일리 조용석, 네들은 내란당 대변지 맞지? 내란당과 함께 사라길 바란다.",0
2483,206,내란수괴 윤석열 구속관련 항소포기에 대해 입꾹닫한 너네들이 할 짓은 아니지 않나?,0
2484,206,내란 세력들이 감히 정의를  입에 올리다니 가증스럽다.,0
2485,206,엉망으로 망가지고있는 대한민국? 국짐아 니들 때문에  망가진 나라 이재명이 일으켜 세우는중이야..알았으니 시끄럽고 국짐의원들 깜빵갈놈은  빨리수사받고 가자..맨날 모여  헛소리 처하지말고,0
2486,206,"자꾸 능력도 안되면서 큰 고기를 잡으려 하니 잡힐리가 있나.. 힘들어도 잡고 싶으면 밑에서 부터 실력 키워서 하나씩 정의롭게 해. 자기네들 연일 비리 혐의, 내란 가담 터지는데 '이재명 범죄자'외치면서 우리 모함당하고 있다!! 이리 말하면 사람들이 '맞네 맞어 쟤네 억울하겠어' 이러겠냐고;;;; 맨날 꼼수로 정치하다가 상대가 강해지니까 아무 것도 못하는 무능력 집단이 되어 버렸네... 정의롭지 못한것도 별론데 무능력한 건 더 못 봐주겠다.",0
2487,206,"어제 여인형 휴대폰 내용을 보니까, 그 내용에 대한 각성이 없다. 윤석열에 대한 범죄를 더 상세하게 밝히라고 해야 하는게 아닌가??",0
2488,206,매일 성명서내고 규탄대회열어도 국민의힘에 대해선 너희도 똑같은놈들 자당 대통령 몰아낸 변절자 란 불명예뿐,0
2489,206,"그래 그 말이 맞을 수도 있으니 계속 수사해서 처벌할 거 있으면 처벌해라.
그 전에 내란수괴 사형시키고 내란동조자 감옥 보내고 내란당 국힘당 해체하자.
그래야 정의구현이다.",0
2490,206,민생. 국민을 위해 좀 그렇게 열심이어봐라. 여당일때나 야당일때나 국힘은 이재명 아니면 할게 없냐,0
2491,206,이제 참아주는것도 한계가 있다. 지들이 사적이익을 위해 기소를 해놓고 단체로 와서 아우성을 치고있네. 국민의힘 국가전복세력 집단은 반드시 국민들이 처절하게 박살낸다. 여전히 나이든 모지리들이 정신못차리고 똥인지 된장인지 구분도 못하는 놈들이 많은데 절대 자비를 베풀지마라.,0
2492,206,조만간 해체당할 내란잔당 너무 시끄럽다,0
2493,206,제발 특검하자! 한동훈 윤석열 몸통인거 어서 좀 밝히자 임마들은 다 알면서도 꺼져라 지옥으로,0
2494,206,진짜 악질인게 대장동 대북송금 전부다 이재명덮어씌워놓은거 알고도 계속 저렇게 끝까지 개검과 프레임씌워서 끝까지 타도 이재명하는  저 내란당은 사람들이아니다...,0
2495,206,뭐가 있긴 있는듯.저리 미친듯 행동하는거 보면,0
2496,206,내란당은 해체가 답이다,0
2497,206,저런게 보수라는게 정말 믿기질 않는다 ㅋ,0
2498,206,빨개이사이비내란당 해산이 답이다,0
2499,207,"뻔뻔한 성추행당, 입시비리 조작 전문당 오너 조구기의 개인 사당에서  관종 조구기의 버라어티 쇼질 하고 언론 도배하는 도구지,언론도배하며 관종쇼하는 어마무지한 광고비는 국민 혈세로 펑펑 탕진중이고ㅉㅉㅉ",0
2500,208,범죄자를 보호하고 감싸는 이재명정부는 스스로 대장동 몸통임을 인정하였음.   자신들과 아무런 관련이 없다면 왜 항소를 포기하겠는가!   태생부터 무자격에 불법이었다  이정부는,0
2501,208,탄핵 발의해라.,0
2502,208,"그정도로 물러날 인간들이 아님, 더 확실하게 팩트로 싸우십시요 저者들 처럼 한놈을 지키기 위함이 아니라 국힘이 애국민들을 지키려면 피터지게 목숨걸고 싸워야합니다",0
2503,208,사퇴뿐아니라  **법무부장관 과 ***윗선 대통령까지 ***탄핵사유대상이다  어찌 이런 역사에도없는_** 공소포기를한단말인가?***오직이재명방탄위해. ***별짓들을다하는구나,0
2504,208,"국힘 제발 이렇게 목소리 내고 액션 취해서 공론화 하길 바랍니다. 검사들이 집단 반발하는게 상식적, 법리적으로 당연한겁니다! 김만배가 챙긴 뒷돈이 얼만데 고작 최대7~8년만 깜빵 있다 나오고, 이마저도 대장동 수뇌부 그놈이 사면시켜주면 조국처럼 죄값도 제대로 안치르고 나와서 떵떵거리며 살게 될겁니다. 분노한 검사들의 편에서, 그리고 눈앞에서 수천억원 떼이게 생긴, 불쌍하지만 지켜보기만 해야하는 국민들의 입장에서 처절하게 싸워주길 부탁합니다! -2030청년-",0
2505,208,,0
2506,208,이재명만 없었다면 이런 항소포기는 생길래야 생길수가 없다 눈뜨고 이런세상을 볼 줄이야,0
2507,208,,0
2508,208,국힘은 항의방문이 아니라 이죄명 모가지를 끜고나와 광화문광장에 패대기를 처라!!!,0
2509,208,이 모든게 이재명 대장동 범죄 지우려고 한 짓이지.. 몸통은 이재명이다.,0
2510,208,그놈들에게 7천억 내놔라 해라,0
2511,208,사퇴만 해서야 되겠냐? 정권 탄핵깜이다,0
2512,208,정상적 사고하는 접관들은 다 사표쓰는 현권력에 눈치보고 스스로 납작업드려 개가 되려는 자들만 사법부에 남겠네! 노만석의 나약함! 정성호의 권력에 아첨하는자!,0
2513,208,범죄자 혐의자 대통령 하나 때문에 나라 전체가 이상한 꼴로 변질되고 있다..!,0
2514,208,한동훈아 보고 있냐? 악인들도 저렇게 단합한다..너는 왜 모래알로 나라를 아작내서 이씨가 패악질 하도록 했냐? 윤통이 이씨보다 악했냐?,0
2515,208,경찰 나부랭이 백해룡한테도 휘둘리는 노만석인데 무엇을 기대하나..대장동범죄자들에게 이익환수금 헌납한 경기도민들은 보고있나?성남시장 경기도지사출신 이재명 정부에서 벌어지는 이 개웃기는 상황을 어떤마음으로 바라보는지 몹시 궁금하네요..,0
2516,208,사퇴로 끝날게아니고 감빵감이지 ㅉㅉㅉ ㅉㅉㅉ,0
2517,208,설마 김현지?,0
2518,208,,0
2519,208,"이것밖에 못하냐 국힘아? 꼬리를 자를게 아니라 대갈통 전과4범 사기꾼 도둑놈 탄핵을 하루속히 서둘러라! 
지금보니까 한동훈만 싸우고 니들은 뭐하노!!",0
2520,209,도대체 대장동 부당이득 7000억 정도 된다는데 국고로 환수 안하면 누가 먹는거냐..,0
2521,209,요즘 국힘당 의원들 보면 정말 막가파네. 벼랑 끝에 서 있으니 얼마나 똥줄이 탈까...ㅉㅉㅉ,0
2522,209,대장동 개발이익환수금 수천억 환수 못한다는데 ~ 틀렸다 대장동은 첫단추부터 잘못되었다 50억 퇴직금 무죄부터 재수사해야 맞다 이재명이 당시 시장이란 이유로 화살을 겨냥한다면 당시 대통령은 박근혜 여당은 국힘이었다 그리고 대장동사업의 로비대상은 죄다 국힘이었다 이부분부터 소명되어야 맞다 50클럽의 퇴직금 50억은 무죄라는 판결에서부터 법치는 무너진거다 대장동은 50억클럽 인사들의 뇌물부터 재수사해야 환수도 할수있다  그리고 부산 엘시티는 개발이익환수금 없이 사업자가 다 챙겨간 사업인데 왜 말한마디 없을까 부산 엘시티도 조사해야 한다,0
2523,209,이 여자 언제 들어가노 빠루 재판 선고 기다리기 진짜 어렵다 어려워 그게 나와야 조용해질려나,0
2524,209,나베도 줏대로 입터는거보니 조만간 훅갈 예정인듯~,0
2525,209,국힘패널  불러서  국힘까고  민주패널 불러서  국힘까고 넘  신중하고  중립적인  방송인데??,0
2526,209,나경원에게..... 국민들이 극도로 너를 싫어하는데도 왜 자꾸 나오는건가?   너의 출현은 오히려 일을 그르친다고 생각하지 않나?  너는 아직도 국민의 감정을 헤아리지 못하고 있는가?  너 꼬라지를 조용히 되새겨보길 권한다.,0
2527,209,모든 법이 대통령 한 명을 위한 나라.대통령이 된것은 더 많은 지지를 받았기에 수긍하나 그 권력을 이용하여 개인 이익이나 지은 죄를 면하려 하는 것은 절대 용서가  안 됨.그 누구도 법 앞엔 평등해야 함..,0
2528,209,법무장관 사퇴가 답이다,0
2529,209,빠루 재판 물어봤으면 발작 했겠네 ㅋㅋㅋㅋㅋ,0
2530,209,나경원. 잘한다 목소리 낼때를 잘아네. 정치인이 나설때를 잘 안다,0
2531,209,감옥이나 가세요...,0
2532,209,나베답다,0
2533,209,"야이 더불어입법민주내로남불내란당 심판을 기다려라
돈 검은돈을 감히 꽂아줘 이런 찢",0
2534,209,,0
2535,209,신중하게  판단하라는 소리는   신중하게 판단 안하면  다친다는 말이네 ㅋㅋ 협박으로 들리는데??^^,0
2536,209,"내란 윤 수괴의 꼬봉,친일파나베~~돈 벌었으면 너의 섬나라로 꺼져라~아주 지긋지긋하다~",0
2537,209,조국도  대변 하던데... 데변들 많군.....  어찌  냄새가..,0
2538,209,"정말  너무하네
눈에 뵌게 없나
무식하게 배운자가
젙나위니  참 기가차네",0
2539,209,아이 빠루년좀 치워버려라,0
2540,210,인류의 적 쯔앙깨,0
2541,210,어디서 내정간삽질이야 ㅗ 공산당 ㅗ,0
2542,210,중국공산당은 바퀴벌레,0
2543,210,이재명이 다이빙보다도 서열아래구나?ㅋㅋㅋㅋ도대체 무슨 약점이 잡혀서 이렇게까지 굴종적으로 셰셰를 해야하냐? 언제부터 우리가 중국 속국이었냐?그리고 재명아 하고 싶으면 니혼자 셰셰해 국민은 하기싫다니까?ㅋㅋㅋ,0
2544,210,친한게 더 국가이미지 손상 아닐까요,0
2545,210,닥처 미칟녇아,0
2546,210,찢과 민주팔이들은 고작 짱케대사보다 서열이 낮아서 찍소리도못하고 하명지시 들으며 쎄쎼 쳐하는거임?  그래서 짱케들이 쓰는 빵즈는 국내에 200만짱케가 싸도 금지어가 아니고 대한민국 2등시민만 중국주인님들을 위해 죄다 금지어라 짱케도 제대로 못치게 만드는거냐?,0
2547,211,니가 깽판친 부산이나 챙겨 엑스포다뭐다 나대면서 세금펑펑쓴거 다 어디다썼냐,0
2548,211,"김만배가 기사 못 쓰게 하려고 기자들한테 2억주고, 아파트도 줬다던데. 이것도 기자가 쓴건가?",0
2549,211,ㅋㅋㅋㅋㅋ 이분까지 나설 정도면 노만식인가가 일부러 항소포기하고 전원 공격태세!!!! 이거 아니냐?ㅋㅋㅋㅋㅋㅋ 아주 뭐하나 나오길 기다렸다는 듯이 나오네 부산엑스포 유치한다고 까먹은 돈이 얼마라고?,0
2550,211,형준아 엘시티로 니가 해쳐먹은게 얼만네 너는 여물어,0
2551,211,니도 죄 지은거 많을텐데 갑자기 튀어 나온다고? ㅋㅋㅋ 연루되었나벼?,0
2552,211,인천은 띄는데 부산은 제2도시에 밀니나,0
2553,211,형준아 그만 나대지,0
2554,211,행준아... 부산 부터 살리도 제발,0
2555,212,이게 제정신인가 ㅋㅋ 국짐당 수준봐라,0
2556,212,ㅋㅋㅋㅋㅋ 김혜경 10만원 법카는 몇년동안 난리를 치더니 100만원짜리 명품백은 아무것도 아니다?? ㅋㅋㅋ 국짐수준 ㅋㅋㅋㅋㅋ,0
2557,212,성일종은 백만원 짜리 빽을 보편적인 거라는 일종이는 모든게 백만원 차리로 휘 감고 다니는 모양 이구나. 백만원을 만원짜리 ㅏㅂㅅ어치로 생각하는 일종이가 서민들을 어떻게 생각할지 의문이다. 저런애는 국회에서 즉시 퇴출 시켜야한다. 저런애는 지역구민들을 하찮은 구민으로 볼 것이 뻔하다.,0
2558,212,친윤계 반드시 정치권에서 쫓아내야 보수가 산다!!!,0
2559,212,내란당국개들은 백만원은뇌물로 안 보이나봐   얼마나 받아처먹어서,0
2560,212,"국힘에게 1백만원 선물은 뇌물이 아니구나. 근데 왜 윤석열 검찰이 김혜경 법카 78,000원은 압수수색을 수십번 한겨? 그건 껌값이잖여.",0
2561,212,7만8천원엔 개질알하고 10할 뇌가 특권의식으로 절어있네 조선일보같은 nom,0
2562,212,"성일종   이사람도  정신이 나갔나
100몇만원짜리 가방을 대통령 마누라가 받았다   안되는거 도와줘서 고맙다고
편지 썼다     뇌물아니다   웃긴다
보통사람은 꿈에도 못보는 가방이다
자식들이 하나 사줘도 아까워서 장농에서 썩는다     많이 가진 넘들이야 별거 아니겠지만   구케의원이란 자가 저런소릴 하니   지역주민의 고충을 알것나",0
2563,212,"이런정신을 가진 사람이 재정신인가
의원 이란다.  꼬라지 봐라. 그러니싸 내란당 출신이지",0
2564,212,이것들 민주당이 그랬어봐라 ㅋㅋㅋ 입에 개거품 물고 탄핵한다 그러고 난리났겠지,0
2565,212,100만 가방선물이 보편이적이라는데 분노해야되는거 아님 2030형누나들??ㅋㅋㅋ,0
2566,212,국힘에선 100만원 단위로 주고받는게 보편적이라고 스스로 실토하네ㅋㅋㅋㅋ,0
2567,212,ㅋㅋㅋ100만원짜리는 수시로 주고 받나보네?? 김영란법 어기면 국개의원은 가족 다 참수하고 재산 몰수해라,0
2568,212,10만원으로 6명 밥먹었다고 난리 버거지를 치더만  무슨 멍멍이 풀뜯는 소릴  지껄이냐,0
2569,212,100만원 정도 되는 가방이 무슨 뇌물이냐 ... 그 이상 되는것도 많이 받았다 이렇게 말하면 자연스러운 말의 흐름이 되겠네요 윤리의식 법의식 국민감정 현실인식 이런게 없는 사람이 어떻게 국회의원이 된걸가요?,0
2570,212,ㅋㅋㅋㅋㅋ 진짜 좌우를 안가리고 정신나간 것들 투성인데 국민들이 언제까지 이따위 🐕 꼬락서니를 봐줘야 하는거냐? 선거고 뭐고 어차피 양진영 똑같은 🐕 나리들인데 엎자 걍... 엎고 깨끗하게 다시 시작하는게 아무리 생각해도 맞는거 같다,0
2571,212,100만원짜리 가방은 뇌물아니야 ? 그럼 다 선물하자~ 대가성 없이 선물한거다~ 보편적 선물이다~ 이러면 되는거잖아? ㅋㅋㅋㅋㅋㅋㅋㅋㅋㅋ 이래도 국짐 지지하는 것들 보면 ㅉㅉㅉ,0
2572,212,제정신이 아냐. 국힘놈들은 이런 생각이 보편적이지. 분명 김영란법에 5만원으로 되어 있는것으로 아는데...한심한 놈. 저런 생각을하고 있으니 지금도 얼마나 많은 뇌물을 주고 받고 있단 말인가???,0
2573,212,돈 100만원이 우습지? 그거 벌겠다고 밤낮 일하는 사람들도 있거든요. 내가 낸 세금 세비로 받고 있는 국힘인간들! 화가 치민다.,0
2574,212,그럼 3만원 김영란법은 왜 있는거임? 국민들 주머니사정 생각해서 국민은 3만원 국짐당 니들은 100인거임?!,0
2575,213,"이 무식한 인간아 !!  sns만 하지 말고 ,  판결문 좀 읽고 공부 좀 해라  !!!!!!!!!!!!!!!!!!  이 무식한 인간아  !!!",0
2576,213,"검찰의 항소포기는 사건 이면에 있는 담당검찰들의 조작과 부실수사를 덮기 위한것으로 보인다.
검찰내부에서 조차 항소포기에 반대하는 목소리가 나오는데 이대로 덮을 수 있는 사건이 아니다.",0
2577,213,사시도 엄두 멋낸 돌대가리가ㅎㅎ 학력고사 시잘이라 잘사는.집구석 덕에 고액 과외 받아서 서울대 가겟지 ㅎㅎ,0
2578,213,"하여간인물좋은건형이인정해주마,그럼모하니ㅋ자유민주주의내서 사회주의자라 떠드는애를,그지?그지?가인마..인마 닌나이도있잖어,어린녀석이~그입다물라.웅지학원인가?니들이사람이냐고,죄명이 김만배애들 상고안한담서..할배야무식해서,암것도몰라도이건안단다.대한민국은니가사는사회주의가아니고자유민주주의란걸넌알잖아.인물만좋은공산당ㅋ아~오세훈이도인물좋은공상당이지.어!그럼할밴ㅋ그냥대한민국을사랑하는 할배ㅋ아깝지않아?많이배운애가.어쩌다가너같은애가추대받은나라가되었는지.이럼꼭개대중이를 굴묘편시하게된다는거라사람같지않은애가 개대중임개대중이아들이름이.홍걸이는숟갈놓았다니 망극",0
2579,213,최은순이 양평 공흥 지구 아파트 800억 개발 분담금도 안 내고 해 먹은 거 콜검이 추징해 찾아 오면 친윤 콜검의 콜검 딱지 떼 준다.,0
2580,213,,0
2581,213,국민의적들은 빨간색만 봐도 피를 토하지요,0
2582,213,"그리고 좌파들은  결론은  국민돈 7000억을  대장동 범죄자들에게  갖다 바치자는 논리네  !!!   김만배가 8년을 감빵에 살아도, 하루에 2억씩  꿀꺽하게 해도 된다는  조국씨의 논리",0
2583,213,국힘은 7800억 따윈 관심없음 자기권력 이익만 지키면됨 자기들 이익을 위래서라면 7800조도 해먹을 놈들임 정상적인 나라라면 이런돈은 힘을 합쳐서 국고로 회수하도록 힘을 모아야지 우리나라가 물가오르고 힘든게 도둑놈들이 많아서다,0
2584,213,"추징,몰수자체가 부당한 것이다... 자본주의 세상에서 장사꾼이  2배,3배로 이익을 창출한다고 몰수할수있는거냐???? 김만배등도 성남시도   수익의범위를 확신할수없는 상태에서  계약한것이 무슨  죄를 범햇다고 범죄인 취급하냐??? 그당시 떼돈번  다른 건설사들은  왜 추징하지않냐????",0
2585,214,"김건희 앞에서 길들여진 개 마냥 휴대폰까지 반납하고 조사할땐 검사들 수치심이 없었나봐? 내란수괴를 날짜가 아닌 시간으로 계산해 탈옥시켜 줄때도 검사들은 공정 이란게 없었나봐? 김건희 주가조작 무혐의로 털어줄때 집단 반발은 꿈도 못 꿨나봐? 결국 니들이 선택적으로 분노한 댓가가 지금의 검찰에 기소,수사권 박탈이야 까불지들 말어라...한줌도 안되는 것들이 발광하기는",0
2586,214,검찰을 왜 개검이라 부르는 지 이번 기회에 더 명확히 알았다.,0
2587,214,책임은 지기싫고 권력은 Yuji 하고싶고.. ..검사란 자리는 스스로 헌법기관인데 언제부터 이렇게 뿌리까지 싹~~다 썩어버린것인가?! .국민 모두가 검찰의 부정과 이중성을 알아버린 지금.. 이제는 그냥 묻고갈수는 없다. 비단 개혁의,0
2588,214,개 검 들 이 국 가 의 암 이 다.,0
2589,214,우리가 개검을 개검이라 부르는 이유,0
2590,214,항명죄로 싸그리 숙청하라 전관예우 변호사도 불가하라 그게정답이다~,0
2591,214,민주당과 이재명 정부는 썩열이와 거니 국힘의 뿌락치 껌새들 빨리 뿌리 뽑아 주세요...,0
2592,214,"""""사법개혁""""""""사법개혁""""절차법이 왜 필요하고 왜 중요한지 왜 꼭지켜야 하는지 왜 법으로 일일이 정했는지 알아야 .조요토미 히데요시가 임명한 모든 법원장들 말을 들어보니 매우 심각한상황이더군요. 별도 내란재판부가 반드시 필요하고 시급하더군요.""“삼권독립 타령 집어쳐”""""검찰양아치왕국(王國).=법원양아치왕국(王國).=언론양아치왕국(王國).=끼리끼리양아치왕국(王國)지들끼리다해먹는다.=""국민주권을 의자4개핑계대면서 악날하게저항? https://youtube.com/shorts/K-tYqnI37TM?si=Uuly4MLrVDUHUb1s",0
2593,214,"너희 검찰도 사법부도 내란을 무마하는 일에 열심히 해라.
우리는 너희는 색출해서 죽이는 일에 열심히 할테니 그 과정에서 조희대도 지귀연도 이름도 기억하기 싫은 썩은 검사들과 출신들을 거짐 색출해 냈다.
그래 발악을 해라 바퀴벌레도 발바닦에 밟혀 죽기 전까지는 자신이 죽는지 모르고 깔짝대다 죽는거다.
그게 한동훈이고 강백신이고 이완규고 박성재며 주진우다.
그래 너희는 눈치도 느낌도 분위기도 개안코 오로지 너희의 생각과 느낌으로 그자리까지 간 인간들이지?
거기가 현명한 너희의 무덤일게다.
더닝하고 쿠루거가 하버드에서 너흴두고 연구했단다",0
2594,214,검찰은 그냥 해체하는게 맞다,0
2595,214,"국힘과 검찰놈들은, 현정권이 망하고 다시 지들이 해쳐먹는 세상이 되길 바라는 놈들이라 들어줄 가치가 없다. 이잼과 민주당은 국민만 믿고 가라.",0
2596,214,윤석열 탈옥 사건은 가만히 두고 뭐라는거냐?,0
2597,214,윤개들에 합창이죠  요기회에  다 쓸어주세요,0
2598,214,모든 검사들.판사들이 김건희한테 꼼짝못하던데 그 숨은 비밀을 밝혀 온 국민에게 낱낱히 드러나게 해야 합니다.7머리10뿔짐승 음녀 이세벨의 죄악을 낱낱이 온 세상에 드러나게 해야 합니다.경찰이 테러현장을 물청소한 이유?! https://youtube.com/shorts/6oXGSljsFWA?si=9Tpgn-7p6YINCpm9  윤석열 모친이 취임식에 안 온 이유?! https://youtube.com/shorts/JGMiS-3P9OI?si=Y7KtISDS85BGFUmM,0
2599,214,개검 개검....지긋지긋한 정치검찰 개검.,0
2600,214,유예기간없이 즉시 검찰청 폐지해라...보완수사권과 요구권도 주지마라..이건 공무원집단이 아니라 조폭집단이다.,0
2601,214,대장동수사로 이재명대통령 목줄 잡으며 가지고 놀랬더니 항소포기래. 검장은 뒤로 일당들 돈은 지켜줬으니 항소 안하는대신에 댓가가 있겠지. 사태한다며 쑈하면서 여론몰이로 쫓겨난거처럼 굴고 극우들 동요시키고 일석이조네. 검찰 빨리 해체시켜라. 꼴도 보기 싫다,0
2602,214,ㅋ. 검찰.공부잘해서 검사되서.세상무서운거모르던 조직이 아직도 똥오줌 못가리네,0
2603,214,맞말,0
2604,214,윤패거리들 혓바닥 뽑아버리세요 항명하는놈들 쳐내는거 윤모지리가 한대로하세요,0
2605,215,"정책이라곤 1도없이  끝없는 이재명,이재명,이재명....내란당...반드시  해체된다.",0
2606,215,"ㅋㅋㅋㅋ 
검찰의  항고포기로 내란범 윤석방
시킬땐  조용하던  내란 
국힘당  내로남불 쩐다  ㅋㅋ
국민들이 바보냐? 다보고있다  ㅋㅋ
그래서 국힘당
지지율이  민주당에
두배차이로 떡락하는거지ㅋㅋ ㅋ
네들은  내년 지방선거서
디졌어 ㅋㅋ",0
2607,215,"김건희   일가족   온갖   중범죄  의혹에  ,  찍소리   한마디도   감히   못하던  것들이  ~  돼먹지   않게   개수작   부리고   자빠졌죠  !",0
2608,215,국민의힘은 항소포기가 비난만 할 사안인가?...당장 국회청문회하고 특검하자고 국회나 광화문에서 단식농성 돌입해라.,0
2609,215,대장동 7400억원 《 그놈거 》란걸 국민들은 알고 있다,0
2610,215,국짐당은 107석도.아깝다 10석이 마땅하지,0
2611,215,"1심판결 내용에 문제가 있으면, 그 구체적인 근거를 합리적으로 제시해서 지적해야지, 불법적인으로 전체 정상사업수익까지 몽땅 다 회수해야한다고 하면 그건 반란당 모습 그대로 불법적인 범죄단체인 거잖아!",0
2612,215,언행일치가 되지 않고 표리부동한 국짐내란당은 스스로 해산해라. 해산당하기 전에,0
2613,215,내란당 해산,0
2614,215,"추경호, 김기현 구속해라",0
2615,215,내란당이   1년이 다 되어 가는데 아직도 있다느말인가??,0
2616,215,국짐..너네는 뻘짓 그만하고 해산준비나 해라. 너넨 정말 국민의 암덩어리야. 3년간 망쳐놓은거 힘들게 복구중인거 니들은 잘 안되길 바라지? 그게 너희들의 본질인거다,0
2617,215,"석열이만 모지린 줄  알았더니 국힘당은 더한 놈들이었다. 모지리가 이유없이  계엄해서 줘담지도 못하고 저꼬라지 되었는데, 그걸  뻔히 보고도 뭔 이유로 이재명을 탄핵하려는건지,  모지리도 아니고 천둥벌거숭이다",0
2618,215,"오직 지들 기득권만 가져가려는 국민의 짐은 반드시 없어져야 된다
나라를 위한 정책은 하나도 없고 이재명 재판만 주구장창 외치고 있으니 참~~
지금 이재명 재판이 급하냐 민생이 급하냐 `~~~",0
2619,215,"쟤들은 나라의 녹을 먹고살면서 나라를 위해 일은 하고 있나?? 매번 정부의 발목잡기,  증거도 내놓지 못하는 의혹만 생산해내고, 언제  해산되나??? 정말 피로하다",0
2620,215,윤석렬이 봐주기는  괂찬고. 기가차다,0
2621,215,"이번 기회에 정치 검사는 모조리
척결해야된다.
온국민이 분노한 윤석열 석방에입도 뻥긋못하는
자들이 무슨 검사라고 나대는지 우습다.
항명하는 검사들 모조리 책임을 물어야한다.",0
2622,215,국짐 것들은 이제 구역질  난다.,0
2623,215,대장동 항소포기 국정조사 꺼내든 국짐 ㅡ특검 거부한 이율배반 김현지같은 정쟁으로 몰려는 꼼수ㅡ수세에 몰린 내란 형국을 범죄자들에 7400억 꽂아줬다는 실익없는 빈깡통 소리만내는 송 장 ㅡ특검 받겠다 하는 김병기에 꼬리내려ㅡ특검 받으면 윤빠 검찰 강백신을 비롯 ㅡ정치 검사들의 선택적 수사기소 강압 회유수사 불법관행 부메랑 될까 두려워 깨갱 깨갱,0
2624,215,너네가 내놓은 당의 얼굴들을 봐라. 국민들이 너네 말이 암만 옳은들 동조할 수 있겠냐,0
2625,216,어디라고 기어나오냐.. 내란수괴 윤석열 구속취소 항소포기때도 아무말도 못한놈..,0
2626,216,7800억원의 추징금이 걸려있는 대형 소송 항소를 포기하는 것은 국민들에 대한 배신이자 배임행위임에 틀림 없다.,0
2627,216,정말 인간 같지 않다.,0
2628,217,국민들이시여~~~~~~! 깨어나시오~~~~~~~ 대한민국 후손/미래 위하여~~~~~!전과4범 /범죄혐의/7-8개 수사 재판중 ?이런 인간 대통령 맹글어준 윤석열 이느므씨끼 때문임니다~! 달개 받음삼 ? 4년 금방 감니다~! 이죄명 대통령님 이러시면 훗날 무섭불 낀데~~~~~!,0
2629,217,채상병 가지고 특검 청문회로 난리칠 때는 언제야. 주동자인 정청래라는 놈이 정치를 완전히 투견장으로 만든 원흉이다. 나라 장래 암운이나 깔아놓고 잘했다고 한다. 서영교 말대로 왜 책임져야 하냐고 한다. 잘못되면 나중에 자기들은 법을 잘만들었는데 사용자 잘못이라고 할것이다.노랑법들이 온통 지뢰밭을 만들어 놓았고 나라 곳간을 털어 먹게 되어 있다. 얼굴에서 사람보다 개가 먼저 연상이 되고 어른 거린다.,0
2630,217,"이제국민이일어나서 이재명을
탄핵한다",0
2631,217,한동훈 은 탄핵 반대 했어야지 민주당 봐봐 똘똘 뭉쳐서 하는거 안보이냐,0
2632,217,너희들은더심했잖아,0
2633,217,독재 권력남용으로 탄핵 당할 일만하는걸 어쩝니까? ㅉㅉㅉ,0
2634,217,"ㅋㅋㅋ 석열이나 재명이나 그 너미 그 너미가 아니더냐 쓸너미 없구나,",0
2635,217,"검찰과 국짐놈들은 왜 항상 뻔뻔한 거짓말을 하고 나쁜 짓을 할까? 그래도 맨날 뽑아주는 강원도, 경상도 놈들 때문인 것 같다 !!!!! 내란에 동조하고, 김건희를 옹호하고, 사이비목사에 굽신거리고, 채상병 특검도 묵살하는 국민의적.....국민을 생각하는 마음은 눈꼽만큼도 없는 친일파 매국노당...저런 놈들을 경상도와 강원도는 또 뽑았음 !!! 징글징글하다...앞으로 강원도, 경상도, 일본에 돈 써주러 절대 가지 맙시다. 특히 대구, 강릉은 근처도 가지 맙시다 !!!! 지긋지긋하다. 이제 내란무리들을 모두 제대로 처벌합시다!!!!",0
2636,217,지선 전에 더욱더 골로가는 군불을 지속적으로 때야 할것이다. 반국가세력 노래와 반 민족적 행위도 계속 지선까지 쭈욱 하기를~~~,0
2637,217,어이 박경미  아줌씨 이재명 대통령 본처가  누구 인가요. 김혜경.김부선.  김현지  셋다 金  씨라서 온갓 유투버. 신문에  자고나면  셧여자들  말뿐이다.,0
2638,217,검찰이 독립적으로 했으면 검사가 전날 밤에 법원에 항소장 체출했겠죠... 법무부장관하고 총장대행이 그만두라고 해서 일선 검사들이 화 난거 아닙니까? 본질 흐리지 마세요~~~,0
2639,217,죄지으면 처벌받아야 함.  어느놈도. 예외 없음 ... 죄지은자 벌받으라...ㅎㅎㅎㅎㅎ,0
2640,217,니들이 하는 선동은 정당하고 ㅋㅋㅋㅋㅋ 맨날 뭐만하면 무책임한 선동 ㅋㅋㅋㅋㅋ,0
2641,217,됐고 김현지가 누구야?,0
2642,218,단속 못하는 무능한 공무언새  애기들 40000마리 짤라서 버려 그돈으로 암표 근절,0
2643,218,대포폰은???,0
2644,218,응원합니다.  남의 즐거움을 빼앗아 돈벌려는 암표팔이들 진짜 보기 싫어요,0
2645,218,"적당한  암표값은 국민들도  납득한다ᆢ
하지만 8만원10만원짜리를 80만원100만원200만원에 파는건선넘엇지",0
2646,218,이래서 이재명 을 미워할수 없다. 배워라 정치끈들아,0
2647,218,꼴랑 30배?  전재산 몰수하시요,0
2648,219,들어보니 종묘 주변이 더 나아질꺼 같은데. 개인적으로 일제 강점기를 겪게한 조선왕들 별로다,0
2649,219,민주당은 그들이 하는 사업  말고는 무조건 방해공작하는 민폐. 패악당. 아나라의 암적단체,0
2650,219,건설업자 배부르게 하는건 대장동 개발비리사건 항소막은 찢죄명과 더듬어범죄당의 부역자 정성호와 노만석  아니냐? 당장 사퇴하라,0
2651,219,꼴값들 하는듯. 대장동 항소포기 집단주제에,0
2652,219,민주당과 정부는 공개 토론에 응하라.,0
2653,219,5세훈. 아파트 제물로 묻어야 한다. ㅡ 조선왕조실록 ㅡ,0
2654,219,"오새후니 한일 철저히 수사 해야됩니다.
새빛둥둥섬등 예산 낭비한게 수백억,
하는짓이 전부 엉터리",0
2655,219,그럼 청와대를 서민 아파트로 짖자,0
2656,219,"민간업자 배불린 대장동은?
이죄멍 재판 제기해서 처벌하라",0
2657,219,종묘가 뭔 문제냐? 그앞에 마천루짓게하면 건물주는 대박난다.그럼 정치자금도 저절로 두둑히 들어와. 대통령 가즈아.,0
2658,219,,0
2659,219,"ㅎㅎ 정치로 다푸나. 그냥 법대로 하면되지.
공산당이가? 법치국가면 좀 지키자 내로남불 범죄소굴당 🐕 들아!",0
2660,219,민주당 이늠들 니들이 언제부터 문화재에 관심이 그리 많았나.,0
2661,219,서민들 주거 대책하고 아무 상관없는 초고층 빌딩 건축 허가. 진짜 미치겠다. 공약 하나라도 지킨 것이 있나? 가장 중요한 공약으로 부동산 집값 잡겠다며?,0
2662,219,더 미치기 전에 오리발을 갈아 치우자2 골드미쓰에게 연애편지나 날리지~~~,0
2663,220,북한관련 가짜뉴스 유포로 북한팔이 안보팔이 2찍이 친일파의 개판정치를 정당화시키는 2찍이 친일파 앞잡이 매체  데일리NK 비호감.,0
2664,220,"위원장님,위원장님하는애들.속타겠네.,돈퍼줄명분생겼네.",0
2665,221,"입시비리범이 무식한게어딨노?~~~그냥 인생막장이지~~`대장동포함,,`중범죄혐의 5개재판 이재명이재판재개 언제냐??내년1월이냐?",0
2666,221,조국 본인은 사시패스도 못한 무식한 열성 종자가 조민은 그 열성 종자 물려받은 그 딸 답게 표창장 조작으로 대학가고 낙제점 주제에 뇌물로 장학금 타먹은 범죄자가 뭐라냐 ㅋㅋㅋㅋㅋㅋ,0
2667,221,조국이 누군가 한번 알아볼까? 서류위조해서 지놈 자식들 대학 부정입학시킨 파렴치한 악질중 악질아니냐? 단한번도 사과나 반성하지않은 뻔뻔한 인간!,0
2668,221,조국이 니가 미국애서 박사받았다는거 가짜 아나? 후루꾸네.. 실력도 인성도 너무 싼티가 줄줄 흐르는구나. 헷소리 그만하고 운동학원인지 뭔지 안제 사회에 환원하냐?? 이놈도 숨쉬는거 조차 가짜야.,0
2669,221,현 정권심판하고 차기정부에서 특검해서 탈탈털어야합니다,0
2670,221,조국이 어떻게 법대교수가 되었지?,0
2671,221,"조씨는 조용히 사는게 본인에게 
이로운줄 아직도 정신 못 차리네",0
2672,221,한동훈에게 언젠가 기회가 꼭 올거여..상식적인 대다수 사람들이 마음속으로 밀고 있거든..,0
2673,221,ㅈ국ㆍ어떻게 서울대에 들어갔는지 이해하기 너무 어렵다ㆍ ㆍ,0
2674,221,무식한  조꾹이~~~,0
2675,221,교수가 다얼어죽어서 저런사람을 교수 를 했다는것이 정말 한심하다 아니 완전 한국떠나서 사는것이답이다~~죄를 지은놈들은 죄가 정당하다고 들하지 그러니까 나라꼬라지가 이러지~~~,0
2676,221,입시비리 표창장위조범이 무식하기짝이없네 뻔뻔한위선자,0
2677,221,사시 합격 안해본 사람과 해본 사람의 차이라 보믄 됨,0
2678,221,조오꾸욱이도 한다리 걸쳤나봐?,0
2679,221,사시 패스도 못한 마음의 빚 빽으로 법무부장관된 그 파렴치 범죄가족 가장,0
2680,221,무식이 철철 넘치는 입시비리잡범의 헛소리..,0
2681,221,사시노패스 조국은 제발 나대지 마라!,0
2682,221,무식한 한동훈,0
2683,221,한동훈이 진짜 무식하더만.. 저런 자가 검찰을 했으니 억울하게 당한 사람들이 얼마나 될까?,0
2684,221,1심에서 피해자가 청구해야 된다고 나오는데 참 무식하다. 한동훈. 억지스런 인간.대장동 조작 기획자야. 처벌받아라. 쫄리니 날뛰지? 강백신 이따위것들 나중에 깜방가야지?,0
2685,222,"민주당 그들이 그케나 좋아하는 특검, 탄핵은 이때 써먹어야 딱 맞는 거임. 멈추지 말고 전국민운동으로 강력 추진하라!~~~",0
2686,222,대장동비리의몸통은 점백이입니다..김만배.유동규가 유죄판걸을 받았다면 점백이도 구속되어야합니다..,0
2687,222,속보: 이명정청 서로 죽이려다 자멸.,0
2688,222,쉽게말해 수천억 되는 돈을 국가가 포기하고 김만배일당에게 걍 준것임,0
2689,222,"꼭 탄핵안을 올렸으면 좋겠어요! 장동혁이 정치력 좀 발휘해서 민주당, 조국당 의원 90명만 포섭해주세요 ㅋㅋ 설마 말로만 선동 정치하는 그런 정치인은 아니죠? ㅋㅋ",0
2690,222,닥쳐라 개아가들아..  이재명 잡으려다 니들 다 끝났어 이 쓰레들...,0
2691,222,그 정신으로 내란을 막았으면 너거들이 아직 여당이다...멍청한 것들아.,0
2692,222,말만 하지말고 단식투쟁도 좀 하고해라.따뜻한 건물은 안되고 길 바닥 천막에서,0
2693,222,"범죄자 이재명 한 놈 때문에 나라가 개판되었다.이재명과 범죄내각을 탄핵하고 더불어 범죄당을 해산 시켜야한다.범죄자 이재명을 위해 항소 포기한 정성호법무,노만석검찰등 모조리 직권남용으로 구속 시켜라.누가 뭐라고해도 대장동 개발비리 몸통은 이재명이다.검찰청과 사법부를 통째로 날린다 해도 이재명이 저지른 범죄가 없어지지 않는다.법치파괴 삼권장악 독재 밑거름을 만들고 있는 범죄자 이재명은 본인이 저지른 범죄 때문에 반드시 감옥에 갈 것이다.대한민국이 법치주의 국가가 맞다면 멈추어 버린 8개 사건 12개 범죄 혐의 5개 재판을 속개 시겨라!",0
2694,222,"아이고 무셔워라;;; 예 예 저희 국민이 잘목했습니다, 너그러이 저희 용서해주세요 국힘나리분들^^ 내란을 겪으면서 지금까지 분명히 보앆다. 더 이상 국힘은 보수세력을 대변하지 못하는 세략이란걸... 초선은 숨죽인 기회자이고 소명의식도 없는 괴물들...",0
2695,222,계엄정당이 두루뭉술하게 탄핵부터 들이밀면 참 씨알도 잘먹히겠다. 니들이 나라걱정할거 같으면 좀 주도적으로 사건을 캐서 빠져나갈 구멍조차 다 막아놓고 들이밀어야지 규모가 몇밴데 개혁신당보다 못싸움?,0
2696,222,일해라 내란당,0
2697,222,"이번 크리스마스에는 산타할아버지가 김건희 여사님께 반클리프 아펠 목걸이, 바쉐론 콘스탄틴 손목시계, 티파티 브로차, 그라프 귀걸이, 샤넬 가방3개 구도1켤레, 디올 재킷 팔찌 벨트 가방, 로저비비에 클러치백 을  선물했으면 좋겠다. 아니다. 로저비비에는 기현이가 주면되지",0
2698,222,"내가 사는 세상의 국회의원은 국민을 위한 정치를 하는 놈들은 
단 한놈도 없는데 왜 이런놈들이 떠드는 얘기를 들어야 하는지
아주 미쳐버릴것 같다!!!
우리나라는 정치얘길 묻고 잘 한것만 얘길하자!
못한건 묻자 지겹다 초선이든 중진이든 여우든 다 지겹다
똑같은 놈들~~~",0
2699,222,뇌물의힘당 용쓴다. 윤석열이 구속취소때도 이렇게 했어야지. 출장검사들하고 연대해라.,0
2700,222,"무능한 장동혁 역풍 어쩔건데 
이재명 도와주고 자빠졌네 
작전을 이리도 못짜는거냐고  여연은 뭐하니",0
2701,222,가장 큰 수혜를 받는 자가 모든 것을 계획한 자,0
2702,222,국힘도 일은안하고 맨날 권럭싸움만하니 국민이 힘을안실어주지ㅡㅡㅋ 정치인이 권력싸움만하는 직업이냐? 민주당도 똑같긴하지만 ㅋ,0
2703,222,대장동 저수지 그게 드러난거다,0
2704,222,ㅋㅋㅋㅋㅋㅋㅋㅋ국힘 정신차리면 정권 가져올수있다 알아서 민주당 자멸중이다 ㅋㅋㅋㅋㅋㅋ여기에 환율 1460원 넘었고 진짜 이거 분위기 못가져오면 민주당 국힘 다없어져야함,0
2705,223,"중앙일보 조문규, 앵무새니? 대장동 사건 조작 강백신, 명태균 부실 수사 정유미 등이 주도하는 정치검찰들의 난동, 이들을 부추기는 내란당, 네들 저질 앵무새 허접한 언론사와 기자들이 이 나라를 후진국으로 만들고 있다.",0
2706,223,검찰항소를 멈추게 한 악의 축 더불어범죄정권 이재명과 국개들!,0
2707,223,이재명 탄핵 찬성,0
2708,223,"최근에 국힘 모의원 항소포기 할 때는 조용하더만 왜 난리임? 전에 자한당, 국힘 소속 모 지사는 1심에서 당선무효형을 받으니 2심에서는 검사가 아예 '구형포기'를 하던데? 구형포기라는 말을 첨 들어봄 ㅋㅋ",0
2709,223,리죄명은 지금쯤 감옥에 있어야 할 사람인데 지금 어디에 있나요 ?,0
2710,223,저 내란견들 아가리 좀 보소.  지들편 개검 항소 포기는 아가리 꾹! 내란수괴 풀어줘도 아몰랑~ 당연한 항소 자제는 빼~액! 거품문 저 아가리.  이제 국민들이 안 속으니 더 발악 하는건가?,0
2711,223,그래 내란범들아 아주 개 발악을해라. ㅋㅋ,0
2712,223,윤석열 석방 항소포기땐 뭐하고 이제와서 이 난리야!,0
2713,223,내란당이나 이런 기사 메인에 올리는 언론들이나 다 똑같은 대한민국 좀먹는 적폐들일뿐.. 국민이 꼭 바꿔야 한다.,0
2714,223,내란을 일으킨 내란수괴에게는 말도 못하던  것들이  일 잘하는 잼통을 탄핵한다고  깝치는게  제2의 내란이다,0
2715,223,법무부장차관 탄핵  찢짜이밍 탄핵,0
2716,223,장대표 말에 전적 동감! 법치국가에서 범죄자는 반드시 처벌받아야한다. 이재명은 대통령 취임전까지 수많은 범죄들을 저질렀을 뿐만아니라 대통령취임 후에도 자신의 중범죄들을 덮기위해 대법원장과 사법부를 끊임없이 겁박하는 국헌문란 내란죄를 저질렀다. 그것도 모자라 최근에는 자신의 최대 범죄작품 중 하나인 대장동범죄사건에 대한 항소를 검찰로 하여금 포기하도록 외압을 행사함으로써 전 국민을 경악케하는 헌법파괴 2차내란을 저질렀다. 중범죄자 이재명을즉각 끌어내리고 엄벌해야한다. 법원은 중단된 이재명범죄재판들을 즉각 재개해 이재명을 엄벌하라!!!,0
2717,223,"이번 항소포기는 선 넘었지. 근데 내란은 선을 넘어도 한참 넘은거 아니냐? 탄핵? ㅇㅋ 이야기할 수 있어, 근데 지금은 아니야. 윤석열이랑 김건희 확정판결까지 나오고 국민의힘 정당해산심판까지 하고나서 다시 이야기해라. 내란세력 처단부터 먼저해야지.",0
2718,223,국민을 호도 하고 나라 질서를 문란 유린하는 국민의 짐 당은 더 이상 국민에게 짐 주지 말고 물러가라,0
2719,224,앞에선 서민행세하다가 뒷구녕 세금법카로 한우 스시 과일 사다먹던놈이라 그런가? 국세청 돈벌어오니 좋아하네 ㅋㅋㅋ,0
2720,224,김현지가 그래서 누군데,0
2721,224,대장동 추징금 회수도 못하고 있는데 뭘 국세청이 잘해 시히이바하아라....,0
2722,224,난 범죄자가 칭찬 해주면 기분 나쁠듯,0
2723,224,죄맹아! 현지가 잘한다고 해라 카더나? ㅉㅉ,0
2724,224,전과4범이 칭찬을 ㅋㅋㅋㅋㅋㅋㅋ,0
2725,224,칭찬 ㅋㅋㅋㅋㅋㅋㅋ 전과5범의 칭찬은 뭘까 ㅋㅋㅋㅋ 도둑질 잘하고 있다?,0
2726,224,도둑 탄핵해라.,0
2727,224,대장동저수지 몰수해라,0
2728,224,"이재명이 국세청 칭찬하는 걸 보내 국세청이 문제인가 보네? 국세청은 이재명 차명계좌, 차명부동산이나 추징해라~ 공범은 온 국민이 아는 김현지와 배소현이고~ 이재명은 취임후 국가 말아먹는 일만 하잖아?",0
2729,224,잘한 걸 칭찬하는 건 좋은데 정작 자신은 밖에서 협상 말아먹어서 무관세 잃고 기업들 관세폭탄 쳐맞게 만들었는데 그런 사람이 말하니까 좀 어색하네ㅋㅋ,0
2730,224,인잘하십니다!! 멍청한데 독선적이었던 윤가와 너무 비교되요~~~♡♡,0
2731,224,얘 세금 ㅈ둑내면서 놀구있잖아,0
2732,224,대한민국을 손아귀에 넣은 그 느낌은 어떻까?,0
2733,224,중국 스파이나 고급 기술인력 매수부터 막아야지.,0
2734,224,"상속,증여세 이 악질법 손언제볼껍니까? 이미 세금낸걸 또 물려주려면 또 뻇어가고 자기가 신고 못하면 아주 사채업자 뺨치는거마냥 가산세물려서 원금수준으로 가산세매기고 이게 정답이냐?",0
2735,224,재명이 나중에 자기가 말한대로 그대로 국세청에 탈탈 털리겠노,0
2736,224,댓글에 극우 OOO 천지네 저 뇌로 참 사니 죽어라 걍,0
2737,224,대장돈 추징금을 회수 안하니 잘한다고 한것이다 눈치것 해라 건디리기만 하면 죽는다,0
2738,224,,0
2739,225,"이건 공감,,,,,짝짝짝",0
2740,225,이건 자유쥬의 보수세력이 주장해야 될 일인데.. 그동안 보수 정치인들이 눈 감고 있었지,0
2741,225,"틀린말은 아니지. 
그리고 사기죄에 대한 법개정도 해야 한다.
사기꾼 천지다",0
2742,225,오~이건 적극찬성,0
2743,225,사실적시명예훼손손봐야죠 진작에이렇게되어야하는데 지금이라도다행입니다.,0
2744,225,보수들 뭐하냐? 이런 것도 안고치고. 결국 대통령이 나서네,0
2745,225,잘한다. 사회적 불합리한 병폐적인 악법은 제거 되어야합니다,0
2746,225,,0
2747,225,찢이얘기하니 무슨꿍꿍이가있는건지 의심부터된다,0
2748,225,"개호로
참내 기가찬다
왜 어런 인간을",0
2749,225,왜 ? 뭐가 쾡기는것이  있나보네~~역사앞에 제일 부끄러운  놈으로 기억되리라아,0
2750,225,"이재명탄핵하라~~~~~~~대장동이 이재명하고 관련없다는게 말이돼? 판결문에도 390번이상 이재명이름 나온다던데~~~대장동 돈지킬려고, 그분몫 지킬려고! 국민들 성남시민들 등쳐먹은 놈들. 7800억이상 그리고 뇌물죄 무죄로 나온거 모두 항소안하게 만든거야?",0
2751,225,사실적시 명예훼손... 정신나간 법이였지... 제발 좀 없애주세요.,0
2752,225,알아보라고 했더니 진짜 없애는줄 알더라,0
2753,225,가짜변호사 리짜이밍,0
2754,225,와 드디어 악법 폐지 가해자를 보호하는 법이었다,0
2755,225,이건 정말 제대로 된 거다. 내가 찢죄명을 싫어해도 이건 전적으로 찬성!,0
2756,225,간통죄도 부활시키던가 상간소 금액을 억대로 해주세요,0
2757,225,적극 찬성합니다. 사실 적시 명예 훼손이라는 말이 세상천지에 어디 있나요!! 폐지해 주세요!!!,0
2758,225,김부선을 처벌 못하는 이유,0
2759,226,"뻔뻔한 성추행당, 입시비리 조작 전문당 오너 조구기의 개인 사당에서  관종 조구기의 버라어티 쇼질 하고 언론 도배하는 도구지,언론도배하며 관종쇼하는 어마무지한 광고비는 국민 혈세로 펑펑 탕진중이고ㅉㅉㅉ",0
2760,227,손바닦으로해가리기실시용산,0
2761,227,무관 하다고 하니 진짜로 무관 한줄 알더라~~~쎄쎄~~~ㅋㅋㅋㅋㅋㅋㅋㅋㅋㅋㅋㅋㅋㅋㅋㅋㅋㅋㅋㅋㅋㅋㅋㅋㅋ,0
2762,227,ㅋㅋㅋㅋㅋㅋㅋ ㅋㅋㅋㅋ ㅋㅋㅋㅋ ㅋㅋㅋㅋ ㅋㅋㅋㅋ ㅋㅋㅋㅋ ㅋㅋㅋㅋ 이로써누가제일이득을보는지보면 답은정해져있지  그지?찢,0
2763,227,"그럼 법무장관과 검찰총장 대리를 짤라봐, 국민들 재산 7천억 허비한 인간들이야",0
2764,227,윤석열도 해병외압에서 첨엔 선긋기했다 그냥 이재명 윤석열이고 정성호가 이종섭인거야,0
2765,227,국민이 바보냐? 법무장관 과 이재명이 재판에 개입한것인데 내란 수준의 상황이 아니냐?  국가권력기관이 범죄자 이재명을 위해 있는것이냐? 범죄자가 민주주의를 훼손하는데 기자들과 언론인들은 뭐하냐? 너희들은 바보냐?,0
2766,227,"그런데 왜 민주당 의원들은 대장동 일당들 편을 드는거야? 이재명은 관련도 없다면서,., 진짜 이해가 안가네. 이것들은 국민들을 개돼지로 아는구나.",0
2767,227,찢,0
2768,227,"단군이래 최대라는 사건도,단군이래  최소로
정리되나?",0
2769,227,,0
2770,227,"재명이  압력  지시없이  검찰이 항소포기가  가능하겠냐?
    재명이 지시하에  정성호와 노만석의  합작 이겠지?
    한놈바탄위해  나라법치를  완전 무너뜨리고 있다..
    잡범들은  떼부자되게  생겼네?",0
2771,227,누가 제일 이득을 본걸까... 그 자가 범인이다.,0
2772,227,이미 공개적으로 검사가2심가는거 안했으면 좋겠다고 나불거려 놓고 자긴 무관하다고 하면 국민들이 속아주나. 그리고 피고가 2심 안가면 모를까 피고가 2심신청하는 상황에서 검사가2심 포기하라는건 형평성에도 어긋나지,0
2773,227,저넘  거짖말은 일상아닌가 입만 벌리면 거짖말 사기 돈 권력외엔 아무생각없지,0
2774,227,국민을 우롱 하고 선동 하고.  나치식이냐. 아니면 스탈린 공산주의식이냐,0
2775,227,,0
2776,227,이재명은 이미 사형을 넘어섯음 빨리끌어내자,0
2777,227,강한 부정은 거짓이다,0
2778,227,검찰총장놈목아지를쳐라,0
2779,227,"검찰은 역시 권력의 시녀, 권력의 사냥개네. 가서 물으라면 물고 그만하라고 하면 그만하고. 이런게 바로 검찰 개혁이 필요한게 아닌가.  정권의 시녀역할만 할꺼면 참 쪽팔린다.  
상식이 무너지는 역사가 왜 계속되야 하냐?  아직 미개한 국가냐?",0
2780,228,진짜 이게 공산당 아닌가요????ㅋㅋㅋ 내란당은 민주당 아닌가????,0
2781,228,"도대체 뭐가 내란이냐? 지겹다 지겨워 언제까지 내란 내란 거리면서 언론 물타기 하냐!!
국가 경제가 위기다!! 부동산 폭등!! 환율 폭등!! 제조업 폭망!! 경기 폭망!! 돈만 풀어서 증시만 올리는 정신 나간 정부!! 김현지는 또 누구냐? !! 도대체 이 정부는 할 줄 아는게 내란 밖에 없냐???",0
2782,228,ㅋㅋㅋ 그냥 대놓고 공산당에서 정적 숙청하듯 숙청하겠다는거네. 이제 거진다 왔다. 공산주의 국가~,0
2783,228,대장동 범죄자들 범죄벌!!! 재벌 만들어준거나 해명해!! ㅁㅊ나라지 이게 지금!!!! 내란내란 지겨워 죽겠어!!,0
2784,228,적폐청산 TF 시즌 2 = 홍위병 출똥,0
2785,228,아이고~~ 6.25.때 인민군의 불순분자 죽이기와 똑같네. 공산주의정권이 탄생했었구나.,0
2786,228,"내란인지 계란인지 이젠 고만좀 울궈 처먹어라.. .. . . .. 즈그들이  그렇게  탄핵질 한것도  윤석열이 계엄을 하게한 한 원인인건 모르나?.. .. .  .  내란가담 공직자 숙청이라 하지만 결국은 즈그들 입맛대로  공직자들 줄 세우겠다는거 아닌가. . . 내년 지방선거도 있고 하니  이래저래 공직사회 공포 분위기 조성해서 즈그들 하는짓에  반기들지 못하게 하려는 심산이겠지. . .
그나저나 이젠 그 내란타령 지겹다 못해 신물이 난다. . . . 정청래 보는것도  역겹고  운동권꼰데들  설치는것도 신물난다. . . .",0
2787,228,미쳐 날뛰네...완장 차고 하는 짓이 6.25때랑 꼭 같구나....,0
2788,228,한번도 본 적 없는 이상한 나라를 경험하네요 지들편만 심겠다는 의도아닌가 참말로 하는 짓이 야비하고 저질스럽기 짝이 없네,0
2789,228,내란을 빙자해서 내사람으로 꽉꽉 채워 백년천년해먹으려는,0
2790,228,이재명이 하는 짓거리가 딱북한 정은이가 하는짓거리네,0
2791,228,내란은 민주당 수많은 탄핵 예산 삭감 그리고 국민 입틀막까지 혐한정부,0
2792,228,윗대가리 과감하게 색출하네~~공산당인가?  탄핵 난발하고 더불어민주당 지금 하는 형태는 탄핵사유,0
2793,228,내란프레임가지고 언제까지 재탕할껀가 보자. ㅋㅋㅋ 항소 포기 덮으려고 별 짓을 다하네 ㅋㅋㅋ,0
2794,228,이재명 비판한거나 15만원 비판한거 있으면 걍 공무원 그만두라고 하겠네 ㅋㅋㅋㅋ,0
2795,228,보면 볼수록 민주당이 내란당 같은데?,0
2796,228,"헌재는 분명히 판결문에서 윤석열을 탄핵하면서 국회의 자제의 미덕을 얘기하면서
무분별한 탄핵에 대해서 엄중히 꾸짖었는데 윤석열 탄핵되고 지들이 정권 잡으니 자기들의 모든 행동이
절대선이라고 생각하는구만 ㅋㅋㅋㅋㅋㅋ

그래 정권 탈환이 절대선이라면 그건 반대도 마찬가지겠지? 정권 바뀌면 니들도 다 감옥갈 준비해라",0
2797,228,내란은 지들이 해놓아서 나라 거덜내고 부정선거로 권력 잡은 도적떼들... 이렇게 멋대로 휘둘러봐라.. 니들 절대 오래 못간다.!!!,0
2798,228,"내란일으키는건 니네들야, 범죄자놈들아. 전라도것들 정말 어떻게 안되나~",0
2799,228,이럴 시간에 나라 경제부터 회복하는게 우선 아닌가??,0
2800,229,"박지원
조문 다녀오겠습니다",0
2801,229,"2016년 5월 22일 새벽 전라남도 신안군 흑산도에서 학부형 등 주민 3명이 외지인인 초등교사를 집단 성폭행한 사건. 주민들과 학부형은 술을 거절하던 교사에게 ""작은 동네에서 이웃끼리 친분 좀 쌓자.""며 통상 알코올 도수가 35∼43%인 담근 인삼주를 10잔 이상 마시게 하였으며 이후 피해자를 바래다주겠다는 명목으로 피의자들은 차를 타고 관사로 피해자를 데려갔고 강간했으며 관사 밖에서 대기하고 있던 또 다른 학부형과 주민이 잇달아 들어와 강간했다. 경악스럽게도 밖에서 기다리던 피의자는 내 차례니까 빨리 나오라고 보채기까지 했다고",0
2802,229,나는 북한 공산당이 싫어요,0
2803,229,친북좌파 정부 슬퍼서 오또케~~ㅠㅠ 1찍이들아 성금 모아서 북한 정은이 한테라도 보내야지?? 아~~대북송금하면 위법이였나??ㅋㅋㅋ,0
2804,229,우리나라 대통령처럼 저기도 돼지가 명형하여 건설사대표 목날라 가겠네....,0
2805,229,우리 정치구단 박지원이 슬퍼서 어쩐다냐.........ㅋ,0
2806,229,아이고  애타는 인간 몇명있네,0
2807,229,박쥐  할배 ㅡㅡ조문  다녀  오너라 ㅡ,0
2808,229,문재인 가서 불 안끄고 뭐하냐.?,0
2809,229,아하 그래서 정동영인지 정돈넘인지 오늘 하루종일 노심초사 안절부절 갈팡질팡 정신을 못차리고 이리저리 미친x마냥 헤매고 있었구나.. 지존 그분의 안위가 걱정스러워서..,0
2810,229,싹 모조리 타버려라!! 북한은 우리 민족아님!! 절대로 통일 반대,0
2811,229,이 기사를 민주당에서 싫어합니다,0
2812,229,"깽깽이 北 대변인 정동영이 마음이 엄청 아프겠네. 빨리  화재복구 지원금과 복구 장비 들고 가서,  김정은  알현하고 싶을텐데.",0
2813,229,불타던 말던 무슨 상관. 멸공!!!!!,0
2814,229,위성의 위력이 대단하네.정은이 뒷덜미가 섬뜩 하겠네.,0
2815,229,문재앙 오열하는거 아님? 김정은 사는 곳에 화재가 났어야 하는데 까비,0
2816,229,잘됬네 ㅋㅋㅋㅋㅋㅋㅋ,0
2817,229,어쩌라고ㅎㅎㅎㅎ북한 다 불타던말던,0
2818,229,북한 화재 주민돕기 성금 거두자고 안 할려냣ㆍᆢ남한땅 곳곳에  주사파 들이  우굴되고 있으니ᆢ,0
2819,229,,0
2820,230,조국은 너무 한심,0
2821,230,법 무능력자인 조국의 서울법대 교수 임용을 특검해야 한다,0
2822,230,"ㅋㅋㅋㅋㅋㅋㅋㅋㅋㅋㅋㅋㅋㅋㅋ
조국 오늘 좀 웃꼈다 ㅋㅋㅋㅋㅋ",0
2823,230,ㅋㅋㅋㅋㅋ법으로 한동훈한테 까부네ㅋㅋ,0
2824,230,범죄저질러 재판 받기만한 전직 법률조무사가 무식한티내며 까부는게 웃기네,0
2825,230,전현직 법무부장관들 모여서 토론 한번 해봐. 추미애+박범계+조국+정성호 vs 한동훈 4대1이라도 난 한동훈한테 걸겠음.,0
2826,230,조선제일검 vs 사시못패스 ....조국이는 판결문 읽어도 뭔 뜻인지 모른다ㅋㅋㅋ,0
2827,230,사시도 합격 못한 무식한 법률조무사 조국 따위가 법리를 논해? ㅋㅋㅋㅋㅋㅋㅋㅋㅋㅋㅋㅋㅋㅋㅋㅋㅋㅋㅋㅋㅋㅋㅋㅋㅋㅋㅋ 서울대 법대 및 로스쿨 학생들의 수업 평가 최악의 교수가 누구?,0
2828,230,사시노패스 ㅋㅋㅋㅋㅋㅋㅋㅋㅋㅋ,0
2829,230,조국아 그러게 적당히 까불지 괜히 나불대다가 한동훈한테 세게 얻어맞고 무식함만 드러났네,0
2830,230,아빠 준비됐다,0
2831,230,"교수 티를 무식한 티로 바로 받아쳐주는

우리 한동훈 역시 멋찜!!!",0
2832,230,조국아 그러고도 네가 정치인이라 할 수 있니? 무릇 정치란 국민을 잘 살게 하는 것인데 범죄자들이 국민들의 피같은 돈 7천 억을 꿀꺽하겠다는데 그  따위 소리나 해대나,0
2833,230,얼케 저로케 무식한 애가 설대 법대 교수했댜? ㅋㅋㅋ 개나소나 다하노  입 다물고 가만히 있었다면  요로코롬 무c칸지  몰랐겠네  근데 관종이라서 절대 가만히 않있쥬 ㅋ,0
2834,230,"조국아 너  서울대간것도
조민처럼 갔니?",0
2835,230,아이고 교수부부가 아들시험에 붙어서 b학점 받은거면 말다했지 ㅋㅋㅋㅋㅋ,0
2836,230,조국이 서울대 교수였다는건 이해가 안감 뭐 권력이 작동햇을수도 ㅋㅋ 좌파들 보면 스펙도 안되는데 어디 지잡대 교수 많이들 하자나 ㅋㅋ,0
2837,230,조국의 문제는 본인이 무식한걸 모른다는거 ㅎ,0
2838,230,조국 사시 노패스 입 좀 다물어라,0
2839,230,이재명 위시해 민주당 운동권들은 공부를 너무 안하더라 무식하면서 틀린 걸 우기기만 해,0
2840,231,지금 정부와 민주당 하는 짓이 내란 아닌가요?,0
2841,231,이재명 재판 즉시 재개하라,0
2842,231,"내란을 핑계로 하는 공안 정치 냄새가 나는데, 내 코만 맡은 건가?
그리고 잘 몰라서 그러는데, 12.3계엄이 내란이라고 법원 판결이 나와야 내란이라고 할 수 있는 거 아닌가요????",0
2843,231,"내란 관여자 는 이재명 과 민주당 국개 전원이다~
반드시 처단해야한다",0
2844,231,지금하는 짓이 내란이다..마녀사냥을 당장 멈추어라..'다음 정권에서 전부 처단하자,0
2845,231,계란 장수야 뭐야 내란 지겹다ㅋㅋㅋ할 일이 태산인데 맨날 내란내란,0
2846,231,아 진짜 작작 좀 해 재라 이 미친 것들아!!!! 완전 공산당  ssg둘하고 하는짓이 똑같어!!!!!,0
2847,231,반국가 종북 주사파 세력,0
2848,231,"이런 미친 발상은 어떻게 하는거냐? 1. 내란? 계엄에 대해 내란이라고 법원에서 공식 판결은 나온 사안인가? 2. 계엄 당시, 공직자에 의해 민간인 등에 대한 피해가 발생하였는가? 3. 만약 내란이라고 결론이 나도, 이걸 공무원에게 책임을 묻는다면, 추후 진짜 긴급한 상황이 발생하였을 때 한정적인 정보에 의해 움직일 수 밖에 없는 공무원들은 어떻게 반응하게 될것인가? 이건 그냥 윤석열 묻으려는걸 떠나서, 나라 기능을 팔다리 다 잘라놓겠다는 매국행위다.",0
2849,231,"미쳤다 내란에 광적인 행동  꼭 북한의 공산당 사상불손분자
  색출하는 분위기다  정말 소름돋는다",0
2850,231,내란 판결도 안났는데. 와 미쳤다 단단히.,0
2851,231,공산당이냐.????? 어째 북조선 스럽네?????,0
2852,231,논점흐리기 또 하고 있네 ㅋㅋㅋㅋ 안 변한다 안변해,0
2853,231,"아니 나라는 신경안쓰고 내란만 겁나 붙잡고 있노 ?
중국부터 어떻게해라!!!!!",0
2854,231,곧 전국민 5호 담당제가 실시되겠군,0
2855,231,뭘 찾아ㅋㅋㅋㅋㅋ 본인들이 중국에 나라 넘기는 내란짓하는데 자수나 하면 딱이네ㅋㅋㅋㅋ,0
2856,231,"이게 박정희, 전두환 자신들이 그리 욕하고 당했던  이제 권력 잡으니 스스로 색출 작업을.., 또는 북한에서 자주 하는 반동분자 색출, 총살, 본보기로 죽창질.",0
2857,231,와 이거는 반동분자 색출하여 아우지탄광 보내려고 하는거네 대한민국 모든 공공기관장 자리에 심복들 심어려고 하냐 천벌받을넘들,0
2858,231,ㅋㅋㅋㅋ 미친 말로만 듣던 죽창들고 색출해서 총살 시키는 일이 벌어지네 거기다 내부고발까지? ㅋㅋㅋ 동료끼리 진짜 공산주의네 무섭네 ㅎㄷㄷㄷㄷ,0
2859,231,친일파 청산은 못했지만 내란매국노 청산은 반드시 해라,0
2860,232,내란견들이 해산시켜달라고 발악을하는구나 하루라도 빨리 해산시켜줘야,0
2861,232,항소포기 뉴스로 도배하면서 사라진 뉴스.  장동혁 부동산 6채 투기 및 재판거래의혹. 저것들 다 지들 목에 칼 들어올 것 같으니 발악 중. 속지말자.,0
2862,232,"탄핵할게 아니라 
연임시켜야한다",0
2863,232,정권잡았을때 압수수색을 수백번을 하고도 증거를 못찾아놓고 이제와서 무슨..,0
2864,232,빨리 해체시켜라...........국민의 짐.......,0
2865,232,왜?도대체? 윤석열보다. 백배천배잘하는 대통령을 탄핵해 국민의힘과 장동혁은 나라를 좀먹는 내란동조범들,0
2866,232,"역시, 국민의 힘이다...
나라 경제, 민생,외교에 전혀 관심이 없고,
그저 자기들 살길만 찾는 처절한 몸부림으로 밖에 안보이니....ㅉㅉㅉㅉ",0
2867,232,내년 지선때는 제발 국짐 없엡시다 애국민주시민 여러분👍👍👍👍,0
2868,232,"자기들 죄는 인정안하고, 남의 흠만 탓하고 자빠졋네. 지들 죄부터 인정하고 항의를 하든 말든 하지 ㅉㅉ.",0
2869,232,"국힘은 당 해체가 먼저다. 윤똥, 바그네, 쥐박이. 대통령들에 연이은 2탄핵 1감옥행",0
2870,232,국힘 해산 다가 오니 이제 제정신이 아니구만~,0
2871,232,이거 대선 불복임...몽둥이로 다스려야함.,0
2872,232,"아주 미쳤구나 발악을하는구나 마지막 몸부림 같네ㅉㅉ
잘가거라",0
2873,232,"나라가 엉망인건 내란당놈들이 설치니까 그런거지.
빨리 내란당 해산에 힘을 모읍시다",0
2874,232,위헌정당 해산시켜라...수백명의 검사들이 수백번의 압색을 하고도 이재명 대통령을 아직까지 대장동에 엮냐...검사 항소랑 뭔상관이냐...짜고치는 분노냐..장동혁 부동산 김기현이 100만원 윤거니 선물은 뭐  사회적예의...에라이 계엄내란이나 저지르는 자들이 진짜 국민 염장만 지르네...저인간들보면 지들 불법은 당연한것이야...욕나온다..,0
2875,232,겁먹은 개들이 더 요란한법이지 ㅋㅋㅋㅋㅋ,0
2876,232,"빨리 해산시켜라
내란당놈등",0
2877,232,"세금이 아깝다. 정말~  맨 정치싸움. 서민들은 죽어간다.
너희들은 우리 세금으로 호의호식하며 살고들있지.꼬박꼬박 월급에 ...떡값에...  진짜 국회의원 반은 줄여야해. 하는게 없구 . 시급한 법개정들은 않하고.... 미치겠다. 정말",0
2878,232,범죄자는 대통령호칭 안맞아,0
2879,232,"이번기회에 특검해 시시비비가려보자
대장동에 국민의힘 더많이연류되었잖아",0
2880,233,사법고시 3번 떨어진 조국이가 사시 합격하고 검사직만 20년 넘게 한 한동훈이에게 까부네~ 누가봐도 한동훈 승 아녀~~~!!!!ㅎㅎㅎ,0
2881,233,조국은 이건에 끼어들지 않는게 좋겠다.그 어떤 논리도 이길 수가 없다.성남시에서 민사소송을 할 수 있다하더라도 그걸 왜 성남시에 미루나?재명이가 김만배를 뭐라했나?자긴 피해자라 했다.근데 왜 피해자가 가해자 추징금을 보호하려드나?말이 안돼잖아.어거지 논리를 펴 봤자 자기 모순에 따지고만다.내가 보기엔 이 말도 안돼는 쉴드를 감행하는걸로 봐선 손가혁개딸 눈에 들고 싶은 모양인데 맘은 알겠으나 불가능.걔들은 재명이의 잠재적 적수가 될만한 모든 사람이 철천지 웬수다.,0
2882,233,판결문 보고도 이해 못하거나 우기거나… 감방에서 뉘우침 없는 자를 사면해준 것 이해 안가네요. 뉘우친것 없이 계속 말도 안되는 선전선동… 조국 기사는 내지도 마시길. 시민들 너무 피로합니다.,0
2883,233,조국아 넌 조국을 말아 먹으려고 작정을 했구나.  강남좌파의 본색이 그대로 드러났구나. 모르면 가만히 있어라. 괜히 아는척하다 무식을 들통내지 밀고,0
2884,233,한글도 이해못하는놈이 서울대 법대교수였다는게 참.,0
2885,233,법학. 교수 까지한 개돼지가.  전과자가 되다니 상종. 못할 🐕 국이네,0
2886,233,조구기아 그입 다물어라.,0
2887,233,조국 너는 잡범이잖아,0
2888,233,"항소포기로 이 돈들은 고스란히 대장동 일당 수중에 남게됨 



민사로 받으면 된다는 개소리는 형사에서도 항소포기한 금액을 

민사에서 받기는 하늘의 별 따기임.



인생은 대장동처럼ㅋㅋ",0
2889,233,사법고시도 낙방한 놈이 한 소리가 아니다,0
2890,233,"국아
자네는 가짜서류나 만드는 사람 아닌가?
누가 자네  말에 귀기울일 사람있는줄 아나?
좀더 감옥에서 새사람되는 공부를  해야 할 사람으로  안다네",0
2891,233,"조국은 자신의 불법엔 부끄러움 없이 침묵하고, 대장동엔 법적 궤변을 늘어놓는다. 국가가 피해자가 아니라서 추징 못 한다? 그럼 국민 재산은 누구 것이냐?
성남시가 피해자라 해도, 그 재산은 국민의 세금과 공공자산에서 나온 것이다. 국가가 환수 못 한다는 논리는 정의를 포기한 궤변이다.",0
2892,233,"요즘은 [낄끼빠빠]를 할 줄 알아야 현명한 사람이라 했다. 사시 3번 낙방하고 강단에 섯던 인생과, 재학 중 소년 등과(사시패스)하고 특수통검사로 명성을 날리고 검사장과 법무장관을 역임한 한국 제일 검객과 비교는 어불성설이다.",0
2893,233,조국 이제는 알랑방울 떠는 고양이  방울 소리 인가.   대통령에게 알랑방울떠는 노리게  아닌가.,0
2894,233,판결문을 이해를 못하는 모양이죠...,0
2895,233,판결문 보면 일반 국민도 대충 알겠다!  민사도 성남시가 증거제출로 승소후 받아내야하는데 그것도 요원한 얘긴것같고 근데 대학에서 법을 가르킨 교수란자가 저정도로 얘기하니 어안이  벙벙하다!  그밑에서 배운 학생들은 머가되는지 ᆢ!!  안타까운 인성의 소수자다  아무리 범죄자라 지만ᆢ!,0
2896,233,"시건방 무식이 사시노패스가 머리쓸어 넘기고 휘젖고 다니며 낙하산  설대 교수 됐어도 뭘 알아야 교수짓도 해묵지, 맨날 학부생들한테 까이고 물어가며 교수짓 한 무시기ㅉㅉㅉ,sns,관종쇼질 하는거 밖에 할줄 아는게 없어,딸래미 아들래미 머리 꽝 인거 그애비에 그딸 부전자전 아니것냐",0
2897,233,사문서 위조나 하는 잡범이 교수인척하는거도 개역겹인데 이재명한테 꼬리쳐서 사면 받아 사회나왔으면 조용히 입다물고 살것이지 지금 세금7000억을 범죄자한테 줬는데 그걸로 나대고 싶냐,0
2898,233,"왜 사시패스 못한줄알겠다.저런 사람이
서울대 교수했다는  믿기 힘드네",0
2899,233,그래 몰수 추징이 불가하서 좋으냐 인간 이하의 반국가 배신자야 !  너는 국민으로 부터 영원한 배신자 취급을 받는다,0
2900,234,이건 여야를떠나 당연히 없애야지 ㅋㅋ,0
2901,234,이상하네. 사실적시 처벌이 없어지면 나라가 대혼란이 올텐데. 이 대통령과 김용민 자식들 신상과 사진 올려도 죄가 안되는 세상이 되는 건가?,0
2902,235,"낙후한거 알면 그말 못함.
그 주변 넘 낙후함. 좀 개발해라.
도쿄를 좀 봐라..올마나 도시가 세련되었는지.
서울은 시골임.",0
2903,235,"민석이 일마이거 트집잡을거 잡아라
.오세훈 잘한다",0
2904,235,대법원 판결은 그느집 강아쥐 변이냐?,0
2905,235,조선은 고려의 종묘를 어떻게 했을까? 백성이 제일 귀하고 그 다음에 사직이 귀하고 그 다음에 군주가 귀하다고 한 사람들이 조선을 세운 사람들인데... 정도전도 맹자도 관에서 주무시다가 배꼽을 잡고 웃겠다. 공자나 맹자라도 한 번 읽어보시길...,0
2906,235,"오세훈은 한강으로 뭐 하는 게 잘 안 되니까 이젠 세계문화유산도 망치려드냐? 건설, 개발 아니면 서울시정을 못 하냐?",0
2907,235,행정도시 완성 목적에 부합하게 세종시장 추천한다. 서울시엔 관심끄시라!!,0
2908,235,오세훈이가  시장으로 있을때 돈날린건이 어마어마한데 이런자가 뭘해도 제대로 할지 의문이에요,0
2909,236,세종시로 이전은 언제하나요? 옮긴다면서요?,0
2910,236,"음흉한 사기꾼 문재인 놈이, 2017년 선거 전에는 권위주의 상징 그곳을 국민에게 돌려주겠다고 했었는데 결국은 국민에게 사기친건데..문재인 놈은 사기꾼 입니다! 특별감찰관 역시 음흉한 사기꾼 문재인 놈이 당대표 또는 의원때 입법 해놓고,503은 임명 했지만.정작 문재인 놈은 임명을 안한것도 완전히 음흉한 놈이죠!! 저는 그동안 김대중 부터 문재인 까지, 2020년까지 민주당에 투표 열심히 했습니다! 503때 문체부 체육진흥투표권, 새벽시간대 100억원대 대국민 조작사기 적폐범죄 당하고,적패청산 한다던 문재인놈 선거 끝나고 뒤통수맞음",0
2911,237,"지금 암표가 문제냐????  이죄명이 재판이나 다시 하고 검찰의 항소포기가 왜 일어났는지 이걸 잡아내!!!! 지금 암표 이야기 할 때냐?  한심한 것들,.",0
2912,238,계엄은 해프닝이라고 말하던 내란수괴 딸랑이 홍준표가   대선경선에서 탈락하자 탈영해놓고 하루도 안빠지고 총기난사중,0
2913,238,책임총리 시켜주면 한동훈 제거하겠다고 윤석열이랑 같이 일진놀이 하던 70대 깐족이 홍준표,0
2914,238,한동훈이 정치검사였다면 문재앙 정권에서 살아있는 권력 수사했다고 4번 연속 좌천 당하고 2번 압수수색 당하고  독직폭행 당하고 가족 주변 지인들까지 전부 사찰 당했을까 대장동 7413억원 항소에 한동훈 같은 검사 한명만 있었어도 대장동 일당이 먹튀할일 없었을거다 탈영병 홍준표는   계속 무차별 총기난사 하다가 금융치료 받을거다,0
2915,238,윤두창에 한동훈 없애줄게 총리달라고 윤두창에 코가 닿도록 아부하던 홍발정 끈떨어지자 또 찢두창에 아부하냐 정체가 뭐냐 치매냐,0
2916,238,자기의 정치질을 위해 대구광역시를 헌신짝처럼 버리고 간 사람이 온데 만데 다 집적거리고 다니시네ㅉㅉ,0
2917,238,근데 왜 개딸들이 홍준표 쉴드를 쳐주는거야??????????????,0
2918,238,"검찰 망친건  문재앙과 윤두창이지   살아 있는 권력  수사했다고 한동훈 죽이려고 했던 문재앙과 김건희 방탄 하려고, 

계엄으로  한동훈 체포해서 죽이려던 윤두창, 거기에 정치질하면서,, 숟가락 얹던 70대 극우 할배 홍준표",0
2919,238,"책임총리 시켜주면 한동훈 제거하겠다고  윤두창이랑 일진놀이 하던  극우 할배 홍준표, 먹던 우물에 침뱉고 나가더니 하루도 안빠지고 짖어대네 잊혀질까

두렵냐  오래 살았잖아  그만 은퇴해라",0
2920,238,개딸들아 계엄군 무섭다고 숲에 숨은 쫄보 구해줬더니 염치좀 있어라,0
2921,238,"70대 탈영병 할배

홍준표
 잊혀질까
  두려워서 하루도 안빠지고 페북질하며 총기난사중
  한동훈 처럼 방송에서 불러주지도 않으니 더 열폭함",0
2922,238,"먹던 우물에 침뱉고 나간 돼지발정제 홍준표 할배 입다물라  정치검사 출신은 홍준표 
본인 아닌가",0
2923,238,개딸들아 한동훈이 윤석열에 붙어서 호의호식했으면 체포조에 총쏘ㅏ죽이겠단 말이 나오겠냐 호의호식 드립치면서 총쏴 죽인단 말에는 한마디도 못한다고 비꼬는거 니들이 말하고도 좀 이상하지?ㅋㅋㅋㅋ 공격을 하고 싶으면 두 주장중에 하나는 버리던가ㅋㅋㅋㅋㅋㅋㅋㅋ,0
2924,238,윤석열이랑 폭탄주마시며 한동훈 없애줄테니 총리직달라고 굽신거리고 이재명한테도 총리직 달라고 굽신거리는 탈영병 홍발정은 입닫아라,0
2925,238,"홍할배!  침 뱉고  떠난  우물물  다시  먹고  싶나?
그저  이젠 따뜻한  집을  사주고  장가  보냉  아들들  손자나  보고 집에서  입꾹  하셔!
국힘을  도와  줄것이  아니면〰️
아!   그리고  명태균  수사나  받고‼️",0
2926,238,한동훈 조롱과 비하로 억까하는 댓글러들 허위사실인지도 모르고 가스라이팅 당해 헛소리 하는줄도 모르네 무지해보인다 천재정치인 한동훈 부럽지,0
2927,238,한동훈은 좌우없이 수사한걸로 유명한데 뭐라는거야 치매영감,0
2928,238,민주당 인간들은 홍준표 편드네~~~,0
2929,238,*신 같은 사람이 이불 쓰고 만세 부르나 이죄명과 더불어광란당의 폭거에는 찍소리도 못 하는 멍청한 인간아  대구에 오치 마라 돌 맞을 수도 있다,0
2930,238,"덕수랑 국힘당사에서 국정을 함께 책임진다고 기자회견한  동훈이...그냥, 그걸로 넌할말도 안하는것이 답아니냐, 지금국힘이 정부여당을 상대로 싸우는걸로 보이냐? 국민들 눈에는 그냥 정부여당을 상대로 꼬장을 부리는것으로 보이는데.",0
2931,238,둘 다 퇴출돼야 할 종자라고 본다.,0
2932,239,"대장동에서 수백억 먹은 사람이 적폐 청산 대상 아닌가요?   법을 뒤집고, 자신의 잣대로 생각하고, 사진의 잣대로 세상을 보고, 세상을 얼지럽히는 사람이 적폐 청산대상이네요.",0
2933,239,대장동 항소 포기 지시한 이재명.정성호.검찰총장은 악인이다..,0
2934,239,윤설열이가 이재명 이놈을 죽였어야했다 왜 임기때 탄핵전 계엄전에 죽이지 못했는지 너무 한탄스럽고 개탄스럽다 찢이놈을 죽였더라면 작금의세상 이런꼬라지를 보지않았을텐데 찢놈과민주당놈들은 인간이아니다 모조리 나중에 후처리해야된다 갈기갈기 찢어서 뼈저리게 해야된다 언젠간 그날이 반드시 올것이다,0
2935,239,"나라를 흥하려 대통된게 아니고 나라를 제것 만들려고 대통된것이여! 하는 짓거리보면 모두 본인 몸보신하는 것 밖엔 없잖아! 윤통때는 예산을 빵몰이 하면서 이제는 국정예산도 맘대로 올려, 검찰항소도 못하게 해. 한국=이재명나라!",0
2936,239,용산 폭파하겠다 라는글을 올린사람이 있다하는데. 5천만 국민은  그사람을 응원 할것같아요 왜냐 이재명이란 종자를  사람므로 보는분은 전라도 몆몇 이게 나라입니까  미관세 하나 해결못하는 천치가 지얼질만 하고있으니 7천억 먹고 나에 대한말 이제 끝내라 조금 있으면 사면해 줄것이니말이다,0
2937,239,박정훈은 의인이고 대다수 검사들은 항명이라는 논리가 뭐냐? 국민이 개돼지로 보이냐?,0
2938,239,드디어 범죄자들이 집단적으로 국가와 국민을 공포정치로 압박하는 걸 보면 수명 다되가는 걸 느끼게 되는구만요,0
2939,239,"범죄자 이재명과 범죄민주당 도적놈들이 대장동 저수지에서 수조원을 해처먹고 튀려고, 압력행사하여 항소포기시켰지만, 도적놈들의 사기행각은 국민들에게 들통이 났네.. ㅋㅎㅎㅎ   도둑놈 정성호는 수천억을 해먹었다고 ?  대한민국 악질 역적인 범죄민주당 도적놈들은 대를이어 삼족을 멸해야 한다 !  도적놈 이재명을 탄핵하고, 구족을 처벌하라 !",0
2940,239,어차피 없어질 부처인데 인사는 무슨 인사 . . . 이 정권도 무너질 날이 얼마 남지 않은  듯 하구만 ㅜㅜ,0
2941,239,딴사람이 했다면 적폐 청산이라고 응원을 받았고 민주당 지지율이 하늘을 찌를텐데.  재명이가하니 죄다 재명이 살리기라고 욕하는거다. 어찌 나라가 이렇게 돌아가냐. 개탄할 노릇이다.,0
2942,239,"이정부 끝나고 정권이 바뀌면 현정권에서 공직에 근무한 인간들 모두 사법처리 해도 할말이 없을듯ᆢ
ㅡ이재명 후보시절 난 절대 정치보복은 안한다ㅡ고했다고 정말 안할줄 알았나",0
2943,239,,0
2944,239,"헌법수호의지 대환영!
범법자와 범법의혹자인 이재명과 총리, 장관, 비서관 다 추방하자. 그게 우선이다.",0
2945,239,얼굴이 썩었어 갈수록 썩어간다,0
2946,239,"많이 조급해 보입니다 
길어봐야 5년 입니다 
세월은 금방이고 원성은 대를 이어 갑니다 
요즘시대가 무서운게 내가 했던 행위는 사라질수없고 디지털의 발달로 
기억은 죄 재생이 된다는 거지요 
여기서 검사들이 다 나간다 쳐도 남아있는 검사가 공정해 보일까요 이게 문제 아닌가요 
남아있는 검사를 국민들은 어떻게 생각할까가 문제인거죠 오히려 나가는 검사가 애처롭고 절망감에 한숨을 짓는다면 ㅡ
잘 생각해 보시오",0
2947,239,범죄자가 멀쩡하게 일하는 사람을 벌주는 나라가 뭔 일입니까?,0
2948,239,전두환 욕할게 아니구나.,0
2949,239,범죄자 내란선동수괴 찢씨는 독재꿈나무.하루빨리 끌어내리는 것이 우리나라와 국민이 사는 길입니다.,0
2950,239,민주당은 부통산과 이번 북정농단사건으로 다 선거에서 아웃될듯..잘가라 멀리앉나간다..ㅋ,0
2951,239,"우리 국민은 왜? 검찰이 항소포기 했는지가 궁금할뿐이다. 누가 시켰는지? 정당해서 할 필요가 없었는지? 왠?친윤검사? 지검장15명,고검창3명? 우린 대장동 항소포기 이유가 알고 싶을뿐.",0
2952,240,국가에 엄청난 손해를 끼친 이 인간들이 진정한 내란 세력이다...  수천 억원의 돈이 애들 이름이냐...대장동 사기꾼 전과4범과 전과 22범 장관들의 범죄자 놈들...,0
2953,240,대장동은 김만배일당의 범죄수익 환수 없이는 끝난게 아니다,0
2954,240,"취임하자마자 연기금 주식에 꼬라박아 기관이 투자한 반도체만 폭등해서 주식 폭등. 그러나 다른 종목은 망했고, 외인들이 다 빠져나가도록 연기금 다 고갈되었는데 더 이상 외인투자 달러유입은 없으니 계속 환율 폭등한다. 국민들 다 거지되고 있다는 것임. 너가 연봉 5000이여도 4대보험 몇십만 공제로 실수령은 300만원 수준인데, 그 너가 낸 너의 연기금을 맘대로주식에 쏟아부었음. 최근엔 너의 적입된 퇴직금도 주식에 쏟아붓도록 법 개정함 (퇴직금 일시 수령 불가능해졌음) 참 자랑스러운 나라다운 나라구나",0
2955,240,"이죄명 탄핵, 더불어당 해체 !!!!!  촛불집회 개최~~~~~~~주말 관화문 집회~~~~",0
2956,240,사상검증시작 개딸만 국민 인정,0
2957,240,개딸런민민주주의공화국,0
2958,240,이재명 을 믿는자는 복을내릴것이며 욕하는자는 벌을내릴거디니라 아멘~,0
2959,241,아마도 북한 정권에 반대하는 인물이 벌인 사보타주일 수도 있겠다.,0
2960,242,"홍준표가 어른답게 좀 행동하기 바란다. 본인 성질 내키는대로 대통령 후보 못됐다고 징징대고, 본인 뜻과 안맞는다고 한마디씩 툭툭 던지고 언론에서는 그걸 또 기사화하고 참 짜증난다. 애들 장난도 아니고 나이 처먹어서 뭐하는 짓인지 모르겠다.",0
2961,242,"준표야~~~
정계 은퇴했으면 조용히 살아라.
니 말대로 윤석열, 한동훈이 잘못있다고 치더라도
지금 대장동사태를 보면 당연히 문제가 있다고 이야기 하는게 정상 아니야? 한동훈에게 열등감만 가득한 노인 같은이라고
한때나마 당신을 좋게  평가한 내가 부끄럽다.",0
2962,242,제일 추하게 늙는 넘은 박지원과 홍준표!!!,0
2963,242,"홍준표는 제발 조용히 사라지세요
윤대통령한테 아부할때는 언제이고 ㅎ",0
2964,242,홍준표  할줄아는건 그저남탓. 불평불만 모르쇠 기본적인 토론도 자료도없이 무식하고 어른대접이나 받을려고 하는거보고 한국정치 참후졌다라고 생각했다,0
2965,242,이 인간은 입만 벌리면 한동훈 끌어다 넣네. 만인이 다안다 바로 경쟁자 한동훈을 시기하고 있다는것. 그래서 재명에겐 찍소리 한번 못하고 있지,0
2966,242,홍준표 진짜 너무 싫다 진짜 저 인간은 여야를 떠나 최고권력에는 찍소리도 못한다 윤석열 한테도 온갖 아부 다 떨더니 이제서야 비판하고 거기에 한동훈은 왜자꾸 엮냐? 윤석열 때문에 가장 힘들어진 당사자가 한동훈 인걸 알면서도 같은진영 라이벌이라 생각하는지 걸핏하면 한동훈을 비난한다 한번도 공식적으로 그동안의 망발에 사과도 안한다 이번 대장동 항소포기까지 이죄명이 아닌 한동훈을 비난하는게 보수냐? 홍준표 당장 민주당으로 가라,0
2967,242,영감님 정신 못차리나? 지금 상황 파악 못하나? 이런게 진정한 내부총질 자폭 행위다,0
2968,242,"역시 한동훈! 시원하게 한방먹이네요.
탈영범은 그 입 다물라!",0
2969,242,홍준표 박지원 두 노인네가 진실과 정의를 알면서도 외면하고 권력욕에만 눈이 멀어 헛소리를 하는구나. 두 노인네 정말 추하다 추해. 난 정말 저렇게 늙어가지 않으리라 다시한번 다짐해본다.,0
2970,242,이재명 대통령에게는 한마디도 못하고    본인이  소속했던 당을 공격하는 모습이 오히려   더  비겁하다 정계를 은퇴했다면서 돕지는 못할망정 끊임없이 자당을 공격하고 방해하는   이유가 무엇인가?!?,0
2971,242,"한때는 홍카 지지했었는데 어찌 저렇게 망가졌을까. 열등감에 몸서리치고, 권력앞에서는 깨갱..",0
2972,242,국민이 분노하고있는데 이재명에게는 말한마디 못하는 보수의 적 -늙고 추한 홍준표는  입다물어라,0
2973,242,"홍준표~!!○혼자서 늘~ 본인 잘못은 1도 없고, 주구장창 남 탓만 하는 기회주의자~!!",0
2974,242,한동훈이 언어구사력이 확실히 좋은듯..홍준표가 10줄로 공격하는걸..탈영병 단 세글자로 압도하니..,0
2975,242,"비겁한 홍준표 
정치 재개하려니 한동훈이 가장 적수라 느끼는모양인데 정치포기 햇으면 조용히 지내도록...
더 챙피 당하지 말고..",0
2976,242,"민주당엔 늙은이 박쥐, 국힘엔 늙은이 홍탈영병이 물흐리는구나",0
2977,242,윤석열이 부르니까 용산 들어가서 깍듯이 인사하고 식사도 같이한 사람이 이제와서 윤석열 욕하는 모습이 꼴불견이다. 한동훈은 홍준표 만큼 비굴한 적이 없었다,0
2978,242,홍준표 너같은 잡것이 이 나라를 망쳤다!,0
2979,242,항소포기한것에 대해서 입다물고있는 홍준표가 한심하다.,0
2980,243,내란당눔들이 저리 거리를 활보하고 다니니...........,0
2981,243,매관매직한 애들..우르르 몰려갔네.챙피하지않어?,0
2982,243,계엄내란 수괴 즉시항고 포기는 왜 조용했나 내란당것들 진짜 무개념 몰상식 몰염치것들,0
2983,243,지금 트집잡고 설치고 다니는 사람들 보면 본인들 죄 들어날까봐 깽판치는거 같다 뚫린 입이라고 잘하고 있는 대통령 탄핵 운운하는 것도 너무 뻔뻔하다 내란으로 탄핵당한 즈그들 수괴한테는 옳은 말 한마디를 못하는 것들이,0
2984,243,국힘 니들 탄핵이 먼저될꺼다,0
2985,243,내란잔당 국힘 해체!! 윤수괴 하수인 정치개검 척결!!,0
2986,243,이재명 탄핵!!!,0
2987,243,탄핵해야지. 중국인 무비자도 막고 대장동 비리도 들춰내고 끝없는 빚잔치도 막아야지. 도대체 왜 이재명을 지지하는거지? 모든 잘못을 윤윤 거리면서 몰아세우곤 정작 하는건 저달러 시대에 고환율을 달리고 본인 범죄 막을려고 하고 전과 33장관 세우고 왜 지지하는거임? 지금 경찰 마스코트는 중국 관우로 바뀌고 중국이 한강공원에서 군대 행진하고 부동산쇼핑에 의료쇼핑에 이거 지지한다는게 한국인인거임 아니면 니네는 중국인인거임?,0
2988,243,"저 거지같은 떨거지 국짐애들 어서 빨리 안보고싶다.
좀 제대로 된 보수세력정치인들이 나올때도 되지않았냐? 담 총선에 구태연한 극우국짐애들 청소 좀 합시다.",0
2989,243,윤석렬이  항고포기 할때도  좀 이러지 그랬냐.  입쳐다물고  있다가  이제와서  정의로운척들  한다,0
2990,243,심우정이 윤두창 항소 기각한것은 가만히 있었던 놈들이 뭔 헛짓거리냐? 사람으로써 양심이라는게 있는거냐,0
2991,243,공공기관 무단침입으로. 처벌해라. 윤석열의 즉시항소포기할때는 입을재봉털로다문작자들이 그때도 중앙지검으로가서 항의해서야지. 내란우두머리 윤석열은 되고 일반법죄다들은 안되는이유가먼데  저러니 내란당이라는말을하지. 이제는 107명을 갈갈이 해산시켜야한다,0
2992,243,김건희때는 가만 있더니 난리부루스네.,0
2993,243,윤석열 총살감이네,0
2994,243,"참 한심한 놈들이다....
윤석열이 구속취소 개검에서 항소안할때 한마디도 않더니 ㅋㅋㅋ
그리고 이번엔 검찰이 구형한것보다 형량이 더 많이 나왓잖아
그럼 검찰 입장에선 성공한 재판 아니야???
더 항소할 이유가 있다고 생각해??",0
2995,243,모지리들~ 살림살이 좋아지는것에 신경써라 니네들이 다 말아먹은것들!!!!!! 국민이 바보로 보이는건가 아직도,0
2996,243,동혁아 니가봐도 코미디 같지 않냐? 쇼 고만하고 김기현 뇌물준거 한마디해봐,0
2997,243,"도대체,, 석열이 구하러 온다는 항공모함은 언제 오는거냐 ??",0
2998,243,위런정당 해산 언제할거야??? 저것들 언제까지 봐야하는건지...,0
2999,243,세금 처 받으면서 진짜 할이 없냐 니들은 뇌가 있긴하냐 ㅋㅋ?????????????????,0
3000,244,"평생 데모만 한 놈이 뭘 알것냐 ?
제 형놈 민웅이 놈하고 짬짜미해서 데모만 잘 하는 재주는 타고 났지",0
3001,244,상권 개발이 비싼 초고층 건물일 필요는 없다. 여행자들은 종묘 일대에서 구 서울의 정취를 느끼기 좋은데 왜 그런  좋은 유산을  해치려하는지 이해가 안된다. 관광자원으로 가치가 충분하다 생각한다 .,0
3002,244,종묘주변 넘 지저분하고 상권도 죽어있음. 무조건반대하지말고.    이 기회에 좀 활성화 시키는것도 괜춘!재개발로 도로도 12차선으로 넓히고 바로 앞이 큰건물로만 막히지 않게 사통팔달로 길 뚫고 잘살리면 오히려 문화재 살리고 더 멋질듯.   청계천 정말 막히고 지저분했는데 청계천복원으로 서울중심이 좀 깨끗해진 점도 있다. 오ㅅ훈도. 유흥준님 초대해서 의견도 듣고 문화재잘살려 재개발하면좋을듯. 김민서 서울시장나오려고 우선반대부터하는건 가끔 억지도 있다,0
3003,244,뇌물죄에 배추장사 사기꾼이 서울시장 후보로 당당히 나오는 대한민국ㅋㅋㅋ,0
3004,244,"더블어공상당  국회의원은 서울시장  출마하는순간
100% 폭망할거임!",0
3005,244,"이런 저질 김민석,  누가 추천하고 임명한거야?  민웅이 엉아는 깨끗한가?",0
3006,244,"종묘도 중요하지만 ,부동산 폭등문제부터 해결해라. 젊은층들  집없어 ,결혼못해서  인구감소로 이어진다.",0
3007,244,오세후니 백날 쑈해도 내년 지방선거에 가마없다 명태균이랑 재판이라 받아라,0
3008,244,,0
3009,244,킁킁이를 보면 서울스카이라인을 부산만도 못하게 만들었다,0
3010,244,지방선거가 문제가 아니라 부동산에 아파트에 미친나라 같음... 아파트 한채 사면 수십억은 꽁으로 생기니까 다들 투기에 아파트 지으면 수조 수천억은 이윤이 남으니 엘시티니 대장동이니 국짐것들과 짬짜미 해서 이권 나눠먹기 이러니 이재명이 미울 수 밖에 공공의 이익으로 환수하려했던 이재명은 눈엣가시였겠지 갑질국회결혼재테크 최민희는 언론개혁은 하지 않고 돈벌기위해 자리차고 앉은 사람이고 정청래는 개끌어안고 윤석열 흉내나 내고 있고 종묘라는 지구의 보물을 흉물을 지어 가릴려고 하는 적폐들 천박함지구온난화고 뭐고 조상부터 모셔라 민주당아,0
3011,244,왜 꼭 종묘앞에 고층건물을 지으려 하는지 이해않되네,0
3012,245,"시건방 무식이 사시노패스가 머리쓸어 넘기고 휘젖고 다니며 낙하산 설대 교수 됐어도 뭘 알아야 교수짓도 해묵지, 맨날 학부생들한테 까이고 물어가며 교수짓 한 무시기ㅉㅉㅉ,sns,관종쇼질 하는거 밖에 할줄 아는게 없어,딸래미 아들래미 머리 꽝 인거 그애비에 그딸 부전자전 아니것냐",0
3013,246,엉터리 조작수사로 부실한 판결을 받은 윤수괴 검사들이 무슨 염치로 항명이냐? 제대로 수사 했으면 이런 사단이 일어나지 않았다 모든 촛점을 이재명대통령에게 뒤집어 씌우려 했던것이 이런 사태를 만든것 이다 검찰의 구형보다 더 높게 나와서 항소 해봐야 실익이 없는데도  항소 쇼를 하는 개검사들 필히 특검으로 철저히 수사해서 철퇴를 내려야 한다,0
3014,246,우리나라 개검은 인성이나 양심.상식이 없는 것들만 뽑았나?,0
3015,246,"2019년 국민들이 서초동에서 검찰개혁 외쳤을 때 강성 지지층이니 하면서 욕하던 사람들이, 머리에 뇌가 있으면 생각 좀 하자. 결국 검찰이 남욱한테 배가른다는 협박이나 하면서 조작 수사하는게 몇년도냐?? 누구 말이 맞았던거냐?? 권력이 과하게 집중된 집단은 썩게되어있다.",0
3016,246,"통진당처럼 악의축&lt;토착왜구 내란 叛軍 역적 무능 폐족 비리 賣國の힘&gt;해산/
50年6月28日 우익OO일보 호외“김일성 장군 입성 만세”
반드시 항소하란 法이 있냐?
외압이 있더라도-검사 한 명이 항소장에 싸인하면 돼.
독재검찰=사헌부:정조王을 물어 뜯고 했지*
개검은 개검끼리 치고 받고해라!
김건희에 폰 뺏기고-배 가르는 조작 달인 검찰-
심우정은 왜 항고하지 않았지?
강백신등 항명 검사:하옥하라.
140조 국고낭비🐕짐승 사회적뇌물 러브버그&lt;수괴♂성괴♀&gt;앵벌이 사기부부-단두대로/국가자산 헐값에 매각/친일파땅 돌려줘?보물 9점 도둑질",0
3017,246,이건 법무장관 정성호와 김만배 사이에 모종의 커넥션이 존재하는 것이다...이번 항소포시로 김만배는 5700억을 챙기고 단숨에 대한민국 부호 300위 안에 등극하는 쾌거를 이룩했다...둘이 짜고치지 않는 이상 일아날수 없는 사건이다,0
3018,246,나도 5년감옥가고 몇천억벌면 죄짓지않아도간다,0
3019,246,선택적 분노란 조선년놈들이 최순실 딸 정유라 이대부정입학은 분노하면서 조국 딸 조민 의전원 입시비리는 분노하지 않는것이 선택적 분노다!,0
3020,246,선택적 분노란 조선년놈들이 최순실 딸 정유라 이대부정입학은 분노하면서 조국 딸 조민 의전원 입시비리는 분노하지 않는것이 선택적 분노다!,0
3021,246,,0
3022,246,"항소포기 자기들의 직업을 깡그리 무시하고 지나가는 소가 웃을 일입니다
국민 64%가 재판 재개를 원합니다",0
3023,246,"개검~~   가소롭다~  2심이 안열리는 것 처럼  오도하지마라~ 유동규.. 남욱 등 피고인들이  항소해서
당근 2심이 열린다... 그리고 환수는 민사에서 성남도시개발공사에서 받아야 하는 것이지///
마치 국고 환수를 안하는 것 처럼  국민들을 오도하는 나쁜 개검의 태도.... 천벌받아야 한다~@@@",0
3024,246,김호~~지,0
3025,246,"검언유착 검사들의 입이 된 언론
국민들을 개 돼지로 아는 언론",0
3026,246,개딸ㄴ ㄴ들은 이재명이 나라를 팔아먹어도 지지할 OOO들,0
3027,246,,0
3028,246,노컷뉴스 기자님 추징금 7000억규모는 잘못된겁니다. 애초에 검찰이 부풀린금액입니다. 재판부에서도 이점을 인지하여 1차 판결을 내린겁니다. 검찰의 집단반발은 마지막 친윤검사를 필두로 반란이라고 봅니다.,0
3029,246,범죄자들이 정권을 잡으니 별 꼴을 다보네~~ 사기꾼들 추징금 깎아준걸 법무부 장관이라는 양반이 잘 된 재판이라고 하질 않나...설마 남은 7000억은 찢 퇴직금?? 다음 재판은 사기꾼들이 머라고 시부려도 형량이 늘지 않는 듣도 보도 못한 재판이 열리네~~,0
3030,246,대장동쉴드치는 좌파조선인들이 애잔한게... 대장동일당들은 수천억을 벌었는데 거렁뱅이 좌파조선인들이 자기들을 쉴드쳐준다는거임...ㅜㅜ 대장동일당도 어리둥절하겠네 이런 원숭이들이 자기를 보호해준다니🤏,0
3031,246,"여기 댓글 다신 분들, 대장동 주민 아니죠? 다행입니다....  니들이 검사를 비판하는 건 좋은데, 검찰 역사 이래 이런 항소 포기는 없었어.  대장동 일당에게 수천억 넘겨주는 것이 그렇게 기쁘냐?  정성호가 관여한 게 드러났는데, 왜 검찰만 욕하는지 모르겠네....   여기저기 대장동 사업에 서명은 10번 넘게 했는데 &lt;몰랐다&gt; 고 지껄이는 대장동 수괴, 그가 왜 주변에 대장동 변호사만 득실득실 임명해뒀을까?",0
3032,246,술고래때 항소했으면 명분이라도 있지. 왕뚜껑과 기순애 둘이  장난에 술고래 부하 검사들이 이제와 감사와 청문회 특검 한다고 하니 살겠다고 항소 말하냐?  참 웃기는 물건들이다.,0
3033,247,바보들인가ㅋㅋㅋ 일좀해라 싸돌아댕기지만 말고,0
3034,247,벼룩을 가만히 들여다 보면 낮짝이란게 있다.,0
3035,247,복날도 아닌데 뭔 개들이 저렇게 줄서있냐ㅋㅋ,0
3036,247,무슨 새떼도 아니고......툭하면 저리 몰려다니냐.....윤거니에겐 빠삭엎드려 찍소리못하고......공물까지 바치던 쓰레기들.......,0
3037,247,여혐종자 이재명 탄핵 !,0
3038,248,지가 절대적으로 불리한아안엔 입다물고 유체이탈 화법 쓰는건 여전하다 이죄명 저렇게 천박하고 얍삽한점이 계속 싫었음,0
3039,248,의혹에 답이 없다는 것은 인정한다는거지. 왜 반박을 못하냐? 나중에 드러나면 더 거짓말한게 또 곤란해질까봐 말안하는거잖아. 가증스러워! 네이버에 ^대장동 민간업자 수익^이라고 검색만 해봐도 얼마나 수익이 대장동 일당에게 돌아가는줄 알아? 개딸들은 사실인 그것부터 검색해봐라. 대장동 일당 가져가는게 8000억이다. 800억도 아니고.이재명 문재인 비판하면 친윤이니 친일이니 국힘알바니 하지말고. 요새 누가 알바하냐? 정말 나라가 걱정이다.,0
3040,248,검찰이 항소하겠다고 보고하는데 신중히생각하라고 만 했다는데 이걸보고 외압이 없었다고 생각하는 국민이 과연 몇명이나 될까? 법무부장관은 국민이 두렵지 않은가?,0
3041,248,젊은이들이 나라를 구해야된다 나라가 개판이네!  이재명정권과 더듬어당이 국회쪽수 믿고 패악질이 도를 넘는구나!,0
3042,248,저수지에 있는 7천억 지켰으니 좋아 죽겠지,0
3043,248,뻔뻔스런 인간들..지시해놓고 오리발 내밀어?모든게 이따위씩으로 하니 나라가 개판이지..이재명 한사람 때문에 모든게 비정상적으로 돌아가네..,0
3044,248,지금 벌어지는것은  새발의피다  암울한  미래가  보인다,0
3045,248,없겠지  시겼다고도 이야기 못할거고 알아서 기었다고도 이야기 못할거고  뭐라 하겠냐  죄명이 면죄부 주려는 작당인데 토달겠냐  불리해야 쌍심지 키고 달려들지  저것들은 지들 찍어주는 국민을 개돼지로 아는데,0
3046,248,찢가넘 여론이 불리하니 발뺌이네,0
3047,248,ㅋㅋㅋㅋㅋ 암만 누구 돈인데~ 돈귀신놈 국민들 눈치도 안보고. 참 대단하다이~,0
3048,248,좋은 소식인데  무슨입장이  필요해?  몇천억  일당들이   꿀꺽 인데~~~,0
3049,248,"이재명놈이 입장이 있어도 말하면 안되지. 7000억이 그대로 굴러 떨어졌는데 표정관리 잘해야지. 근데, 김만배에게서 어떻게 빼앗냐? 돈은 가진놈이 안내놓으면 곤란한데....",0
3050,248,이런 상황속에서도 현정부가 잘한다고하는 자들 손가락 조심해라. 어떻게 몇달동안에 경제를 끝도 없이 추락시키나? 정말 살기 힘들다.,0
3051,248,이죄명은 스스로 물러나라.. 지금이  어느 시대인데  협박을 해서 항소를 포기하게 하냐..나라가 개판이다.법도 없고.,0
3052,248,검사들 연어에 소주한잔마시고 곱창먹으며 한탄중,0
3053,248,빨리 재판이나 받아라..우두머리,0
3054,248,대장동 몸통 지키려고 애쓰는 모습이 추해요,0
3055,248,합의문이 필요없을 정도로 아주잘된 검사항소포기라고 자화자찬하지 그랬냐,0
3056,248,"이죄명이뭔말할까
국민들은다알고 보고있다",0
3057,248,"대장동 항소 포기는 전과4범 살리기 위한 포기 아닌가?
제발 시끄러워도 전과4범 관련 된 것으로 시끄럽게 대한민국 돌아가지 말자~~",0
3058,249,"국회비준을 하자는것은 왜구당이 친일종미 매국당 인것을 인증 하는것. 트럼프 라는 모지리는 오늘 말 해놓고 내일 뒤집고, 방금 얘기 해놓고 저녁에 엎는 그런 인간 아녀? 한데 그런것을 굳이 조약 으로 인준 하겠다는것은 미국이, 트럼프가 하겠다는 짓을 시키는대로 하겠다고 도장 찍으라는것. 트럼프 같은 배신천재 에게는 우리도 언제 변하더라도 거기 대응 할 방법을 가져야 하는데 미국이 지들 할애비라 시키는대로 해라? 침 뱉고 싶다...",0
3059,250,내란 좋아 하네. 계엄은 대통령 고유권한 아니냐. 그런데 니들이 계엄을 내란 으로 둔갑 시킨거아냐? 그리고 대통 탄핵땐 내란이 아니라고 뺏잖아. 그래 놓고 이제 와서 내란? 웃기고 있네.진짜 내란은 31번 줄탄핵에 각종 예산 삭감으로 식물 정권 만든 민주당이 진짜 내란당 이다.,0
3060,250,"문재인 따라하냐? 그렇게 따지면 대장동,대북송금에 관여한 인간들과 두목도 처벌해야지 않겠나? 김현지 리재명은 대장동, 대북송금에 뭐했나? 증거인멸 문자,녹취가 다 들통나지 않았나?",0
3061,250,민주당은 내란선동말고는 할줄아는게 진짜 아무것도 없는 집단인가????  쒜 쒜는 잘하는구나,0
3062,250,"적폐놀이 시즌2네
홍위병들에게 점령된 나라",0
3063,250,"이게 탄압 아니냐? 미친 정부다 코에 걸면 코걸이 이런게 어디있냐? 민주 외치는  전라도,  민노총, 전교조 대답해보라 입 다 물지 말고 제발 대답해 보라",0
3064,250,이죄명 범죄 덮으려고 내란 내란 그만 우려 먹어라. 그말에 동조할 사람은 개딸 밖에 없다.,0
3065,250,내란은 지놈들이 저질러놓고 뒤통수치기는 과연 선수급이다,0
3066,250,내란은 투표로 뽑은 대통령을 계엄 선포 했다고 법원에서 내란 판결도 안났는데.  임명직 공무원인 헌법재판관들이 탄핵 시킨게 내란 아니냐.,0
3067,250,,0
3068,250,공부 안하고 조작선동으로 데모나 했던 노오옴이 총리라니 정말 대한민국을 떠나고 싶다.,0
3069,250,"무슨 내란이야.. 죄명이, 정성호, 노만석, 정진우가 백배 천배는 내란이지.. 민석아,니들 네팔같았으면 빤스도 못입고 쳐맞고 쫓겨났다. 김만배 5700억, 남욱1000억.. 그 이상일수도..",0
3070,250,아마 임기끝날때까지 특히 자기들이 위기에 처했다 생각할때마다 내란놀이 할거같아요,0
3071,250,게 웃긴다   내로남불이다   누가 내란인진 온 천하가 다안다,0
3072,250,이번 항소포기 압력 내란부터 조사해라,0
3073,250,,0
3074,250,그놈의 내린 타령 이젠 지겹다. 지겨워… 민줘당 늬들도 이젠 지겹지? 모지리들…,0
3075,250,이건뭐  완전  공산당이네,0
3076,250,,0
3077,250,죄가 없는 공무원에 정치 성향이이 다르다고 죄를 뒤집어 씌워 숙청을 하는 건 공산당 독재자나 하는 짓이다. 이것이 바로 대한민국에서는 내란이다.,0
3078,250,내란호소인 민주당니들이 내란진행중이다,0
3079,251,이전 비용을 윤썩년과 국짐에 청구해라.,0
3080,251,윤거니 뻘짓으로 사라진 세금이 얼마냐~~~,0
3081,251,독재자가 될려면 사방이 막힌 궁궐이 최고.,0
3082,251,"청와대를 용산으로 옮겨서
국민세금낭비.국력낭비~
이래저래.윤석열 이는 역적~~",0
3083,251,용산으로 옮기느라 들어간 수조원의 혈세를 반드시 책임을 물어야 한다,0
3084,251,청와대 이전은 찬성 보안이 허술한 용산 옮긴 멍청한 대책,0
3085,251,"옮기고 원래되로 돌려야 한다
간부처 공관도 원위치하고 국방부도 원위치해야한다 윤정부가10년을 후퇴시켰다",0
3086,251,현지의 꿈이냐,0
3087,251,"문얼간이가 나갈 때   청와대 귀중품  싹 쓸어갔지.  
양아치시키들.",0
3088,251,너!   가지마!‼️ 💢神聖  장소인 靑瓦臺💢를    감히  전과 5犯인 네뇸이  더럽히려고 !!    건방진...,0
3089,251,ㅋㅋ 세종시는 속았다. 그리고 또 돈들여 이사간단다. 산꼴로~~~,0
3090,251,찢어버려야할 미생물ᆢ 재판이나받아라  사형도아깝다,0
3091,251,김현지 랑  두집살림하고싶지???,0
3092,251,전과4범 개목살이 채우려 가자,0
3093,251,사이비교도들의 농간 용산 끝. 청와대 복귀!,0
3094,251,이재명도 대통령실 옮기다가 끝나겠다,0
3095,251,,0
3096,251,국격을 무너뜨린 장본인 꼭 죄 받아라 지금도 받고 있지만 그런데 반성도 못하는 못난이,0
3097,251,ㅁㅊ 국민들이 공개하고 국민공원으로 자리 잡는데 ㅁㅊㅡ찢죄명 푸른기와집이 글케 들가고 싶었냐,0
3098,251,,0
3099,252,"공정과 상식, 역시 안철수 👍",0
3100,252,"이것들은 심우정 항소 포기  지귀연 썩렬이 석방 , 침대재판에는 입도 뻥끗 안하더니  뭐하나 껀수 잡았나 싶으면 지롤발광을 떨어요!",0
3101,252,무식한 국개의원아. 7000억이라고? 공부하고 다시말해라,0
3102,252,국힘 내란당 해산은 도대체 언제하누!내란당 세력들과 이를 지지하는 극우세력과 적폐언론들 때문에 나라가 시끄럽다! YTB사장도 바꾸자!,0
3103,253,,0
3104,253,더불어민주당이 왜 구지 항소를 못하게 막지?   윤석렬이 몸통이라고 할때는 언제고.. 그럼 막지 말어야지...100% 이재명이 몸통인게 맞네,0
3105,253,당연히 몫이 포함되 있다고 봐야지. 그러니 별 욕을 다 먹으면서도 항소 포기하지. 반드시 특검으로 항소 포기에 대한 진실을 밝혀 관련자들 엄벌해주고 범죄수익 제대로 환수할수 있도록 해라. 필요하다면 특별법이라도 만들어라.,0
3106,253,분명히  대장동저수지안에7500억이상숨겨져있고   찢죄명과 애지중지간첩현지와 다른졸개들의 몫이 숨겨져있다 ㅡ   김만배와  남욱ㆍ정민용  제산  전부몰수하고     국민들이 모두일어나서 네팔처럼 찢죄명과 졸개들 광화문광장에서 처단해야된다,0
3107,253,내년 선거에서 압도적인 야당 승리로 작금의 끔직한  민주당 행태를 심판하고 범죄자를 탄핵 나라를 바로 세워야 한다 정상적인 국민들이 라도 민주당을 잠재워야 사법 입법 행정 국가시스템이 정상 작동해야 함 지금의 나라는 민주국가가 아님,0
3108,253,초코파이 하나 먹었다고 기소하던 검찰이 수천억 사건 항소를 포기한다? 누가봐도 외압,0
3109,253,돈쳐드신분 죄다 국민의힘이던데 ㅋㅋㅋ,0
3110,253,이재명이 대장동 몸통이 아니라면 이재명과 민주당이 저걸 쉴드칠이유가 전혀없음 자기들이 몸소 나서서 증명중 ㅋㅋㅋㅋㅋㅋ,0
3111,253,이 도둑질한 돈은 만배와 죄명이가 나누겠지 희대의 범죄자들 너희들은 죄 값을 반드시 치른다 이 땅에서 뿐만 아니라 지옥에서도 받는다,0
3112,253,"이 얼마나 사악하냐 ㅋㅋ 윤빤스 전에 대장동 수사하던 검사들이 천하동인 1호 2찍 정치병자들이 '그 분'이라 부르는 그 분을 유동규로 확정하고 징역에 추징금 까지 때렸는데도 아!!아! 난 몰라 난 아무것도 안 들려 그 분은 이재명이야 또 시전 중임, 이 정도면 니들은 이재명 편든다고 욕하고 화 낼게 아니라 정신 감정부터 좀 받아야 됨, 사법이고 행정이고 헌법이고 절차고 사실이고 이 나라의 모든 질서와 규범, 절차, 법을 다 무시하지 않음?? 그런 건 둘 중에 하나임 정상이 아닌놈 이거나 법을 지키고 존중할 생각이 없는 범죄자나",0
3113,253,"7천억은 괜찮고 50억, 샤넬백만 물고 늘어지는 능지",0
3114,253,"몇십년 이 지나도  꼭  법정 에서 죄 를 심판해야 합니다
  영원히 끝가지  죽을때까지  ~~~~~~~~~",0
3115,253,알고 있으면 고발해라. 주두아리 나브리지 말고,0
3116,253,내란의힘~~뇌물의 힘 니들이 뭘 할 수 있는데?????????? ㅋㅋㅋㅋㅋㅋㅋ,0
3117,253,재판 안받으려고 법까지 다 뜯어고치는 전과4범 ㅉ,0
3118,253,그분이 누군지는 전국민 민주당원들 의원들 개딸들 모두 알고있죠ㅋㅋㅋ,0
3119,253,대통령도 죄있스면 재판받아야 한다고 이재명대통은 공약했잖아,0
3120,253,김만배가  범죄자 재명이몫 저수지에 챙겨놨다고하더라 ㅋ 그래서 정성호가 항소포기지시,0
3121,253,와ㅜ이건 눈에 보이는데 뻔히. 대장동 사건을 아니라고하는 민주당이나 일찍이를 보면 뇌에 상당한 문제가 있음을 알수 있다,0
3122,253,죄명이 재벌됬네 정성호하고 검찰총장도 조금 나눠주겠지,0
3123,254,세종시로 내려가지 청와대 왜 기어들어가?,0
3124,254,7000억 대장동일당들에게 헌납하고 세종으로 안가고 다시 청와대로 가면서 세금낭비중,0
3125,254,"청와대가 아니라 저긴 범죄자 도피 호화 교도소다
국민세금이 아깝다 저딴걸 호위하고 호식 시켜주는
이나라 국민들은 개돼지냐",0
3126,254,청와대가 교도소로 변질되겠군,0
3127,254,재판 언제하나 학수고대하고있다,0
3128,254,니 돈으로 써서 돌아가라고 윤석열이 용산으로 나온다할때는 개발작하더니 니는 왜 국민혈세 낭비하는데?,0
3129,254,세금 쌈지돈처럼 쓰는데는 최적화된 이죄명법카도둑,0
3130,254,점쟁이가 청와대 들어가야 감빵 안간다고했나..?짜근엄마는 한복 많이 입으라고 하고.?,0
3131,254,학수고대 했습니다   빨리  청와대로 옮겨야해요 . 미친 두 놈연이  말아처먹으려고  용산으로 혈세들여 서  온갖  미신과 잡스러운 일본 신앙까지  벼라별 미친짓거리를 다해놔서  하루빨리 옮겨야합니다,0
3132,254,우리나라 돈이 썩어나나? 김만배한테 7천억 주고 청와대 이사에 수백억 쓰고 트럼프한테는 10년간 30조 퍼주고?,0
3133,254,그냥 자리에서 내려와라 무능한 정부야,0
3134,254,현지궁: 헤헷,0
3135,254,세종으로바로가지 청와대는 왜 기어들어가냐?,0
3136,254,용산에 베개도 없다고 징징거리드만 가서 또 뭔 쇼를 하려고,0
3137,254,북한간첩들의타격목표는 청와대...,0
3138,254,아방궁 자궁성 입궁 6개월 동안 뜯어고치느라 을마나 꼬라박은겨,0
3139,254,세종시는 언제가나,0
3140,254,이재명이랑 민주당 사재털어서 하는 거 맞지?,0
3141,254,"거긴 뭐 빨아 먹을 게 있다고 혈세 낭비하면서 까지 이사를 가나  재판 재개하면 세금 빵집으로 들어 갈텐데,,",0
3142,254,이 모든 비용 윤내란과 김갈보 부부에게 추징해야 한다.,0
3143,255,"● 썩.고 썩.은 '국민의 짐찍당'과 검찰은 눈앞에 50억을 놓고도 안먹.는 이재명같은 사람은 있을수 없단다 ! 이재명 ~ 너 분명히 먹었잖아 ? ● 그러나 고위공직자는 이게 정상이고 상식적인 선진국이다 ! ● 이렇게 썩.도록 국민들이 사실을 안찾아보고사는거고 ! ● 우리혈세 수백조 해.처.먹는 인간을 찍는일이 수십년째 반복이다 ! ● 대통 찍을때 '10년간 국민을 위한 실천'이 얼마나 되나 확인은 해봤어 ? 대충 찍잖아 ! 여행가고 투표도 안하지 20대 니들말야 ! ● 이재명관련 수많은 사건들, 대장동을 파도파도 이재명은 안나와!",0
3144,255,정성호 사퇴보다 국힘당 해체가 먼저다.,0
3145,255,범죄자 집단 민주당...,0
3146,255,몸통은 용산에 숨어있다,0
3147,255,대장동 사건? ㅋㅋㅋ 써결이 하명 검새 조작 사건~,0
3148,256,대체 어느 정권이 특히나 미국과 정상회담을 2차례나 하고도 문서 하나 없는 경우가 있지?,0
3149,256,변변한 공동선언문 합의문 하나는 커녕 팩트시트 하나도 완성 못하는 무능력의 극치~ 찢 정부.,0
3150,256,대통령이 원칙이 있어야지 실용주의라는게 원칙도 없이 이것 저것 같다붙여서 뒤에 탈나는것이 실용주의인데 한미정상회담이 딱 그꼴임,0
3151,256,어차피 되도 안하는데 애꿏은 세금만 축내고 헛짓거리만 계속하네. 차라리 바람쐬러 간다고 하는게 나을 듯~,0
3152,256,정상끼리 만나도 못한걸 니가 간다고 뭐가 달라지겠냐? ㅋㅋㅋㅋㅋ,0
3153,256,미국이 대한민국이 추진하는 핵추진잠수함 사업에 보다 적극적 자세를 보여서 90%수준의 핵연료를 공급해주고 한국은 미국이 요구하는 국방비를 점진적으로 올려서 미국과의 파트너십을 높이는것이 시급하다고본다 🇰🇷🤝🇺🇸 America is the Blood-friend of Korea 🗽✌🛡💪 💪🌈🌈👏👏👏 북한은 핵무력을 갖춘 핵보유국이라고 떠드는데 우리는 지금 미국 정부의 비협조로 자체 핵추진잠수함 하나 우리힘으로 만들지도 못하는가싶네요 Very disappointing 실망스럽다 대한민국꼴이...🤤😪🤦🤦‍♂️🇰🇷,0
3154,257,"교수 티? 아니고, 찢이 특사로 풀어준 데 대한 보은인거 너무 티낸다",0
3155,257,사시 패스도 안한 인간이 ㅋㅋㅋㅋㅋㅋ,0
3156,257,교수 일때도 평판이 그리 좋았던건 아닌걸로 아는데?? 나대지말고 짜부러져 있지 전과자 주제에 왜이렇게 나댐?,0
3157,257,조국이 너나 잘하세요😡,0
3158,257,찢이 죄국을 8.15 특사로 풀어준 데 대한 감사의 표시인게야,0
3159,257,교수 아니고 교주(사이비),0
3160,257,"사시도 못붙은 놈이 빽으로 교수되더니, 그게 자랑이구나..서울대 법대 학부생한테도 무시받는 놈이 무슨 교?ㅎㅎ",0
3161,257,진짜 얘는 볼 때마다 코미디 ㅋㅋㅋㅋㅋㅋㅋ 조국아 조국아~ 니가 그렇게 법을 잘 알면 왜 네놈 딸은 가정교육을 그따구로 시켰니?,0
3162,257,"시법고시도 통과 못한게 뭘 아는척..그렇게 잘났는데, 본인 감옥 갈지도 모르고 그딴짓 벌였나?",0
3163,257,너 교수 아니잖아 ᆢ잘렸지???,0
3164,257,윤석열이 몸통이라매 해먹게 그냥 두는거냐? ㅋㅋㅋ 찢이 몸통이니까 그냥 덮자는거잖아,0
3165,257,오상방위도 모르는 놈이 뭔 교수티를 낸대 ㅋㅋㅋ 직위해제되고도 받은 서울대 급여나 토해내라,0
3166,257,지가 교수래 가족공모 범죄전과자가 가지가지로 웃기고있네~ 정말 파렴치하고 부끄러움도 모르는 범죄자가~ 어떻게 저렇게 후안무치하게 사는걸까 저런 하급을 추종하는 것들은 어떤 종자들인지 인지 기능을 갖고나 있는건지 인간에 기본틀마저 상실된거 아닌지 궁금하네~ 혹시 교도소 동기들~?,0
3167,257,ㅋ ㅋ ㅋ...교수했던  놈  맞냐?  교수위조  아니냐??,0
3168,257,,0
3169,257,ㅋㅋㅋ 그렇게 법 잘아시는분이 감방은 왜 갓다옴?,0
3170,257,이분 사진 좀 안보면 안되나요?,0
3171,257,사시노패스ㅋㅋㅋㅋ 개잡범 주제ㅋㅋㅋ,0
3172,257,너에겐 무관심,0
3173,257,"200여차례 독촉에도…조국 일가, 나라에 안갚은 채권원리금 136억 / 조국 전 장관은 2013년 부친 사망 후 ‘상속 한정 승인자’로 선고돼 채무상환을 피하기도 했다. 이에 따라 한국자산관리공사(캠코)는 채권 회수를 위해 강제집행 없이 우편 안내장, 전화상담, 재산조사, 거주지 확인 등 채무자에 변제독촉을 하는 것 외에 뾰족한 수가 없다. 국회 정무위원회 강민국 의원은 “법무부 장관까지 한 조국 전 장관 일가가 나랏빚을 단 1원도 스스로 갚지 않고 있다는 것은 지탄받아 마땅한 일이다”라고 지적했다. (22.10.17 문화일보)",0
3174,258,"국힘이 사라질떄까지 해야지 
국힘은 개딸이 아닌 사이비의 딸 사딸 당 아닌가
통일 천지의 힘.. 난 보수지만 국힘이 없어져야 보수가 산다...",0
3175,258,곳곳에 중국인들 무슨 짓을하는지  나라를위험에 빠뜨릴수도있으니  마약 보이스핑 폭력 칼부림 색출하여 추방하자,0
3176,258,내란탄핵에 내란을 빼고 와환수사에 외환을 빼는 악질적 더불어 범죄당의 선동에 더이상 국민들이 속아서는 안된다.,0
3177,258,정치적 중립을 지켜야하는 국가공무원들까지 독재의 하수인으로 이용하려 족쇄를 채우는 이재명 독재정권.,0
3178,258,"내란 뿌리 뽑힐때까지 타령해야 함. 써결이 찾아간 의원들, 울고 불고한 빠루 모다 내란 동조자로 잡아들여야 타령을 멈추어도 됨",0
3179,258,내란은뿌릭까지 뽑아야지,0
3180,259,홍형!! 찢죄명한테나 쓴소리 해보소!! 임기초반이라 힘쎄다고 납작 엎드려서 쫄아있는게 참 추하오!!,0
3181,259,준표는 자격없음 ㅋ,0
3182,259,한동훈은 예찬이 이기고 와라..욕하고 난리더라..고성국도 그렇고..,0
3183,259,윤 조시나 쪽쪽 빨더니 아이고 한심한 홍가야ᆢ너같은게 검사였냐,0
3184,260,"재판부터 받아라~~~국민의 뜻이다.,.,.7000억 대장동 퍼주니 좋아?",0
3185,260,사실적시 명예훼손죄 폐지되면 사이버레카가 이재명 아들과 조카 사진 올리고 신상정보 공개해도 사실이니까 처벌 못하겠네?,0
3186,260,진짜 반가운 소식이다. 강력범죄자 신상공개도 허용해라,0
3187,260,좌파 빨강이  니들이 가장 많이 하고 잘하는 일  아니냐  ?,0
3188,260,그러면 사람 많은데서 못생겼다고 하면 무죄네 ㅋ,0
3189,260,김현지가   시켰나요?,0
3190,260,"됐고, 재판이나 받아!",0
3191,260,ㅈ ㄲ. 라,0
3192,260,사기꾼 똘아이 환율이 1500원 넘어가면 IMF 간다 재명아,0
3193,260,환율이 1466원 인데 OOO 전과4범,0
3194,260,근데 그럼 고아보고 고아라고 놀리면 그 애는 평생 놀림 받아야 함 ? ㅜㅜ,0
3195,260,신중하게 판단하라?,0
3196,260,저질스럽고 수치스러운  ㅋㅋㅋㅋㅋ,0
3197,260,국짐당 아니꼽지  니네당에서 대통령 만들어,0
3198,261,애지중지현지가 지시내렸나요?,0
3199,261,억울하시죠? 특검 갑시다. 국민들도 진실이 궁금합니다.,0
3200,261,대놓고 뭉개네 ㅋㅋㅋㅋㅋㅋ 눈치도안봐 이젠 ㅋㅋㅋㅋㅋㅋㅋㅋㅋ,0
3201,261,"극좌특) 사실적시하면 고소고발 남발하는데 조용한거 보소ㅋㅋ 이러다 또 증거나오면 조작이다라고 지껄이다 범죄확정되면 ""역사의 심판대에서 무죄""라는 망상에 가까운 발언을 함ㅋㅋ 근데 그걸 믿는 대깨들이 많음ㅋㅋ",0
3202,261,"53번이나 재판 회피한 인간한테 뭘 바래?
태어나서 제일 많이 한 말이 “그런적 없다”잖어.",0
3203,261,대장동 설계했다고 이야기할땐 웃으며 하더니 왜이리 모른척하냐,0
3204,261,채상병 특검하자던자들 다 어디갔나! 이 대장동 항소포기 외압이야말로 대략 8000억 국고환수 못하는 어마어마한 권력형 비리인데 왜들 입닫고 있는지! 채상병 만큼만해라! 삼권분립도 파괴! 주동산 개인재산권도 파괴! 독재정당답네!,0
3205,261,주 몸통이 지시 없어라니;; 그럼 성남수뇌부는 누군가요? 또 윤석렬이라고 울부짖으려나..... 사람이 아닌것같음,0
3206,261,"지랑 연관되 있는 사건인데 그럼 뭐라하리ㅋ
참 범죄자들이 권력,정권잡으니 입시비리 조국도 풀어나 판치고 범죄자 항소포기하고 잘도돌아간다",0
3207,261,거짓말   정부,0
3208,261,이런걸  특검해서 밝혀야지   ᆢ출석안하는  그 여자도  특검   쌍특검,0
3209,261,대장도 주법이 누군지 확실히. 국민들은 이번기회에. 알게 되었다는 사실이다,0
3210,261,이죄명이가 지시한건데 대통령실에서 할말이 없겠지,0
3211,261,"ㅋㅋㅋㅋㅋㅋ ㅋㅋㅋㅋㅋㅋ ㅋㅋㅋㅋㅋ ㅋㅋㅋㅋ
이정도면 최순실 풀어주자",0
3212,261,진짜 이것들은 공산국가마냥 지들 멋대로네,0
3213,261,전과4범 범죄자가 본인 입으로 대장동 설계했다는데 ㄷㄷ; 범죄자가 죄 덮으려고 법 위에 군림했네 ㅠ,0
3214,261,뻔뻔스러운놈들 밑에서 알아서 기어주는거냐?,0
3215,261,이건 진짜 탄핵감 아니냐?,0
3216,261,전과5범 찢재명이 몸통인데 당연한거아님?ㅋㅋ역겨운 좌파논리 나라 망하는데 언론도 먹혔고ㅋㅋㅋ 답이없다 그냥 중국화하자,0
3217,261,문가가 말아먹은건 전초전임. 죄명인 나라를 제대로 좀먹고 있는중임!,0
3218,262,포상은 누가 해주는데 이것도 세금으로?,0
3219,262,"이재명 말대로 하면, 과징금 낼 돈있으면 범죄를 저질러도 형벌을 살지 않겠네?! 
법을 누가 무서워 하겠노",0
3220,263,결국 야가 여가되면 자기들이 실컷 비판하던 여당의 행위를 똑같이하는구나 저러니 내로남불 정당이라 불리지,0
3221,263,,0
3222,264,맞습니다 2003~2004년 쯤에 이재명씨는 김부선과의 밀회가 있었습니다,0
3223,264,민주당 별로라고 생각했는데 이거 진짜 폐지하면 민주당 다시 보일듯! 제발 폐지해주세요!!!,0
3224,264,"대장동 부당이익 7800억 절반, 축의금 160억이상에 기분 좋아진 찢가가 인심을 쓰네....",0
3225,264,이제 의료사고 내던 가해 병원장들 존나 파업 해 대려나?ㅋㅋㅋㅋㅋㅋ쌤통이다 가해자들 존재는 싹다 까발려 져야함 이건 진짜 존나 잘했다,0
3226,264,,0
3227,264,"소년법도  손  봐주세요  보호처분  4호..  즉  보호관찰부터  수사이력  영구보존으로  하고
1~3호  처분은  비교적  약한처분이고  장래가능성을  위하여  수사이력  일정  기간 지나면
삭제  되는걸로  합시다.",0
3228,264,야 길에서 똥싸는 민족 혐오 안하게 생겼냐?,0
3229,264,존경하는 이재명 대통령님 고맙습니다 적극 지지합니다,0
3230,264,"이재명대통령님 항상 건강 하십시요!!!!
굳건히 이 나라를 지켜 주십시요.!!두번다시 노무현대통령님을 지키지 못한 국민이 되서는 안됩니다.!!!",0
3231,265,파렴치는 윤석렬 구속기한을 날짜로 계산하던걸 시간으로까지 계산해서 풀어준게 파렴치한거지 ㅋㅋㅋㅋ,0
3232,265,"문재인때부터 대장동 수사해서 지금까지 수년동안 이재명 십원한장 안나옴....무죄지..안죽으니, 협박회유, 칼테러, 조희대 파기환송, 김혜경과 아들, 선거법으로 트집잡아 죽이려 하다가 실패하자,  조희대와 지귀연이 지금 쿠데타중... 1차 수사팀은 조용한데   왜 강백신, 엄희준, 한동훈이가 난리칠까....유동규가 구형7년보다 8년을 받음... 항소하려면 8년보다 더때려야하는데 유동규 입에 검사들 목숨이 달려있음....죽게생겼거든 ㅋ유동규가 가만 있지 않을게 뻔한데..ㅋㅋ그래서 항소 못함...파렴치는 내란당아니니. 국민목에 총부리대는",0
3233,265,윤검사 검찰 공화국의 미지막 반항이다. 정치 검찰들의 말로가 훤히 보인다. 윤통 항소 포기 때는 왜 잠자고 있었나? 김건희 여사 포기 때는 왜 집단 항거 안했는가? 이제 정치 검사들임을 스스로 밝히고 있다.,0
3234,265,"없는죄 맹근 개검놈들을 처벌해야지, 먼 개소리냐?",0
3235,265,윤석열이 석방때는 다들 어떠했던가  검사양반들   국힘의원들  반성들 하시요,0
3236,265,윤석렬 몸통은  장씨  송씨  나씨,0
3237,265,"그렇게 검찰정권 尹정권에서 이재명 수사를 했어도 털끝 하나 없었는데~
 순전히 검찰정권 윤석열에 하수인 떡검의 개수작였다는게 드러난 꼴이다.",0
3238,265,배치기수괴 개소리하고자빠졌네  조작수사한거 다걸렸어 유동규 녹취록도 까졌고,0
3239,265,국민의힘은 진짜 없어져야겠다,0
3240,265,"쥴리 (단란주점,클럽,룸싸롱 접대부)의 졸개들...한자리 해 먹겠다고 난리 부르스들 이구만...이늠은 권성동이 따라쟁이...",0
3241,265,사돈남말하고있네..몰상식한국짐당세력들..우리국민은국짐당에게속아다든다...국가와국민보다자신들의삶의정치,0
3242,265,대한민국 잘 되어 가는데 이 떼거지 가튼놈드은 아직도 정신 못차리거네..............석열 건희가 계속 했으면 이나라 파산이야.......................전국민이 선물 들고 용산에  다 명품백 들고 줄선다니까............,0
3243,265,"국민의 힘이 할 소리는 아닌 것 같고 , 당 개혁, 뭐가 문제인지 , 입만 오도방정 떠는게  정치인인지  고민하고",0
3244,265,김기현이 100만원 넘는 프렌치백을 김건희에게 사준거를 송언석이 사과하는게 먼저일거 같은데~ 어떻게 생각하시나요?,0
3245,265,ㅋㅋㅋ 아직도 꿈꾸고 있나? 내란당은 해체하라~,0
3246,265,"11월 27일 공직선거법 위반 혐의로 기소된 박수영 의원에게 선고한 벌금 90만 원이 확정됐고, 1심 판결 이후 박의원과 검찰 모두 항소하지 않아 형이 그대로 확정됐다.------- 송언석씨!! 이건 뭐라고 할거에요? 여기서 몸통은 박수영이에요?",0
3247,265,내란우두머리몸통은 누구냐. 언석이,0
3248,265,특검도 못받는 내란당ㅋㅋㅋㅋㅌㅋㅌㅌㅌㅋㅋㅌ,0
3249,265,윤석열때는 그렇게 청렴햇냐 바로 옆에 김거니내가 젤큰 돈도둑이다,0
3250,265,제대로 알고 떠들어라. 내란당아,0
3251,266,이건 나라가 아니라 더불어범죄집단의 놀이터다,0
3252,266,"얼마나 국민들을 우습게 보면 수많은 죄를 저지른 범죄자가 본인 죄를 없애려고 대법원장협박, 4심제, 대법관증원, 재판중지법, 공소취소,항소포기를 사주하고도 아닌 척 교활하게 위선을 떨고 있냐. 이재명의 선거법위반 파기환송심 즉시 재개해 감방으로 보내는 것이 최선이다.",0
3253,266,"내란특판, 대장동 특검 가자 !!! 정청래대표, 김병기대표는 지금 뭐하는 건가?",0
3254,266,"한국인이 “주권과 자유를 지키는게 혐중인가? 이재명과 중국은 주권 침해다, 김만배 7000억 만들어준 권력비리 ""이재명은 탄핵""이다!",0
3255,266,기소가 조작인데 유죄는 왜나와? 법원도 긁고있네. 뭐 한두번이 아니긴 하지만,0
3256,266,"계엄은 엄청 잘못된거지만  민주좌빨 운동권 하는짓거리는  제버릇 남 못 주듯이  저것들은

사실 직업없이 떠돌던 인간들이 정치권 기웃거리며 온갖 잡질로 재산들이 수십억 이라니

이게 대한민국 현실이다  그러니 젊은층부터 개 차반으로 영끌 투기나하고 사회가 갈수록 탁해지는건

올바른 야당 여당이 나와야한다  -------  총선때   전부 물갈이 하지 않으면 답없음",0
3257,266,팩트로 까주께....여인형이가 북한과 전쟁을일으킬려고했던 외환죄가 들어났네....이걸 이슈로 덮을라고 대장동사건을 이슈화했네....근데 남욱이가 검사가 배가른다고 협박했다고 불었네....항소하면 유동규 남욱이가 조작한사실을 다불게 생겼네....검찰수뇌부가 보니 이사건다까발려지면 검찰진짜 망하게생겼네.....그런데 항소를 안하면 조작지시하고 조작한개검들이 유동규남욱이를 컨트롤할 방법이 없네....마침 법무부장관이 신중하게해라라고 말을했네....그말꼬리잡고 외압이라고 우기고있네....그럼 배가른다고한걸 칭찬하니???ㅋㅋㅋㅋ,0
3258,266,1심 구형보다 형이 높은데 검찰이 항소 해야 할 이유는 뭐지?뭘 얻으려고 항소 하나?아~의례적으로 무조건 항소 해야 한다?그래서 1심 보다 판결이 낮아야 하나?그래야 검찰이 원하는 대로 가는 건가?그럴거면 1심 구형을 높게 하지그랬을까?윤석렬 즉시 항고 포기 할때는 뭔 생각으로 그랬을까?그때는 아무 소리 하지 않던 국힘이 나대는걸 보니 참 우습네~자신들의 몇달전의 모습을 뒤돌아 보고 무슨 이야기를 하던가 해야지~그리고 누군가 나대면 무조건 똥볼인데~~,0
3259,266,내아들딸들 손주들아 정치는 하지말아라. 제정신으로 살 수가 없다. 바르고 정의롭고 나라와 백성을 위한 참된 정치가 이젠 기대할 수 없다 애통하도다,0
3260,266,형사사건에서 뇌물죄 무죄를 때렸는데 민사에서 추징이 가능하다는 신비한 법해석...,0
3261,266,노만석인가 하는 자 곽종근이랑 너무 너무 닮은 거 같다. 이런자가 검찰청 총장역할을 하고 있다니...,0
3262,266,"민사소송에서 100% 환수가 가능함에도, 국힘당 놈들은 당해산이 두려워 오버하다가 들켜 ㅋㅋ",0
3263,266,내란가담한 검사랑 판사들이 무슨짓했는지 기사 좀 써 .  언론도 내란 가담해서 그런거 안쓰나??,0
3264,266,"좌익 매국노들이 가스라이팅 한 것 중 가장 큰 게 있는데, 좌익 정치인은 깨끗하다는 거임ㅋㅋㅋ 좌익 정치인 만큼 부패한 정치인은 없음",0
3265,266,에휴 똥꾸릉내가 진동하네유!,0
3266,266,"같은 배 타고 다니던 갑판장 선원 팀장들이 난리네,
니들은 좌초됬고 떠내려가라 그냥~~
니들 영웅 대장과 함께~
분단장 한씨 총쏴 죽인다던 ~~",0
3267,266,정성호및4적은 죄값 받고 니들이 7000억원 갚아라,0
3268,266,조작기소면 유죄가 나오겠냐?  대법까지 가서 무죄받던지.,0
3269,266,비겁한 꼭두각시늠을 잡으러 가자,0
3270,266,대한민국정부가 법무법인 이재명이라해도 무방,0
3271,267,"내란 종식에 기한을 두면 안돼지. 내란 공범들이 내년 1월까지 해외 도피했다가 들어오면 어찌 할려고 기한을 두냐. 내란, 외환죄는 끝까지 무기한으로 조사하고 처벌해야한다고 생각한다",0
3272,267,윤석열이 쿠데타 참 잘했다.쿠데타 안했으면 지금도 윤석열이 대똥이고 정부가 내란정부란걸 생각하면 끔찍하다,0
3273,267,"내란 세력들이 목숨 걸고 버티는 현실을 겪어보니, 광복 후 반민특위가 얼마나 힘든 과정을 겪으며 실패했던 것인지 실감이 됩니다. 이번엔 반드시 성공의 역사를 써야 합니다. 또다시 매국노, 기회주의자들이 댓가를 치루긴 커녕 권력을 다시 잡는 일을 반복해서는 안됩니다.",0
3274,267,부라보! 잼통 잘한다.🍀🍀,0
3275,267,"윤돼지 밑으로 기어 들어가서 김명신이 하수인 노릇이나 하던 덕수 할배와 최상모기 등등 딸랑이들.. 부끄러운건 아나 모르겠다 . .덕수할배요, 할배가 살아온걸로 봐선 절대 그럴리 없겠다만 이제라도 사죄하고 죗값 받으세요 ! 이게 뭡니까??",0
3276,267,내란으로 지금도 죽어가는 국민이 허다 하다 모조리 발본색원  잡아 들여야 대한민국이 바로 섭니다,0
3277,267,좋다!,0
3278,267,"오~~~  이건  현명한 판단의 지시 ...  이구만...  이래야  정상으로 돌아가지...  반역.  계엄.  내란 하면 3대를 멸한 이유가 있음....  어설프게 대처 하면 반드시, 죽기 살기로, 더 쎄 게,  덤빈다...",0
3279,267,"조용히 넘어갈 생각 했던 애들인데, 그런애들이 나중에 이재명과 1찍 등에게 더 나쁜짓 일으킵니다.",0
3280,267,빨리 좀 하시죠..내란 거부해서 좌천 되거나 잘리신분들 훈장주고 빠른 복귀 좀,0
3281,267,키포인트를 잘잡아내셨습니다. 역시 사법고시 빨리 패스하신 이유가 있군요. 내란으로 티내는애들보다 협조한 공무원들이 더 나쁜 찐애들입니다.,0
3282,267,이번엔 꼭! 죄다 솎아냈으면 좋겠다. 다시는 그런거 동조할 생각도 못하게. 계엄에 가담하려면 인생 폭망한다는 본보기를 보여줬으면 좋겠다.,0
3283,267,모조리 찾아내서 짤라라 안하면 나라 망한다,0
3284,267,이번 대장동사건 항소포기건으로 검찰내의 내란세력은 항명한 넘들로 스스로 이름을 세상에 알려서 드러났고 다른 부서도 철저히 조사하여 엄중하게 처벌해야 한다.,0
3285,267,국정 마비 내란범들 일소하는 의거에 협조한 의인 명단,0
3286,268,찢재명 구속 !,0
3287,268,"고검에서 상고하고 대법원서 파기자판하던지, 정권바뀌고 재수사해서 아작을 내야 한다. 세금 7천억이 애 이름이냐?",0
3288,268,자기 관련 사건인데 모르는 척하고 자빠졌네.,0
3289,268,"이런 정권을 그대로 둘 수는 없다.
헌법 위에 군림하는 권력은 결국 시민의 판단과 법의 원칙으로 교정돼야 한다.
정권은 잠시이지만, 헌법과 정의는 오래 간다.
이 나라의 주인은 권력이 아니라 국민 전체다.",0
3290,268,찢재명을 참수해야 국본이 선다,0
3291,268,촛불들고 광화문에 모여야되는거 아닌가요?,0
3292,268,"정성호가 ""신중하게 판단하라""고민 했을 뿐 압력은 가하지 않았다고? 조폭 두목이 하는 가장 큰 협박이 ""알아서 기어!""라는 말이다. 그 말이 그 말이란 말이다.",0
3293,268,이 항소포기로 가장 이득을 보는게 이재명이죠. 뭐...여튼 지금 대통령실에서 김현지씨는 무슨 일을 하시는지요?,0
3294,268,대통령과 관련없는데 장차관이 나서서 수사를 덮어줘? 왜? 누구 좋으라고 덮어줘? 너랑 관련이 없는데 장차관이 개입하는게 그럼 더 큰일 아니냐?,0
3295,268,"대장동 사기사건 항소 포기는 순전히 찢의 짓이다. 첩 현지한테 물어보면 금방 알 수 있고, 이 잡뱀눔은 무슨 일이든지 할 눔이다.",0
3296,268,“입장을 낼 사안이 아니다”라며 뻔뻔한 태도를 유지했다.,0
3297,268,정성호! 먼훗날 역사가 말해줄것이다. 권력욕에 눈이 멀어 아부의 정석을 보여주는 인간이었다고....더럽다 우웩,0
3298,268,"똑바로 해라
국민이  바본 줄  아나?
누구처럼  줄줄이  험한 꼴  당해봐야  국민무서운 줄 알랑가?",0
3299,268,채상병사건과 뭐가 다르냐? 똑같구먼.. 대통령실의 재판관여한 것이여..,0
3300,268,법무부장관 임명한 사람이 누구인데?,0
3301,268,수사하면 다 드러나게 돼있다 진짜 몸통이 누구인지,0
3302,268,이딴 인간 뽑은 4050은 책임져라,0
3303,268,,0
3304,268,일찍들은 도대체 머리속에 뭐가 들어 있을까? 찐짜 궁금하다~~^^,0
3305,268,대통령실에서 내는 입장 표현 좀 봐라. 국민을 개무시하는 너덜너덜한 표현이네요. 그러다 얼마 못가요,0
3306,269,한강변에 중국 군복입고 놀이 하는 건 되냐? 한국기업들 중국가서 공장과 기술 다 뺏기고 쫒겨났는데 어떻게 중국을 이뻐할 수 있는지 네가 한국인 설득 좀 해 봐라. 시끄러 임마.....,0
3307,269,반중 시위가 위대한 나라 '대'한민국에서 일어나는 이유를 중국 정부와 중국인들은 정말로 모르냐? 역사 왜곡과 서해에 불법 구조물을 설치하고 서해 북방한계선(NLL) 인근 해상에서 불법 조업하는 중국 어선들이 있는데 이것에 대해 시정하지 않으면서 모든 책임을 위대한 나라 '대'한민국에 떠넘기냐? 아직도 위대한 나라 '대'한민국이 중국의 속국처럼 보이냐?,0
3308,269,한겨레 기사 댓글이 중국을 욕하는 거는 왠일이래 ㅋㅋㅋㅋㅋ,0
3309,269,꼴도 보기 싫네,0
3310,269,다이빙이 찢명한테 지시내려서 찢명이 부리나케 속보로 반중시위 어쩌구 뉴스나온건가? 대단하네 진짜. 어쩌다 중국괴뢰국이 되었냐? 누구 허락맞고?,0
3311,269,짱개 북괴 짱개 북괴 짱개 빨갱이는 대한민국에서 어서빨리 꺼져라..,0
3312,269,다이빙이는 지옥 구덩이에나 가서ㅜ다이빙 하면 되지 왜 니까짓게 뭐라고 대한민국에서 그 드런 조딩이를 함부로 놀리냐~ 습근평이 150살까지 남에 장기로 살으라고 니 장기나 가져다 떼주지 그러냐~ 어디 살다살다 중공 오랑케가 자유 대한민국이 기어 들어와 나대는지~ 네팔 공산당들이 어떠케 처 맞아 죽었는지 대한민국에서도 보고 싶냐?,0
3313,269,니들 내정간섭질 역겹다,0
3314,269,"180마리만 믿고 벌써부터 점령군, 식민지 태수 행세하네. 아, 부남아. 내가 이 말 하면, 처벌받니?",0
3315,269,윤통 윤석열 대통령 때에 북한에 1달러 들은 풍선 날리고 페트병에 쌀 채워넣어서 바다에 띄워보내고 했다가 이북에서 원점타격 협박해서 파주시장이 나와서 풍선 날리는 탈북자들 막으려고 했다가 맞을뻔한게 미국이 배후에 있었다고 믿는 좌익진영 입장에선 진보채널 유튜브 보니까 반중시위도 미국이 배후에서 촉발시켜서 조직화된거라고 진보진영에서 생각하고 있나보던데 중국대사가 나서서 말하지 않더라도 이재명 정부에서 반중시위 찍어누루는건 어쩔수 없을거 같다 윤통 계엄령 때 자기들 잡혀서 수장되고 북한이랑 전쟁날뻔 했다고 망상하는 피해의식이 집권했으니,0
3316,270,중한관계흔들지못하게하기위해서우리민주당에서중국인욕하면최대5년받을수있게바리한거지이건정말잘했다고생각한다날이갈수록중국은중요한파트너국가인데국가간이간질시키는극우들장기적출음모론퍼트리는극우놈들전부빵에처넣어버려야한다,0
3317,271,3대1로 덤벼도  무식만 탄로나고 말과글과 법리로 한동훈 못당하는구나!!,0
3318,271,한동훈 외엔 모두 비정상인들,0
3319,271,한동훈 승 ~      거짓은 진실을 이길수없습니다,0
3320,272,"그 반대겠지
이네 말은 반대로 이해하면 돼",0
3321,272,ㅋㅋㅋㅋㅋ 대장동도 윤석열이 몸통이라며? 근데 왜 항소 못하게 막냐 ㅋㅋㅋ 대장동 일당들 1심 판결보고 후달리지? ㅋㅋㅋ,0
3322,272,"대장동 재판으로 온국민의 관심과 분노가 들끊는데 정작 대장동사건 수괴 입벌구 찢은 입꾹이네요. 침묵하는자가 범인 ! !  김현지 한뇬으로 난리통이다가 대장동으로 난리통, 그다음엔 또 뭐로 난리통일까 ?  결국 찢도 임기 못채우던가 윤꼴통 처럼 계엄을 터트릴지도 모를일.. 어쩌다 나라꼬리지가 이모양이 됐는지 분통터지네",0
3323,272,"지나가는 개가 웃겠다!ㅋㅋㅋㅋ 늘 안 그런척, 늘 당황하지 않은척!ㅋㅋㅋㅋ  재명아! 니얼굴에 다 보이다! 미친~!!!",0
3324,272,"쇼는 잘한다.apec을 치르고 기회다 싶어
자기 면죄부를 줘놓고  그게 할소린가?
속이 훤히 들여다 보이는  꼼수는 나중에 큰 재앙을 부른다",0
3325,272,뻔한걸 저렇게 천연덕스럽게 씨부릴꼬?검찰이 누구 좋으라고 항소포기했겠노?거짓말도 멋있게하고싶나?한가하지않다고?찟통이 한가해서 국무회의서 검잘의 항소상골 비판하고 정성호가 맞장구쳤나?구라칠걸 구라치라.,0
3326,272,구라도 적당히 쳐야지...그럼 대통령이란 인간이 법무부장관이 외압 넣고 있는데 몰랐다 시전하려고? 아무것도 모르면 도대체 그 자리는 왜 있는거야? 7000억 넘게 해쳐먹은 사기꾼들 감싸줄정도로 따뜻하네?,0
3327,272,Gr하고있네 ㅋㅋ,0
3328,272,전과자 빨리 때려잡자 그래야 미래가있다,0
3329,272,몸통이 윤통이라면서 누가 지시해서 검찰항소막은거야? 윤통이 내란이라며?그럼이거 막은 사람은 내란공모자네?양아치 정부답게 하는 일처리도 양아치스럽다,0
3330,272,계속 지금처럼만 하면 국힘이 아무일 안하고 있어도 정권 잡겠네.. 아무리 대중은 무지하다고 느끼더라도 셀프 면죄부 만들려는 검찰 항소포기는 너무 뻔히 보이잖아.. 법무부장관이 “신중하게 판단하라“ 라고 하면 당연히 ”항소 포기하라“ 고 말한줄 알지 않을까??,0
3331,272,이재명 총통각하.노고가많으십니다.만세.만세.만세.,0
3332,272,똘마니 정성호 시켰을 뿐이고 찢은 상관없어요!,0
3333,272,이제 한가하겠네,0
3334,272,"이 ㄴ들 미쳤구나  사법질서를 파괴 해놓고,  한가하냐고?   이재명을 쫒아내야 한다.",0
3335,272,뭉개다 뭉개다 이제는 똥스키 타는 짜이밍 한국 박살 내는중 ㄷㄷㄷ,0
3336,272,윤석열 항소 안할때는 카르텔 덩어리 개검찰들 쥐죽은듯 조용하더니 검찰청 폐지한다는 이재명은. 만만한가 보지,0
3337,272,어이가없네ㅋㅋ공범재판에서 390회 이상 이재명이 언급되었고 수뇌부가 결정했다고 하지 않았냐. 친명 정성호가 셀프로 항소포기 지시 했겠냐?,0
3338,272,어찌 윤석열이랑 반응이 똑같냐 ㅋㅋㅋㅋㅋㅋㅋ 관심이 없긴 뭐가 없어,0
3339,272,ㅋㅋㅋㅋ 재명이 밤새 뜬눈으로 새고있다,0
3340,273,"뻔뻔한 성추행당, 입시비리 조작 전문당 오너 조구기의 개인 사당에서  관종 조구기의 버라어티 쇼질 하고 언론 도배하는 도구지,언론도배하며 관종쇼하는 어마무지한 광고비는 국민 혈세로 펑펑 탕진중이고ㅉㅉㅉ",0
3341,273,무식한 설대 교수가...어디서 들은건 있어가지고...ㅋㅋㅋㅋ 창조적 파괴?...ㅍㅎㅎㅎㅎ  귀동냥은 참 잘해....무식한  위조범...조구기가  설대 교수가 된게  수상하다...그때도 뭔가  위조가 있었을것  같은데......????....,0
3342,274,국정마비 탄핵내란 더불어민주당은 각성하라~!!,0
3343,274,민주범죄수괴들,0
3344,275,,0
3345,276,한쪽편만 드는 앵커들은 문제가 있긴하지. 걍 북한 어용방송화 느낌,0
3346,276,넌 감빵 갈 준비나 해라~ 동작에서도 등 많이 돌렸던데 ㅋㅋ,0
3347,276,ㅋㅋㅋㅋㅋㅋㅋ나경원 니가 뭔데 아나운서한테 지적질이야 검사가 구형한거보다 형량 쎄게받으면 그게 실패한거냐 ㅋㅋ범죄자야 ㅋㅋㅋ,0
3348,276,추하게 늙는 나경원,0
3349,276,경원아 더 설처줘~ 그래야 너가 더 추해보여ㅋㅋ,0
3350,276,(대장동 주민들 돈 삥뜯은) 7886억 대장동 저수지 주인 대장동 몸통 = 대장동 몸통이 항소포기지시 해 = 김만배가 감빵에서 하루에 2억씩 처벌게 한 자!!!....대장동몸통이니 대장동일당 재판에 항소포기 압박을 넣지....대장동몸통 범죄자를 당장 탄핵시키고 무기징역 구속해야!!!!,0
3351,276,"7886억 돈주인 = 대장동 몸통 = 검찰에 항소포기지시 한 자 = 김만배가 감빵에서 하루에 2억씩 처 벌게 한자!!!!....찢 : ""대장동은 내가 설계했다"" ㅋㅋㅋㅋㅋ",0
3352,276,대장동 8천억원을 처먹은것들이  이제 항소를포기하여추징금 5백억만 내면  7천5백억원은 아무탈없이 지들편들끼리 나누어 처먹게 되었네 ! 이런돈이  어려운 서민들에게로 돌아가면 얼마나 도움이 되겠나 정치하는넘들끼리 나누어 먹고도 처벌을 안받는게 공정이냐!,0
3353,276,앵커 중에 좌파들 대변 하듯이 말하는 앵커들 진짜  몇몇있다  그래서  몇번 지적 당한 앵커들 있다   민주노총 소속 기자들 있다는건 사실이지,0
3354,276,나경원 아들 딸 ~ 나경원 주유비 법인카드 ~ 공정 정의 상식 압수수색 안하냐?,0
3355,276,맞다 구역질 나서 뉴스도 못보겠음! 무슨 좌파 따까리 같은 애들이 삽질들만!!!! 잘햇다,0
3356,276,이 아줌마는 계엄 옹호하는 거 보니까 같은 대한민국 사람 맞는지 의심되더라,0
3357,276,"나경원이 자위대 기념식에 참석해도 2찍은 화내지 않았다. 나경원 딸이 부정입학을 해도 2찍은 화내지 않았다. 나경원이 빠루를 들고 설쳐도 2찍은 화내지 않았다. 그 결과 나경원의 1심 재판은 6년동안 공회전하였고, 결국 이재명정부가 들어서고야 1심 재판 결과가 11월 20일 나온다. 고마 보자 마이 봐따 아이가.",0
3358,276,윤석렬대변인같은 나경원은 왜 계엄날 윤석렬이랑 통화했냐,0
3359,276,내란특검에서  계암바로 전 내란수괴 윤석열과 전화통화한 나경원이를 어서 수사해서 기소하고 깜빵에 쳐넣어라  나베 빠루 나경원이의 노이즈마케팅 진저리가 난다  정치판에서 영구퇴출시켜야한다,0
3360,276,나경원 의원님 잘하셨어요. 방송사도 전부 좌파들 소굴이라 속시원하게 잘하셨습니다,0
3361,276,저런게 국개지!  나베빠루 아줌마,0
3362,276,하는짓보면 내란간첩 주동자임...나빠루,0
3363,276,"공산당 4대 하부조직 : 노동조합, 좌파단체, 주민자치회, 자치경찰제",0
3364,276,"검새 판새들은 퇴직후 변호사 못하도록하는 법안을 만들어야 바뀜
바로 사명의식 가진 사람들만 하고 돈과 줄선 놈들은 아예 못하게 해야함",0
3365,277,범죄자들 천국으로 착각하고 있군 !,0
3366,277,입시비리로 온국민 치를 떨게한 인간이 법원에서 감옥 보내놨더니 금방 나와서 설쳐대는 꼴이 너무 역겹고 화가난다.,0
3367,277,"가족범죄단 우두머리. 주제에 꿈도크다.조국이라는 이름 자체가 역겨운자. 부끄러우을.모르는자. 지가무슨 독립운동  했나 금수저로
 살면서 자식넘들 허위 표창장 ㆍ인턴 최강욱이와 짜고 범죄 저지른. 사기꾼. 더러운자",0
3368,277,,0
3369,277,벌레 만도 못한 인간..,0
3370,277,범죄자,0
3371,277,"세상이 네 말대로 되더냐, 위선 덩어리 노미",0
3372,277,사기꾼집안 조국은 과대포장된 인간인데 이런자를 지지하는 사람들도 참 딱하다!,0
3373,277,조국같은 위선자에게 투표하는 사람들의 심리는 뭘까요?지금 이재명이 하는것 보면 모르겠습니까?죄를 짓고도 벌을 받지 않고 범죄자이재명에 의한 사면을 받고 뭐가 저렇게까지 당당할까요.역사에 기록될것입니다.가장 뻔뻔한 3명은 문재인.조국.이재명으로 기록될것입니다.,0
3374,277,과대망상,0
3375,277,"야
넌 안돼
복수심으로  계속해봐
넌  여론도 빠 심 아님 지지율 제로야
이런 머리로 교수?ㅎㅎ",0
3376,277,,0
3377,277,저 자슥 또 나오나,0
3378,277,스펙위조전문 가족범죄수괴 좌국 낮짝이 항공모함 갑판 두께,0
3379,277,미친serpslrom범죄자가할말이냐깜빵에가라,0
3380,277,남얘기  하지말고  니 걱정이나. 해라 미꾸라지씨,0
3381,277,혼자는 아무것돝못하는 무능개,0
3382,277,부정선거로 당선된 대통령이 저지른 사면이 법적인 정당성이 있습니까?,0
3383,277,"댓글에서 보다시피 아직 정신나간 2찍이들 많아서 대구,경북은 계속 예산도둑놈들이 당선될겁니다.",0
3384,278,좀 반대를 하려해도 근거를 가지고 이야기해야지.. 답답해보일것 같다.. 기가 눌린다.. 숨이 막힌다 등등.. 이딴 이야기를 국무총리가 할 이야기는 아니잖아.. 도시계획심의를 거쳐 교수들하고 머리싸매고 심의해서 결정하는 과정을 그냥 저딴말로 뭉개려는게 웃기잖아.. 급이라는게 있는데.. 저급하다..,0
3385,278,좌파 감성팔이 또 나온다!!!,0
3386,278,서울이 조선 6백년 수도 였구만 문화유산 없는데가 없다. 종묘를 때려 부수고 건물 짓자늕것도 아닌데 뭐가 문제냐? 살 사람은 좀 살자. 박원순 치하 동안 퇴보한 서울 이제 좀 살리자.,0
3387,278,이긍 민석아 세훈 발꿈치나 따라 가면 인정해 줄게 어디서 이재명 한마디에 출렁이는 지지율 가지고는 ㅋㅋㅋ 부끄러운줄  알고 살아라,0
3388,278,저 면상좀...안나오게 해주삼..,0
3389,278,언제부터 종묘에 관심갖고있었니 ㅋㅋ 그냥 오세훈 까러 간거잔아,0
3390,278,해결하라는 10.15 부동산 난리는 눈만 꿈벅거리며..잘 나가는 세운상가 재개발에는 원 뜬굼없는 훼방이냐..이 못난 모지리야..,0
3391,278,"종묘 진짜 개발 되야지 외국사람들 많이 다니던데   
창피합니다.",0
3392,278,종묘 상관업다 찬성,0
3393,278,"오시장님, 흔들리지 마세요, 시장 연임하시고 차기 대선 출마해서 이죄명 감빵 보내주세요",0
3394,278,"이 극우 투기꾼들아...프랑스 파리나, 이탈리아 로마가 현대식 고층빌딩들로 넘쳐나서 관강객들로 미어터지냐? 몇백년에 걸쳐 이루어진 문화유산들을 위해서 엄격히 개발과 고도제한을 했기 때문에 지금의 명소가 된 거 잖아...너희들은 그냥 부수고 짓는 거 밖에 모르냐?",0
3395,278,"우리나라에는 있는지 모르겠지만, 해외에는 경관법이라는게 있어요. 경관법은 건축물을 짓는데 햇살 조망권 , 자연조망권 등 함부러 가려서는 안되며, 명소 및 주변경관을 해치지 않는 조건 및 미관적으로 박스같이 똑같은 외형의 디자인 동일성으로 인한 피로감을 주어선 안되고 각기 다른 디자인으로 지어져야 합니다.  
유네스코 지정된 종묘의 경우.  특정장소를 포함하여 주변 건축물의 조화가 필요하지 높은빌딩이나 위압감으로 경관이 침해되서는 안되는것이 맞다고 생각합니다.  주택문제를 왜 꼭 종묘앞에서 해결해야 하나요?",0
3396,278,김민석 총리 세운상가 자리에 배추농사 짓는다고 하면 찬성하려나?? 왜 이들은 개발에 대한 부분은 앞뒤 없이 반대만 주장 하는건지.. 그럼 공터로 있으면 대 찬성 인거야?? ㅎ,0
3397,278,배추 장수 주제에 김장철인데 어딜 나서  돈좀 많이 끌어 모았나~? 배추장수 투기꾼이 이나라 총리라니 나라 꼬라지하곤 수준이 하급도 안되는 폐기물,0
3398,278,"관세 여파속 韓 떠난 기업 2437곳, 유턴 5곳뿐! 김민석 국무총리 친형, 성공회대 교수.목사.촛불행동 이끄는 김민웅..대한민국 기업 파산위기 미국과 협상중에 국무총리 친형은.. 양키 제국주의는 이제 더 이상 통하지 않는 시대를 만들어야 합니다. 그 첫 단계는 주한미군을 철수.유엔사 해체를 외치고 있다! 촛불행동은 천주교정의구현전국사제단·촛불완성연대·언론소비자주권행동·촛불전진·국민주권연대·한국대학생진보연합(대진연)·평화어머니회·전국민주화운동동지회 등이 참가하고 있다.",0
3399,278,"선동꾼들아 유네스코에서 아무 문제 없다고 발표했어
기사나 쳐 읽어보시오
 초고층은 오백미터 떨어져있고 녹지로 종묘까지 뻥뚫려 오히려 지금보다 접근성도 좋고 시야가 확트였는데 선동을 하려면 제대로 해야지",0
3400,278,"새훈이형. 저들은 그냥 감정에 출실한, 논리와 과학은 안통하는 집단이에요. 뇌 연결성이 1/5수준이에요. 감동란tv봐요. 좌파들은 우파를 이해할 수 있는 지능이 아니에요. 무식하고 고집만 세죠..세훈이형 고생이 많아요",0
3401,278,"어찌 이십몇년 전 데자뷰네 
청계천 복원 반대 하든 그때도 김민석이 아니었나?
저 자식은 우찌 똑같노?",0
3402,278,종묘에 가 본 사람이 몇이나 되냐 종묘의 의의도 별 시덥잖고,0
3403,278,시야가 문제라면 경복궁 정문 바로 앞에 있는 정부종합청사도 철거 해라. 경복궁에서 바라볼때 정부종합청사 건물이 마치 성처럼 위압감이 든다. 문화재청은 빠른 시일내에 철거해서 김민석의 말에 정당성을 부여해라,0
3404,279,좋은 법이다,0
3405,279,대장동 도적놈에 대해서는 신고포상금을 안주나?      대장동 피고인이란 놈이 용산에서 현지하고 놀고 자빠졌는데  .........   현지가 연산군 시대의 장녹수가?,0
3406,279,나  살다 살다   이런  개  죴    같은  정권은 첨본다,0
3407,279,자본주의 국가에서는 이득을 얻기 위해서 범죄를 저지른 놈에 대해서는 그 예상 이득금액의 최소 10배의 과징금을 물려야 한다.   정치인과 공무원들의 뇌물에 대해서는 100배를 때리면 아마 뇌물죄가 없어질 것이다.,0
3408,279,이제 야구표 웃돈 올려서 되팔이 안되겠군. 불법이니까...,0
3409,279,돈뜯어낸 궁리만 그돈이 어디로 빠져나갈지 뻔하다,0
3410,279,일본처럼 추첨제로하자 ..,0
3411,279,박근혜의 불량식품 단속만큼이나 황당하다. 이런 조그만한것까지 대통령이 직접 언급할 정도로 중요한 사항인가?? 전혀 모르겠다. 대통령 눈에는 지금 대한민국이 태평성대로 보이나 보다.,0
3412,279,잘한건 잘했다고 해야지 우파들은 뭘 하든 꼬투리를 잡네 참ㅋㅋ,0
3413,280,이재명이 대장동 항소 포기 시킨것 맞네  항소 포기 역풍에 맞서서 바로  내란2  시작하네,0
3414,280,삘치산 후예들,0
3415,281,범죄수익은 몰수한다는 간단한 형법도 삐뚤게 해석하는 조국은 사이비학자 정치인이다,0
3416,281,사시 노패스  주제에  감히...죄구가  너  지금이라도  변시 봐라...붙나보자....왈왈  거리지 말고....꺼지라,0
3417,281,"이재명의 흉악한 정체가 드러났다. 성남도시개발 본부장 유동규는 대장동개발 핵심이고, 이재명과 성남시장되기 전부터 알았던 최측근이다. 이재명은 화천대유 천하동인에서 발생한 ""김만배 수익 8000억 원 중 김만배 수익 절반이 이재명 몫""이다고 유튜브를 통해 공개했다. 유동규 친구였던 김문기도 죽고 주변에 대장동과 관련된 지인들이 죽으면서 이재명에 배신감을 느꼈다고 한다. 김만배도 ""자신의 지분 절반은 주인이 따로 있다""고 대장동 수사과정에서 말한 바 있다.",0
3418,281,이런게 어떻게 교수였는지  야매로 됐나,0
3419,281,추징에 대해서 한동훈과 토론해봐. 누가 맞는지 보게.,0
3420,281,"대놓고 범죄수익금 몰수를 비호하눈 놈이 국회의원이라니,,ㅠㅠ",0
3421,281,전 법학교수로 신경써서 쓴게 겨우 저거야? 이런 수준떨어지는 사람한테 교육을 받은 대학생들은 사기죄로 고소해야하는거 아냐?,0
3422,281,이 양반아 글 내려요오,0
3423,281,너가 말하는것보니 거짓이구나. 국가가 몰수할수 있다는가네,0
3424,281,ㅋㅋㅋㅋㅋㅋㅋㅋㅋㅋㅋㅋ사시패스도 못한것이 어디서 나불거리나 장산범같은놈 니가 과연 사람이냐,0
3425,281,오상방위도 모르는 형법교수라 신뢰가 안가네,0
3426,281,니가 어찌 교수가 되었는가. 인류최대의 미스테리이자 비리이다.,0
3427,281,모지리 조국 서울대 법대 교수가 공부도 안하고 머라만 날리면서 텁블링 갖고 똥폼만 잡더니 딸 아들 가짜 증명서 대리 시험 봐준것 밖에 뭐가 있어? 부끄러운 줄 알아라 한동훈이 아니라고 하잖아  또 나와봐라 또 한동훈한테 개박살 나고싶으면,0
3428,281,,0
3429,281,교수도 노무현 때 뒷문으로 들어간거 아닌가?   콩으로 메주를 쑨대도 니말은 믿음 언건다,0
3430,281,어중이가 내뛰다가 한동훈 에게 죽사발 되도록 쳐발려야 정신이 드냐?,0
3431,281,,0
3432,281,암~ 이래야 좌파지... 별의 별 정의로운 다 쳐 하다가도 어느순간엔 어김없네....ㅋㅋㅋㅋ,0
3433,281,"안녕하세요.
몸에 4계절 1년
마음  4계절 60년_지식나눔
잘보고 갑니다.",0
3434,281,저러구도 국민을 위한 국회의원 이라니~~,0
3435,282,"통일교 일보 애쓰네
그래도 안꺼내줘",0
3436,283,"행정,입법,사법을 장악한 범죄자 이재명 본인이 아바타 노만석과 정성호를 조정하며 하명한 12개 범죄 삭제 프로젝트인데 입이 열개라도 할 말 없겠다.",0
3437,283,할말이 있겠냐 ㅋㅋㅋ ㅋㅋㅋ 더불어서 전과자지 이시바라 ~~~~~~~~~~~~~~~~~~~~ ㅋㅋㅋㅋㅋㅋㅋㅋㅋㅋㅋㅋㅋㅋㅋㅋㅋㅋㅋㅋㅋㅋㅋㅋㅋㅋㅋㅋㅋㅋㅋㅋㅋㅋㅋㅋㅋㅋㅋㅋ 더불어서 산에가서 대질넘들 ~~~~~~~~~~~~~~~~~~~~~~~~~~~~~~~~~~~~~~~~~~~ 푸 ㅎㅎㅎㅎㅎㅎㅎㅎㅎㅎㅎㅎㅎㅎㅎㅎㅎㅎㅎㅎㅎㅎㅎㅎㅎㅎㅎㅎㅎㅎㅎㅎㅎㅎㅎㅎㅎㅎㅎㅎㅎㅎㅎㅎㅎㅎㅎㅎㅎㅎㅎ,0
3438,283,국가의 입법·사법·행정이 모두 李의 무죄를 위해 헌신..,0
3439,283,좋은데 좋다고 말할수없으니 그 것도 힘들겠군.,0
3440,283,언제는 뭐 범죄저질러놓고  눈깜짝이나했냐??? 구속될꺼같으니까  울먹이며 연기한거 생각하면 토나온다 🤣🤣🤣🤣🤣,0
3441,284,"대대적인 피바람이 불겠구나....더러운 개좌파 세상이다.....이재명 찍은 것들아, 행복들 하냐 !",0
3442,285,콜검들 변호사 자격만 박탈하면 됩니다,0
3443,286,이번 국감에서 개혁신당 천하람의원이 잘 파헤쳤네. 홈런은 아닌고 3루타정도 친거였는네. 잘했다. 행정소송도 꼭 승소해라..승소하면 홈런이다..,0
3444,286,꼭 이기길 기원합니다,0
3445,287,"반클리프 목걸이,티파니 브로치, 디올백, 로저비비에백, 바쉐린 콘스탄틴 시계, 샤넬백, 그라프목걸이, 금거북이, 이우환화백그림, 양평고속도로, 주가조작, 공천개입, 대통령실 입찰수주, 건진 관봉, 양평 공흥지구, 학력위조, 논문위조, 종묘 및 유적지 진입 금지 구역 사적이용, 명태균 게이트, 캄보디아 ODA, 마약수사외압, 학폭 부당 외압무마, 한방병원특혜 등등",0
3446,287,그냥 짜져있어라 한동훈이 개처럼 싸우고있는데,0
3447,287,저런 걸...어이구... 나라도 팔아먹을 놈...,0
3448,287,해산해라,0
3449,287,7600억 부당이익 앞에 몇백 디올백이 보이긴 하겠냐 ㅋ,0
3450,287,"성일종은 뇌물로 돈 많이 받아봤나보네 100만원도 뇌물이 아니라고 하는걸보니...국민중에 100만원
이 절실한 사람이 얼마나 많은데...저래서 사람을
잘 뽑아야 국민이 사는건데...역시 국짐이 국짐
하는거야",0
3451,287,망신주기 맞고요~! 특검이 할 일 입니다~~!,0
3452,287,7만 8천원 가지고 G R 발광 틀더만.....ㅋㅋㅋ.... 역시 매국 내란당....ㅉㅉㅉ,0
3453,288,성일종 잘하고 있다. 더 씨게 씨부리라.,0
3454,289,중국인 한태는 벌벌 기면서 대한민국 국민인 탈북인은 차별하는 이게 나라냐??,0
3455,289,중국인은  되고  자국민은  안된다는  중국의 속국  시키려는 절라민주당 정권 ●●●●●●●●●●●●●●●●●●●●,0
3456,289,중국인은 되지????,0
3457,289,실수 같은 소리하고 자빠졌네 탈북민은 안되고 518 세월호 이태원참사 유가족 중국놈들 되나보네 보수언론사는 취재하는데 mbc jtbc tbs ytn 취재도 안하는데,0
3458,289,청와대를 끝까지 들어가려는것이 더 수상하네. ㅋ,0
3459,289,중국에 쎼쎼를 외쳤어야지..,0
3460,289,"담달부텀 경상도 출입금지 전라도환영 이렇게 하것네 
전라도 만세만세먼만세",0
3461,289,기사님 아주 잘 하셨습니다,0
3462,289,뭐 볼것도 없구만 아직 입주도 안했으면서 그러냐,0
3463,289,이정부부 완x x xx,0
3464,289,ㅋㅋㅋㅋㅋㅋㅋㅋㅋㅋ 토종빨강이들은 득실되도 문제없고? ㅋㅋㅋ,0
3465,289,탈북자는 쁠갱이라 안된다 위험해,0
3466,289,어~ 그거 안되는거야 … 객관적으로 니들도 생각해 봐라 … 니들 욕심만 다 채울려고 하지말고 니들도 남한을 조국이라 생각한다면 이해 헐것이고 … 목구멍까지 욕심 채울려고 답 없고,0
3467,289,6명 중 4명이 탈북자 인것도 수상하네 ㅋ,0
3468,289,"솔찍히 탈북민이 대통실까지들어가는건. 난반대다


탈북을위장한간첩들이 판치는데



최소한 이나라기밀이노출될수있는장소는 타국민 이주민들출입금지하는게맞다고생각한다",0
3469,290,"본격적으로  조작 수사 가담 의심  정황이  농후한  강백신 , 김영철 , 박상용 , 엄희준 이자들  특검이  시급함 . 남욱의 진실 진술후  수사받고  감옥가게 생긴 이자들이  주도적으로 현 상황을 물타기 하고  내란당과 합세해 여론 호도에  올인중.",0
3470,290,검사가 권력자앞에 굴복하면 독재로 가는길 방임 하는거다 국민앞에 부끄럽지 않게 당당히 할말하고 맞서라 국민들이 응원 한다,0
3471,290,재명아 딴짓좀 고만하고 환율좀잡아라 미국은 달러가치 약화시키는데 왜 우리만 강달러냐 원화가 녹아내린다 니덕에,0
3472,290,쌍판보기실다좀치워라,0
3473,290,대장동 수괴 그리고 대장동 똘마니와 털보에게 가스라이팅 당한 개돼지들은 해처먹은 8천억이 마치 자기가 해처 먹은 것처럼 즐겁다.,0
3474,290,내부망에 글써서 선전선동한놈부터 잡아드려라~!!!,0
3475,290,대장동 수괴와 대장동 똘마니들.,0
3476,290,개검넘들 한넘도 남기지말고. 응징해야한다,0
3477,290,미 대사관에 폭탄 던지고 불지르면 전라도가 국회의원 만들어준다.,0
3478,290,개검 정치검새들이 커밍아웃했다. 쓰레기들을 분리수거할 기회가 이보다더좋은 적이 없다. 연판장돌리고 사건조작하고 다 드러났다. 이런 쓰레기들을 세금줘가면서 국민위에 군림하게 할 순 없다. 시베리아 탄광으로 모조리 보내야 한다.,0
3479,290,저것들이 내란당은 무서워하면서 민주당정부만 만만하게 본다. 저것들 싹 자르고 로스쿨 변호사들 검사로 채용해라,0
3480,290,민주당놈들은!!!뇌가 없는 똥개들이다!,0
3481,290,"자유민주주의 , 자본주의 지향 국가에서의 기본틀은 개인의 입장에선 선택이 필수 아닌가? 탠센트 1000억으로 노예 언론도 선택인께롱",0
3482,290,해체전 최후의 발악,0
3483,291,장동혁은 화장하고 자기 홍보에만 치중해 대통령병에 걸려 대선 후보로 이미지 구축에만 열을 올리며 싸우자 라는 구호와 피켓 시위만 하지 말고 머리깍고 단식투쟁이라도 해라.,0
3484,292,한동훈 더불어 범죄당 잡는 한동훈 파이팅,0
3485,292,나라  망하는데 동조하는 민주당  법을 개법으로 만들어가는 추미애  어떻게  하면 좋겠어요 국민여러분  빨리 끌어내리는게 정답 아닐까요 ..,0
3486,292,전법무부장관 끼리 싸우나보네 추미애 조국 vs 한동훈 99% 한동훈 이긴다 전법무부장관 시절 추미애 마약수사관도 해체 예산삭감 시키고 말이지 조국 논문표절에 서류위조 의사면허 위조까지 온가족이 범죄자들인데,0
3487,292,서울대서  제일 부끄러운 인간이 누구였다고했나?  조껍데기아닌가,0
3488,292,쟤들은 이미 말이 통하는 대화의 상대가 아니다. 사회주의 사상은 진짜 뇌와 양심을 망가뜨리는 바이러스 같은 사상이다. 마르크스에 대해 조금만 찾아보면 왜인지 안다.,0
3489,292,추미애가 한동훈대통령 만들어 주는 구나 ㅋㅋㅋㅋㅋㅋㅋㅋㅋㅋㅋㅋㅋㅋㅋㅋ,0
3490,292,조국이 법학교수?  법학교수놈이 사기 칠 때는 매우 개의 자식이니 교수형으로 다스리는게 맞습니다,0
3491,292,민주당 꼼짝말라 한동훈한톄는 안된다,0
3492,292,총. 맞았냐?? 총 맞았냐??  저렇게 쉽게 서슴없이 내뱉을수가 있을까? 더듬당... 저것들은 진짜 너무 추악하고.... 역겹다,0
3493,292,조구기 요즘 뻘짓 많이 하는구나 저런 인간이 법학 교수리니 이게 나라냐,0
3494,292,추미애가 또 대통령 만드나~,0
3495,292,"추미애씨! 전라도에서 변호사 하는 남편은 잘 돌보고 계시는지
? 아무리 정치도 좋지만 높은 자리에 계신 분이 국민들에게 본이 되셔야 말빨이 서지 않겠습니까? 무슨 사연이 있는지는 몰라도 건강한 가족생활이 지속되기를 바람니다.대구출신 당신과 전라도 출신 장애를 가진 남편의 연애사를 인터넷을 통해 보면서 좋은 열매를 맺기를 바랬으나 당신은 대구를 버리고 전라도를 택하면서 정치적인 입지를 다졌으나,결국 반쪽의 성공을 하시고, 지금도 반쪽측에 대해서는  적대심만 남겼네요.",0
3496,292,"보수의 어머니, 추 나선거 보니, 한동훈 완승.",0
3497,292,좌파 모지란것들은 팩트체크를 할줄몰라서 한동훈이 도장깨기하듯 다 깨부수네 패널들다수  대변인 추할머니 조국 홍할배 공부좀하고 한동훈한테 대들자 보는 국민들한심하다 니들 세금으로 먹여살린 국민은 호구냐!!,0
3498,292,"정치인은 말을 잘 하는 사람들인데, 시정 잡배보다 못한 말을 하시네요. 법사위, 방통위의 위원장님들의 그 아름다운 언어는 어디서 배워왔을까요? 서영교 의원, 국방위의 김 남주 의원님. 다들 대단하십니다. 다들 어려운 물리나 화학, 수학에 오일러 방정식을 푸시나?",0
3499,292,할망구야 고만해라 ㅉㅉ 노망인가,0
3500,292,한동훈 응원합니다,0
3501,292,앰이추 이미 맛탱이가 가있었는데 더 나빠지면 어쩌자는거야 ㅋ,0
3502,292,"이건 가만히 있으면  이재명이가  늙어죽을때까지  먹고살 돈챙기게 해줄텐데   추 하게 입을 놀리지?    추잡한소리  정당화하려면  아들놈  휴가 로  다른군인들  열심히 군생활하는 명예를   추하게 더럽혀놓은것부터  반성하고   길바닥에 업드리던것처럼  업드려 잘못을빌어라  아들놈 지휘자인 젊은장교
위신깍아내린것도 사죄하고  2년",0
3503,292,개  돼지들이 법치주의를 무너뜨렸다. 무법지대 대한민국.,0
3504,292,변하지 않는 사실은 정치인이 되는순간 다들 정신이상자가 된다는거 멀쩡하던 사람들도~~~,0
3505,292,어 😮요새는 왜 재미없는 뉴스들이냐😮,0
3506,292,추 보수의 할머니 되겠네.,0
3507,292,"전두환대통령 이제 재평가 합시다
전두환대통령 재평가해서 5.18 밝혀내야 합니다
전두환대통령 만세",0
3508,292,추미애야 말로 머리에 총맞았나? 하는 짓마다 하는 말마다 정상적인게 없으니..,0
3509,292,추는 왜 이렇게 덤벼 대냐  허위 사실 유포로 고발되기밖에 더함ㅋㅋ,0
3510,292,추녀가 치매인가여,0
3511,292,추는 정신병동이 시급하군,0
3512,292,애미추 맞는게 없음ㅍㅎㅎㅎㅎ,0
3513,292,"그저 보수의 애미 "" 애미추 """,0
3514,292,조국이 이거 총 맞은 놈 아냐? 범죄자가 뻔뻔하기도 하니. 그쪽 애들 전부 정신 감정 해야 할 듯... 지 새끼 때문에 인생이 바뀐 애들이 몇 명인지는 아는 정신병자냐?,0
3515,292,ㅋㅋ ㅂ,0
3516,292,앰츄님 홧팅. 흑기사니미시다,0
3517,292,보수를  응원하던  진보를응원하던   각자의맘이지만  영호남이  똘똘뭉쳐야합니다  이런잡다한  쓰레기같은  것들한테  우리세금으로 월급주는골이니   제발이제는  문명인답게  정치놀음에  놀아나지맙시다   인물을  만듭시다,0
3518,292,뽕맞았나봐~~,0
3519,292,"민주당은 낮짝이 두꺼워. 아무리 심한말 해도
  꿈쩍도 안한다 지들 입맛에 맞도록 정치하겠다면 야당 손발 묶을 법또한 민주당 맘대로 만들면된다",0
3520,292,한 대머리는 정치에 소질이 없다!  윤석열 덕분에 장관도 한것 아니냐~!,0
3521,293,"이재명 엮기위한 헙박 조작수사함
남욱이 폭로 조작수사 들통남 ~ 개검들 항소포기
반듯이 개검들 조사해야 한다",0
3522,293,정부 욕하기 위해 당장운 검찰 욕 하지만 자기들 이 닦아주고 똥 닦아주는 존재라 뒤에서 빨아주는 상황 ㅋㅋ,0
3523,293,국짐도 윤석렬 김건희의 종놈이자 노비들이고......조작수사 정치검사들도 윤석렬 김건희의 종놈이자 노비들이니.....같은 주인님을 모시는 종놈들이니 그런거지.....그게 종놈들의 삶이지,0
3524,293,"🐕🐕🐕김기현이!마누라가 김건희한테 백 선물한거 시장표이지?뇌물은 아니지?윤석열이 같은거.김기현이,권성동이.이것들이  국민의암 국민의짐 만든거 아닌가?",0
3525,294,개검 국짐쓰레기들. 느그들이 저렇게 부풀리고 허풍떠니 법원 판사로 부터 배척받는 것이니라. 대장동 일당은 성남시 이재명때 불법을 저지르면 계약이 무효한다라고 각서를 성남시에 제출했다. 대법원에서 형이 확정되면 계약이 무효가 되기에 대장동 일당이 얻는 수익이 없다. 개검들이 법정에서 이재명흠집낼려고 허무맹랑한 8000억이익설을 가지고 재판을 하니 이길수가 있겠냐?,0
3526,295,"대통령 됐다고 끝남? ㅋㅋ 퇴임 후 재판재개 감옥행도 있고, 더 나아가면 탄핵길도 있지",0
3527,295,윤석열은 대통령인데 뭘 내란이냐? 답해바라,0
3528,295,그러니까 대통령되서 구할게 없는데 왜 법무부가 지시해서 항소를 짬시키냐니까?ㅋㅋㅋ 그걸 얘기해야지,0
3529,295,그럼 대장동일당  반죽여 놓지.  뭐가 무서워서  7000억 쥐어 준답니까.  니네들 주머니 돈이면 그렇게 하겠냐고,0
3530,295,상호야 너도 그 입 다물어라 요즘 너도 살 판 났구나 너도 요즘 살만하니 대통령이 어떤 인간인 줄도 모르나 너도 너만 편하고 잘살면 된다는 건가 아무 생각이 없는 모양이구나 앞으로 그 입 다물고 조용히 찌그러져 있어라 넌 나라 걱정은 하나도 안 하는구나 .....ㅉㅉㅉ,0
3531,295,아 진짴ㅋㅋㅋ 우상호 정무수석 천직임ㅋㅋㅋㅋㅋㅋ 거의 맞는 말 기계 수준ㅋㅋㅋㅋㅋㅋㅋ,0
3532,295,이재명은 당선전에도 오만가지 법꾸라지짓으로 수사거부 재판불출석 재판중 지멋대로 조퇴 변호사선임안하고 재판미루기. 재판장바꿔달라며 시간끌기. 변호사 교체한다며 또 시간끌기 증인신청 재판기록 복사안하고 버티기. 폐문부재로 법원 송달장 안받기 등등 재판이 이렇게 까지 늘어진 이유가 있자나? 선거나 국회일본다며 재판미루기 아주 특기야. 근데 이젬 퇴임후엔. 헌법개정. 대법관늘려 본인이 임명하기. 4심제로 바꾸기. 아님 개헌으로 임기연장 연임해 하려고? 하긴 잔머리 대마왕들이니. 뭔 꼼수를 또 안쓰겠냐만,0
3533,295,죄가 많으니   별짓 다하는거지,0
3534,295,대통령은 퇴임후 재판 안받냐? ㅎ 이재명은 이미 12개 범죄혐의재판중 하나는 벌써 유죄3심까지 확정. 전과5범각이고. 13번째 기소될 사유가 바로 대장동 재판개입 직권남용 수사겠지. 왜? 검찰없앴고. 대법원 니들뜻대로 흔들어 무죄만들게??,0
3535,295,아주 거짓말을 달고 사네 사기꾼들,0
3536,295,이재명 탄핵이 답인거 같은데~~~^^,0
3537,295,범죄자가 대통령되서 형사재판방지법까지 만들어 죄값도못치루게 한다는게 죄를 스스로 인증한것이다..이게 바로 내란수괴 국가전복세력이다,0
3538,295,"&lt;“대장동 주범” ‘성남시장’ 이죄명은 당장 재판 받아라&gt; . https://v.daum.net/v/20251101050350612 대장동 1심 배임죄 인정, ‘성남시 수뇌부’ 언급. . 재판부는 “유동규가 이재명 또는 정진상에게 직접 보고하는 실무 권한을 가지고 있었다” 유동규 전 본부장이 단독으로 의사 결정을 할수 없었으며, 최종적인 결정은 ‘성남시 수뇌부’가 했다. 재판부는 선고 과정에서 ‘성남시장’이라는 단어도 사용했다. . &amp;,1심 재판부는 “대장동 주범”은 ‘성남시장’ 이죄명이라고 했다. 이죄명은 당장 재판 받아라.",0
3539,295,맞는말이네,0
3540,295,내 편일때 제일 든든한 사람 ㅋㅋㅋ,0
3541,295,우상호 야자식아 이재명이 재판안받으려기를쓰는거온국민이다안다.이재명은다퉁령보다범죄자이다이놈아.,0
3542,295,"항소를 왜 포기시켜 대통령이 됐으니깐 국고로 6000억 환수를
끝까지 물고 늘어져야지… 왜 대통이 됐는지를 니들은 모르는거 같다…",0
3543,295,맞말,0
3544,295,사기친 돈을 국고로 환수시켜야할 정부가 사기꾼들에게 고스란히 돈을 갖다 바치는 일을 하네~ 나라 꼴이 ㅉㅉ,0
3545,295,죄명이는 감옥안가기위해 대통이 됐고 대통이 된후로 완전히 사법리스크를 없앨 고민만 하고 있으니 주위 참모들역시 나라위한 정책을 내기위해 일하는게 아니라 죄명이 사법리스크를 없애기 위해서만 일을 하고있으니...도대체 이게 나라냐,0
3546,295,그러게 왜 7800억의 엄청난 돈이 대장동 잡범들  주머니로 들어갈수 있게게 항소를  못하게 막냐고~,0
3547,295,대통령이 신이냐? 한법위에 초월하는 독재자 김정은 같은 존재야?? 아님 민주당 모의원이나 개딸들이 예수에도 빗대며 칭송하더만. 뭐 그런 성스러운 존재야? 실상은 욕을 입에 개처물고 법카로 니나노하며 코끼리처럼 먹어대고 국민들 상대론 말바꾸기 거짓말 한 기억뿐이 없는거 같은데? 설마 법무부 가 검찰이 항소못하게 한거 현지궁 마마님 지시아니냐??,0
3548,295,홍어의 머리에서는 그것 생각하는 것도 훌륭하지요... 어찌감히 인간을 따라 오것나!  ? !  !,0
3549,295,소설 쓰는 우씨  발,0
3550,295,맞다 그는 이미 대통령이다,0
3551,295,맞는 말👍👍👍,0
3552,295,개소리 그만 하고..그럼 재판 다시 재개하면 되겠네....그렇게 당당하고 자신 있으면 중지 된 재판 재개 해라...뭐가 무서워서 재판 안 받냐...국민 여론도 재판 재개 49.7% 반대 46.8%...재판 재개가 더 높다,0
3553,296,"임의원님. 응원합니다. 그래도 민주당의 김 남*, 서 영*, 추 미*, 최 민* 등과 같은 의원만 있는 것은 아니지요.",0
3554,296,흉직한 저것좀 치워라 혐오감 구역질난다.,0
3555,297,탄핵,0
3556,297,범죄집단에서 입장이 없는것이 당연하지,0
3557,297,안했다가 아니고 입장없다? 다들 무슨 의미인지 아시죠??? 당장 구속영장 청구해라,0
3558,297,대통령실도 100% 거짓말인데 그걸믿나 이재명 대통령 사퇴못하게 하고 감빵안가게 할려고 별짓을 다하나보네,0
3559,297,외압 없었다 라고 말못하고 입장없다? ㅋㅋㅋㅋㅋㅋㅋㅋㅋ 장난하나!,0
3560,297,있겠냐? 지가 지시했는데 ㅋㅋㅋ 정치검찰이라고 개거품 물더니 진짜 살다살다 이런 철면피 첨 봤네,0
3561,297,대통령실과 이정부에 몸담은 이재명 변호사만해도 몇명인가? 민정비서관부터 공직기강비서관 법무비서관 법무장관정책보좌관등등 ᆢ이자들이 주범이고 이해충돌이다,0
3562,297,범좌자단체가 무슨 입장이 있겠냐?   좌파동물집단!,0
3563,297,범죄자가 자신의 죄를 없애기위해 일당 김만배에게 징역8년만 살면 7천억원을 주고 검찰청에 항소를 못하게 압박하고는 입장없다고? 🔥🔥범죄카르텔 수괴 이재명 재판재개하라🔥🔥,0
3564,297,범죄자 반국가세력들! 더불내란당아! 나라가 나들땜에 초츠토화돠고있다. 나라를 전복시카는게 나들 목적이냐? 중국 캄보디아가서 니들이 원하는 나라 만들고 거가서 살아.대장동 환수금액가지고 ?? 어?? 더불어공산당아.관세 해결도 못하고 내란죄 아니라는거 전세계가 아는데 그랴서 나둘이 국제 왕따당하는거야. 누가 가짜를 인정해?,0
3565,297,입이 열개라도 할말이 없겠지요 다만 국민은 개딸류의 개돼지만 있는게 아닙니다...,0
3566,297,""" 야당이 제기하는 정치적 의도에 대해 대통령실 출입기자가 묻는 건 적합하지 않다 "" ㅡ 기자가 질문 하는게 잘못 된거라고 ? ㅡ 진실을 인양하라 ~",0
3567,297,지시를 안했다가 아니라 입장이 없다?? 이뜻  모르면 지능에 문제,0
3568,297,할말이 있나 결국에 자기살겠다고 한짓인데,0
3569,297,"김현지:내가 노만석한테 전화하고 직접 지시 했는데,왜 언론에서나 국민의 힘쪽에서는 아무말 없지.당연히 내 결제 없이는 있을수 없는 일인데,,왜 검찰총장.법무부 장관들을  괴롭히며 물타기를 할까? 내가 전면에 나설까? 참자,,그이가 감당 못하고 드러 누우면 나도 곤란하니 그냥 입다물고 지내자.",0
3570,297,항소포기 지시해놓고 할말없지 !,0
3571,297,법 앞의 평등!! 이 말 하나 제대로 못하면서 민주공화국 대한민국을 지킨다?? ㅉㅉ,0
3572,297,학생운동 할 때 그렇게 기득권 욕하더니 똑같이 하고있네,0
3573,297,지시했다고 뉴스에 다 나오고 있는데 ㅋㅋ 뻔뻔하게 무슨 입장할게 있겠냐..ㅉㅉㅉ,0
3574,297,입장 없다는건 긍정. 결국은 찢죄명이 지시한것 맞네.,0
3575,297,미쳐가는 나라 당장 끌이내려라 범죄자가 드글드글 범죄자 소굴이다. 못된것들 어찌 나라를 이렇게 쑥대밭 만드나.,0
3576,297,이재명 내려와라.,0
3577,297,입장이 있을수가 있나. 좋아 죽겠는데,0
3578,297,국민을 개돼지 취급하는 범죄자들!,0
3579,297,매주 마다 사고치네   골때린다,0
3580,297,나오는 말들이 다 맞는말이니까 ㅋㅋㅋㅋㅋ,0
3581,297,"&lt;“항소포기” 협박했던 이죄명은 태어나지 말았어야 할놈&gt; . 이죄명은 수많은 범죄를 저지르고도 반성은커녕, “재판중지?”“배임죄 폐지?”하더니, “항소포기”협박???. 그럴거면 “이죄명은 니엄마 뱃속으로 다시 기어들어가라” 네놈이 태어나지 않았더라면, 네놈의 범죄로 인한 피해자도 없었을 것이고, 200명이 넘는 피해 사망자도 없었을 것이고, 5000만 국민이 피해를 받지도 않았을 것이다. 이죄명은 “도대체 왜 태어났니?” 이죄명은 거짓말 그만하고 재판받아라. 국회는 “국민의힘 주도 특검”하고, 법원은 이죄명 재판을 당장 재개하라.",0
3582,297,대단하다,0
3583,297,"제발 부탁이다.
대통령 관련 된 사건들로 나라 시끄러운 일 없길~
대장동 항소 포기도 다 대통령 관련 된 것 아닌가?",0
3584,297,없것지~~ ㅋㅋㅋ    이 모든게 느그 이가 죄를 없애기 위한 것이니~~ 이가의 대장동 불법 사기는 끝까지 그 책임을 물어야 한다,0
3585,297,있겠냐 ㅋㅋ 근데 어쩌냐 국민들은바보가 아니라 다 아는데 ㅋㅋㅋ 쓰레기들,0
3586,297,비겁하고 한심하다,0
3587,297,면책 특권에 숨어서 입장 없다? 사기꾼들과 무슨 관계냐?,0
3588,297,이재명씨 자수하세요,0
3589,297,지나가든 소가 웃겠다,0
3590,297,손바닥으로  하늘을 가려라. 양심도없고 국민도없고 좌빨들의뻔뻔함. 결코 국민이용서하지않을거다.,0
3591,297,국민들도 다들 그렇게 생각하고있다!,0
3592,297,진실을 말하려니 할 말이 없겠지... 한심한 전과4범 시다바리들아~,0
3593,297,영구 없다? 많이 당황했나? 어이가 없네,0
3594,297,경제좀 우찌 해봐라~~,0
3595,298,지들과 의견다르면 축출해내는 전형적인 공산당 마인드,0
3596,298,"항명? 항명이란 명령을 내린자에 대한 항거인데 명령을 누가 내린거야?
만약 항소포기 명령을 내린자가 있다면 그 자는 범의 심판을 받을 것이다",0
3597,298,민주당 ᆢ정치검찰이라 욕하는 검찰이 보수 정당의 대통령.전두환.노태우. 박근혜.이명박.윤석열.무려 5명의 대통령을 감옥에 보냈다.검찰에 가장 피해를  당한 정당.정치인들은 보수정당.정치인들이다.민주당 논리 대로라면.검잘은 좌파의 뜻대로 움직였던 검찰인가?  내편에 불리하면 무조건 정치검찰이라 선동해대는 좌파정귄.민주당. 이제 대놓고  좌파 정권에 업드리는 검찰이 되라고   협박하나.,0
3598,298,항명한 자 신속히 잘라라.,0
3599,298,"아무 데나 내란 계엄 세력이라고 몰아 붙이냐? 검찰이 계엄과 무슨 관계냐? 계엄에 학을 뗀 국민이지만, 그걸 이용해 미운놈 누구에게나 계엄 반란 딱지 붙이려는 건 온당치 않다.",0
3600,298,민주당국회의원이 검사까지해라  완전독재고 국민무시행위다,0
3601,298,대장동 범죄자 우두머리 이재명 처단하라 ㅋㅋㅋㅋㅋㅋㅋㅋㅋㅋㅋㅋㅋㅋㅋㅋㅋ  이재명일당이 항명이라고 찢어데니 ㅋㅋㅋㅋㅋㅋㅋㅋㅋ명령한넘이 이재명 맞구먼 ㅋㅋㅋㅋㅋㅋㅋㅋㅋㅋㅋㅋㅋㅋㅋㅋㅋㅋ,0
3602,298,찢죄명의 민주당은 상식을 벗어났다... 대장동 일당이 1심 유죄형량 나왔는데도 정신못차리네?? 찢죄명아 역풍이 두렵지않나??,0
3603,298,대장동 판돈 어떡할거냐고 지금 내란이 급한게 아니잖아!,0
3604,298,검사들이 할말을 하면 항명으로 몰아가고 이재명이 재판 못하게 하려고 대법원장 사퇴압박하고 이재명이와 민주당 이것들은 얼굴에 철판을 깔고 5공의 전두환이 보다도 더 후안무치한 짓들을 해대는 우리나라 정부수립이후 최고로 못된 놈들이 정권을 잡고 국민들을 기만하고 있다.,0
3605,298,"사법을무너트리는 거대집단에 기죽지마라
자유를뺀 민주주의만 고집하는 법치주의말살
집단에 당당이대응해야 국민들은 자유가중요",0
3606,298,검찰개혁이 왜 팔요한지 검찰이 스스로 증명한 꼴~,0
3607,298,7400억짜리 대장동 항소 포기는 솔까  바지사장인  이재명만 할 수 있는거아닙니까?  김현지감추기에 항소포기강요에 이재명 방탄에 다들 힘써주시는데  이나란  배급견들만 있는게 아닙니다,0
3608,298,"김학의 얼굴도 모르는 특활비 도둑 떡검사들 모두 쓸어버리자

대장동 50억클럽도 지들 선배라고 수사도 흐지부지",0
3609,298,검사들 겁박하네~ 검사들아 가만히 있으면 바보된다는 것을 알아야한다   민주당 꼬봉노릇이나 해서 뭘 얻겠나 ? 집단항명하라,0
3610,298,민주주의는 죽었나,0
3611,298,시민들의 돈 수천억원을 갈취한 범죄자들에게 더 중한 죄를 묻고 갈취한 돈을 시민들에게 돌려줘야한다는 검사들을 징계하겠다니 민주당은 범죄자들과 같은 편인 모양이네. 시민들 편이어야할 여당이 왜 범죄자들 편을 드나. 대통령 이재명이 이 사건에 연루되있기 때문이겠지.,0
3612,298,독재정권으로 착실히 가는중 ㅋㅋㅋ,0
3613,298,"왜 국회 니들 한태 바른소리 하면 항명이라 
 하나  국회원 이래 두면 안된다 대한민국 국회원들  안하무인이다  지들맘에 안들연 항명이라 한다 이런 국회를 처벌 할수있게 하자
  전국민의 이름으로 막나가는 국회를 처벌할수있게 하자",0
3614,298,보고 있으면 여당야당 똑같이 정권잡으면 자기 입맛대로 바뀐다. 한마디로 다 썩은 놈들이라 관심없고 그나마 국민들을 위한 정책을 조금이라도 더 잘하는 경제를 조금이나마 좋은 방향 그리고 나랏돈을 덜 빼먹는 대통령이 덜 나쁜 놈인거다.,0
3615,298,틈을 주지마라 틈이보이면 좀비처럼 기어나온다  총을 쏴서라도 죽이겠다는 놈도있는데 강력처벌안할 이유가없다,0
3616,298,검사라는 호칭조차 사라지게 해주세요. 인간 같지도 않은 집단!,0
3617,298,개검들과 그 출신들 전부 묻어버려야 한다.,0
3618,298,"머야, 범죄자 집단이 감히 검찰에게 까불고 있네. 후회할껀데...",0
3619,298,집단 항명한 군바리들은 니편이냐,0
3620,298,죄를 안 지었면 검찰이고 경찰이고 무서울것이 없다 죄지은넘이 무서워서 별짓다하는것이 다,0
3621,298,아니..한마디 안할수가 없네. 민간업자와 공무원이 합의하에 부당한 이익을 취했다고 수사하고 선고받은 사건에 정부가 왜 나서며 여당이이 왜 나서는겁니까??? 다른 모든 사건에도 이렇게 하나하나 다 나섭니까?? 이게 대통령과 연관있다고 생각해서 나선겁니까?? 아무 연관없다면서요? 개별사건마다 이렇게 나서서 항소여부등 검찰 지위할건가요??,0
3622,298,"ㅋㅋㅋ 민주당 권력의 부당항 지시에 대들면 항명이고...국짐당 권력에 대들면 훈장 받아야할 영웅?  
민주당.국짐 둘다 쓰레기 정치 사기꾼 놈들",0
3623,298,검찰은 뭬허냐 !!  죄지은 넘들 직위고하 막론 몽조리 감옥에 쳐넣어라... 특히 국개와 정치꾼중에 순 개만두 못헌거뜨리 줄서 있다 ...  몽조리 감옥에 쳐넣어라....  얼릉 감옥에 쳐박아라...,0
3624,298,잡범당국개들아 니들이 가장 시급하게 해야 할 것은 니들의 면책특권과 불체포특권의 포기선언이란다.  개소리 하지 말고 이거 포기선언 부터 하거라.,0
3625,298,걸레야....그냥 공산당 일당 독재시대로 바꿔라. 국민들 저항으로 죽는 꼬라지 한번 보고 싶다.,0
3626,298,변호사법을 강화하면됨!! 공무원시 공무원법위반및수사조작시 무조건 변호사자격증을 무효화해야됨,0
3627,298,개만도  못한것들은 ..,0
3628,298,항소포기한 검찰총장 직무대행 구속수사하라...민주당 항소포기 했는데 외 검시들을 욕을해...민주당 진짜 못되먹었다...다음에 국민의 심판이 있을거다,0
3629,298,"내란수괴 풀어줄때는 한마디도 못한것들이 이제와서 ㅋㅋ
싹다 징계해라",0
3630,298,민주당 ? 크게 이쁘지는 않지만 그래도 힘이  없으니 개나소나 얄보고 물려 고 한다 내란수괴범이 큰소리 친세상범죄자가 설치는 꼴 보기싫어서 라도 내년 선거는 싹쓸이 로  민주당을 밀어줘 힘을 실어 줘야 된다,0
3631,298,윤석렬 김건희의 종놈이자 노비들인 조작수사한 정치검사들......광화문광장에 단두대 설치하고 사형시켜 광화문광장에 효수하여 대한민국의 정의를 바로 세워라,0
3632,298,"검찰이 내란의 본진이다. 항명하는 개검들을 싹 잡아들여서 내란및 반역죄로 사형을 집행해야 이 나라의 민주주의와 정기가 곧추선다,",0
3633,299,미친 100만원은 돈아니가 초코파이 하나 가져갔다고도 벌금먹이는 나란데 100만원이면 초코파이가 몇개냐?,0
3634,299,보수는 청렴. 부패하면 망하는 것. 사이비 보수팔이 국개. 성개 보수의 팔이 사기꾼.,0
3635,299,성일종 이 분 이토 히로부미 본받자던 넘 아닌가요? 전한길 딸랑이 장동혁이나 도긴 개긴이네요 내란당 해산되어 의원직 상실이나 당하세요 ㅎㅎ,0
3636,299,초코파이 하나 허락없이 먹었다고 검개들은 난리친나라다 ᆢ100만원이면 쿠팡에 ᆢ서 12개짜리 2박스가 7760원이다ᆢ대충125박스 살수있다 ᆢ,0
3637,299,이사람은 정말 개념이 있는 정치인 인가? 김영란법도 모르나... 서산.태안 국민여러분 투표 잘 합시다요.,0
3638,299,니들이 법카로 초밥 사먹었다고 이재명 까던 놈들 아니냐? 진짜 국힘 이것들을 어쩌면 좋지,0
3639,299,7만 8천원 가지고 G R 틀더만.....ㅋㅋㅋ.... 역시 매국 내란당....ㅉㅉㅉ,0
3640,299,공무원 부인이 자기 남편 잘 봐 달라고 10만원 짜리 상품권을 직장 상사 마누라한테 주면 그건 뇌물인가 선물인가~~!,0
3641,299,깽기는게 있나요.. 그대도?,0
3642,299,도랏나??? 이게 미친거 아이가???,0
3643,299,"이런 자들 때문에 보수가 망하는 거요. 대체 공무원들한테 자신과 배우자의 청렴의무 교육은 왜 시키는 겁니까? 국정을 책임지는 사람과 그 배우자가 이래도 받아먹고, 저래도 받아먹고, 더구나 그 대가로 의심되는 여러 정황들이 버젓이 있는데 이런 헛소리나 떠들어대고 있으니... 사기에 조작의 달인을 여사님여사님거리며 떠받드는 모지리를 나라의 수장으로 만들어 이 상황까지 와 놓고도 이런 모자란 소리를 여전히 하다니요...",0
3644,299,뇌물이라면 성완종 정도는 되야지,0
3645,299,일본에 종속한다 해서 일종이냐?,0
3646,299,모지리 김영란법은 뭐냐?,0
3647,299,10만원도 뇌물이다~ 이넘아~~   국짐당은.. 어째 이따위냐&gt;&gt;&gt;????   모두가  똑같네~~,0
3648,299,개...,0
3649,299,백 만원 정도는 우습게 받아 챙긴 모양이네??????????,0
3650,299,"100만원자리 가방이보편적이다 아주대단하지
김영란법에 이런건 뇌물이아니라고하나 일종아참대단하구나",0
3651,299,얘도.   빵에. 가야긋다,0
3652,299,국민들 혈세인 관봉권으로수억원옷 사서 처먹은 인간그돼멜다는?.,0
3653,299,그럼일백만원 빽은 받아도 되겠다,0
3654,299,어이! 지역구가 어디야? 그리고 형님 잘계시지?,0
3655,299,잡것들. 니들이 사람이냐 그럼 김혜경여사 5만원 밥값은 뭐냐??? 김거니 쥴리가 받은 수많은 명품들과 금딱지는 뭐고???? 사람새끼들이 아닌것들. 국짐당과  극우세력들,0
3656,299,그나물에 그밥이지요. 따로국밥 아닙니다.,0
3657,299,누구든100원선물 보내도 좋더?,0
3658,299,그것 뿐이겠냐? 똥 한덩이는 똥 아니냐? 아니면 니가 쳐 먹어 봐라,0
3659,299,최 민희 딸 결혼식 축의금은 100만원 현찰이 예사던데...,0
3660,299,"댓가가아니면 순수한선물은 주고받을수있다  
뭉태기돈만 쥐락펴락 하는것들은 좁쌀에  깨끗한척",0
3661,299,맞아 좌파들처럼 수억은 쳐받아야지 쪽팔리게,0
3662,300,근데 김현지가 누구예여????,0
3663,300,대장동 몸통 이재명 특검하고 탄핵해야 나라살린다,0
3664,300,대장동 범죄 우두머리 이재명 처단하라.ㅋㅋㅋㅋㅋㅋㅋㅋㅋㅋㅋㅋㅋㅋㅋ,0
3665,300,당연히 범죄 덮는자 범죄자이며 덮은 범죄로 혜택보는자 반드시 범인이지,0
3666,300,불의에 대항하는것이 항명이냐 진짜로 전과자당은 다 간신이고 딸랭이들뿐 한늠의 괴수 살리자고 무조건 우기고 큰소리치고 다수 의원수라고 기고만장하지 마라,0
3667,300,항명 ㅋㅋㅋㅋㅋㅋㅋㅋㅋ항명하면 훈장주던 민주당 악귀들이 이딴 소리를 ㅋㅋㅋㅋㅋㅋㅋㅋㅋㅋㅋㅋ,0
3668,300,상을 줘야지. 범죄자 이재명의 더불어범죄단체야,0
3669,300,대장동 대장동 흘러간 옛날 노래 ~ 아무리 불러봐라 다시 불붙나 ㅋㅋ,0
3670,300,"홈플러스 망하고, 철강 망하고, 여수산업단지 망하고, 위매프 망하고, gm도 떠난다 하고, 출산율 전세계꼴찌.. 나라는 망해가고 있는데  정쟁과 권력에 미친 싸이코패스들.. 중국은 적자수출로 우리나라를 망하게 만들고 있고, 미국은 달러와 공장을 뺏어가고, 환율은 미친듯이 오르고, 나라에 망조가 들었달밖에..",0
3671,300,항명 군인은 총살 조치해야허나??????,0
3672,300,증거조작 증인협박 술파티 공범 말 맞추기. 김건희 수사무마 관봉권 띠지 사라짐 등 검사가 범죄자지. ㅁㅓ 과거에도 흔한 일. 늘 독재자에 빌붙어서 부귀영화 누리던 검사 판사. 이제 전관비리까지 끝내야.,0
3673,300,어찌 그당 구케 들은 한결같이 철판을 뒤집어 쓰고 상임위 참석하나  상식과   이성은 어디다두고   다니는지 이재명에  충성 한 5선구케  꿈꾸나   에라이 똥물을 뒤집어 쓸  인간들아,0
3674,300,참 여러모로 욕본다. 범죄자 하나 가지고 그렇게 국력을 낭비하나.,0
3675,300,친윤 정치검찰 주장들은 여전히 잘 받아써주네... 여전히 반란세력이 준동하고 있으니 걱정이다. 그렇게 항소하고 싶었으면 한명만 서명해서 올리면 끝인데 왜 아무도 하지 않았지? 그러고 나서 이짓이냐 ㅋ,0
3676,300,항명하는 검사공무원들은 모두 집으로 보냅시다. 그중에는 뒤가 구린*도 분명히 있을거다.,0
3677,300,쓰레기 같은 국힘만 없었어도 벌써 초일류국가.,0
3678,300,대체 항소 포기하는 게 어떻게 이재명 방탄이 되는 지 설명 해줄 사람이 있나?,0
3679,300,2찍들 국민의 힘 대표 장동혁 1월11일 국민 선거법 100 만원 판결 나왔는데 갑자기 검찰 돼지들 무죄 판결 ㅋㅋㅋ 웃기네,0
3680,300,검찰은 항소 포기해도 나머지 범죄자들이 항소해서 그대로 재판은 진행 될텐데 검찰이 스스로 못했다는 것에 대해서 이렇게 시끄러울 정도면 이미 윤석열 구속 취소 했을 때 침묵 했던 검찰은 그때 문 닫았어야지.,0
3681,301,"권력에 검찰까지 무너뜨리는
 요지경 정권.
죄가 확실하다는 반증이다",0
3682,301,"입법부와 행정부, 사법부 참담합니다. 3권 분립 좋아하네! 떠돌이 약장수 말이 더 신뢰가 있다. 그래도 약장수는 '애들은 가라'는 말을 하는 것보면, 일말의 양심은 살아있었는데, 입법부의 법사위, 통방위, 국방등...어휴!",0
3683,301,"검찰이 가만히 있으니 가마니로 아는 모양인데 이번에 잘못 건드렸다 어디 한번 해봐라 너희들 지금까지 힘을 남용 하는 데 추미애 너도 조심해라 박균택 서영교 자꾸 떠들어 봐라,,,,검찰의 반격이 기다려 지네.....ㅎㅎㅎ",0
3684,301,"난 추미애가 가장 예뻐. 왜냐고? 추미애가 보수  윤석열 대통령 만드는데 일등공신 이었는데, 추미애가 또 다시 보수 대통령 안들려고 애쓰잖아...그래서 난 추미애가 보수의 가장 귀한 보물단지라고 생각 하거든...
추미애야,
  더 좀 dog판을 치거라.......",0
3685,301,"항소장 제출할려고 대기중인데 윗선에서 신중을 기
하라고 하면 그건 항소를 포기하라는 거지. 민주당
  니들은 개딸만 믿고 국민을 우습게 여기는 구나",0
3686,301,검사가 법위에있는양 나대는꼴이 가관이 아니네,0
3687,302,"진영주의가 아니라  간첩집단 대  대한민국,  정상 대 비정상,  범법집단 대 그걸막는자들",0
3688,302,아니 뭐 내란을 내란이라 말도 못하는 정당이 요즘 왜 이렇게 시끄러운건지..반성이나 하쇼!,0
3689,302,윤 🐕뇸풀어줄떼는 입 다물고 있더니  윤 🐕뇸의 쫄따구  검사 뇸들  다 죽여버려야,0
3690,303,댓글조차 안달리는 정의당....이게 현실임 니들이 그러니깐 망했지,0
3691,303,국민은 이번 사건을 대장동 계엄이라 부른다!!!,0
3692,303,민주당 위성정당인 조국당 보단 낫네,0
3693,303,뭐래 2중대가,0
3694,303,같은 족속이지만 차마 해괴한 일이라서 존재감 부각위해 한마디 한겨어...,0
3695,303,권영국은 좌파인물들 중에 바른 말 하는 거의 유일한 인재다! 나머지 사이비좌파는 모조리 심판한다!!!  위선자들을 싸그리 쫓아낸다!!!,0
3696,303,불로소득없는 25억은 어떻게 만들어지는걸까? 방법만 알려줘도 사회약자 해방은 따로 필요없을듯 싶다. 권영국을 보면 '비자본가 엘리트' 라는 생각이 든다. 오늘날 얼치기 좌파(온건사회주의)들이 말하는 평등은 후기자본주의 이후 새롭게 형성된 엘리트들의 구호란 점이다. 노동귀족(노동관료)와 시민사회 엘리트 및 고학력 페미니스트등이 자본주의 스스로 민중봉기를 막기위해 들어선 복지자본주의 체제내에서 일하고 있는것이다. 그러니 권영국이 극진보라는 이상한 말을 하는 사람들도 자본주의 체제내의 좌파로서의 극단적 형태가 존재한다고 주장한다.,0
3697,303,그동안 정의롭지 못했는데 이건 정의롭네요,0
3698,303,명색이 당이라는 것들도 사건을 안보고 비난하는구나.. 추징금 7800억아 아니라 1120억이다..  한때는 표를 행사해줬건만 ㅉ,0
3699,303,얘네 이사건이 뭔지 모름 ㅋ,0
3700,303,시끄럽다. 정의당 니들은 원내로 들어온 뒤에 입 벌려라.,0
3701,303,아이구 이런 모지리들ᆢ 똥오줌도 못가리니 니네가 이모양 된거야. 기사 안본눈 사고싶네,0
3702,303,오정의당. 좀멋진걸!,0
3703,304,"검찰까지 무너트리는것보면 
죄가 있다는 확실한 반증이다.
개수작 민주당 해산이  나라가 바로선다",0
3704,304,국짐 해체하자. !,0
3705,304,"이재명 잘하고있다 ㆍ국힘은 해산이다 ㆍ
국힘 빼고 모돈 국민 희망이다 ㆍ",0
3706,304,"&lt;이재명 탄핵에 관한 청원&gt; . https://petitions.assembly.go.kr/proceed/onGoingAll/32739970926959CAE064B49691C6967B . 동의기간 : 2025-06-11 ~ 2025-07-12. 동의수: 152,998명(완전충족). . 청원의 취지: 정상적으로 뽑힌 대통령을 거짓 탄핵하고 사법부와 입법부를 장악하여 행정부 권력까지 불법으로 손에 쥔 전과 5범 범죄자를 대통령으로 인정할수 없다. &amp;,국회는 당장 이죄명을 탄핵하라. 거부하면 “직무유기”다. 22대 국회는 자진 해산하라.",0
3707,304,죄지은 너문 직위고하 불문  구속해 갖구서리 처단하라구 피켓팅을 함 혀봐라...,0
3708,304,"이재명 엮기 조작수사, 
남욱이 조작수사를 위한 협박을 닫았다고 폭로
ㅡ 개검들 항소포기
검개들 조사해야 한다",0
3709,304,"이 재명 대통령 말고, 뒤에 석자 무엇이 어울린다고 생각하는가? 
정치인이 국민, 민생 생각한다고 착각하지 마세요.
현실을 보고도 어떻게 다른 생각을 할 수가 있지요.
사이비 종교 집단도 아니고, 유 동규 누나 보셨죠.
유 동규씨도 이 재명 성남시장 시절 같이 했던 분입니다.",0
3710,304,윤석열과 절연도 안되는 국힘당이 장외집회를 한다고 하더라도 중도층을 포함한 다수 국민들의 공감을 얻을 수 있을까? 😁,0
3711,304,영혼없는 앵무새 보는 느낌이다 ㅋㅋ,0
3712,304,"해산 될 것들이 말 드럽게 많네~~~ 팩트로 접근해 보자. 니들 쪽수에 탄핵이 가당키나 하냐? 그리고 니네당 지자체장 중에서 민간개발 이익환수를 5,500억 한 넘 있기는 하냐? 서울시장, 부산시장은 뭐 하고 있는데? 성남 민간개발이 크겠니 서울, 부산이 크겠니? 180만원 사치품을 인사로 주고 받는 넘들이 몰려다니면서 애쓴다. 애써.ㅋㅋㅋㅋㅋㅋ",0
3713,304,발악을 하는구나.,0
3714,304,"하든말든 신경꺼라 나가는건 자유지만 돌아오는건 자유아니다ㅈㅋㅋ
빨리 해산청구해라 내란 극우 사이비당",0
3715,305,쓸수 있는 모든 권한을 다 써서 내란검찰을 진압하라.검찰이 정부를 우습게 보고 내란을 밥 먹듯 하는데 강력한 응징을 못하는 정부라면 그런 정부는 필요없는 정부다.,0
3716,305,윤석열 구속취소 때와 지금의 항소포기는 다르지! 지금은 검찰청 폐지가 굳어진 마당인데 이판사판이지!  폐지될 마당에 좌시하지 않으면 어쩔건데?  의새들 전공의들처럼 전부 사퇴서 제출하면 전과자와 꼬봉내시들이 더 깝깝할건데! 총장과 지검장은 빨리 외압 까발려봐라!  점방 문닫는 판국에 열 받지 않나?,0
3717,305,사법부 파괴,0
3718,305,웃기는 소리 하네 죄명이 재판이나 받아라,0
3719,305,이미 너무 봐주고 있지않나? 다른 공무원들이었으면 이미 조치하고도 남았지..,0
3720,305,"너희를 어떻게 하면 싹 뽑아 다 태울까??? 나라 말아 먹는 것들. 이재명, 민주당, 정청래, 추미애, 김병기 등등 너무 많네",0
3721,305,대통령실 출입기자도 너네 부하가 아닌데 기자한테 불쾌감을 드러내? 어이가 없는 놈이네,0
3722,305,공무원 하나 제대로 컨트롤 못하면서 무슨...  윤구육을 사냥개로 써먹다가 뒤꿈치 제대로 물렸던 문죄인.... ㅋㅋㅋㅋ,0
3723,305,검찰은 너네 부하가 아니라. 정치적 중립을 지켜야하는 집단이다. 검찰청법 제4조3항 검찰은 국민전체에 대한 봉사자로서 정치적 중립을 지켜야하며 주어진 권한을 남용해선 안된다. 알겠니?  이런게 있으니 70년동안 정권 계속 바뀌어도 검찰이 있었던거야. 생각 좀 하고 공부 좀 해라. 기강 문제 같은 소리 하고 있네.,0
3724,305,윤 구속 취소는 취소후 즉시 항고가 이미 위법이라는 판례가 있잖냐 ㅡㅡ....,0
3725,305,더불어 범죄당과  범죄자 찟재명이   니들이    스스로   무덤파고있는중,0
3726,305,"검찰, 경찰 모두 없애고 살자, 동물의 왕국처럼.ㅋ",0
3727,305,이나라에 검찰이 아직도 잇나 ? 다 뭉개놓고서 뭘더 ? 국개의원만 잇는나라 .,0
3728,305,채상병외압은 특검하는데 왜 이건 특검안함?ㅋㅋ 이건대놓고 외압인데,0
3729,305,기강? ㅋㅋㅋㅋㅋㅋㅋㅋㅋㅋㅋㅋ니미  범죄집단에 기강이 어디있나? ㅋㅋㅋㅋㅋㅋㅋㅋ 대장동 범죄 우두머리 이재명 처단하자 ㅋㅋㅋㅋㅋㅋㅋㅋㅋㅋㅋㅋㅋㅋ,0
3730,305,더불어범죄당과   범죄자 찟재명일당이 범죄자 짓재명이범좌죄없애려고 집단행동하고 항명하는데 국민들이 용서하지않을거다 ( 좌시하지않을거다),0
3731,305,검찰 집단행동도 문제. 이를 동조하고 발언 하나하나 받아쓰는 법조기자 카르텔도 손봐야 함. 수사기소 분리 되니까 자기들도 기득권 떨어져 나가는걸로 착각하고 오만하게 행동 중.,0
3732,306,"훠훠훠 아룸답숩니돠. 우뤼는 쭝꿔 속국입니돠. 남조선 개돼지들은 상납하며 살고, 우뤼 정으니만 잘살면 됩니돠. 훠훠훠 ㅋㅋㅋㅋ",0
3733,307,근데 김현지가 누구길래 민주당이 우르르 나서서 쉴드쳐줘용?,0
3734,307,야 너는 필요없고 김현지나 데려와~ 그리고 너 지방선거 나가도 안 될거야~ 니 주제에 무슨 서울 시장~ 지나가던 개가 웃겠다~,0
3735,307,정치 검사 하나때문에 나라가 엉망진창이네.. 내란 재판은 왤케 더딘거야?,0
3736,307,조작한 정치검사들이 검사니?......그냥 세금으로 밥 처먹고 사는 시정잡배 쓰레기들이지......저런 바퀴벌레들은 에프킬라로 박멸해서 들쥐들 밥으로 줘야 된다,0
3737,308,군대도 안간 인간이 뭘알겠냐만  자기 살려고 부하에 범죄를 뒤집어 쒸울려고 몸부림 치는 꼬라지가 가관이지 우째 저런인간이 통수권자였다니통탄한일,0
3738,309,뇌물주고받는 놈들만 잘사는 더러운 세상,0
3739,309,윤석열 대통령이 격노했자고 채상병 특검 수사외압이라고 몰아가는 것들이 이재명 대장동 항소포기는 외압이 없었어? 이재명이 대장동의 머리인데? 말 같지도 않은 소리 작작해라.,0
3740,309,조작기소 같은 소리 한다? 에휴 어쩌다가 저런 범죄자들이 정치 한다고 설치는지. 잡범을 대통령 뽑은 국민들도 책임에 자유로울수 없음.,0
3741,309,독재명 재판 받어라,0
3742,309,무지한민주똘마니들상대로사기치다. 현명한국민들한테똑같이하다 폭망중. . 김어준같은놈말을믿는것들. . 오만가지 민주당의원들거짓말에 길들여져서. . 대화도안되 무조건잘한데. . 국민피해액7천억 범죄자뒷배가 민주당아니가?,0
3743,309,"민즈당이7천억배상하라. , 니들은 한몸아니가?  이재명과",0
3744,309,대장동게이트  형사소송도 몇년이나 걸렸는데 민사소송 가능하다고? 민주당이 국민을 개 돼지로 아냐? 7800억원  국고로 들어올 국민들돈이다 김만배일당에세 1000배 수익을 줄 돈이아니다 정성호 노만석 탄핵하라,0
3745,309,검찰의 조작 기소라고? 니들이 야당이어도 그렇게 판단할거냐? 진짜 어이가 없네.,0
3746,309,국민들은 애국심없고 정치에 관심없어먼  저질스러운 자들의  지배를 받게된다,0
3747,309,방법은 하나다 이치를 따르지 않는자들은 죽창을 따르게 해야 한다 전과자 조국에게 죽창빌려서 반국가세력들 모조리 꿰뚫어라,0
3748,309,이런 미친 내로남불이 있나. 감옥가기 싫은 이재명 하나 위해 똘똘 뭉친 이재명과 전과범 집단 지지하는 개딸들의 역한 콜라보에 대한민국 삼권분립 아작나고 잘 지켜지던 자유민주주의는 가루가 되어 옛날 이야기가 되었다.,0
3749,309,이죄명이요세끼한마리가나라를망치도너무망친다끌어내리자죄명이,0
3750,309,개복다 강아지보다 못한 사람들 아구 불쌍한 개를 어떻해,0
3751,309,"국정조사, 청문회 해라.",0
3752,309,"정성호, 김현지, 찢재명, 노망석 다 불러라. 암덩어리들.",0
3753,309,대장동 특검하자 ㅋㅋ 곽상도 50억 다시 불러오고 윤석열 아빠집도 살펴보고 ㅋㅋ 꼭 하자?,0
3754,309,"지판사,심총장 특검하라. 관습헌법  위반  아니가,",0
3755,310,"진짜 이재명과 민주당 이래도 되나? 대장동 사건을 그렇게 압박하듯이 항소도 못하게 만들고, 배임죄를 없앤다 , 검찰을 개혁한다 어쩐다 하면서 민주당 마음대로 나라를 흔드는게 말이 되나? 이재명과 민주당이 해도 너무한다 // 서초동 법원청사 앞에 운전하면서 지나가면 빨간색 근조화환이 쭈욱 나열되어있더라~~ 누구를 위한 검찰개혁인가? 내가 보기엔 민주당 갑질부터 개혁해야한다 윤어게인도 혐오스럽지만 민주당의 막무가내식 정치질은 너어무 우려스럽다!",0
3756,310,탄핵 좋아요,0
3757,310,이대통령하고  아무 관계도  없다는게  판결로도  명확히 들어났거늘...  거품물고  거짓말로  무슨 연관이나 있는것처럼  반대로  얘기하더만..  니들 논리면  개검이  항소포기하면 이대통령은  범죄확정이니까  환영해야지 . 입벌구 내란 사이비당 쯧쯧..,0
3758,310,내란당 답다 꼴값이 풍년이네,0
3759,311,"권력의힘이  검찰을 계속 때리니
 검찰도 무너지는구나.
 요지경 세상",0
3760,312,전과자 없는 세상이...,0
3761,312,도민을    내 팽계치고   이제와서   뭔  낮짝으로    선거에   출마한다고   사과를 ?   ~~   낮짝  뚜꺼운 놈들    징그럽다,0
3762,313,누가되는 잡읍없이 후보되서 제발 박형준이 좀 막자.부산을 콘크리트로 도배해서 되겠는기?,0
3763,314,특검해서 곽상도50억부터 검찰의 조작이있었는지 이재명측근이 돈받았는지 전부새로수사하라 언제부터 곽상도 박영수는 기사도 안나더만  곽상도 아들퇴직금  검찰은 수사안하고 뭐했냐?,0
3764,314,여론전먹어주겠냐? 무슨 지금국민들이 계엄전국민들인줄알아? 기뢰기들 구라질까지 다 감안하면서 기사보는 계엄을 겪은국민들이다. 대장동? 너희기뢰기들이 절대 말안하지만 대장동검사놈들이 원래 대장동을 수사하던 1기검사들을 전부 박살내고 해산시키고 한동훈과 윤석열이 임명한 내란검사놈들이 만든 두번째 대장동수사팀이라는것도 국민들끼리 공유해서 널리퍼트릴것이다. 이잡것들의 목적은 돈받아쳐먹은 기뢰기들이나 검판사 전관예우받으면서 대장동에서 돈쳐먹던놈들 잡아들이는게 아니라 오로지 이재명만 겨냥한 수사를 하던 썪을놈들이라는걸 다안다,0
3765,314,운동권 = 사회 기본 시스템에 불만이 가득한 반사회적 악성 기생충. 꼴에 국민들 위에 군림하고 싶은 권력욕은 한가득이라 기어코 열심히 살고 있는 국민들 위에 감투 쓰고 올라앉음. 국민들이 열심히 폐허에서 지금까지 경제 성장 이룩할 동안 빨대나 꼽고 빨아먹은 기생충 주제에 이젠 심장부를 가로채서 사회 시스템 박살내고 있지. 운동권이 권력 잡은 후 사회 기강 망가지고 기본 윤리 시민 의식 저열해지고 빚투 이딴 편법들만 추구하는 고담 시가 되어버림. 반드시 박멸해야 할 악성 기생충.,0
3766,315,"사고사 채상병은 특검, 북괴가 총살한 공무원은 월북.. 이게 맞냐?",0
3767,316,"사고사 채상병은 특검, 북괴가 총살한 공무원은 월북.. 이게 맞냐?",0
3768,317,대멀아~넌 네가 대머리인지 아닌지부터 밝혀라ㅉㅉ가발에 키높이구두에 가슴뽕넣고 열등감에 쩔어있는 대멀아..오늘 니네당이 가가멜100만원짜리빽이 뭔 뇌물이냐고 쉴드치던데 김혜경여사 법카10만원으로 압색100번 넘게하고 물어뜯던게 너네당 아니냐?,0
3769,317,"조금있으면 구속될게 뻔한데, 이리저리 나대면서 빨리 구속해달라고 외쳐대니, 그리해주면 좋겠습니다",0
3770,317,"탄핵 안된다 -&gt; 8:0으로 탄핵, 구속 안된다 -&gt; 구속 됨, 이재명 대통령 안된다 -&gt; 대통령 됨, 모스탄이 윤석열 구해준다 -&gt; 안구해줌, 트럼프가 항공모함 끌고 윤석열 구해준다 -&gt; 안구해줌, 한미정상회담 성사 안된다 -&gt; 됨, 이재명 미국 입국 못한다 -&gt; 미국 감, 미국가면 이재명 체포된다 -&gt; 안됨, APEC 때 트럼프가 이재명 안 만난다 -&gt; 만남, 이재명 되면 경제 망할거다 -&gt; 9월 수출 3년 6개월만 최대치 무역수지 2018년 이후 최대 코스피 4000. 대선 총선 처발리고 오열하는 2찍들아 그냥 병원을 가ㅋㅋ",0
3771,317,대멀아~넌 네가 대머리인지 아닌지부터 밝혀라ㅉㅉ가발에 키높이구두에 가슴뽕에 열등감에 쩔어있는 열등아..오늘 니네당이 가가멜100만원짜리빽이 뭔 뇌물이냐고 쉴드치던데 김혜경여사 법카10만원으로 압색100번 넘게하고 물어뜯던게 너네당 아니냐?,0
3772,317,동훈이의 마지막 바락이구나 국민을 그만 속이시오 동훈 할배,0
3773,317,결국 조선 제일 혀도 국짐을 따라서 망조의 길을 가는구나.,0
3774,317,떵후니가 법무장관이었을 때가~언제더라~?? 떵후나 쫄리냐~?,0
3775,317,곧 위드후니 카페에서 좌표 찍고 가발빠 할매들 몰려올 글입니다^^ “급해요 빨리 와주세요!”ㅇ.ㅈㄹ ㅎㅎㅎ,0
3776,317,휴대폰 비번까지?  뭐가 두려워서 ᆢ,0
3777,317,정치검찰 2인자. 그이상도 이하도 아닌사람.,0
3778,317,저넘은 내란수괴 왼판 저넘도 공범이다 탈탈털어서 감빵에서 생을 마감 시켜야한다 국민의명령이다 저넘 댓글조작부대 또 몰려와서 좌표찍고 손가라구운동할거다 모지리 꼭 감옥에서 생을 마감 하기루바란다,0
3779,317,"한동훈이 원래도 국민을 대신해 많이 말해왔지만
  이사건은 이게 시작이라고 보는듯함 이제부터 권력에 꿇을 언론 기업 국민 그게 더 문제라    요즘 더 방송에 나가고  더 강한어조로 말하는것같음",0
3780,317,사기꾼 술집잡부 김건희 애완견 한동훈 벗거야 !!! 내란수괴 윤빤스를 날짜로 게산해 풀어줄때는 입닫고 침묵하더니 왜 긁혔노 ㅋㅋ 니가 시끄러 임마.. 자기가 수사했나보지.,0
3813,2,내란과 혐오 문제를 한 번에 해결해야죠,1
3814,2,공직자 책임도 분명히 묻는 게 중요해요,1
3815,2,SNS 허위정보가 사회를 흔들지 않도록,1
3816,2,정치권이 동참하면 더 큰 변화를 이끌 수 있어,1
3817,4,조국 선거 출마를 응원합니다,1
3818,4,혁신당의 미래를 믿습니다,1
3819,4,지방선거에서 활약하기를 바람,1
3820,4,새 지도부가 밝은 비전을 제시하길,1
3821,2,대통령의 말씀에 매우 깊이 동감합니다,1
3822,2,혐오와 허위정보에 대한 강력한 조치를 기대합니다,1
3823,2,특검뿐이라도 내부 조치까지 필요하군요,1
3824,2,우리가 함께 힘을 모아 더 나은 사회를 만들고 싶습니다,1
3825,2,"시대착오적 차별이 여전히 존재하는 지금, 대통령이 그 문제를 직접 제기한 것이 진심으로 필요합니다. 우리 모두가 함께 방지하고 정화해야 할 때입니다.",1
3826,2,혐오와 허위정보가 사회 불안을 가중시키는 현상에 대해 대통령이 엄정히 대응하겠다고 선언한 점이 희망적입니다. 우리 시민들이 서로를 이해하고 존중하도록 힘써야 합니다.,1
3827,2,내란 사안에 대해 특검뿐 아니라 정부 차원의 독자 조사가 필요하다는 말씀은 책임을 명확히 하고 투명성을 높이려는 의지가 느껴집니다. 우리 사회가 건강하게 회복되길 기대합니다.,1
3828,2,차별과 혐오에 대한 처벌 장치 마련이 시급하다는 대통령의 주장은 우리 모두에게 큰 울림을 줍니다. 법적·제도적 정비를 통해 한층 더 공정한 사회가 되길 바랍니다.,1
3829,3,암표 문제에 정부가 적극 나선 점이 기분이 좋아요 과징금 30배까지라면 확실히 억제될 것 같아 여러분도 같이 응원합시다,1
3830,3,저는 암표가 흔한 사회 문제라서 이번 정부 정책에 희망을 느꼈어요 그리고 앞으로도 입장권 가격이 상승해도 차라리 정가를 지켜야 할 것 같아요,1
3831,3,암표 단속이 강화되면 경기를 보는 즐거움이 훨씬 깨끗해질 것 같아 또 경기장에서도 안심하고 응원할 수 있겠네요,1
3832,3,정부가 암표를 잡는 방식이 과징금에 집중하는 점이 인상적이네요 하지만 신고자 포상도 꼭 필요하다고 생각해요,1
3833,4,혁신당 전당대회 돌입 소식 듣고 앞으로의 비전을 기대합니다 조국 대표 단독 출마가 흥미롭습니다,1
3834,4,전당대회에서 새로운 지도부 선출이 진행되는 만큼 당원 모두가 열정이 느껴집니다,1
3835,4,조국 전 비상대책위원장이 단독 출마하면서 당의 미래 방향이 더욱 명확해질 것 같습니다,1
3836,4,온라인 투표로 지도부가 선출되는 이 과정이 투명하고 공정하길 바랍니다,1
3837,5,검찰과 정치가 서로를 비난하면서 국민은 그 사이에서 흔들리네요 평화로운 해결을 빌어요,1
3838,5,친윤 검사가 항목을 선택적으로 비난한다는 말에 진정성이 느껴지지 않아 안타깝다 모두가 정당한 절차를 지켜야 한다,1
3839,5,대검찰청이 항소 포기까지 신중히 결정한 것에 대해 국민의힘이 비판하는 모습이 무거워 보인다 상황이 더 복잡해지지 않길,1
3840,5,정성호 장관이 신중하게 판단하라는 말이 조폭에게 조심하라고 하는 것처럼 느껴진다 정치인들이 더 투명해야 할 때다,1
3841,6,정말 부끄러운 일인데 당내에서도 정직히 비판이 나와서 다행이다 우리의 신뢰를 위해,1
3842,6,명품 가방 선물이라니 당직원들의 부끄러운 사연이야 모두 투명하게 정리되어야 국민이 믿을 수 있겠지,1
3843,6,부정 행위에 대한 책임이 있다는 뜻이겠지만 우리 정치가 한 걸음 더 깨끗해지길 바래 모두,1
3844,6,당내 분위기가 개선돼서 앞으로 이런 일이 재발하지 않길 바란다 우리 모두 정당성을 지켜야 한다,1
3845,7,정말 안타까운 상황이다. 대검과 법무부가 책임을 명확히 하길 바란다. 정의가 실현되길 기원한다. 시민들의 목소리가 반영되길 바래.,1
3846,7,"항소 포기 결정은 국민의 신뢰를 무너뜨린다. 투명한 절차를 요구한다. 검찰과 법무부가 책임을 묻고, 정정의가 되기를 바란다.",1
3847,7,정성호 장관과 노만석 검찰총장 사퇴 요구는 지나치지 않으려면 구체적 근거가 필요하다. 법적인 절차를 지키며 국민이 신뢰할 수 있는 방향으로 나아가길 바란다.,1
3848,7,정치 부역이 아니라 정의와 투명성에 대한 책임이 요구된다. 우리 모두 함께 소명하자. 정당의 청렴성을 위해서는 모두가 단호히 일관해야 한다.,1
3849,8,과거에 가담한 공직자들의 책임을 분명히 밝혀야 합니다. 투명하고 공정한 조사가 우리 사회의 신뢰 회복에 필요합니다. 모든 국민이 안심할 수 있도록 최선을 다해 주세요.,1
3850,8,내란을 극복하기 위해서는 투명한 내부 조사가 필수입니다. 공직자들의 불법행위가 드러나면 우리 모두가 더 나은 미래를 만들 수 있을 거라 믿습니다.,1
3851,8,과거의 비상계엄 사태가 아직도 남아 있는 현실에서 우리는 책임 있는 조치를 통해 신뢰를 회복해야 합니다. 이 과정이 국민의 평안과 정의를 지키는 길이 되길 바랍니다.,1
3852,8,내란협조에 가담한 공직자들을 철저히 살펴야 합니다. 투명한 조사와 공정한 판단이 그들의 책임을 명확히 드러내 주기를 바랍니다.,1
3853,9,대통령실이 비리와 무관하다고 하면서도 검찰과의 관계가 너무 얽혀서 국민이 오히려 더 혼란스러워진다 그리고 불안감이 가득하다,1
3854,9,검찰개혁을 외치며 동시에 내부 문제를 숨기는 모습이 믿기지 않는다 아무도 설명 없이 이런 결정을 내리는 것이 왜 가능한지,1
3855,9,대장동 사건에서 검찰이 항소 포기를 결정한 것이 외압 때문인지 의문이 크지만 대통령실은 명확히 부인했다 그러나 민주주의 정책의 가치를 지키려면 투명성이 필수다,1
3856,9,검찰 내부의 조직적 항명이 정치적 영향력으로 이어질까 걱정이 되지만 사실은 체계적 개혁이 절실하다 투명한 법치주의 구축이 필수적,1
3857,10,"혐오 표현이 사회에 해를 끼치니, 처벌 장치 마련이 급합니다. 모두가 평등하게 살아갈 수 있길 기원합니다.",1
3858,10,"대통령님의 발언이 큰 울림이었습니다. 혐오와 허위정보를 근절해야 하는 시대, 모두가 책임을 느끼며 행동하길 바랍니다.",1
3859,10,"정당이 현수막으로 차별을 퍼뜨리는 건 용납할 수 없습니다. 법이 더 엄정해져야 하고, 사회가 모두가 존중받는 곳이 되도록 노력해야 합니다.",1
3860,10,허위정보와 혐오 표현이 확산될 때마다 우리 국민의 심리가 흔들립니다. 정당한 처벌이 곧 우리 안정을 가져올 것이라 믿습니다.,1
3861,11,오세훈 시장이 종묘와 녹지를 강조한 발언이 인상적이네요. 문화와 경제가 함께할 수 있다는 생각이 듭니다.,1
3862,11,"세운상가 재개발에 대해 고민하는 시민으로서 조금은 부정적이었는데, 이번 설명 덕분에 이해가 돼요. 종묘를 보호하면서도 발전이 가능해 보입니다.",1
3863,11,"m 거리에서도 고층이 눈에 띄지만, 녹지와 균형을 맞춘다면 시내가 더 살기 좋을 것 같아요. 오시장님께 감사드립니다.",1
3864,11,"세운4구역 재개발이 문화재에 미칠 영향이 궁금했는데, 오세훈 시장이 조망도를 보여줘서 안심이 됩니다. 앞으로도 지속적으로 소통해 주세요.",1
3865,12,정부가 적폐청산 대신 헌법질서 수호라 부르며 비상계엄을 재검토한다는 소식에 저는 조금 실망했습니다. 국민이 제대로 된 설명을 듣고 싶어요.,1
3866,12,"지방선거까지 인사 쇄신을 하겠다는 계획, 그 자체가 너무 무거워 보이네요.",1
3867,12,"항소 포기가 이렇게 큰 파문을 일으키다니, 이재명 대통령의 판단이 걱정됩니다.",1
3868,12,내란 프레임이 계속 드리워지는 상황에서 투명하고 공정한 조사와 정직이 필요합니다.,1
3869,13,"정성호 장관에 대한 비판이 많지만, 대화의 길을 열어야 할 때가 아닐까 생각해요.",1
3870,13,나경원 의원이 주장하는 외압 논의가 사실인지 검증이 필요하겠어요.,1
3871,13,정직한 소통 없이는 정당 간 신뢰가 회복될 수 없다고 봐요.,1
3872,13,공정한 조사와 투명한 판단이 정치적 갈등을 덜어줄 것 같아요.,1
3873,14,정치의 진실이 드러나길 바랬는데 이제야 눈이 뜨는 것 같아 국민이 믿을 수 있는 정의가 꼭 필요해,1
3874,14,대장동 사건이 이렇게 무릎 꿇게 된 건 정말 가슴 아프다 정정당당한 책임을 찾는 게 최우선이다 정치가 공정함을 잃었다는 증거가 명확히 드러나야 한다,1
3875,14,정성호 장관의 직무유기는 국민의 신뢰를 크게 흔들어 놓았다 이 사건은 우리 모두가 감시와 투명성을 다시 한 번 다짐해야 할 이유다,1
3876,14,노만석 검찰총장의 항소 포기와 정성호 장관의 자백이 결국 우리나라의 정의가 흔들리게 한 결정이다 이런 비밀스러운 정치가 정당한 책임을 찾지 못한다면 다시 한 번 공정한 법 체계를 위한 투쟁이 필요하다,1
3877,15,정치와 사법이 서로 연결되는 상황이 너무 안타깝다 모든 이가 공정하게 다뤄졌으면 좋겠어,1
3878,15,대장동 사건이 이렇게까지 꼬인 이유가 궁금해 앞으로 투명한 절차가 필요해,1
3879,15,김만배 같은 특혜가 계속되는 게 국민들의 불신을 키우는 것 같아 변화가 절실해,1
3880,15,검찰과 법무부가 서로 다투며 국민이 피해를 보는 건 정말 안타까운 상황이야,1
3881,16,장동혁 대표가 탄핵을 주장하면서 국민의힘이 정권 교체를 앞두고 있다는 점이 눈에 띈다. 상황이 심각해 보인다.,1
3882,16,대검찰청 앞에서의 발언은 단순한 비판을 넘어 실제 행동을 요구하는 듯하다. 국민의 목소리가 필요하다.,1
3883,16,이재명 대통령에 대한 탄핵 논의가 한 단계 상승했다는 점이 놀랍다. 법적 절차가 어떻게 진행될지 궁금하다.,1
3884,16,장 대표가 말한 국정조사·특검은 실제로 시행될 수 있을까? 정치와 법이 함께 움직여야 할 때다.,1
3885,17,정상과 공정이 우선 대장동 사건은 반드시 투명하게 해결해야 진심으로 국민이 안심할 수 있도록,1
3886,17,이 사건은 우리나라 정의를 지키는 기회이며 검찰과 정치가 함께 투명한 절차를 거쳐야 정확히 행동,1
3887,17,정성호 장관과 이재명 대통령 모두 책임을 져야 한다 대장동 비리가 국민에게 상처를 남기지 않도록,1
3888,17,우리는 투명한 조사와 법적 절차가 바로 이 사건의 해결을 이끌어낼 수 있다고 믿는다 정말 확신다,1
3889,18,정성호 게이트와 대검찰청 방문이 보여주는 건 정치권의 정당성에 대한 심각한 의문이다 대통령이 책임을 지는 시대가 됐고 국민이 더 이상 억울함을 견뎌야 할 이유가 없다,1
3890,18,대검찰청과 법무부 방문은 국민이 무심코 지켜볼 수 없던 권력의 투명성을 요구하는 현장이다 정의가 늦어지면 믿음은 사라진다,1
3891,18,국민의힘이 내부에서 분열을 겪는 상황은 대중의 신뢰를 떨어뜨린다 한 방향으로 나아가야 국민이 다시 힘을 모을 수 있다,1
3892,18,정치가 정직하지 않으면 사회가 무너진다 대통령이 물러나야 할지 정당이 직면해야 할 때가 되었다,1
3893,19,정책이 데이터 기반이라니 하지만 통계가 제대로 사용됐는지 의문입니다.,1
3894,19,소송을 제기한 천하람 대표가 말한 국토부 장관은 물러나야 한다는 말이 심각합니다.,1
3895,19,만약 법원이 위법 판결을 내리면 부동산 시장이 다시 혼란에 빠질까 두렵습니다.,1
3896,19,개혁신당과 국민의힘이 협력한다면 규제 번복이 더 큰 혼란을 줄 수 있다는 점이 염려됩니다.,1
3897,20,경찰의 수사역량이 늘어나서 시민들의 안전이 한층 더 보장되길 바랍니다.,1
3898,20,APEC 현장 경찰분들 정말 수고 많으셨습니다. 처우 개선이 시급합니다.,1
3899,20,검찰개혁과 경찰강화가 동시에 이루어져야 정의가 제대로 실현됩니다.,1
3900,20,정부가 실질적인 지원을 확대해 경찰 인력 부족 문제를 해결해 주셨으면 합니다.,1
3901,21,청와대로 복귀하신 걸 보니 오랜만에 정리 정돈의 기분이 들어요 업무 효율도 높아지겠죠,1
3902,21,관저 이전은 올해 안에 마무리되면 좋겠어요 보안도 강화되고 편안한 환경이라면 더 좋겠어요,1
3903,21,년 7개월 동안 용산에서 보낸 시간이 기억에 남네요 이제 청와대에서 새로운 시작 기대됩니다,1
3904,21,대통령님께서 다시 청와대에서 일하신다니 희망이 생기네요 모든 준비가 순조롭게 진행되길 바랍니다,1
3905,22,정치가 말하는 것보다 행동이 더 중요하다고 생각합니다 국민의 힘이 이 문제를 책임감 있게 다뤄야 합니다,1
3906,22,법치와 정의가 흔들릴 때마다 우리 모두가 경고의 목소리를 높여야 합니다,1
3907,22,진심으로 정정당당한 정당 운영을 바라며 정치인들에게 책임을 요구합니다,1
3908,22,여러분의 목소리가 모여서 변화를 만들 수 있습니다 함께 목소리 높여주세요,1
3909,23,정성호 장관이 대장동 사건 항소 포기 상황을 밝히며 여야 논란이 끊이지 않고 있다. 공정한 조사와 투명한 절차가 필요하다.,1
3910,23,"법사위가 정성호 장관과 함께 회의에 참석한다고 하니, 정치적 압박이 더 강해질까 걱정됩니다. 정의가 먼저 와야 합니다.",1
3911,23,"국민의힘은 항소 포기 결정이 외압 때문이라고 주장하지만, 법적 근거와 투명한 절차가 보장돼야 한다고 봅니다.",1
3912,23,"대장동 사건이 정치와 결부된 듯 보이지만, 결국은 법 앞에 서야 합니다. 공정한 판단과 재판이 필요해요.",1
3913,24,이 사건을 통해 국민이 신뢰를 회복해야 한다는 생각이 듭니다. 모든 이에게 정의가 따르길 바랍니다.,1
3914,24,시간에 걸친 조사라는 무게가 얼마나 큰지 새삼 느낍니다. 상황이 잘 정리돼서 평화가 찾아오길 기도합니다.,1
3915,24,"피의자라는 칭호가 주어졌는데, 사실은 국민이 느끼는 불안이 더 큽니다. 사건이 투명히 풀리길 기대합니다.",1
3916,24,윤 전 대통령이 재발 방지를 위해 다이렉트로 호통했다는 점이 안타깝습니다. 앞으로 같은 일이 없도록 철저히 다루어야 합니다.,1
3917,25,정당 현수막 문제에 대한 대통령님의 결단이 사회에 큰 변화를 가져올 것 같아 믿음이 생긴다,1
3918,25,혐오 표현이 지속되는 것은 누구에게도 상처를 주는 일이니 함께 해결책을 찾아가야 한다,1
3919,25,온라인에서의 모욕도 마찬가지라 규제와 책임이 똑같이 필요하다는 점에 동의합니다,1
3920,25,공직자도 혐오 발언에 제재가 필요하다는 제안에 공감하며 앞으로의 정책에 기대가 큽니다,1
3921,26,김건희 부인에게 가방 선물한 것이 뇌물이라고만 보는 시각이 너무 좁아 보인다 그저 사회적 예의의 일면이라면 그에 대한 논란이 과연 정당한가 생각된다,1
3922,26,성일종 의원이 한백만 원 정도라며 가방을 옹호한다는 말이 사소한 예의비를 무시하고 있는 것처럼 보인다 정치적 논란이 거세질 필요가 없다는 점은 이해되지만 논리적 근거가 부족해 보인다,1
3923,26,김기현 의원이 직접 인정한 선물 사실이 사실이라면 그 자체가 대가성이 아닌 사회적 예의라는 주장은 과연 정당할까 국민은 더 투명한 과정을 원하고 있다,1
3924,26,특검팀이 수사에 착수했다는 점은 부정행위에 대한 사회적 책임이 존재함을 시사한다 하지만 일상의 작은 선물까지 과도하게 확대해 해석하는 것은 오히려 신뢰를 해치는 일이다,1
3925,27,정확한 사실을 밝혀 주시는 거라면 국민이 마음 놓을 수 있을 것 같아 그런 투명한 설명이 바로 우리 사회가 필요로 하는 것 같아,1
3926,27,이런 일에 국회가 이렇게 분열돼서 국민이 속상한데 정당간 협력이 필요해 그런 상황에서 서로 소통하며 진실을 밝혀야 한다,1
3927,27,투명한 절차와 책임이 뚜렷하면 국민은 다시 믿음이 돌아올 수 있을 거야 하지만 그 과정이 공정하게 진행되길 바란다,1
3928,27,이 사건이 끝나기 전에 모든 증거가 정리돼야 하고 사실이 밝혀지길 바랍니다 국회와 검찰이 신속하게 대응해 국민의 안심을 줬으면 좋겠습니다,1
3929,28,사실을 말하면 처벌받는 법이 지금은 너무 억압적이야. 사실적시 명예훼손죄 폐지 논의가 꼭 필요하다고 생각해.,1
3930,28,민사로 해결하고 싶어하는 대통령의 의도는 이해돼요. 법 개정은 시간이 걸리지만 결국엔 필요한 변화가 될 것 같아요.,1
3931,28,명예훼손법 폐지는 언론 자유를 보호하면서도 사람들의 권리를 지키는 길이라 생각해요.,1
3932,28,"혐오 표현에 대한 처벌을 강화하는 동시에 사실적시 명예훼손을 폐지한다면, 표현의 자유와 공정이 동시에 보장될 수 있을 것 같아요.",1
3933,29,검찰에 대한 김원내대표의 직설적 발언은 때때로 과격하게 보이지만 우리 모두가 서로를 이해하고 공감하는 방향으로 나아가야 할 필요가 절실하다 그럼에도 불구하고 우리는 변화를 이끌어내는 데에 끊임없는 노력이 필요하다 우리 사회가 함께 걸어가야 할 길이며 그 길을 향해 모두가 손을 맞잡고 나아가야 한다,1
3934,29,김원내대표가 검찰을 비판하면서도 국민의 신뢰를 잃지 않으려면 책임과 투명성이 필수적이라고 생각한다 그렇게 하면 우리 사회가 한층 더 정의롭고 공정해질 수 있을 것이다 더불어민주당이 이 문제를 정면에서 해결하고 국민과 소통한다면 신뢰 회복이 가능할 것이라 믿는다 따라서 앞으로도 이러한 책임감과 배려가 실천되길 기대한다,1
3935,29,대장동 사건과 같은 정치적 갈등이 국민에게 큰 상처를 남기지 않도록 검찰과 정치인 모두가 상호 존중과 대화를 기반으로 문제를 해결해야 한다 특히 김원내대표가 강조한 내부 논의의 중요성은 외부의 비판보다 효과적일 수 있다 우리 사회가 이런 과정을 통해 진정한 정의와 공정성을 구현할 수 있기를 바란다 함께 협력하고 상호 이해를 바탕으로 투명한 사회를 만들자 그러면 우리 국민은 더 이상 외부의 갈등에 휘둘리지 않고 스스로 정의를 실현할 수 있을 것이다,1
3936,29,김원내대표가 제시한 전부 징계라는 입장은 한편으로는 정의를 위해 필요한 조치같아 보이나 동시에 정치적 갈등을 더 심화시킬 위험도 있다 공정하고 투명한 과정을 통해 문제를 해결하려는 노력이 필요하다 결국 우리 국민이 가장 원하는 것은 정치와 사법이 분리된 건강한 민주주의 체제이며 이를 위해서는 모든 이해당사자가 서로의 입장을 존중하며 협력해야 한다 이런 과정을 거치면서 우리는 서로를 이해하고 더 큰 사회적 합의를 도출할 수 있을 것이다 정치는 국민의 목소리를 대변하고 사법이 공정하게 운영되면 우리 모두가 행복해질 것이다 이러한 비전이 현실이 되도록 모든 사람의 참여와 노력이 요구된다,1
3937,30,장기 투자가 실제로 유익한데 세제혜택이 확대되면 더 좋겠어요 투자자들이 안심하고 투자할 수 있겠죠,1
3938,30,ISA 비과세 한도 늘어날 거라니 기대됩니다 꾸준히 저축하고 투자하면 좋은 결과가 있을 것 같아요,1
3939,30,정부가 NDC 목표를 확정한 것도 중요하지만 개인 투자자에게 세제 혜택이 확대되는 게 더 필요해요,1
3940,30,개미 투자자에게 특화된 세제혜택이라니 불안했던 저도 이제 조금씩 투자를 시작해볼 생각이 들어요,1
3941,31,공직자의 책임감이 회복되길 바라며 이번 조사가 공정히 진행되기를 기원한다,1
3942,31,내란과 같은 비극을 반복하지 않도록 모든 공무원이 헌법을 존중해야 한다는 점을 다시 한번 강조한다,1
3943,31,특검이 아닌 내부 조사도 중요하다는 대통령의 말이 깊이 공감된다,1
3944,31,이제부터는 실제 실천이 필요하다 무책임한 행위에 대한 엄정한 처벌이 절실하다,1
3945,32,"국회에서 벌어지는 이 갈등, 양측이 사실관계만이 아니라 가치관까지 대립하고 있는 것 같아. 양쪽 다 정당한 입장인데 서로를 이해하려는 노력이 필요해 보인다.",1
3946,32,민주당과 국민의힘이 항소 포기 논란으로 서로를 비난하지만 결국 공통점은 부정의가 끊임없이 존재한다는 사실이다. 제발 사실에 집중하고 비판을 넘어서는 대화가 필요해.,1
3947,32,장동혁 사건이 끝나고도 이슈가 계속돼서 우리 국민이 혼란스러워 하는 점이 아쉽다. 법과 정의가 정당하게 이뤄지길 바라는 마음이 단절되지 않았으면 좋겠다.,1
3948,32,법사위에서 재판과 검찰이 정치적 외압을 받았다는 소문이 퍼지면서 국민의 신뢰가 무너지는 걸 느낀다. 정당이 아닌 국가를 위한 투명한 절차가 필수적이다.,1
3949,33,법사위 안건 정리가 늦어져서 많은 분이 불안해요. 투명한 절차가 필요합니다. 지금 이 같은 상황이 계속되면 국민의 신뢰가 흐려질 것 같아요.,1
3950,33,대장동 사건을 둘러싼 논란이 깊어지면서 많은 이가 당혹스러워하고 있습니다. 정직한 조사와 결과가 빨리 나오길 바라는 마음이 큽니다. 이제는 투명한 절차와 공정한 판단이 절실합니다.,1
3951,33,검찰이 항소 포기를 결정한 것에 대해 많은 의문이 제기됩니다. 정당한 사유가 필요합니다. 이 사건이 정당한 법의 원칙에 따라 처리되길 기원합니다. 신속하고 투명한 절차가 시행돼야 할 때입니다. 공정한 판단을 통해 국민이 안심할 수 있길 바랍니다.,1
3952,33,대장동 사건이 국민의 신뢰를 훼손하는 상황이 계속되는 것이 안타깝습니다. 정당한 절차와 투명한 결과가 빨리 나오길 기대합니다. 그럼으로써 모두가 평화롭게 나아갈 수 있길 바랍니다. 우리의 소중한 가치가 지켜지길 언제나 함께 힘을 모읍시다. 감사합니다. 모두 힘내요. 행복하세요. 고맙습니다. 진심으로.,1
3953,34,정의와 투명성을 바라는 마음이 크다. 올바른 절차가 필요하다.,1
3954,34,저도 이 사건에 대해 많은 걱정을 하고 있어. 정치의 책임감이 보여야 할 때야.,1
3955,34,우리 국민이 무방비한 상태는 용납할 수 없다. 진실이 밝혀지길 바란다.,1
3956,34,법과 정치가 서로 독립적으로 움직여야 해. 이번 사건이 변곡점이 되었으면 좋겠다.,1
3957,35,정치적 외압이 드러난 상황에서 국민의힘이 목소리를 내는 것이 옳은 것 같아 정당한 절차와 투명성이 절실히 필요해,1
3958,35,이제는 증인 출석 요구와 정회 같은 행위가 아닌 진실을 밝히는 데 집중해야 해 국민이 그 결정을 기대하고 있다,1
3959,35,추미애 위원장이 정회를 선언하면서도 증인 요청을 거절한 건이 아쉽다 이런 상황에서의 신뢰 회복이 절실하다,1
3960,35,검찰의 선택적 항고가 문제라면 정당한 절차와 투명한 판단이 필요해 우리 사회가 그 결과를 기대하고 공정한 재판을 바라본다,1
3961,36,검찰과 정권의 부정이 겹치면 국민이 무력해져요. 정직한 절차와 투명한 조사만이 진정한 해결책이죠. 그럼에도 변화는 필요합니다.,1
3962,36,노 총장님이 지친 모습을 보면 우리 모두가 힘들어집니다. 평화로운 해결이 바람직합니다. 사회가 재건되길 소망합니다.,1
3963,36,대검찰청 앞에서의 충돌이 무슨 의미인가요? 국민은 정당한 사법이 필요해요. 그러한 상황이 오히려 법의 신뢰를 흔들 수 있습니다.,1
3964,36,특검 설치 요구가 과연 실현 가능할까요? 투명한 절차가 가장 중요합니다. 하지만 지금의 정치 상황은 그 어떤 해결도 쉽지 않을 것 같습니다.,1
3965,37,종묘 앞 건물 높이는 역사와 시민의 소리를 잊지 말아야 해요 서울은 우리 모두의 거주지예요,1
3966,37,도시 발전도 중요하지만 유네스코가 정한 한계도 존중해야 한다고 생각해요 지금도 시민의 목소리가 반영되길 바랍니다,1
3967,37,개발과 보존은 양쪽 다 필요해요 서울이 문화와 현대를 동시에 보여주길 바래요,1
3968,37,정치적 목적이 아니라 사람들의 삶을 위해 고민해 주셨으면 좋겠어요,1
3969,38,정치권이 사법에 개입해 국민의 신뢰가 흔들릴 때마다 마음이 무겁다. 우리는 공정한 정의를 바라야 한다.,1
3970,38,"이런 결정은 결국 피해자들이 다시 한 번 고통받게 만들고, 우리 사회의 공정성을 훼손한다.",1
3971,38,"공적 권력이 사적으로 변질될 때마다 국민은 더욱 불안해지며, 법 앞에 서는 누구든 안전해야 한다는 목소리가 크게 들린다.",1
3972,38,"대통령의 탄핵 사유가 될 수 있다는 말은 분명 부담스러우나, 투명한 절차와 책임이 필요하다.",1
3973,39,검찰과 법무부가 서로를 비난하며 갈등이 커지는 이때 실제 피해자는 우리 사회라 생각해요 서로의 입장을 잘 듣고 합리적인 해결책을 찾는 게 필요해요,1
3974,39,정성호 장관이 직접 지시를 안 했다고 했지만 투명한 절차가 필요합니다 사실과 진실이 분명해져야 검찰 내부의 신뢰도 회복될 수 있겠죠,1
3975,39,노 직무대행이 말한 항소 포기 가 실제로 외부 압력 때문인지 내부 논의의 결과인지 명확히 밝히는 것이 중요합니다 국민의 신뢰가 다시 돌아오길 바랍니다,1
3976,39,이진수 차관이 대검이 알아서 라고 했지만 그런 결정은 공개적으로 합리화되어야 합니다 검찰과 법무부가 서로 존중하면서 일하는 모습이 보여야 해요,1
3977,40,정성호 장관 사퇴를 요구하면서 국민의 정의와 정직을 지켜야 해요,1
3978,40,정성호 장관이 항소 포기 외압을 행사했다면 우리 사회가 흔들리네요 정의가 무너지는 것은 결코 용납될 수 없어요,1
3979,40,정성호 장관과 이재명 대통령이 함께한 외압이 드러난다면 우리 정의가 흔들린다 정당과 독립 사법이 지켜져야 하고 우리는 그 증거를 목격해야 해요 그럼에도 불구하고 책임이 돌아가야 해요 이야기,1
3980,40,정성호 장관과 이재명 대통령의 연계가 밝혀진다면 국민의 신뢰가 완전히 흔들려요 그때부터 법과 정치가 분리되어야 하고 정의가 다시 살아나야 해요 우리는 모두가 책임을 분명히 물어야 해요,1
3981,41,정 대표가 내란을 끝내겠다는 결단이 마음에 와 닿았어요 함께 힘을 내요 지금,1
3982,41,검찰 개혁은 우리 사회가 다시 시작해야 할 중요한 일입니다 지지합니다,1
3983,41,항명 검사의 집단 반응이 너무 심각해 보이는데 정의가 필요해요 함께 지켜봐요,1
3984,41,노무현 문재인 시절처럼 여당이 검찰을 가볍게 여겼던 때가 있었죠 이번엔 반드시 끝내야 합니다,1
3985,42,조국이 말하는 무식한 티가 사실이야 판결문은 꼭 읽어야지 우리에게 무슨 말이 맞아 정말 알아야 지금,1
3986,42,대장동 사건은 재판이 끝났으니 더 이상 무턱대고 주장할 필요 없지 정직이 우선이다 늘 믿음이 중요합니다,1
3987,42,정치인이 책임을 묻는 그 순간 우리는 그들이 말한 내용을 확인해보고 싶어 판결문이 답이다 정말 확실히 공감한다는 것,1
3988,42,부패재산 몰수법도 피해회복이 어렵다면 몰수와 추징이 가능하다는 점을 이해해야 해 사실을 따르자,1
3989,43,동구의 미래가 지금 이 순간 결정됩니다 후보들 모두 열정이 넘치는 모습에 감동입니다 투표에서 한 사람 한 사람의 선택이 큰 차이를 만들 것 같아요,1
3990,43,윤석준 현 청장에 도전하는 분들이 많아 경쟁이 뜨거워질 것 같습니다 각 후보가 제시하는 비전이 궁금합니다 모두가 좋은 결과를 얻길 바랍니다,1
3991,43,정의당 후보도 참여해서 다양한 의견이 교류되길 기대합니다 지방선거는 지역 주민의 삶에 직접 연결되는 만큼 신중한 선택이 필요하죠 힘내요,1
3992,43,여야를 막론하고 열여 명이 도전한다니 대구 동구가 뜨거운 정치 현장이네요 모든 후보가 시민을 위한 실질적 변화를 약속해 주었으면 좋겠습니다,1
3993,44,정치와 검찰의 갈등이 이대로 이어지면 국민의 신뢰가 무너져 사라질까 많은 사람들은 정당성을 잃어버리게 된다,1
3994,44,이 사건이 정치적 의도라면 검찰 개혁의 진정한 목적이 흐려질 위험이 있다 결국 공정성은 지켜져야 한다,1
3995,44,정부가 검찰을 정치적으로 이용한다는 비난이 확산되면 정당 내부도 혼란에 빠질 수 있다,1
3996,44,항소 포기 결정을 둘러싼 의혹이 남아있으면 시민들은 정부와 법조계에 대한 의구심을 더 크게 품게 된다,1
3997,45,장기투자 세제혜택이 늘어나면 우리 개인 투자자들도 안심할 수 있을 것 같아요 정부가 세부 조정도 신속히 진행하면 좋겠어요,1
3998,45,배당소득 세율 인하가 대주주만이 아니라 일반 투자자에게도 혜택을 주는 방향이라면 정말 좋은 일입니다 기대됩니다,1
3999,45,자사주 소각 의무화 논의가 진행되면 기업 가치가 더욱 안정될 수 있을 것 같아 투자에 긍정적입니다,1
4000,45,공정거래위원회가 가격 담합을 철저히 조사한다면 서민들의 생활비 부담이 줄어들 것이라 믿어요,1
4001,46,"정당이 단호한 입장을 내세웠지만, 국민의 목소리가 가장 먼저여야 해요.",1
4002,46,대통령 호칭을 빼고 공격한다는 건 상황이 심각하다는 신호죠. 정의가 이루어지길 바래요.,1
4003,46,노만석 검찰총장이 부재한 상황에서도 법치주의가 지켜지길 바랍니다. 정의가 실현되길 기대해요. 또한 우리는 함께 노력해야 해요.,1
4004,46,"정치적 갈등이 격화되는 지금, 우리는 평화와 공정한 판단을 바탕으로 문제를 해결해야 해요.",1
4005,47,정말 안타까워요 평양 사람들도 큰 충격이겠죠 화재가 더 큰 상처를 남기지 않길 바랍니다,1
4006,47,이런 사고가 계속된다면 사람들의 안전이 가장 먼저 되어야 해요 평양 시민들에게 힘이 되어 주고 싶어요,1
4007,47,공정한 보도가 없으면 피해가 얼마나 큰지 알 수 없겠죠 사라진 건물 뒤에 숨겨진 이야기도 궁금합니다,1
4008,47,위성 사진으로 확인된 것이지만 현장의 실상은 더 복잡할 수 있을 것 같아 사망자나 부상자가 있었는지 알고 싶어요,1
4009,48,울산 정치가 이렇게 흔들리면 시민들의 불안감이 커질 것 같아요 부패 의혹이 빨리 해결되길 바랍니다,1
4010,48,김기현 의원의 고가 가방 사건이 큰 파문을 일으켰지만 여권이 세진다는데 실제로는 정치가 정비될 필요가 있어요,1
4011,48,박성민 의원이 탄핵 이후 영향력이 사라지니 울산의 보수 파워가 약화된 건 사실이지만 여권이 부상하고 있죠,1
4012,48,울산 화력발전소 붕괴 사고가 정치권에 큰 충격을 주고 부패 의혹이 더 부각되면서 시민들은 공포와 불신을 동시에 느끼고 있어요,1
4013,49,정치권이 일관성을 잃어가면서 우리 시민은 혼란스럽고 불안해지고 있다 그래서 앞으로 무엇을 믿고 신뢰해야 할지 걱정이 크다,1
4014,49,법과 정치가 뒤섞이면 국민은 불신이 쌓이기만 한다 결국 신뢰를 회복하기 위해서는 투명함이 필요하다,1
4015,49,여야가 서로 다른 입장을 취하면서 우리에게는 변호사의 조언이 필요하고 그 결정을 내리는데 신중함이 요구된다,1
4016,49,정치가 사법을 지배하면 결국 정의가 흔들리게 되고 국민의 평화가 위협받는다,1
4017,50,정년 연장 정책이 단일해지지 않고 모두의 의견이 반영되길 바래요 더 많은 사람들의 목소리가 반영되면 좋겠어요,1
4018,50,노인 일자리가 단순히 생계 수단이 아니라 보람을 느낄 수 있는 기회가 되었으면 좋겠어요 그리고 더 많은 지원이 필요해요,1
4019,50,재고용 의무화는 육십대 이상 근로자에게 맞는 직급과 임금이 조정돼서 서로 융통성 있게 일할 수 있는 길을 열어줄 것 같아요,1
4020,50,노동시장의 참여를 촉진하면 청년 세대가 기회를 더 많이 얻고 노인도 의미 있는 일을 할 수 있을 거예요,1
4021,51,이 사건이 진짜 정의를 회복할 수 있을지 의문이 들어요. 피해자들 입장에서 힘든 상황이겠죠,1
4022,51,항소 포기라니 아직도 이론적 논쟁이 끊이지 않네요. 법정 밖에서도 사람들의 목소리가 울려퍼집니다,1
4023,51,검찰이 78억을 몰수하려는 이유가 무엇인지 투명하게 설명돼야 합니다. 국민은 알 권리가 있어요,1
4024,51,이 사건을 통해 부정부패를 잡아내는 것이 얼마나 어려운지 다시 한 번 깨닫게 됩니다. 힘내요,1
4025,52,미중 갈등이 해결되면 우리 경제도 한결 편해질 것 같아요. 중국과 한국이 협력하면 큰 이익이 될 것이라 믿어요.,1
4026,52,다이 대사가 말한 '자주 발전'이 우리에게도 좋은 방향이 될 수 있을 것 같네요. 서로 존중하며 성장해 나가면 좋겠습니다.,1
4027,52,미·중 관계가 안정된다면 한국의 안보와 경제에 긍정적인 파동이 올 거라고 생각해요. 평화로운 관계를 기대합니다.,1
4028,52,이번 회담이 두 나라 모두에게 좋은 결과를 가져오길 바라요. 앞으로 한중 관계가 더욱 깊어지는 모습 기대합니다.,1
4029,53,종묘 앞 재개발 논의가 도시 발전과 문화 보존을 동시에 할 수 있겠다는 점이 느껴지네요. 오시장의 입장에 동의합니다.,1
4030,53,과 15 대책이 부동산 가격에 미친 영향이 명확히 드러나지 않는 것이 안타깝습니다. 더 깊은 분석이 필요해요.,1
4031,53,세운상가가 사라지는 것이 세금이 아니라 이익으로 보이니 국민들이 불안해하는 건 이해됩니다.,1
4032,53,정부와 시가 함께 문화재와 개발을 조화롭게 계획한다면 서울이 더욱 살아있을 것 같아요.,1
4033,54,정청래 대표의 진지한 공약이 마음에 듭니다 민주당이 함께 움직이면 지방선거도 꼭 승리할 수 있을 것 같아 믿음이 생깁니다,1
4034,54,공정한 경선 제도와 투명한 공천이 핵심이라 생각해요 정청래 대표의 비전이 우리 당의 새로운 길을 열어줄 거라 믿습니다,1
4035,54,내란 잔재 청산에 대한 책임을 강조하는 정청래 대표의 말이 현실적이라고 느낍니다 그럼으로써 당의 단결이 더 견고해질 수 있을 것 같아요,1
4036,54,대통령실과의 긴밀한 협력은 지방선거 승리의 비결이 될 것 같아요 정 대표의 리더십과 당원 모두가 하나 될 때 큰 변화를 만들어 낼 수 있을 것이라 기대합니다,1
4037,55,서울의 아름다움은 과거와 미래가 함께 어우러지는 것이라 생각합니다 종묘 앞에서도 건물과 문화가 조화롭게 살아야 한다고 봅니다,1
4038,55,세운상가가 방치돼서 아쉬웠는데 재개발이 진행된다면 더 많은 사람들이 찾을 수 있겠네요 종묘와도 잘 어울리길 바랍니다,1
4039,55,정부와 시가 의견 차이가 크지만 국민의 목소리를 듣고 투명한 토론이 필요합니다 종묘를 지키면서도 발전할 수 있길,1
4040,55,세운4구역의 건물 높이 조정은 문화재 보호와 도시 성장 사이 균형을 맞춰야 할 과제입니다 평소에 고민이 많았어요,1
4041,56,정권 바뀔 때마다 공직자 불이익 당하길 바라지 않아 모두가 공평하게 다뤄져야 해,1
4042,56,정부가 내란 프레임에만 의존하지 말고 실제 공무원들의 정당한 권리를 지켜줘야 한다,1
4043,56,정치보복이 아니라 책임 있는 조사와 재정비가 필요해 모든 국민이 안심할 수 있어야 한다,1
4044,56,내란 청산이 정치적 무기로 쓰이면 국민의 신뢰는 다시 잃어버리게 될 거야 다시는 믿을 수 없겠지,1
4045,57,평양 시민들 화재로 고통받는 모습이 안타까워 한 줄기 희망을 전합니다 모든 이의 평안과 안전을 기원합니다,1
4046,57,지금 이 화재가 어떤 용도였는지 조속히 밝혀져 앞으로 같은 재해가 없길 바래요 지금은 화재가 발생한 주민들에게 위로와 힘을 전합니다,1
4047,57,화재로 인한 피해가 얼마나 큰지 알 수 없지만 우리 모두 함께 힘이 되어 주셨으면 합니다 화재가 발생한 지역 주민들에게 평안과 회복을 기원합니다,1
4048,57,불에 타버린 건물을 재건하기 위해 국제사회가 더 많은 지원과 관심을 보이길 바랍니다 지금은 화재로 고통받는 사람들에게 위로의 말을 전합니다,1
4049,58,인종 차별과 혐오가 만연한 현실에서 대통령의 단호한 입장은 국민의 목소리를 실천으로 옮기는 모습이 인상적이다 지속,1
4050,58,정당 현수막 규제는 언론의 자유와 국민의 안전 사이에서 균형을 잡아야 할 과제다 우리 사회가 더욱 신중히,1
4051,58,허위 정보와 혐오 발언은 민주주의를 깨뜨리는 파괴적 요소라면 정확한 사실 전달이 필수적임을 강조한다 우리 모두가 함께 책임을 지고 검증해 가야 한다,1
4052,58,대통령이 정당 현수막에 대한 규제와 혐오 발언에 대한 처벌을 논하는 것은 우리 사회가 보다 건강한 방향으로 나아가야 함을 보여준다,1
4053,59,혜오 범죄 차단과 허위정보 억제는 시민의 평온을 지키는 길이며 사회적 신뢰를 높이는 길이다,1
4054,59,현수막으로 인한 혐오 발언이 늘어나면 우리 사회가 분열될 위험이 커진다 규제 강화가 필요하다,1
4055,59,장기 투자자 세제혜택 확대는 경제 활성화와 함께 소액 투자자에게도 기회를 줄 수 있다,1
4056,59,탄소중립 목표는 어렵지만 지구와 국민을 위한 필수 과제 노력은 계속돼야 한다,1
4057,60,내란 조사 TF를 조직한다는 결정이 마음에 듭니다. 공직자 책임을 분명히 함으로써 국민 신뢰가 회복될 것 같아요.,1
4058,60,특검만 의존하면 부족하겠다는 말이 참 현명해요. 내부 TF가 빠른 대책을 마련할 수 있겠죠.,1
4059,60,내란과 관련된 문제는 정치적 맥락을 넘어 실제 인사 관리로 이어져야 합니다. 조속한 결심과 실행이 필요해요.,1
4060,60,국민주권과 민주주의를 지키려면 불법 행위자에 대한 책임 추궁이 필수입니다. 공직자들을 단결시켜 회복시켜야겠어요.,1
4061,61,한국과 중국의 긴밀한 협력이 지속되길 바라며 서로 이해를 깊이 나누는 대화가 중요하다고 생각해요,1
4062,61,경주선언에서 보였듯이 한국과 중국이 함께 성장의 길을 열어가길 응원합니다 앞으로 더 많은 협력과 이해가 이어지길 바랍니다,1
4063,61,반중 시위와 극우 세력의 부정적 영향이 우려되지만 대화를 통한 평화로운 해결책을 기대해요 서로를 존중하는 마음이 필요합니다,1
4064,61,중국과 한국이 경제 문화 과학 등 모든 분야에서 서로를 지지하고 협력하며 더 큰 미래를 만들어 나가길 바랍니다 평화와 번영이 함께 하길 기원합니다,1
4065,62,정말 백만 원이 뇌물이라고 주장하는 것이 웃기네요 현실은 다릅니다 이와 같은 행동은 국민의 신뢰를 떨어뜨린다,1
4066,62,아름다운 가방이 정치적 논란이 되는 건 너무 안타까워 보입니다 평등한 사회를 위해 모두가 실수에 책임을 져야 해요,1
4067,62,정치인이라면 선물보다 투명한 소통이 먼저여야 한다 100만원이란 금액은 사소해 보이지만 윤리적 기준이 더 필요해요,1
4068,62,이 사건은 우리에게 부패에 대한 경계가 필요함을 다시 일깨워 주었어야 하지만 실수에 지나지 않다고 보기 어렵습니다,1
4069,63,정치적 외압이란 주장에 비판이 많지만 사건의 진실이 밝혀지면 다툼이 줄어들길 바람,1
4070,63,법제사법위원회에서 여야가 공방을 벌이는 가운데 일반 시민은 얼마나 좌절했는지 모를 것 같아요다,1
4071,63,검찰의 선택적 항명은 국민의 신뢰를 흔드는 일이며 객관적 판단이 필요해요 정확한 검증과 투명한 절차가 바람직합니다,1
4072,63,이 사안이 정치적 이익보다 정의와 진실을 위해 해결되길 바래요 그렇게 될 때만 국민이 안심할 수 있을 거예요,1
4073,64,조국대표가말한대장동사건이국가가몰수할수없다는점이명확해져서조금은안심이되며정말그랬으면좋겠다,1
4074,64,많은사람들이불안해할때이렇게명확히해주고조국이법적근거를세세히설명해준것이큰위로가된다,1
4075,64,정치와법이섞여혼란스러워보이지만조국의입장이정직해보여서안심이되며이사건이국가의몰수권을이용할수없다는점이분명해지면더이해된다,1
4076,64,보수언론이조국을비판하는것보다사실을바로보는것이필요하며중요한건정치인의정책과법적근거를구분해서평가하는것이다,1
4077,65,검찰이 무너지면서 국민이 가장 큰 피해를 입는 것이 안타깝다 정당의 책임이 필요해,1
4078,65,홍전 시장의 비판이 정당한데 한전 대표의 비난은 과한 것 같다 건설적인 대화가 필요하다,1
4079,65,검찰이 정치화된 지금 제대로 된 독립이 필요하다 정체성 회복이 최우선이다,1
4080,65,전 대표가 탈당 선언 이후 계속 공격을 주는 것은 상황을 악화시키는 듯하다 화합이 필요하다,1
4081,66,조국 님이 새 출발을 선언하신 걸 보니 조금 안심이 되네요. 과거를 뒤로하고 새롭게 나아가자는 의지가 강렬해 보여요. 정치는 지친 우리에게 새로운 희망이 될 수 있겠어요. 다시 한 번 국민의 목소리를 귀 기울이며 책임을 다해 주시길 바랍니다.,1
4082,66,조국 님의 당대표 출마 선언이 큰 변화를 예고하는 듯합니다. 과감한 혁신이라면 국민이 오랫동안 찾던 신뢰 회복이 될 수 있겠죠. 정당이 단단히 설아야 할 시점이라 생각합니다. 더욱이 내란과 극우 세력에 맞서 국민이 한 마음으로 앞으로 나아갈 수 있도록 이끌어 주시길 바랍니다. 그동안의 비상 대책을 토대로 새 정책을 펼치며 진정한 변화를 보여주셨으면 합니다.,1
4083,66,"정치 세계가 흔들리는 시기에 조국 님이 새로운 방향을 제시한다는 점이 희망적입니다. 과거의 한계에서 벗어나 국민의 신뢰를 회복할 수 있길 바랍니다. 새 정당이 강철처럼 견고해지길 기원합니다. 다음 지방선거에서도 내란 세력을 없애는 데 기여하길 기대하며, 국민이 모두 한 마음으로 앞을 바라볼 수 있는 정치를 약속해 주시길 바랍니다.",1
4084,66,"조국 님이 당 대표 출마를 선언하면서 새로운 변화를 약속하신 점이 인상적입니다. 국민이 지친 현시점에서 과감한 혁신이 절실하죠. 정당이 내란 세력에 맞서 단단히 굳건히 서길 바랍니다. 앞으로의 모습이 기대됩니다. 정치가 지친 우리에게 진정한 변화를 가져다 줄 수 있길 바라며, 국민이 한 목소리로 앞으로 나아갈 수 있도록 이끌어 주시길 기원합니다.",1
4085,67,이럴 때는 사실을 먼저 확인해야 할 것 같아요 사실이 가장 먼저여야죠 여러분의 생각을 듣고 싶습니다,1
4086,67,백 하나가 뇌물이라고 단정짓기엔 너무 급한 듯합니다 상황이 더 복잡해 보이기에 사실을 명확히 확인해 보는 것이 중요합니다,1
4087,67,정치인들의 작은 선물에도 신중함이 필요합니다 예의 차원이라 해도 투명하게 보여야 하지 않나요 정책 결정에 영향을 줄 수 있으니 공개적으로 명확히 밝혀야 합니다,1
4088,67,이 사건이 정치적 논란이 되지 않길 바라며 사실에 기반한 정확한 판단을 기대합니다 모든 이해관계자들이 투명성을 지키며 책임 있는 행동을 선택했으면 좋겠습니다,1
4089,68,중국이 도전 속에서 더 강해진다는 점이 인상적이었고 앞으로도 함께 성장해나가길 바래요 그리고 우리 모두 평화로운 길을 찾을 수 있길 기도합니다 그리고 국제사회가 함께 협력해 더욱 밝은 미래를 열어가야겠죠,1
4090,68,미중 무역전쟁이 중국에 충격을 주지 않았다는 점이 믿기지 않지만 현장에서는 역설적이네요 그리고 이런 상황에서도 중국이 기술 발전을 이어갈 수 있는 비결이 궁금합니다 정책과 교육이 중요한 역할을 하는 것 같아 우리도 참고할 만합니다,1
4091,68,한중 전략적 협력 강화는 분명 중요하지만 서로의 주권을 존중하는 균형이 필요하다고 생각해요 특히 한국도 중한 관계를 통해 경제적 문화적 혜택을 누리면서도 내부의 극단적 움직임을 경계해야 한다고 봅니다 이러한 균형이 잡혀야 양국이 서로에게 진정한 이익을 줄 수 있을 것 같아요,1
4092,68,미국의 관세 무역 기술전쟁이 중국에 큰 충격을 주지 못했다는 발언은 의외이지만 현상은 사실일 수 있겠네요 하지만 우리는 여전히 국제 무역 규범과 협력의 중요성을 잊지 않아야 합니다 특히 한반도의 평화와 안보가 더 안정되길 바라면서도 각국이 서로를 존중해야 한다는 점을 기억합시다,1
4093,69,정책 발표가 통계에 근거하지 않은 것 같아 주민들의 신뢰가 흔들리네요. 규제지역이 정확히 반영되지 않아 불안해요.,1
4094,69,월 통계가 제외되면 정책이 미리 정해진 것처럼 느껴져요. 실제 상황과 차이가 클까 걱정됩니다지요다시요,1
4095,69,규제지역이 너무 광범위해 실제 수요자들이 불이익을 받는 상황이 안타깝습니다. 규제 해제 논의가 빨리 이어지길 바랍니다.,1
4096,69,"부동산 시장이 얼어붙는 게 정말 안타깝습니다. 매물 찾는 이들이 점점 힘들어지는데, 정부가 더 신속한 해결책을 내놓길 기원합니다.",1
4097,70,정치인이라도 법적 책임은 반드시 물어야 한다는 생각이 든다 투명함이 가장 중요하다,1
4098,70,조국이 언론과 대중을 속인 것 같은 느낌이 든다 사실을 숨기면 결국 무지한게 드러날까,1
4099,70,한동훈 대표가 말한 검찰의 자살이 너무 과장된 표현 같아 감정적으로 받아들이기보다 사실을 확인해야 해,1
4100,70,대장동 사건이 국민의 신뢰를 떨어뜨린다 모든 정치인은 국민의 신뢰를 회복할 책임이 있다,1
4101,71,용산에서 청와대로 다시 옮긴다는 소식에 마음이 한결 편안해졌어요 청와대가 빠른 시일 내에 완벽하게 정비되길 응원합니다,1
4102,71,대통령집무실이 청와대로 돌아온다니 기분이 두근거려요 용산에서 보안상 이유로 머물렀던 건 기억이 남아있습니다,1
4103,71,청와대 복귀 계획이 실현된다면 국민들의 신뢰도 한층 더 높아질 것 같아요 부드러운 이전이 되길 바랍니다,1
4104,71,대통령관저가 내년 상반기에 옮겨질 예정이라 들었는데 준비가 잘 되길 바랍니다 그동안 기다리기 싫어도 인내심을 가지고 기다려야겠죠,1
4105,72,정치가 국민 감정을 이용해 문제를 만들고 있는 상황이 정말 안타깝다 서울시와 정부가 함께 해결책을 찾아야 한다는 생각이 든다,1
4106,72,종묘를 두고 선동이 아니라 정당한 논의가 필요하다 정부와 시정위원회가 진지하게 접근해야 한다,1
4107,72,유네스코 세계유산 지정 해제 우려가 있음을 무시하는 것은 책임감 부족해 보인다 세심한 검토가 필요하다,1
4108,72,오세훈 대표의 비판이 사실이라면 시정과 정부의 입장을 정리하고 국민의 이해를 구해야 할 시점이다,1
4109,73,조 장관이 해외 출장을 가는 동안에도 국민을 위해 힘쓰고 있음을 느낀다 정말 우리에게 큰 책임감을 느끼고 있는 것 같아 따뜻한 배려와 전문성으로 조심스럽게 상황을 헤쳐나가고 있다는 생각이 든다,1
4110,73,한미 팩트시트 발표가 늦어지면 안타까울 수 있지만 상황을 이해하려고 노력한다 국가 간 협력은 끈질긴 인내와 협의가 필요하다는 점을 기억한다,1
4111,73,조 장관이 캄보디아와 캐나다를 오가며 중요한 회의에 참석하는 모습이 인상적이다 그분의 외교 역량과 책임감이 우리에게 큰 희망을 주는 것 같다,1
4112,73,"한미 정상회담 팩트시트가 언제 공개될지는 모르지만, 우리는 계속 지켜봐야겠다 국가를 위해 최선을 다해 주시는 모든 관계자분들께 감사의 마음을 전한다",1
4113,74,경찰의 수사 역량이 강화된다면 시민들이 더 안전하게 살아갈 수 있을 것 같습니다 총리님의 지시가 꼭 실천되길 바랍니다,1
4114,74,총리가 경찰의 수사 역량 강화에 전면적 지시를 내린 것은 현명한 판단이자 국민 안심의 메시지입니다 이 정책이 빨리 시행되길 기원합니다,1
4115,74,경찰관들의 열악한 근무 환경이 드러난 만큼 총리님의 위로가 큰 위안이 되었습니다 더 나은 근무 조건이 마련되길 기원합니다,1
4116,74,검찰개혁과 병행해 경찰의 수사 역량을 향상시키는 것은 안전한 사회를 만들기 위한 핵심 과제입니다 총리님의 비전이 실현되길 진심으로 바랍니다,1
4117,75,나경원 의원이 정성호 장관에 대해 비판을 하는 상황에서 공정한 시각이 필요해 언제나 책임과 투명성을 요구한다,1
4118,75,라디오에서 나경원 의원이 질문을 정성호 장관 대변인이라고 지적한 점이 좀 과연 정당한지 그냥 궁금하다,1
4119,75,검찰과 사법부에 대한 책임을 묻는 질문이지만 진행자의 질문이 편향적이었는지 반성해 보아야 할 것 같다,1
4120,75,정성호 장관과 나경원 의원의 대립이 과연 국민의 이해를 돕는 것인지 그럼으로써 우리 사회가 나아갈 길은 또 무엇인지 생각해 볼 때이다,1
4121,76,국민의힘이 이번에 검찰을 압박하며 탄핵을 도입한 건 진심이 있는 것인가 그들의 의도가 실제 정치적 압력인지 궁금하다,1
4122,76,대검과 법무부를 찾아가며 외압을 주장하는 장동혁 대표의 발언이 국민의 신뢰를 더 무너뜨리는 것처럼 느껴진다,1
4123,76,노만석 총장과 정성호 장관이 자진 사퇴를 거부한다는 사실이 사건을 복잡하게 만들고 있다,1
4124,76,내일 전당원 규탄대회가 열리는데 이때 국정조사와 특검 수사를 통해 진실을 밝혀내길 바란다,1
4125,77,양국이 서로를 이해하려는 노력이 느껴져서 기쁘다. 한·중 관계가 더욱 깊어지길 바란다.,1
4126,77,사실과 거짓이 혼재한 시기에 정보의 책임이 더 중요하다. 정당한 대화를 통해 오해를 풀었으면 좋겠다.,1
4127,77,시진핑 주석과 이재명 대통령이 같은 목표를 내세우는 건 안심이 된다. 한국이 중·한 협력에 힘써야 할 때다.,1
4128,77,"정치적 과열이 아닌, 평온한 대화가 필요하다. 서로의 입장을 경청하며 문제를 해결해나가자.",1
4129,78,조국 대표 출마 소식에 기대가 되네요 혁신당이 진정한 변화를 이끌길 바래요,1
4130,78,전국당원대회에 조 전 위원장이 단독 입후보하다니 놀라워요 투표율과 무관이라도 지원자들이 힘을 보일지 궁금합니다,1
4131,78,전당대회 슬로건 진심으로 다시 혁신으로 전진이 마음에 와닿아요 청주에서 좋은 변화가 생기길 바랍니다,1
4132,78,조국 전 위원장이 말한 민주주의 다수 연합 시대가 현실이 되길 기대합니다 국회에서 실현되는 걸 보고 싶어요,1
4133,79,정치를 위해 힘써온 검사들이 정치에 물든 것은 안타깝다 더 이상 타락이 없었으면 좋겠다,1
4134,79,항소 포기 논란이 정치적 파장으로 이어진 것은 큰 문제다 검찰의 신뢰 회복이 시급하다,1
4135,79,정치인들이 서로를 비난하며 국민을 위로하지 못하고 결국 국민이 피해를 보는 현실이 안타깝다,1
4136,79,검찰이 정치에 휩싸여 국민이 상처받는 상황이 계속되면 우리 사회가 분열될 것 같다,1
4137,80,"정의 구현이 느껴지는 순간, 국민이 겪는 불안이 크다. 모두가 진실을 원해. 투명한 조치가 필요하다. 공정한 절차를 기대한다.",1
4138,80,"검찰 법무부의 압력에 대한 의문이 제기되는 이 순간, 우리는 투명성을 요구한다. 정직과 공정이 필요하다. 함께 행동합시다.",1
4139,80,국민의힘이 지지하는 국정조사로 모든 관계자가 책임을 물을 수 있길 바란다. 정직이 필요하다. 공정한 절차를 기대합니다.,1
4140,80,"대통령의 역할이 과연 어떤지, 국민이 알아야 한다. 정당한 절차를 기대한다. 모두가 책임을 분명히 해야 한다.",1
4141,81,정치인들의 갈등이 너무 자주 일어나서 사람들 마음이 무거워져서 혼자서 고민하곤 해요 그래도 희망을 찾으려 노력해요,1
4142,81,조국과 한동훈이 서로 비난하는 모습이 너무 아쉽다 서로를 이해하려는 자세가 필요하다 하지만 서로 대화할 수 있는 길을 찾아야 할 것 같다,1
4143,81,이런 논쟁은 국민에게 큰 스트레스를 주는데 법을 제대로 이해해야 할 것 같아 정치인들은 사실 규정을 따르는 것이 가장 중요한 것 같아,1
4144,81,정치가들이 법을 제대로 해석하고 적용해야 한다는 생각이 들며 모두가 함께 생각해야 할 때다 우리 모두가 함께 이 상황을 올바르게 판단하고 행동해야 한다,1
4145,82,암표 방지를 위해 과징금 강화가 필요하다고 생각해요 실효성이 더 큰 방법 같아요 정책이 사람들의 관심을 끌고 실질적 변화를 가져오길 바랍니다,1
4146,82,과징금이 큰 효과를 보일 수 있다면 형벌 대신 적용해 보는 것도 좋겠어요 무거운 재판비용을 줄일 수 있을 것 같네요,1
4147,82,암표 판매자들을 단속하기보다는 수익을 회수하고 그 금액을 지원금으로 돌려주는 방안이 필요합니다 국민의 소중한 문화 생활을 지켜야죠,1
4148,82,과징금 부과액의 10%를 신고자에게 돌려주는 제도는 좋은 아이디어입니다 투명한 절차가 필요하겠네요 정책이 신뢰를 얻으려면 절차가 공정하고 명확해야 합니다,1
4149,83,김민석 총리의 헌법존중 태스크포스 제안이 현재 우리 사회에 꼭 필요한 조치라고 생각합니다 우리 국민이 다시 한 번 법치주의를 믿게 해줄 것 같아요,1
4150,83,이재명 대통령이 서둘러 진행하겠다는 결심이 느껴져서 다행이네요 내란 문제 해결에 앞장서는 모습이 기대됩니다,1
4151,83,공직자 내부의 갈등이 해결되지 않으면 국민의 신뢰가 떨어질 수밖에 없다는 점이 인상 깊습니다 그런데 공정한 조치가 없으면 다시 비밀이 드러나 국민이 실망할 위험도 있다는 걸 꼭 기억해야 합니다,1
4152,83,정부가 내란과 관련된 책임을 명확히 하고 신속히 조치한다면 국민이 다시 평화를 느낄 수 있을 것 같습니다,1
4153,84,청와대로 복귀하는 이재명 대통령께서 정한 목표가 실현되어 기쁩니다 앞으로 행정이 한층 더 투명해질 것 같아 기대됩니다,1
4154,84,보안상 문제로 관저 이동이 늦어질 수 있지만 이십사시 교대 근무 체계로 안전이 확보되길 바랍니다,1
4155,84,용산 시대가 저물어 종로 시대가 다시 열리다니 역사의 흐름을 보는 순간이야 전통과 미래가 한데 어우러지는 기분이 들었다,1
4156,84,민간 개방이 종료된 걸 보며 국민이 직접 체험한 청와대의 모습을 잊지 않으려는 마음이 크게 느껴졌다,1
4157,85,국토부 장관이 통계 누락 의혹을 부정하며 법적 근거를 강조했는데 민주당 입장도 분명히 나와야 할 것 같다,1
4158,85,패소하면 도봉 중랑 등 규제 해제라니 서울 시민들 마음이 불안해져서 집값 걱정이 늘고 정책 불투명함에 실망했어요,1
4159,85,정책 심의가 이미 끝났다고 말하나 9월 통계가 반영되지 않은 걸 알 수 없는데 정당성은 왜 그렇게 말하는지 궁금합니다,1
4160,85,국토부가 통계 누락을 언급하며 법적 근거를 제시했지만 시민들이 실질적으로 느끼는 불편이 더 큽니다 부드러운 정책 설명이 필요합니다,1
4161,86,종묘 앞 재개발 논의가 정치적으로 오용되고 있어 걱정입니다. 정책이 투명하게 진행되길 바랍니다.,1
4162,86,오세훈 시장의 입장은 재개발에 대한 실질적 고민이 느껴져서 공감돼요. 종묘 보존도 중요하지만 경제도 필요하죠.,1
4163,86,김건희와 종묘 논쟁이 정치적 선동처럼 느껴지네요. 사실 문제는 부동산이 아닌 시민들의 생활이 가장 먼저야.,1
4164,86,명태균 사건은 증거가 부족해 기소가 어려워 보입니다. 정당한 절차가 지켜지길 바랍니다.,1
4165,87,장기 투자 인센티브가 다시 등장하니 뭉치고 살려야 할 기회가 생긴 것 같아 내 돈을 오래 키우는 게 좋은 선택이 될 것 같아,1
4166,87,단기 매매가 늘어나던 지금 장기 보유자에게 혜택이 주어지는 건 큰 선물 같아 주식이 길게 자라나는 걸 기대해,1
4167,87,정부가 장기 투자에 인센티브를 주면 사람들 자산 관리가 더 성숙해질 것 같아 나도 조만간 적립식 펀드에 눈을 돌려볼까,1
4168,87,장기 투자 혜택이 소액 개인투자자 중심이라면 나처럼 작은 금액으로도 성장할 수 있겠다는 희망이 생겨 내 투자 계획에 새로운 장이 열릴 듯,1
4169,88,공무원들이 불안한 상황 속에서도 책임을 다하려는 모습이 안타깝다 보람도 느낀다,1
4170,88,조사를 두려워할 필요 없이 정직한 업무 수행을 지지한다 모든 국민을 위한 변화를 믿는다 지금부터 함께,1
4171,88,공직자들의 정신 건강이 최우선이며 정당한 조사 과정을 기대한다 정책은 투명하고 공정해야 하며 모두가 보호받을 수 있기를 바란다 그것이 국민의 신뢰를 회복하는 길이다 지금,1
4172,88,이 TF가 제대로 운영된다면 부정부패와 불공정이 끝날 수 있을 거라 믿는다 그런 변화가 우리 사회를 밝히고 희망을 가져다 줄 것 우리는 함께 노력하면 반드시 실현될 것이라 확신한다 지금이 바로 시작이다 함께 나무,1
4173,89,"대장동 사건이 이렇게 복잡해지다니, 피해자들 입장은 정말 마음이 아프다. 성남시가 제대로 보상을 받길 바란다.",1
4174,89,"조국과 한 전 대표가 이론만 끊임없이 얘기하더라도, 결국 피해자만이 고통을 겪는 상황은 바뀌지 않는다.",1
4175,89,"법조계에서 논의되는 말들이 실제 피해자에게 닿지 않는다면, 진정한 정의가 이루어지지 않은 셈이다. 우리가 목소리를 높여야 한다.",1
4176,89,시민으로서 우리는 이 사건이 정당하게 해결될 수 있도록 목소리를 높이는 것이 필요하다.,1
4177,90,조국 대표 출마 선언이 새로운 시작을 알리는 듯해요. 지지율 회복은 지속적인 소통과 실질적 정책이 필요해 보입니다.,1
4178,90,"한 자릿수 지지율이 아쉽지만, 조국이 국민과 함께 다시 정착하고자 한다면 함께 일하면 점진적으로 상승할 수 있을 거라 믿어요.",1
4179,90,지방선거 전략이 시급해 보여요. 조국이 인재 영입에 힘쓰며 지역 기반을 다진다면 당의 실력도 배가될 것 같습니다.,1
4180,90,혁신당이 내란 척결보다 실질적 변화를 제시한다면 유권자들의 신뢰를 다시 얻을 수 있을 것 같아요.,1
4181,91,정말 우리 사회가 이런 과거를 잊지 않고 정직하게 마주하는 모습이 보람 느껴요,1
4182,91,공직자 책임 조사로 신뢰 회복 기대돼요 우리 함께 이 과정을 지켜보며 공정이 이루어지길 바랍니다,1
4183,91,역사 속 비극을 잊지 않고 재발 방지 위해 정직한 진실 파헤치는 모습이 감동적이네요 내일이 더 나은 세상으로 가는 길이 될 것 같아 기쁩니다,1
4184,91,과거를 마주하며 책임을 묻는 과정이 결국 우리 민주주의를 지키는 길이라 믿습니다,1
4185,92,정부가 통계에 따라 규제를 확대한 게 불공평하다고 느껴요. 주민들의 목소리가 더 반영되었으면 좋겠어요.,1
4186,92,통계 왜곡 논란이 제기되면 신뢰 회복이 어려워집니다. 정확한 데이터가 필요해요. 이러한 상황에서 정부가 책임을 다해야 해요.,1
4187,92,주택 가격이 오르지 않는 지역은 특별히 피해를 보는 듯합니다. 규제는 상황에 맞게 조정해야 해요.,1
4188,92,"소송 움직임도 보이고 있는데, 법원에서 명확히 판단이 내려지면 정책에 대한 신뢰가 다시 돌아올 수 있을 거예요.",1
4189,93,특검이 아니라 독자적으로 해결해야 한다는 대통령의 말이 인상 깊다 이러한 독자적 대응이 국민의 안전을 지킬 수 있을 거라 믿는다,1
4190,93,헌법존중 정부혁신TF가 만들어지면 내란에 협조한 공직자를 신속히 조사해 정당한 인사 조치를 할 수 있을 것 같아 국민들이 안심할 수 있겠지,1
4191,93,내란 책임이 형사적 행정적 인사적으로 구분될 수 있다는 점이 중요해 보인다 대통령이 말한 대로 제대로 된 책임추궁이 필요하다,1
4192,93,정치적 압력 없이 독자적으로 처리하자는 대통령의 의지는 고무적이다 정부가 신속히 움직여 국민 신뢰를 회복하길 바란다,1
4193,94,조국이 새로운 모습으로 출마한다니 기대된다. 신뢰 회복이 가장 중요하겠지,1
4194,94,"과거를 뒤로하고 새로운 시작이라니, 국민이 조금 더 편안해질 수 있길 바래",1
4195,94,"검찰개혁과 차별금지법을 약속했지만, 실제 실행이 보여야 할 때야 다시 한 번.",1
4196,94,정치적 메기라 부르면서도 양당 독점 깨는 게 가능할까 관심이 많다 다시 생각해봐요,1
4197,95,역사와 미래가 공존해야 할 서울 종묘 앞에 고층이란 무슨 말일까 보호를 먼저 생각하자,1
4198,95,정치 논쟁이 계속될수록 우리 시민은 무심코 흔들리는데,1
4199,95,세운상가가 지워지면 녹지가 늘어나 시민들에게 쾌적함이 돌아오길 바래,1
4200,95,세계유산이란 소중한 자산 유네스코의 조망권을 지키는 것이 중요하다,1
4201,96,주식 장기 투자자들을 위한 세제 혜택이 필요하다는 말씀은 좋은 방향성 같아요. 현실적으로 어떤 제도가 마련될지 기대됩니다.,1
4202,96,대주주와 일반 투자자 혜택이 갈등이 될 수 있다는 점이 염려돼요. 중립적인 정책이 필요하겠네요.,1
4203,96,장기 투자를 장려하면 미래를 준비하는 시민들이 늘어나겠죠. 제도 설계가 부작용 없이 진행되길 바랄게요.,1
4204,96,정책이 대주주의 편이 되지 않도록 균형 잡힌 논의가 필요합니다. 국민이 믿을 수 있는 방안을 기대합니다.,1
4205,97,나경원 의원의 진심이 느껴진다 대통령의 입장이 불투명한 상황에서 국민이 알 권리가 있다는 생각이 든다 나중에 구체적인 답변이 있길 바란다,1
4206,97,진행자와 정성호 장관의 관계가 더 명확히 드러나면 좋은데 그때까지는 혼란이 지속될 것 같다,1
4207,97,검찰과 법무부의 역할이 분명히 구분되어야 국민이 믿을 수 있는 법치가 구축될 수 있다,1
4208,97,생방송이라 실시간 반응이 필요한데 의회와 행정이 한층 투명해지길 기대한다,1
4209,98,대통령실이 입장을 밝히지 않아 상황이 더 혼란스러운 것 같아. 정직한 설명이 필요하다.,1
4210,98,"검찰 내부가 이렇게 뜨거운 반응을 보이다니, 사건이 진짜 복잡하네. 진실이 드러나길 바란다.",1
4211,98,야당이 외압설을 내세우는 건 또 다른 갈등을 부추기는 것 같아. 중립적인 자세가 더 좋을 것 같아.,1
4212,98,노 총장 대행이 연가를 내고 고민했다는 소식에 동정적이야. 공정한 판단이 기대된다.,1
4213,99,정치적 논쟁이 길어지면 결국 국민이 가장 피해를 보는 것 같아 걱정이 큽니다.,1
4214,99,노만석 검찰총장 대행의 결정이 정치적 압력이라면 법과 정의가 흔들리는 것 같은데요 확실히.,1
4215,99,정당 간의 치열한 토론이 계속되면서 결국 사회적 갈등이 깊어지는 걸 보니 안타깝습니다.,1
4216,99,검찰과 정치가 한데 어우러지면 결국 시민의 신뢰가 바닥이 될 수 있다는 점이 가장 우려됩니다.,1
4217,100,나경원 의원이 정성호 장관에 대한 질문이 반복돼서 불편함을 느낀 점이 이해돼요,1
4218,100,진행자의 질문이 정치적 편향처럼 느껴졌던 부분도 분명히 안타깝습니다 이러한 상황이,1
4219,100,정성호 장관이 항소 포기와 관련해 외압을 주장했다는 지적이 있었지만 나경원 의원은 그가 정치적 압력에 굴복했다고 비판해 주권적 판단이 부족하다고 주장했습니다 정치적 논란 속에서도 독립적인 판단이 필요했는데,1
4220,100,라디오 진행자 질문이 한쪽만 집중됐다면서 무편향 보도에 대한 기대가 낮아진 점이 아쉽습니다 정치적 균형을 유지해달라는 요청이 아직 충족되지 않아 더욱 안타깝습니다 다양한 시각을 반영해 주시길 바랍니다 이러한 소통이 민주주의의 근간이니 꼭 필요합니다,1
4221,101,김총리의 종묘 방문은 역사와 미래의 조화에 대해 다시 생각하게 한다 여러분도 함께 고민해 보세요,1
4222,101,오시장도 반격을 선언했지만 결국 공론화가 필요하다 서울시와 함께 고민해 주셨으면 좋겠습니다,1
4223,101,고층 건물이 종묘를 가리면 예술과 역사는 소외된다 서울 시민 모두가 함께 바라봐야 한다,1
4224,101,정부와 서울시가 함께 고민해 좋은 방향을 찾길 바란다 여러분의 목소리도 반영되길 바랍니다,1
4225,102,정치가 책임을 지고 국민을 위한 결정을 내려야 한다 공정한 사회를 위해,1
4226,102,우리 모두가 법 앞에서 평등하다는 신념을 지켜야 한다 공정한 사법이 바탕이 되어야 민주주의가 살아난다,1
4227,102,정책이 국민의 삶을 바꾸려면 투명성과 신뢰가 필수다 부패가 퍼지지 않도록 모든 단계에서 감시와 책임이 필요하다,1
4228,102,국민이 가장 소중한 것은 정의와 공정이다 부패가 남아있으면 우리 미래가 어두워진다 모든 권력은 책임을 져야 한다,1
4229,103,청와대 복귀 소식 듣고 기쁩니다 보안 정비가 꼼꼼히 진행되길 바랍니다 새로운 시대를 위한 준비라 생각합니다 안전한 미래를 회복하겠습니다,1
4230,103,용산에서 청와대로 이동한다는 계획이니 만큼 국민들의 기대가 큽니다 보안이 철저히 준비되면 큰 도움이 될 것 같아요,1
4231,103,청와대 복귀가 가까워져서 많은 이들이 기다리는 듯합니다 보안 강화와 함께 업무 효율도 상승할 것이라 믿어요,1
4232,103,새로운 시대의 상징이 될 청와대로 복귀하시는 모습이 인상적입니다 국민의 안전과 편리함을 위해 모든 준비가 꼼꼼히 진행되길 바랍니다,1
4233,104,검찰이 책임을 져야 한다는 말이 마음에 와 닿는다. 솔직한 발언에 감동했다.,1
4234,104,노만석 검사에 대한 비판이 정당한 것 같아. 우리도 변화를 바라며 지켜보겠다.,1
4235,104,대장동 사건이 계속된다니 안타깝다. 진실이 드러나기를 바란다.,1
4236,104,정치가 비리와 연결돼 있을 때 국민은 실망한다. 공정한 조사가 필요하다.,1
4237,105,국민의힘이 대장동 사건에 대해 진실을 찾아야 한다는 목소리를 듣고 싶습니다 그만큼 많은 이들이 공정한 조사와 투명한 절차를 원합니다,1
4238,105,여야가 대장동 사건을 둘러싼 이견을 조율해 국민의 평화를 지켜야 합니다 더 많은 사람들이 안정된 사회를 바라요,1
4239,105,검찰의 항소 포기에 대한 외압 의혹은 사실 여부가 분명해져야 합니다 투명한 절차를 통해 국민이 신뢰할 수 있도록 해 주길 바랍니다 공정한 조사 결과가 나오길 진심으로 기원합니다,1
4240,105,정책의 불투명성이 사회에 불안감을 불러올 수 있습니다 모든 정치인이 공정한 검증 과정을 함께 지켜야 합니다 이와 같은 상황에서 시민들이 안심할 수 있도록 신뢰를 회복해야 합니다,1
4241,106,나경원 의원의 비판은 분명히 들리지만 검찰의 독립성을 지키는 것이 먼저다,1
4242,106,정성호 장관과 검찰의 대응이 투명하지 않다 보니 국민이 불신을 느낀다,1
4243,106,라디오 질문이 한쪽에 치우친 듯해 두쪽 의견을 균형 있게 듣고 싶다,1
4244,106,정치적 갈등이 법과 정의를 흐리게 하면 안된다 국민의 목소리를 듣자,1
4245,107,정치비난이 끊이지 않는 현상에 안타까움이 큽니다 공무원들이 흔들리지 않았으면 좋겠습니다,1
4246,107,민생이 우선이지만 정치적 갈등은 그만큼 국민을 아프게 합니다 우리 함께 평화를 원해요,1
4247,107,정부의 적폐청산이 필요하지만 공무원 한 사람 한 사람을 보호해야 한다 생각합니다,1
4248,107,내란이 아니라 평온이 필요해요 공직자와 국민이 함께 일할 수 있는 환경이 조성되었으면 좋겠어요,1
4249,108,정책이 어려워도 국민이 안심할 수 있도록 투명한 과정이 필요합니다. 대통령실이 꾸준히 답변해 주면 신뢰가 쌓이죠,1
4250,108,항소 포기 논란이 꼬인 만큼 모두가 차분히 사실을 파악해야 해요. 감정에 휘둘리기보다 진실을 바라봐야 합니다,1
4251,108,"우상호 비서관의 말에 조금이라도 공감이 가는 점이 있다면, 그만큼 책임이 있는 자리이니까요. 국민의 목소리를 귀 기울여야 합니다",1
4252,108,"검찰과 대통령실의 의견 차이가 눈에 띄는 지금, 투명한 소통이 가장 필요해요. 서로의 입장을 이해하려는 노력이 중요합니다",1
4253,109,새로운 조국을 기대해요. 과감한 혁신으로 정치의 한계를 넘어 신뢰 회복을 바랍니다. 시민들의 목소리에 귀 기울이며 함께 나아가길.,1
4254,109,"과거를 뒤로하고 새 출발, 조국에게 믿음이 필요해요. 정당이 회복될 때까지 함께 지켜봐요. 지속적인 투명성과 책임이 필수적이에요.",1
4255,109,"정치적 메기라니, 진짜 혁신이 필요하다면 조국이 주도권을 잡길 바래요. 하지만 성비위 사태가 말할수록 신중히 움직여야 할 것 같아요. 투명하고 실질적인 변화를 기대해요.",1
4256,109,"지방선거에서의 승리가 핵심이겠지만, 그 전 단계부터 국민이 보는 모습이 중요해요. 조국이 실천과 말의 차이를 줄여준다면, 저는 긍정적일 수밖에 없겠어요. 진정한 변혁이란 단지 캠페인 말이 아니라 정책이 현장에 실현되는 순간부터 시작된다고 믿어요. 그래서 이번 전당대회가 정말 기대됩니다.",1
4257,110,국민이 안전을 위해 이렇게 신중히 조사하는 모습이 조금 안심이 되네요 같이 사려 깊은 결정이 필요해요,1
4258,110,이러한 자료가 공개되니 정치인들의 책임이 얼마나 무거운지 다시 한 번 느껴요 정말 이 나라를 위해선 투명함이 꼭 필요해,1
4259,110,혹시 이런 상황을 막을 수 있는 더 나은 방안이 있을까 하는 생각이 듭니다 모두가 함께 고민하고 해결책을 찾아야겠어요,1
4260,110,국민의 목소리가 정책에 반영되길 바라고 또 힘이 되는 사람들만 있길 바랍니다 우리 모두가 함께 책임을 질 수 있는 시대가 오기를,1
4261,111,한중관계가 더 견고해지길 바라며 양국이 함께 손을 잡는 모습이 기대돼,1
4262,111,반중시위가 우리 국가 이미지를 훼손하는 점을 깊이 느꼈어 지금까지의 외교적 노력이 무용지물이 될까 걱정된다,1
4263,111,AI 협력이 우리 기술 발전에 큰 부양제 역할을 할 것 같아 특히 제조업과 디지털 트랜스포메이션이 결합되면,1
4264,111,한중 사이가 더 깊어지면 세계가 더 평화로워질 수 있을 것 같아 경제와 문화 교류가 확대되면서 상호 이해가 깊어질 거라 믿어,1
4265,112,"검찰의 결정을 다시 한번 점검해 주는 건 우리 모두의 책임이 아닐까요? 변호사와 국민의 목소리를 귀 기울여, 공정한 재판을 위해 함께 노력해야 합니다.",1
4266,112,"노 사퇴를 요구하는 목소리가 커지고 있지만, 정당한 절차가 지켜져야 한다는 점을 놓치지 말아야 해요.",1
4267,112,공정한 재판이 돌아오길 바라는 마음으로 정치적 압박이 아닌 사실에 기반한 대화를 기대합니다.,1
4268,112,정의가 지켜지려면 모든 관계자가 투명하게 책임을 인정하고 사과해야 해요.,1
4269,113,정부가 내란 협조 공직자에 대한 책임을 명확히 하려는 TF 출범은 국민 신뢰 회복에 필요한 조치라고 생각합니다,1
4270,113,특검만이 아니라 독자 조사도 진행하면 공직자 내부 통제에 도움이 될 것 같아요 그리고 국민이 재빠르게 재건할 수 있도록,1
4271,113,비상계엄에 참여한 공직자들에 대한 인사 조치를 신속히 할 필요가 있습니다 TF가 체계적으로 조사하면 잘못된 승진이 멈추고 헌법 가치가 지켜질 수 있겠죠,1
4272,113,국무총리의 제안이 현실적이라 생각합니다 정부가 스스로 책임을 묻는 모습이 국민에게 믿음을 줄 것 같아 기대돼요,1
4273,114,"정부가 통계 숨기고 규제 확대했는데, 우리 모두가 피해를 보는 건 너무 안타까워요",1
4274,114,"월 통계가 있었는데도 8월 자료만 쓰다니, 재산권 침해가 더 크겠네요",1
4275,114,"이재명 정부의 폭주를 법원에서 제어하려는 시도라니, 평소보다 큰 기대가 됩니다",1
4276,114,규제 해제가 된다면 우리 집값 부담이 조금이라도 줄어들겠어요,1
4277,115,"종묘 앞 재개발 논란이 이렇게 격렬해진 것이 너무 안타깝다. 역사를 지키는 일은 정치가 아니라 국민 모두의 책임이다. 한 번이라도 훼손된다면 복구는 어려울 것이며, 그 후에도 문화유산의 가치를 되찾는 건 매우 힘들다.",1
4278,115,서울시가 도시계획을 단독으로 바꾸고 유네스코 가이드라인을 무시했다는 점이 가장 우려스러워. 종묘의 고유한 경관은 국가 차원에서 보호받아야 할 뿐 아니라 전 세계가 존경하는 문화유산이다. 재개발이 진행된다면 다시는 되돌릴 수 없을 거야.,1
4279,115,민주당과 국민의힘이 이 같은 재개발을 둘러싸고 정치적 무게를 두면서 역사를 덜어내려는 듯 보인다. 우리 모두가 함께 문화유산을 지키는 마음이 필요하다. 한 번 훼손된 종묘를 다시 복구하는 건 불가능에 가깝다.,1
4280,115,"종묘 앞 재개발은 단순한 부동산 이익을 넘어서 우리 민족의 정체성을 위협한다. 서울시가 재개발을 추진하면서 정당성보다는 정치적 이익을 먼저 생각한다면, 결국 우리 세대는 후세에 문화유산을 물려줄 수 없게 된다.",1
4281,116,법의 공정성을 위해 사실을 바탕으로 처벌을 재검토해 주시는 모습이 인상적입니다. 국민의 신뢰를 회복하는 데 큰 도움이 될 것 같아요.,1
4282,116,명예훼손 조항을 재검토하면 언론의 자유도 보장될 것 같아. 공정한 사회를 위해서 그리고 시민들의 목소리가 더 크게 반영될 수 있을 것 같아요.,1
4283,116,사실이 명예훼손이 아니라는 점을 강조해 주신 점이 마음에 듭니다. 이로써 사안이 명확해지길 바랍니다. 또한 공정한 법 집행이 사회 신뢰를 높여 줄 것이라 믿습니다.,1
4284,116,법의 진실성과 인간 존엄을 동시에 지키려는 의지가 느껴집니다. 빠른 개정으로 국민이 안심할 수 있길 바랍니다.,1
4285,117,정부가 독자조사라는 결정은 책임 있는 자세로 보인다. 신속하고 투명한 결과가 기대된다.,1
4286,117,혐오 표현에 대한 강경한 조치는 사회적 안정에 기여할 것이다. 공정한 처벌이 필요하다.,1
4287,117,정당 현수막 규제는 공공장소 질서 유지를 위해 필요하다. 법 개정 논의가 시급하다. 정부가 이끌어야 한다,1
4288,117,"내란 관련 공직자에 대한 내부 조사, 책임과 명예를 회복하는 길이다. 정부의 노력이 공정성과 신뢰를 높일 것이다.",1
4289,118,최 재해 감사원장님께서 보여준 원칙과 헌신이 우리 사회에 큰 의미가 되겠어요. 퇴임도 감사의 마음으로 응원합니다.,1
4290,118,"탄핵 소추까지 겪으며도 흔들리지 않는 자세, 대단합니다. 앞으로도 긍정적 변화를 기대합니다.",1
4291,118,"지금까지의 고난과 수고에 박수를 보냅니다. 후회 없는 인생, 그 가치가 정말 아름다워요.",1
4292,118,김인회 원장님이 일시적으로 맡으신 동안에도 최 원장님의 발자취가 이어지길 바랍니다.,1
4293,119,분당 의원들이 대장동 비리로 인해 피해를 보는 주민들을 위해 기울어주는 모습이 인상적이다,1
4294,119,검찰의 결정이 주민들의 불신을 키우고 있다는 점이 안타깝다 정말,1
4295,119,주민들이 피해를 보상받지 못하는 현실은 참으로 부당하다 마음이 아프다,1
4296,119,정치인들이 책임을 묻고 국민과 함께 해결책을 모색하는 모습이 필요하다 같이,1
4297,120,공직자들의 책임을 명확히 하는 모습이 보여줘서 다행이에요. 정부가 신뢰 회복을 위해 노력한다는 점이 긍정적으로 느껴져요.,1
4298,120,투명한 조사와 공정한 처벌이 이루어지면 국민의 신뢰가 다시 회복될 것 같아요. 우리 모두가 정당한 과정을 기대하고 있겠죠. 그리고 더 많은 시민이 목소리를 낼 수 있도록 지원이 필요해요.,1
4299,120,내란 청산을 위해 적극적인 조치가 필요합니다. 신속하고 공정한 조사로 국민이 안심할 수 있길 바랍니다. 정부가 책임을 다하는 모습을 보이면 앞으로도 희망이 생겨요. 또한 국민이 제도에 신뢰를 갖도록 꾸준한 소통이 필요합니다.,1
4300,120,이런 조치를 통해 정당성과 투명성을 회복할 수 있기를 바랍니다. 정부의 신속한 행동이 국민의 마음을 안심시킬 것이라 믿어요.,1
4301,121,정부가 통계 활용을 법적 근거 없이 진행했다는 주장은 사실이 아닙니다,1
4302,121,정책 결정이 투명하고 공정하게 이루어졌으면 좋겠습니다 국민의 신뢰가 회복될 수 있겠어요,1
4303,121,정확한 자료가 반영돼야 시민들이 안심할 수 있을 것 같아요 그럼 모두가 평안한 사회를 만들 수 있겠죠,1
4304,121,통계 조작 의혹이 무전파처럼 퍼지지 않도록 신속한 조사 부탁드려요 정확한 사실이 밝혀져 국민의 마음이 편안해지길 바랍니다,1
4305,122,"암표 때문에 진심으로 열광했던 팬들의 마음이 아프고, 소득이 낮은 청소년 팬들이 관람도 못하게 된다니 마음이 무겁습니다. 정부가 과징금을 높여 철저히 단속해 주길 바랍니다.",1
4306,122,과징금이 대폭 인상된다면 암표 범죄는 줄어들 것 같아요. 신고 포상금 제도까지 도입하면 좋은 문화가 될 것 같아요.,1
4307,122,"초코파이 사건을 예로 들었지만, 암표 사고가 실제로 사람들의 삶에 큰 피해를 줍니다. 강력한 조치가 시급합니다.",1
4308,122,암표가 금방이라도 재판매가 금지되면 팬들이 다시 희망을 찾을 수 있을 거 같아요. 정부가 실질적인 대책을 마련해 주시길 바랍니다.,1
4309,123,정당이 혐오 현수막을 무작정 붙이는 게 시민에게 심각한 부담이 되네요 법 개정이 절실합니다,1
4310,123,현수막 정당이라는 말이 들려서 한때는 웃겼지만 이제는 현실이네요 정당의 책임이 필요합니다,1
4311,123,정당이 국고보조금을 받아 현수막을 걸 때 특혜처럼 보이는 게 우려됩니다 협의가 시급합니다,1
4312,123,정당 현수막 문제는 시민의 평온을 해치고 있습니다 대통령님의 법 개정 요청이 시정의 길이 될 수 있겠네요,1
4313,124,세운 재개발이 종묘를 보호하려는 뜻이 담겨 있다니 조금 안심됩니다. 다시 한번 주민들의 의견이 반영되길 바랍니다.,1
4314,124,"종묘를 더 돋보이게 하는 것에 초점을 맞춘다면, 개발과 보존이 공존할 수 있을 것 같습니다. 주민들이 편리함과 문화가 함께 공존하는 도시를 만들어 주시길 바랍니다.",1
4315,124,"세운 재개발이 부동산 시장 혼란을 해소하는 동시에 문화유산을 지키려는 의도라면, 그 균형을 잘 맞춰 주면 좋겠어요. 모든 이해관계자와 소통하며 진행하면 더 큰 신뢰를 얻을 수 있을 것 같아요.",1
4316,124,"종묘 앞 시야가 넓어진다는 점이 긍정적이지만, 주변 주민들의 생활환경 변화도 충분히 배려되어야 합니다. 소규모 조경과 소음 방지 대책이 병행된다면, 모두가 만족할 것 같아요.",1
4317,125,청와대가 다시 돌아오니 시민들의 기쁨이 한껏 돋아나고 있습니다,1
4318,125,용산 시대가 끝나고 청와대가 재도입된다니 기대가 큽니다,1
4319,125,청와대 내부 리모델링 완료라니 더욱 안심이 되고 앞으로의 업무가 기대됩니다,1
4320,125,경호와 보안 강화까지 꼼꼼히 준비되어 청와대 방문이 즐거울 것 같아요,1
4321,126,정부가 내란 가담자들을 신속히 조사해 헌법을 지키려는 모습이 보람 있다,1
4322,126,총리와 대통령이 함께 내란 가담자에 대한 인사 조치를 논하면서 국민의 신뢰 회복에 한 걸음 더 다가간다,1
4323,126,정부가 내부 조사를 신속히 끝내고 인사 조치를 시행한다는 약속이 마음에 든다. 하지만 실제 인사 조치가 공정하게 이뤄지는지 여부가 가장 중요하다,1
4324,126,정치인들이 내란 문제를 진지하게 다루는 모습이 인상적이다. 국민이 직접 의견을 제시할 수 있는 공개 토론이 더 필요하다. 투명성과 대화가 함께한다면 신뢰가 높아질 것이다,1
4325,127,판결문을 그대로 인용해 한 전 대표가 이렇게 반박한 게 믿음이 가는다. 법이 지켜져야 한다는 점이 가장 중요해 보여.,1
4326,127,한 전 대표가 판결문을 직접 읽어 주장을 반박했는데 그 근거가 분명해 보여. 정당한 판결문 근거에 근거해 주장을 꺼내서 믿음이 간다.,1
4327,127,조국 전 위원장이 몰수 불가 주장에 한 전 대표가 냉정히 반박하며 판결문을 인용했다는 사실이 충격이다. 법정에서의 논리 전개가 인상적이었다 다음엔 법이 명확히 정리된 판결을 기대한다.,1
4328,127,판결문에 나와 있는 명확한 판단이 한 전 대표를 이끌었다는 사실이 큰 위로가 된다. 앞으로도 이런 명확한 법적 결론을 기대하고 있다. 법이 제대로 집행되는 모습을 보면서 마음이 놓인다.,1
4329,128,한국과 중국이 서로를 이해하고 협력하는 모습이 보여서 기쁩니다 서로의 오해를 풀어가며 평화를 지켜 나가길 바랍니다,1
4330,128,허위정보가 퍼지면서 양국 국민이 상처받는 상황이 안타깝습니다 올바른 소통으로 서로를 보호하길 소망합니다,1
4331,128,중국이 무비자 정책을 연장해준 점이 좋아요 더 많은 사람들이 두 나라를 가까이 느낄 수 있길 기대합니다,1
4332,128,미중관계가 안정되면 우리도 안심할 수 있겠네요 국제사회의 평화를 위해 서로 협력해 주셨으면 좋겠습니다,1
4333,129,정성호 장관과 노만석 검찰총장 사퇴 요구는 정의를 위한 옳은 선택이다,1
4334,129,대장동 사건을 통해 우리 사법 체계가 흔들리는 현상을 목격해 안타깝다,1
4335,129,공공기관의 부정은 국민의 신뢰를 무너뜨린다 국정조사로 책임을 물을 때가 됐다,1
4336,129,우리의 목소리가 반영되어야 한다 의원들이 책임을 물어야 할 때이며 투명성을 요구한다,1
4337,130,조국 전 위원장의 논리 이해가 쉽지 않지만 부패재산 문제는 복잡해 보여 이해를 돕기 위해 더 많은 논의가 필요하다,1
4338,130,성남시가 민사소송을 이미 제기한 상황에서 항소 포기가 의미가 있는지 의문이다 이 사건에 대한 국민의 신뢰를 회복하려면 투명한 절차가 필요하다,1
4339,130,부패재산 몰수 추징 규정이 애매해 보이는데 실제 적용은 어려운 것 같다 정당한 법적 절차와 사회적 책임이 동시에 충족돼야 한다,1
4340,130,정치인들이 사건을 이용해 이득을 논리화하려는 시도가 보이는데 부정당은 그럴 필요가 없다 사실은 투명하고 공정한 처리가 국민의 신뢰를 지키는 길이다,1
4341,131,대장동 사건이 이렇게 끔찍하게 끝났다는 사실이 가슴 아프다 모든 시민들이 목소리를 높여야 한다,1
4342,131,김은혜 의원이 말한 일곱천억이 진짜 사람들의 피눈물로 채워졌다는 건 너무 잔인하다 그 누구도 이 혐오를 무시하면 안 된다,1
4343,131,검찰이 항소를 포기했다는 소식은 부정의가 계속된다는 냉혹한 현실을 보여준다 이제는 우리 모두가 목소리를 모아야 한다,1
4344,131,정치인들이 이 문제를 해결하려 하지 않는다면 결국 피해자는 늘 우리 주변에 남아 있을 거야,1
4345,132,부동산 통계의 투명성은 정말 중요하다 공표 전 자료를 미리 쓰는 걸 금지해 놓은 건 이해하지만 실제 현장에서는 그 자료가 필요할 때가 많다 균형 잡힌 접근이 필요하다,1
4346,132,정책 결정에 필요한 데이터는 신뢰성 확보가 우선이지만 때로는 빠른 판단이 필요하다 통계 활용을 어떻게 할지 고민이 필요한 시점 같다,1
4347,132,정부와 야당이 통계 활용 논쟁이 커지면서 실질적 주택 정책에 영향이 미칠 수 있다는 점이 걱정된다 객관적 자료를 공유하는 방안을 찾아야 할 것 같다,1
4348,132,사전에 통계 활용을 금지하면 정책 결정이 지연될 위험이 크다 동시에 부정 사용 방지를 위한 명확한 가이드라인이 필요하다,1
4349,133,조국 후보의 멈추지 말자 메시지에 힘을 보낸다 국민이 원하는 변화를 위한 진심이 느껴진다,1
4350,133,제7공화국 꿈을 실현하려는 열정이 대단하다 서민과 청년을 위한 집과 돌봄 고민 덜어줄 방안이 기대된다,1
4351,133,당원과 국민이 함께 만들어가는 직접 민주주의 플랫폼이라니 믿음이 생긴다 배심원제와 오디션 방식이 신선하다,1
4352,133,지방선거에서도 혁신당이 승리한다면 우리 사회가 진정한 사회권 선진국으로 나아갈 수 있을 거라 생각한다,1
4353,134,이 대통령의 결심이 참 희망적이네요 사실과 의견을 구분해주는 법이 필요합니다,1
4354,134,명예훼손 조항 폐지를 요청하시는 모습이 감동적입니다 모두가 자유롭게 이야기할 수 있으면 좋겠습니다,1
4355,134,독일 사례를 참고한다는 점이 현실적이군요 법이 더 공정해지길 기원합니다,1
4356,134,정성호 장관이 신속히 조치해 주시길 기대하며 앞으로 나아가겠습니다,1
4357,135,"검찰이 어려움에 처해 있는 지금, 홍 전 시장의 말이 아쉬워요. 정직한 시선이 필요해요. 우리 모두가 함께 고민해야 할 때죠",1
4358,135,"한동훈 전 대표가 비난을 퍼붓는 대신, 검찰이 실제로 해야 할 일에 집중해야 해요.",1
4359,135,사람들의 정의를 지키는 건 정치가 아니라 검찰이 해야 할 일. 누가 말해도 변하지 않을 책임이 필요해요.,1
4360,135,"이재명 대통령과의 악수 사진은 정치적 메타포처럼 보이는데, 결국 국민이 가장 궁핍한 문제에 대한 해결책이 필요해요.",1
4361,136,사실적시 명예훼손 폐지는 언론의 자유를 지키는 길이네요 기대됩니다 민주사회에 필요한 조치라고 생각합니다,1
4362,136,형법 개정으로 혐오표현 억제하고 동시에 진실을 말할 수 있도록 해 주시길 바란다 법무부가 신속히 추진해 주면 좋겠어요,1
4363,136,용산 대통령실에서 주재한 국무회의를 보니 대통령이 직접 개정 방향을 잡아 주셨다는 느낌이 듭니다 우리가 더 나은 사회를 위해 힘이 되어 주셨으면 좋겠어요,1
4364,136,정성호 장관이 신속히 개정하겠다고 답해 주셨는데 실제로 시행되길 기대합니다 명예훼손 사안이 명확히 정리되면 모든 시민이 안심할 수 있을 것 같아요,1
4365,137,평양에 큰 화재가 일어나 마음이 무겁습니다 불길이 빨리 진압되길 기원합니다,1
4366,137,불이 퍼져 화재가 커지며 시민들이 겁을 먹고 있는 상황에 마음이 아프다,1
4367,137,소규모 공장이라면 불이 번지지 않았음이 다행이지만 큰 피해를 일으키지 않길 안전하게 지켜지길 바랍니다,1
4368,137,위성 영상이 밝혀낸 화재 사실이 안타깝다 평양 시민들의 안전을 바라며 마음이 무겁다 다시 한번 응원한다,1
4369,138,서울시의 미래가 종묘의 전통과 어우러져야 한다 고층 건물보다 문화유산이 우선이다,1
4370,138,공개토론이 필요한 시점이다 종묘의 가치를 지키려면 시민이 목소리를 모아야 한다,1
4371,138,초고층이 아니라 지역의 특색을 살리는 건물이 바람직하다 역사와 현대가 공존할 수 있도록,1
4372,138,종묘 앞이 고층으로 가려져서는 안 된다 세월이 흐른 뒤에도 그 자리를 기억할 수 있어야 한다,1
4373,139,지금 어려운 시기에 우리 한민족이 서로를 위로하고 함께 나아가야 할 때이기에 희망을 잃지 말아요,1
4374,139,장동혁 대표가 말한 국정조사와 특검이 필요한 이유를 이해해요 우리 국민은 정의가 실현돼야 해요,1
4375,139,000억 원이 비리라니 너무 충격이지만 검찰의 실망스러운 결정이 우리를 실망시켜요,1
4376,139,이재명의 탄핵이 국민의 신뢰를 회복하는 길이라고 생각해요 우리 모두가 함께 해야 돼요,1
4377,140,사실을 밝히는 사람을 형사처벌한다는 점이 안타까워요. 민사로 해결해야 한다는 의견에 공감합니다.,1
4378,140,"혐오 발언은 강력히 처벌해야겠지만, 진실을 알린 사람은 보호받아야 해요.",1
4379,140,정당 현수막 규제도 필요하죠. 표현의 자유를 지키면서도 혐오를 막는 균형이 중요합니다.,1
4380,140,공공기관장이 혐오 발언을 한다면 제재가 필요합니다. 모두가 존중받는 사회가 되길 바랍니다.,1
4381,141,정직한 검사를 위해 힘쓰는 그들의 노력이 돋보입니다 비판도 필요합니다 함께 더 나은 사회를 만들어가야 합니다 우리의 소망이 현실이 되도록 지속적으로 지켜봐 주세요 우리의 꿈을 지키는,1
4382,141,정의 실현을 위한 싸움이 계속되는 현 상황 우리 모두가 응원합니다 함께 힘을 모아 나아가요 우리의 목소리가 반영되어 더 정의로운 사회가 완성되길 바랍니다 지속적으로 함께 목소리를 높여 가겠습니다 새로운 변화를 위해 모두가 힘을 합쳐야 합니다,1
4383,141,모든 이가 말할 때마다 서로의 입장을 이해하려는 노력이 필요합니다 평화로운 해결을 바라요 모두가 함께 할 때 변화를 만들 수 있습니다 지금은 어려운 시기이지만 함께라면 가능하리라 믿어요 우리 모두가 서로를 존중하며 차이를 좁혀 나가길 바랍니다 오늘도 힘내요 다 함께 하늘을 믿어요,1
4384,141,검찰 내부의 문제와 정치적 압력 모두가 투명하고 공정한 절차를 원해요 함께 나아가야 합니다 지금은 변화의 시작점이 되길 바랍니다 각자의 역할을 충실히 하며 책임감 있는 행동을 기대합니다 우리의 노력은 작은 불꽃이 큰 화염이 될 수 있습니다 다 함께 힘을 모아,1
4385,142,정책 결정이 어려워 보여도 결국 시민의 생활이 가장 중요하다는 생각이 듭니다 이 정책이 우리 삶에 긍정적인 변화를 가져다주길 바랍니다,1
4386,142,도봉구 규제 해제라니 예상보다 기쁘고 앞으로 주거 안정이 기대됩니다 이젠 좀 더 자유롭게 집을 찾을 수 있겠죠,1
4387,142,법적 절차가 길어지면 부동산 시장에 불확실성이 커질까 걱정입니다 규제 해제에 대한 기대와 불안이 동시에 느껴집니다,1
4388,142,정부가 9월 통계를 반영한다면 여러 지역이 혜택을 받을 수 있을 것 같아 희망적이지만 동시에 시장이 어떻게 반응할지 궁금합니다,1
4389,143,나경원 의원이 공개적으로 불만을 표출한 것은 드문 일이다. 정성호 장관의 발언이 사실인지가 궁금하다. 라디오 진행자도 상황을 명확히 해야 할 필요가 있다.,1
4390,143,"정성호 장관이 검찰과의 협력 여부를 밝히지 않았는데, 대변인 역할이 과연 정당한가? 진짜 외압이 있었다면 국민에게 명확히 밝혀야 할 문제다.",1
4391,143,"라디오에서의 질문 방식이 한쪽에 편향된 것처럼 느껴지는데, 공정한 질의응답이 필요하다. 국민의 신뢰를 잃지 않으려면 중립적 접근이 더 좋겠지.",1
4392,143,"이번 사안이 사법부와 행정부의 관계를 다시 한 번 조명하게 만들었는데, 국민들은 이 과정이 투명하게 진행되길 바란다. 궁금한 점이 많다.",1
4393,144,정의와 투명성을 위해서는 검찰과 정치 모두 책임을 져야합니다 국민의 목소리를 반영하는 것이 중요합니다,1
4394,144,검찰의 역할이 의심받는 이 순간 국민은 공정한 재판을 바라며 정당한 절차를 요구합니다,1
4395,144,정치를 떠나 국민의 이익을 최우선으로 생각하는 정직한 리더가 필요합니다 모든 시민이 평등하게 대우받아야 합니다,1
4396,144,노만석 대행이 책임을 회피한다면 국가의 신뢰가 무너지며 국민이 불안해집니다 앞으로 투명한 수사가 필요합니다,1
4397,145,정책과법의균형이중요시점이군요 정의와인권을위한공정한절차를기대합니다 다시한번법과사회가조화를이룰소망합니다,1
4398,145,정치와검찰이교차하는지금누구의이익보다국민의목소리가먼저여야하는생각이듭니다 이사건이투명하고공정한과정을거쳐결론이나오길바랍니다,1
4399,145,공정한수사가끝난뒤진실이드러나면우리사회가한단계더성숙해질수있을것같아 정치가책임을다하고법은투명히운영돼야한다는믿음이생겨요,1
4400,145,모든국민이목소리를낼수있는민주사회검찰과정치의갈등이끝날때그날이오길바라요,1
4401,146,암표 근절을 위해 과징금 강화는 꼭 필요한 조치라 생각해,1
4402,146,신고자 포상도 함께 도입하면 신고 문화가 생겨 좋은 방향이야,1
4403,146,성시경 님이 피해를 입은 점 안타깝고 신속한 조치가 필요하다,1
4404,146,지금과 같이 단호한 정책이 없으면 암표 시장은 계속 번성할 것 같아,1
4405,147,대통령이 법 앞에 서야 하는 건 당연하죠. 정당한 절차를 통해 투명성을 확보해야 합니다. 사회가 요구하는 법의 신뢰성을 회복하기 위해선 모든 이가 투명하고 공정한 판단을 기대합니다.,1
4406,147,"검찰과 법무부가 책임을 지는 순간, 국민은 한결 편안해질 수 있을 것 같아요. 공정한 조사와 엄정한 처벌이 뒤따라야 한다는 점을 강조하고 싶습니다.",1
4407,147,이 사건을 통해 우리 사회가 정직한 리더를 갖는 게 얼마나 중요한지 다시금 깨닫습니다. 우리의 미래가 그 리더십에 달려 있다는 사실을 잊지 말아야 해요.,1
4408,147,법은 모든 사람 앞에 평등합니다. 이 재명이 그 원칙을 지키지 못한다면 국민이 말해 주어야죠. 정의가 실현되는 길을 함께 걸어가야 합니다.,1
4409,148,정치와 사법이 뒤섞인 상황이 참 안타깝다 모두가 정의를 위해 함께하길 바란다,1
4410,148,항소 포기 결정이 불공정하게 느껴져서 국민이 불안해 정당한 절차가 필요하다,1
4411,148,법조계가 무게를 잃어버린 듯 보이지만 우리는 여전히 희망을 잃지 않아야 한다,1
4412,148,정치의 외압이 사법을 흔드는 이 시점에서 절대적으로 투명함이 무조건 요구된다,1
4413,149,"종묘 앞에 고층을 세우면 역사와 현대가 충돌해 보이지만, 조심스러운 계획이 필요해요.",1
4414,149,"김 총리와 오 시장의 논쟁은 도시 재생의 갈림길을 보여 주는 것 같아, 모두의 목소리가 반영되길 바란다.",1
4415,149,"높이 145미터는 종묘를 숨길 위험이 있어, 조망권을 지켜야 할 필요가 커.",1
4416,149,서울의 아름다움을 위해서는 과거를 존중하면서 현대를 연결하는 설계가 필요해.,1
4417,150,명품 가방 선물이라도 그 의미가 뭔지 국민이 궁금해합니다 정직한 설명이 필요해요 앞으로의 방향을 명확히 보여줘야 합니다,1
4418,150,당내 내부 논란이 계속되면 국민의 신뢰가 흔들립니다 투명한 조치가 절실합니다 그럼에도 불구하고,1
4419,150,김기현 의원이 인정한 선물이라도 사회적 예의라는 말이 그다지 설득력 없어요 재검토가 필요합니다,1
4420,150,공공의 신뢰를 지키려면 소소한 선물이라도 명확히 규정돼야 합니다 감싸는 분위기보다 책임이 필요해요,1
4421,151,정부가내란가담자조사에착수한건책임있는일이다국민이안심할수있게빠른결론을바란다정확히,1
4422,151,이제진짜인사조치가필요하다정치적비난없이객관적으로검증해주길기대한다국가와국민을위해,1
4423,151,내란가담자조사에신속한인사조치가필요하지만과연절차가투명하게진행될까고민된다,1
4424,151,공직자들의역할이밝혀져야공정한재정비가가능하다투명한조사기대합니다정당한책임과성과를위해,1
4425,152,종묘 앞 고층 개발이 문화유산을 훼손할까 걱정돼 도시 발전도 중요하지만 역사 보존도 필요해,1
4426,152,오세훈 시장의 개발 논리가 정말 시대착오인가 서울의 미래를 위해서는 균형 잡힌 방안이 필요해,1
4427,152,종묘 주변에 녹지를 늘리는 것이 문화유산을 지키는 가장 좋은 방법 아닐까 개발보다 보존이 우선이야,1
4428,152,정책 입안자들이 단순히 이익만 생각하지 말고 역사와 시민의 목소리를 함께 들어야 해 서울을 위한 진정한 발전이길 바래,1
4429,153,조국이 새로 태어나기를 선언했다 내란세력을 뿌리 뽑겠다는 강력한 의지가 느껴진다 변화에 대한 기대가 커진다,1
4430,153,정권을 바꾸려는 열망이 느껴진다 혁신당이 강철같이 단단해지길 바라는 마음이 있다 더 나은 미래를 위해서,1
4431,153,지방선거를 통해 내란세력을 정리하겠다는 결단이 대단하다 국민이 원하는 정치가 보여지길 바란다 그리고 새로운 변화가 필요하다,1
4432,153,검찰 개혁과 차별금지법 도입을 약속한 조국은 과거와 다른 새로운 얼굴이 되길 기대한다 변화의 바람을 전한다,1
4433,154,정책이 국민 재산권을 침해한다는 주장에 깊이 동감합니다 공정한 통계 사용이 절실합니다 이사회와 기획재정부가 투명하게 데이터를 공개하지 못해 국민이 피해를 보는 것은 부당합니다,1
4434,154,소송이 진행되는 가운데 부동산 규제의 정당성을 다시 한 번 점검해야 합니다 모든 국민이 공정한 대우를 받을 자격이 있습니다,1
4435,154,정부가 통계와 실제 상황을 다르게 제시한다면 국민의 신뢰는 크게 흔들릴 수밖에 없습니다,1
4436,154,소송 결과가 명확해질 때까지 우리 모두가 정확한 정보와 투명한 절차를 요구해야 합니다,1
4437,155,"정치와 법이 복잡하게 얽힌 이 사건, 피해자들이 안심할 수 있는 해결이 꼭 필요하다 즉시",1
4438,155,검찰의 결정을 두고 의견이 갈리는 지금 공정한 판단이 내려져야만 국민이 다시 믿을 수 있을 것이다,1
4439,155,성남시가 민사소송을 제기한 것은 맞지만 부패 재산 환수가 실제로 이뤄질 수 있는지 명확히 알아야 한다,1
4440,155,법과 정치가 서로 충돌할 때마다 국민은 실망하기보다 공정한 해결을 기대해야 한다는 점이 중요하다,1
4441,156,서울시 재건축 계획과 문화유산이 어떻게 조화될지 궁금해요. 공감이 안 가요 왜 이렇게 논란이 생겼나요,1
4442,156,"민주당이 오세훈을 겨냥해 TF를 발족했다고 들었는데, 정치적 전략이 과연 효과적일까요? 시민들은 이 상황에서 어떤 의견을 제시하고 있나요",1
4443,156,종묘 앞 고층 빌딩 계획이 문화재를 훼손한다는 의견이 많아요. 시민들의 목소리가 더 반영되었으면 좋겠어요. 그렇게 된다면 우리 도시의 역사와 미래가 함께 조화롭게 살아갈 수 있을 거라 생각해요,1
4444,156,"오세훈 시장이 ‘공격이 시작됐다고’ 말한 건 사실? 이번 선거 앞에서 서로 비난보다 협력이 필요하다고 생각해요. 같이 한 번 더 대화를 나누고, 시민들의 진짜 필요를 중심에 두어야 한다고 봐요",1
4445,157,정청래 대표가 검찰의 항소 포기를 단호히 규탄하며 조치를 선언함으로써 국민의 신뢰를 회복하려는 노력은 충분히 기대된다,1
4446,157,민주당이 검찰을 조작 기소라며 비판하지만 이와 같은 상황에서 법과 정의를 지키는 것이 가장 중요하다고 생각한다,1
4447,157,정성호 장관이 외압 자백이라는 비판을 받는 가운데 사퇴를 요구하는 목소리가 높아지고 있지만 정당한 절차와 증거가 필요하다고 봅니다,1
4448,157,이번 항소 포기 사안이 대장동 개발 이익이 돌아가게 된다는 주장에 대해 사실 여부가 밝혀지길 바라며 부정적이거나 중립적인 입장을 유지할 필요가 있다,1
4449,158,정말 이번 사태가 이렇게 흘러가니 마음이 무겁다 정장관과 노대행이 책임을 지고 투명하게 설명해 주길 바란다,1
4450,158,대장동 사건이 이렇게 심각해지다니 실망스럽다 국민이 제대로 된 조사를 받지 못해 불안하다,1
4451,158,이재명 대통령과 정성호 장관이 한일에 책임이 있는 만큼 즉시 사퇴해야 한다 국민이 신뢰를 회복하려면 변함없는 행동이 필요하다,1
4452,158,정책과 사법이 뒤섞이면 정의가 흔들린다 이번 사건을 계기로 재정비와 투명성 강화가 절실하다,1
4453,159,정치가 이렇게 복잡해져서 국민들이 힘들어하는 모습이 안타깝다 그리고 모두가 정당한 규제와 투명한 통계를 원한다,1
4454,159,부동산 통계가 투명하게 공개되지 않으면 우리 삶에 큰 부정의가 생긴다 그래서 신뢰 회복이 시급하다 그리고 정당한 규제와 명확한 기준이 필요하다,1
4455,159,정당이 통계 사용에 대해 서로 다른 입장을 내세우는데 결국 국민이 피해를 보는 상황이 가장 안타깝다 따라서 모두가 객관적이고 투명한 절차를 요구한다,1
4456,159,정부가 정당한 규제를 실현하려는 의지가 있음을 보여주는 것이라면 모든 부동산 관련자들이 함께 협력할 수 있겠다는 희망을 가지고 있다,1
4457,160,정말 어려운 시기네요. 투명한 절차와 책임이 필요합니다. 모두가 안심할 수 있길 바라며 공정한 판단이 이루어지길 기원합니다.,1
4458,160,사건이 계속 복잡해지면서 국민들이 혼란스러워 보이네요. 정당한 답변과 사실 확인이 시급히 요구됩니다. 모두가 명확한 정보를 얻고 싶어합니다.,1
4459,160,정직한 조사와 공개가 가장 우선인 것 같아요. 국민의 신뢰를 다시 얻어야죠 모든 관계자들이 책임을 다해 주셨으면 합니다. 공정한 절차를 통해 모든 이가 평등한 대우를 받을 수 있길 바랍니다.,1
4460,160,각자의 입장이 충돌하니 대화가 꼭 필요합니다. 평화로운 해결을 바라며 모든 이가 함께 이겨내길 응원합니다. 이 과정에서 투명성이 보장된다면 국민의 불안이 크게 줄어들 것이라 믿습니다.,1
4461,161,평양의 불길이 시민들에게 큰 고통을 주네요 우리는 모든 사람들이 안전하길 바랍니다,1
4462,161,전소한 대형 건물의 잔해가 평양 도심에 깊은 상처를 남겼습니다 우리 모두가 회복의 길을 찾길 기도합니다,1
4463,161,위성사진이 보여준 검은 연기 속에서도 희망이 사라지지 않았으면 좋겠습니다 우리 모두가 이 어려움을 함께 이겨낼 수 있길 바랍니다,1
4464,161,정부가 피해 규모를 정확히 파악해 주민들의 생활을 안정시키는 데 최선을 다해 주시길 바랍니다,1
4465,162,"MBC 뉴스에서 보도한 이 기사에서는 현 정부의 검찰·법무부와 대통령·당간의 관계가 법치·삼권분립 원칙을 훼손했다는 비판과, 정치 검찰 개혁·특검 개편을 통한 적폐 청산 요구가 제기됐다. 한편, 내란·계약·비상계엄과 관련해 공직자 조사·체벌보다 잘한 인재를 발굴·우대하는 방안이 강조되었다. 요약하자면, 정부는 사법·법제·정치·행정 간 균형과 견제를 유지하며 헌법 존중을 바탕으로 공직자·적폐 청산에 적극 나서야 한다는 점이 핵심이다.",1
4466,163,검찰 내부 갈등이 심각해 보이네요 모두가 진정한 정의를 위해 노력해야 할 때입니다,1
4467,163,노 대행이 휴가를 내며 고민 중이라니 마음이 아프네요 모두가 힘들 때 서로 도와야 합니다,1
4468,163,정치와 검찰이 서로 끌고 끌려 갈다니 국민이 가장 큰 피해자인 것 같아 슬픕니다,1
4469,163,국민의힘이 항의하며 나서자 검찰 내부도 변화를 촉구해야 진실이 밝혀질 겁니다,1
4470,164,대장동 사건으로 국민의 심장이 두근거리는 이때 우리는 정의와 투명한 사회를 위해 단결해야 해,1
4471,164,검찰과 정부의 개입이 불분명하지만 국민은 사실을 알 권리가 있다 정의와 투명성을 위해 함께 나아가야 한다,1
4472,164,이재명 대통령의 책임을 물으려는 목소리는 정당하고 우리 모두가 공감한다 이제는 투명한 검찰과 법원이 필요하다,1
4473,164,규탄대회가 힘을 모아 투명한 조사와 공정한 판결을 이끌어 주길 바란다 우리의 목소리가 절대 무시되지 않아야 한다,1
4474,165,나경원 의원이 겪는 불편함이 정말 안타깝습니다. 정성호 장관 외압 의혹이 사실인지 여전히 궁금해요.,1
4475,165,이번 국정감사에서 제시된 비판이 잘 들리네요. 언론과 정치가 겹치는 문제라면 더 자세한 설명이 필요합니다. 이런 상황을 해결하려면 투명한 소통이 필수적입니다.,1
4476,165,"정성호 장관에 대한 비난이 과연 정당한지, 검찰의 입장도 들어보고 싶습니다. 그럼에도 불구하고 국민의 신뢰를 지키려면 객관적인 사실이 필요합니다. 그리고 공정한 조사와 투명한 공개가 절실합니다.",1
4477,165,"정치적 압력이 맞다면 책임자 모두 사퇴해야 한다는 의견에 동의합니다. 공정한 조사 기대돼요. 또한 사안에 대한 명확한 사실 확인이 필요하며, 투명한 절차를 통해 신뢰 회복이 기대됩니다.",1
4478,166,민주당이 장 대표의 무책임 선동을 강력히 규탄했는데 우리 국민의 마음이 흔들리는 것 같아 조심스러운 상황이네요,1
4479,166,장 대표가 검찰 판단을 폄훼하고 사법 신뢰를 훼손한다는 지적이 현실적으로 맞는 것 같아 이러한 비판이 정당한 이유가 있을 수 있음을 느낀다,1
4480,166,정쟁에만 몰두하고 민생 문제를 무시하는 것은 국민의 신뢰를 더욱 떨어뜨리는 행동이다 또한 국민이 필요한 시급한 해결책을 찾지 못하고 오히려 정권이 눈을 돌리면 상황은 더 악화될 것 같다,1
4481,166,우리가 바라는 것은 정당과 무관한 객관적 사법과 함께 모든 국민이 동등하게 보호받는 사회이다 장 대표의 과격한 발언은 그 길을 흐리게 할 뿐이 이러한 부정적 영향은 결국 민주주의 기반을 흔들어 놓을 위험이 있다 따라서 우리 모두가 함께 목소리를 모아 조심스러운 접근이 필요하다 또 또한 보호받는 제도를 강화해야 한다,1
4482,167,평양 중심가에서 대형 화재가 발생했다 안타까운 소식이 평양 사람들 모두 힘이 되길 바라며 서로 위로를 전합니다,1
4483,167,이 화재가 잔해만 남긴 건물이라서 더욱 안타깝다 사고로 피해를 보인 이들이 곧 안정을 찾길 바란다,1
4484,167,플래닛랩스와 NASA 의 위성사진 덕분에 상황이 파악될 수 있었지만 실제 피해 규모가 얼마나 되는지 더욱 불안하다,1
4485,167,평양 시민이 다시 일어설 수 있도록 힘과 사랑이 필요하다 우리 모두 함께 응원하고 지원해 주며 밝은 미래를 만들자,1
4486,168,대장동 사건에 대해 대통령실이 입장을 명확히 하지 않아 국민이 불안해 그럼에도 여전히 해결책을 찾는 과정이 필요해,1
4487,168,검찰 내부 갈등이 겹쳐져서 사건의 진실이 더 흐려지는 듯해 국민이 불안해 이후에도 신속한 해결을 기대해,1
4488,168,대통령실이 입장을 회피하면서 사건의 흐름이 정체돼서 더 염려된다 정확한 정보가 필요해 민심이 상실되지 않도록 신속히 공개해야,1
4489,168,야당이 정치적 의혹을 끌어오며 공정 절차가 흔들리자 사람들은 불만을 토로한다 정당한 사안에 대한 객관적 판단이 기대돼,1
4490,169,부산시장이 말하는 시스템 전락이 실제로 느껴지면 우리 모두가 목소리를 내야 한다 그리하여 우리는 더 나은 미래를 만들기 위해 단결해야 한다,1
4491,169,검찰과 법원 사이의 갈등이 계속될수록 시민들은 불신과 실망을 더한다 우리는 그 속에서 평온을 찾기 어렵다,1
4492,169,정권이 국가를 사유화하려 할 때마다 국민의 권리가 물거품이 되는 것 같다 그러나 우리 모두가 목소리를 모아 변화를 요구해야 한다,1
4493,169,비명횡사 친명횡재라는 말이 재조명될 때마다 우리 사회는 한숨을 쉬는 듯하다 이로써 우리는 책임과 정의를 다시 찾는 길을 모색해야 한다,1
4494,170,조국 대표로 선출되니 새로운 변화를 기대해요 혁신당이 실질적인 변화를 이끌어 주길 바래요,1
4495,170,전당대회가 끝나고 나서라도 혁신당의 새로운 비전이 우리에게 더 큰 희망이 될 거라 믿어요 함께 힘을 모아 나아가면 좋은 결과가 있을 것 같아요,1
4496,170,조국 님의 리더십이 혁신당을 새로운 시대로 이끌어 줄 것이라 기대합니다 우리 모두가 함께 일어나 변화를 만들어가야 해요 정책을 실천에 옮기고 국민의 목소리를 직접 반영한다면 혁신당이 더욱 신뢰받는 정당이 될 것 같아요 특히 우리 사회가 필요로 하는 투명한 정치와 실질적인 복지 정책을 제시해 주면 많은 사람들에게 희망이 될 것이라 생각해요,1
4497,170,전당대회에서 정해진 새로운 지도부가 국민의 기대에 부응하길 바라며 함께 밝은 미래를 만들어 가길 희망합니다 혁신당이 우리 일상 속에서 실질적인 변화를 이끌어낼 수 있도록 응원합니다,1
4498,171,대통령실이 바쁜 상황이라면 이해한다. 하지만 투명함이 필요하다,1
4499,171,검찰의 역할이 두드러지는 만큼 책임 있는 행동을 기대한다,1
4500,171,정치적 압박이 큰 가운데 시민의 목소리가 가려지면 안 된다,1
4501,171,사법 리스크 논란이 지나치게 확대되지 않길 바라며 사실 확인이 필요하다,1
4502,172,국민의힘이 내일 대검찰청과 법무부를 방문한다는 소식이 마음을 무겁게 한다 국민의 목소리를 대변하려는 노력이 보람이다,1
4503,172,항소 포기 사건에 대한 강경한 입장에 공감한다 정성호 장관과 노만석 검찰총장 직무대행이 사퇴해야 할 필요성을 느낀다,1
4504,172,여야가 국정조사와 청문회 진행을 논의한다는 점이 긍정적이다 진심 어린 공정이 필요하다,1
4505,172,이재명 대통령 탄핵 가능성은 아직 논의 중이라며 불확실성을 드러냈다 상황을 주의 깊게 지켜보아야겠다,1
4506,173,정당이 언어폭력을 멈추지 않으면 국민이 더욱 불안해지고 신뢰가 떨어질 것 같아요 계속해서 상황이 악화될 것 같습니다,1
4507,173,장동혁 대표가 탄핵을 주장하면서 사법 절차를 왜곡하고 있다는 점이 염려돼요 우리나라의 법치주의가 흔들리면 안 될 것 같습니다,1
4508,173,정치인들이 논쟁에 집중하기보다는 국민이 가장 필요로 하는 정책을 먼저 실행해야 할 것 같아요 그때 비로소 신뢰가 회복될 수 있을 것 같습니다,1
4509,173,탄핵 논의가 사법 절차를 지키지 못하면 우리 사회가 더욱 혼란스러워질 수 있습니다 정당이 책임 있는 발언을 해야 할 때입니다,1
4510,174,정성호 장관 노만석 차장은 즉시 사퇴해야 한다는 총의 의견에 깊이 동의합니다 사법 체계가 흔들려선 안 된다,1
4511,174,내일 항의방문이 큰 의미가 될 것 같아 국민의힘에 힘을 보냅니다 사법의 투명성을 위해 함께하자 정의와 책임이 필요합니다,1
4512,174,항소포기 외압은 국가의 신뢰를 저해한다 국민이 느끼는 불안이 커지는 것을 막아야 한다 시민의 목소리에 귀 기울여야 합니다,1
4513,174,이재명 대통령이 관계자라면 책임을 물어야 할 것이며 탄핵 논의도 필요해 보인다 정의와 국민의 안심을 위해 구체적인 조치가 요구된다,1
4514,175,정당 현수막이 무제한이라 혐오가 퍼지니 시민이 불편함을 느낍니다. 제도 개선이 필요해요. 공공장소 깨끗이 지켜야 합니다.,1
4515,175,현수막 규제 완화가 과연 표현의 자유를 지켜줄까? 혐오 발언은 법으로 제재받아야 합니다.,1
4516,175,민주당이 제안한 규제는 실질적 효과가 있을까요? 시민이 불쾌해지는 현수막은 줄여야죠.,1
4517,175,법무장관이 말한 '주관적 평가'는 문제를 더 복잡하게 만들 것 같아요. 명확한 기준이 필요해요.,1
4518,176,국민의힘이 정성호 노만석 사퇴를 요구하며 대검과 법무부를 항의 방문한다는 소식이 있어 국민의 신뢰가 더욱 떨어질 것 같아 안타깝다,1
4519,176,송언석 원내대표가 대검찰청 항소 포기를 규탄하며 정성호 장관을 비판한 발언은 정치적 갈등이 깊어지고 있다는 증거 같아 부정적으로 느껴진다,1
4520,176,대통령과 정당이 함께 힘을 합해 국정조사를 추진해야 한다는 메시지가 나오니 한층 더 명확한 해결책을 기대한다,1
4521,176,이런 상황 속에서도 우리 국민은 정의와 공정이 지켜지길 바라는 마음이 깊어지며 모두가 함께 목소리를 내는 것이 중요하다고 생각한다,1
4522,177,정의와 공정이 무조건 우선이라고 생각합니다 검찰총장 대행의 책임이 분명히 필요합니다 항상,1
4523,177,국민의힘의 목소리가 필요해요 정당에 맞서는 모습이 감동적이죠 정의의 힘이 돋보이는 순간입니다 함께,1
4524,177,노만석 대행이 사퇴해야 할 때입니다 국민의 신뢰를 지키기 위해서 정의와 투명성이 필수입니다 모두 함께,1
4525,177,대검찰청이 명확한 답변을 제시해야 합니다 국민은 공정한 판단을 원해요 우리의 권리를 지키기 위한 절차가 필요해요,1
4526,178,정치와 검찰 사이에서 갈등이 깊어지는 상황이 안타깝다. 모두가 일관된 방향으로 나아갈 수 있길 바란다.,1
4527,178,양측이 감정이 격해져서 사실보다 논란이 커졌다는 점이 아쉽다. 건설적인 대화가 필요하다.,1
4528,178,이런 비판이 이어지면서 우리 일상에 불필요한 마찰이 늘어나는 것 같아 마음이 무거워진다.,1
4529,178,결국 진실을 밝히려는 의지와 검찰의 성실함이 합쳐진다면 이 갈등도 해결될 수 있을 것 같다.,1
4530,2,"SNS 허위정보가 사회를 흔들지 않도록 노력해야 합니다  
SNS의 허위정보가 사회를 흔들지 않도록 주의가 필요합니다  
SNS에서 발생하는 허위정보가 사회를 흔들지 않게 해야 합니다  
SNS 허위정보가 사회를 흔들지 않도록 함께 대응합시다  
SNS 허위정보로 사회가 흔들리지 않도록 함께 방지합시다",1
4531,2,"정치권이 참여하면 사회 전반에 걸친 더 큰 변화를 이끌 수 있을 것이라고 믿습니다  
정치권이 동참하면 우리 사회가 더욱 빠른 변화를 맞이할 수 있을 것이라 생각합니다  
정치권이 함께 한다면 더 큰 변화를 이끌어 낼 수 있는 가능성이 높아집니다  
정치권의 참여가 확대된다면 우리 사회는 더욱 눈에 띄는 변화를 경험하게 될 것입니다  
정치권이 동참할 경우 우리 사회는 더 큰 변화를 이룰 수 있는 기반을 갖게 됩니다",1
4532,2,내란과 혐오 문제를 동시에 해결해야 하며 시민들의 평화로운 공존을 위해 적극적으로 노력해야 합니다.,1
4533,2,공직자들의 책임을 명확히 묻는 것이 매우 중요하며 이는 사회의 투명성과 신뢰를 높이는 데 기여한다,1
4534,2,SNS를 통해 퍼지는 허위정보가 우리 사회를 흔들지 않도록 사실을 확인하고 책임감 있게 공유합시다,1
4535,2,"정치권이 동참하면 보다 큰 변화를 일으킬 수 있을 거예요, 우리가 기대하는 방향으로 나아갈 수 있겠죠.",1
4536,2,"내란과 혐오 문제를 한 번에 해결해야 한다는 생각이지만, 실제로는 복잡한 맥락과 깊은 이해가 필요합니다.  
내란과 혐오 문제를 동시에 해결하려는 목표는 중요하지만, 각각의 문제는 별도의 전문적 접근이 필요합니다.  
내란과 혐오 문제를 한 번에 해결하려는 시도는 과감하지만, 문제의 근본 원인을 다루려면 세밀한 전략이 요구됩니다.  
내란과 혐오 문제를 한 번에 다루는 것은 이상적이지만, 실제로는 단계별 정책과 교육이 필요합니다.  
내란과 혐오 문제를 동시에 해결해야 한다는 목표는 중요하지만, 효과를 내기 위해서는 지속적인 대화와 협력이 필수적입니다.",1
4537,2,공무원들이 사회적 책임을 명확히 이행하고 있는지 확인하는 것이 우리 모두의 권리이며 이는 국가의 신뢰와 직결되기 때문에 매우 중요합니다,1
4538,11,오세훈 시장의 종묘와 녹지 강조 발언이 인상적이어서 문화와 경제가 함께할 수 있다는 생각이 듭니다,1
4539,11,"세운상가 재개발을 고민하는 시민으로서 처음엔 부정적이었지만, 이번 설명 덕분에 이해가 되어 종묘를 보호하면서도 발전이 가능해 보인다.",1
4540,11,"거리가 멀어도 고층이 눈에 띄지만, 녹지와 균형을 이룬다면 시내가 더 살기 좋을 것 같고, 오시장님께 감사드립니다.",1
4541,11,세운4구역 재개발이 문화재에 미칠 영향이 궁금했는데 오세훈 시장이 조망도를 보여줘서 안심이 되고 앞으로도 지속적으로 소통해 주세요,1
4542,12,정부가 적폐청산 대신 헌법질서 수호라 부르며 비상계엄을 재검토한다는 소식에 저는 조금 실망했습니다 국민이 제대로 된 설명을 듣고 싶어요,1
4543,12,지방선거까지 인사 쇄신을 하겠다는 계획이 너무 무거워 보인다,1
4544,12,항소 포기가 이렇게 큰 파문을 일으킨다고 보니 이재명 대통령의 판단이 걱정됩니다.,1
4545,12,내란 프레임이 계속 드리워지는 상황에서는 투명하고 공정한 조사와 정직이 절실히 필요합니다.,1
4546,16,장동혁 대표가 탄핵을 주장하면서 국민의힘이 정권 교체를 앞두고 있는 점이 눈에 띄어 상황이 심각해 보인다.,1
4547,17,우선 정상과 공정이 필요하며 대장동 사건은 투명하게 해결되어 국민이 진심으로 안심할 수 있도록 해야 한다.,1
4548,18,"정성호 게이트와 대검찰청 방문이 정치권의 정당성에 심각한 의문을 제기하며, 대통령이 책임을 져야 할 시대가 되었고 국민이 더 이상 억울함을 견뎌야 할 이유가 없다는 점을 보여준다.",1
4549,19,정책이 데이터 기반이라도 통계가 제대로 활용되었는지 의문이 듭니다,1
4550,20,경찰의 수사 능력이 향상되어 시민들의 안전이 더 잘 보장되기를 바랍니다.,1
4551,21,청와도로 돌아오신 것을 보니 장기간 미뤄두었던 정리 정돈을 마친 기분이 들고 업무 효율도 상승할 것 같아요,1
4552,22,정치가 말보다 행동이 더 중요하다고 생각하며 국민의 힘이 이 문제를 책임감 있게 다뤄야 한다,1
4553,23,정성호 장관이 대장동 사건 항소 포기를 밝혀 여야 논란이 계속되고 있으며 공정한 조사와 투명한 절차가 필요하다,1
4554,24,"이 사건을 통해 국민이 신뢰를 회복해야 한다는 생각이 듭니다만, 모든 이에게 정의가 따르길 바랍니다.",1
4555,25,대통령님의 정당 현수막 문제에 대한 결단이 사회에 큰 변화를 가져올 것 같아 믿음이 생겼다,1
4556,26,"김건희 부인에게 가방을 선물한 것을 단순히 뇌물로만 보는 시각은 너무 한정적이며, 단지 사회적 예의의 일면이라면 그에 대한 논란이 정당한가 의문이다",1
4557,27,정확한 사실을 밝혀 주신다면 국민이 마음 놓을 수 있을 것 같고 그러한 투명한 설명이 우리 사회가 필요로 하는 것 같아,1
4558,28,현재 사실을 말하면 처벌받는 법이 지나치게 억압적이어서 사실을 밝힐 때 명예훼손죄 폐지 논의가 절실히 필요하다고 생각합니다.,1
4559,29,"검찰에 대한 김원내대표의 직설적 발언이 때때로 과격하게 보이더라도, 우리 모두가 서로를 이해하고 공감하며 변화를 이끌어내기 위한 끊임없는 노력이 절실하며, 우리 사회가 함께 걸어갈 길을 향해 손을 맞잡고 나아가야 한다.",1
4560,30,장기 투자가 실제로 유익하고 세제 혜택이 확대된다면 투자자들은 안심하고 투자할 수 있을 것 같아요,1
4561,31,공직자의 책임감을 되찾길 바라며 이번 조사가 공정히 진행되기를 소망한다,1
4562,32,국회에서 일어나는 이 갈등은 양측이 사실관계뿐 아니라 가치관까지 대립하고 있는 것 같아 서로를 이해하려는 노력이 필요해 보인다,1
4563,33,법사위 안건 정리가 지연되어 많은 사람들이 불안해하며 투명한 절차가 필요하고 이러한 상황이 계속되면 국민의 신뢰가 흐려질 것 같아요,1
4564,34,정의와 투명성을 바라는 마음이 크며 올바른 절차가 필요하다.,1
4565,35,정치적 외압이 드러난 상황에서 국민의힘이 목소리를 내는 것이 옳다고 생각하며 정당한 절차와 투명성이 절실히 필요하다,1
4566,36,"검찰과 정권의 부정이 겹치면 국민은 무력해지지만, 정직한 절차와 투명한 조사만이 진정한 해결책이며 여전히 변화가 필요합니다.",1
4567,37,"종묘 앞 건물의 높이는 역사와 시민의 목소리를 잊지 말아야 하며, 서울은 우리 모두의 거주지입니다.",1
4568,38,정치권이 사법에 개입해 국민의 신뢰가 흔들릴 때마다 마음이 무겁고 우리는 공정한 정의를 바라야 한다,1
4569,39,"검찰과 법무부가 서로를 비난하며 갈등이 커지는 지금, 실제 피해자는 우리 사회이며 서로의 입장을 잘 듣고 합리적인 해결책을 찾아야 한다.",1
4570,40,정성호 장관 사퇴를 요구하고 국민의 정의와 정직을 지켜야 한다,1
4571,41,정 대표가 내란을 끝내겠다는 결단이 마음에 와 닿아 함께 힘을 내자 지금,1
4572,42,조국이 말하는 무식한 듯 보이는 것이 사실이지만 판결문은 꼭 읽어야 하고 우리에게 맞는 말이 무엇인지 지금 꼭 알아야 한다,1
4573,43,지금 이 순간 동구의 미래가 결정되는데 후보들이 모두 열정 넘치는 모습에 감동을 받았으며 한 사람씩 투표를 통해 큰 차이를 만들 수 있을 것 같아요,1
4574,44,정치와 검찰이 계속 충돌하면 국민의 신뢰가 무너져 사라질까 두고 보면 많은 사람들은 정당성을 잃게 된다,1
4575,45,장기투자 세제혜택이 늘어나면 개인 투자자들도 안심할 수 있을 것 같고 정부가 세부 조정도 신속히 진행하면 좋겠어요,1
4576,46,정당은 단호한 입장을 내세웠지만 국민의 목소리가 가장 먼저여야 한다.,1
4577,47,정말 안타까워요 평양 사람들도 큰 충격을 받을 것 같고 화재가 더 큰 상처를 남기지 않길 바랍니다,1
4578,48,울산의 정치가 이렇게 흔들리면 시민들의 불안이 커질 것 같고 부패 의혹이 빨리 해결되길 바랍니다,1
4579,49,정치권이 일관성을 잃으면서 우리 시민들은 혼란과 불안에 빠져 앞으로 무엇을 믿고 신뢰해야 할지 큰 걱정이 된다.,1
4580,50,정년 연장 정책이 단일해지지 않고 모든 사람의 의견이 반영되길 바라며 더 많은 목소리가 반영되면 좋겠어요,1
4581,51,이 사건이 진짜 정의를 회복할 수 있을지 의문이 듭니다 피해자들의 입장에서 힘든 상황일 것입니다,1
4582,52,미중 갈등이 해결된다면 우리 경제는 편해질 것이며 중국과 한국이 협력하면 큰 이익이 될 것이라 믿는다,1
4583,53,종묘 앞 재개발 논의가 도시 발전과 문화 보존을 동시에 가능하게 할 것 같은 느낌이 드고 오시장 입장에 동의합니다,1
4584,54,정청래 대표의 진지한 공약이 마음에 듭니다 민주당이 함께 움직인다면 지방선거에서도 꼭 승리할 수 있을 것 같아 믿음이 생깁니다,1
4585,55,서울의 아름다움은 과거와 미래가 함께 어우러지는 것이라 생각하며 종묘 앞에서도 건물과 문화가 조화롭게 살아야 한다고 봅니다,1
4586,56,정권이 바뀔 때마다 공직자들이 불이익을 받길 원하지 않으며 모두가 공평하게 대우받아야 한다,1
4587,57,평양 시민들이 화재로 고통받는 모습이 안타까워 한 줄기 희망을 전하고 모든 이의 평안과 안전을 기원합니다,1
4588,58,인종 차별과 혐오가 만연한 현실 속에서 대통령의 단호한 입장은 국민의 목소리를 실천으로 옮기는 모습이 인상적이다,1
4589,59,혐오 범죄를 차단하고 허위 정보를 억제하는 것은 시민의 평온을 지키고 사회적 신뢰를 높이는 길이다,1
4590,60,내란 조사 TF 조직 결정을 칭찬하며 공직자 책임을 명확히 함으로써 국민의 신뢰가 회복될 것이라고 생각합니다,1
4591,61,한국과 중국의 긴밀한 협력이 계속되길 바라며 서로의 이해를 깊게 나누는 대화가 중요하다고 생각해요,1
4592,62,"백만 원을 뇌물이라고 주장하는 것이 정말 웃기며 현실은 다르고, 이런 행동은 국민의 신뢰를 떨어뜨린다.",1
4593,63,정치적 외압이라는 주장에 비판이 많지만 사건의 진실이 밝혀지면 다툼이 줄어들기를 바란다,1
4594,64,조국 대표가 말한 대장동 사건이 국가가 몰수할 수 없다는 점이 명확해져서 조금 안심이 되며 정말 그랬으면 좋겠다,1
4595,65,검찰이 무너지면서 국민이 가장 큰 피해를 입는 것이 안타깝고 정당의 책임이 필요하다,1
4596,66,"조국 님이 새 출발을 선언하신 모습을 보니 조금 안심이 되고, 과거를 뒤로하고 새롭게 나아가자는 의지가 강렬해 보여 정치는 지친 우리에게 새로운 희망이 될 것 같으며, 다시 한 번 국민의 목소리를 귀 기울이며 책임을 다해 주시길 바랍니다.",1
4597,67,이런 상황에서는 먼저 사실을 확인해야 한다고 생각해요 사실이 가장 먼저여야 한다고 생각하고 여러분의 의견을 듣고 싶습니다,1
4598,68,중국이 도전 속에서 더 강해진 점이 인상적이었고 앞으로도 함께 성장해나가길 바라고 우리 모두가 평화로운 길을 찾을 수 있기를 기도하며 국제사회가 함께 협력해 더욱 밝은 미래를 열어가야 한다,1
4599,69,정책 발표가 통계에 근거하지 않은 것 같아 주민들의 신뢰가 흔들리고 규제지역이 정확히 반영되지 않아 불안하다,1
4600,70,정치인이라도 법적 책임을 반드시 물어야 한다는 생각이 들며 투명함이 가장 중요하다고 믿는다,1
4601,71,용산에서 청와대로 다시 옮긴다는 소식에 마음이 한결 편안해졌으며 청와대가 빠른 시일 내에 완벽하게 정비되길 응원합니다,1
4602,72,"정치인들이 국민 감정을 이용해 문제를 만들고 있는 상황이 안타까워서, 서울시와 정부가 함께 해결책을 찾아야 한다는 생각이 듭니다.",1
4603,73,"조 장관이 해외 출장 중에도 국민을 위해 힘쓰는 모습을 보며 우리에게 큰 책임감을 느끼고 있고, 따뜻한 배려와 전문성으로 조심스레 상황을 헤쳐 나가고 있다는 생각이 듭니다.",1
4604,74,경찰 수사 역량이 강화된다면 시민들은 더 안전하게 살 수 있을 것이고 총리님의 지시가 꼭 실천되길 바랍니다,1
4605,75,나경원 의원이 정성호 장관을 비판하는 상황에서 공정한 시각이 필요하며 언제나 책임과 투명성을 요구해야 한다.,1
4606,76,국민의힘이 이번에 검찰을 압박하며 탄핵을 도입한 것이 진심인지 그들의 의도가 실제 정치적 압력인지 궁금하다,1
4607,77,양국이 서로를 이해하려는 노력이 느껴져서 기쁘고 한중 관계가 더욱 깊어지길 바란다,1
4608,78,조국 대표가 출마한다는 소식이 기대돼요 혁신당이 실질적인 변화를 이끌어 주길 바랍니다,1
4609,79,"정치를 위해 힘써온 검사들이 정치에 물들게 된 것은 안타깝고, 앞으로는 더 이상 부패가 없었으면 좋겠다.",1
4610,80,정의가 구현되는 순간 국민들의 불안이 커지고 모두가 진실과 투명한 조치를 요구하며 공정한 절차를 기대한다,1
4611,81,정치인들의 갈등이 너무 자주 일어나 사람들의 마음이 무거워지면서 혼자 고민하곤 하지만 희망을 찾으려 노력하고 있어요,1
4612,318,노만석거짓말따라쟁이유죄사퇴에 주진우''사표 아닌 함소장 접수했어야'',0
4613,318,얼굴이 간이 아파 보여요 그만 관두고 집에가세요 ㅎㅎ,0
4614,318,대통령은 직접 항소할때가 아니라고 말하고 재판진행시켜야 하는거 아닌가요? 입꾹닫하는건 대장동 몸통이 본인이라는건가요? 대장동 설계 이재명 당신 본인이 했다고 말한기사는 누구나 볼 수 있지요.,0
4615,319,진짜 최악이다 세금을 막 쓰네,0
4616,319,범죄자 한테 생가복원 왜해주냐 서대문 시구의원 민주당 소속 명단공개해서 지방선거 낙선운동 벌어야겠다 나라 꼬라지 잘돌아간다 조만간 이재명 정권 무너질것이다,0
4617,319,진짜 또랑이들이 많다,0
4618,319,제정신 아닌 애들 참 많아,0
4619,319,얘가 뭔 위인이라고 돈들여서 생가를 복원함? 어이가없네ㅋㅋ,0
4620,319,전과5범생가터? 개가웃겠다,0
4621,319,꼴보기싫은 4범... 그게 아직 대통령이라는게 짜증난다,0
4622,319,하다하다 별  호랑말코같은짓을 다한다  얼른 죽고싶다는걸까??  보통 죽고나면  그사람을 기리기위해  하는건데....,0
4623,319,왜 아주 그냥 동상을 세우자고 하지?,0
4624,319,여기가 북한인줄 아나본데,0
4625,319,이런꼴보기싫으면지방선거차기총선잘합시다,0
4626,319,쌩까지 말자!,0
4627,319,무엇으로 빛내서 나라가망하는길로가네,0
4628,319,세금 아까운줄 모르고 펑펑 써대겠다는 얘기로 들리네,0
4629,319,김일성생가  복원하냐?    니들 조만간    자다가  급사한다!,0
4630,319,저런짓좀 그만해... 누가됐던간에,0
4631,319,민주당이 만든 아버지신 그 신당 국민세금으로 하지 마라,0
4632,319,안동댐 김현지 대장동 김문기 등등 복원할게 많음,0
4633,319,서대문구 정신병원 들어서면 대박 나겠다,0
4634,319,교도소냐 ㅋㅋㅋㅋㅋ,0
4635,319,여기가 북한이냐?,0
4636,319,별 gr을 다하네,0
4637,319,서대문구 꼭 넣어야된다. 그래야 진보의 박정희로 이방원 느낌을 주장할수있음.,0
4638,319,맛이 갔네,0
4639,319,Z R도 풍년,0
4640,319,별 거지같은,0
4641,319,"무슨 생가 복원이 트렌드냐!!  국민 돈을 아까운 줄 모르고 마구 써대면서 나라빛 좀 갚아라, 제발",0
4642,320,정치적 책임? 이눔아 정신 못차렸네...이런건 구속해서 수사 해야함. 법적 책음을 져야지,0
4643,321,조국 벌써 튀었어요 머리가 딸려서 대리토론자 구해놓고 사라졌음 조대리 대리운전이나 해라,0
4644,321,7400억을 범죄자 뱃속에 넣어준 자들을 옹호하는 인간들은 뭐냐? 그들과 싸우는 한동훈을 비난하는 자는 또 뭐냐?,0
4645,321,조국은 지가먼저 한동훈한테 공개토론하자 해놓고는 누군지도 모르는 듣보 대타토론자 세우고 튀냐? 추.정.조 다같이 나와도 되고 오픈북도 된단다  다시 돌아와라 조국ㅋㅋㅋ,0
4646,321,조국은 대리시험도 모자라서 대리토론이냐,0
4647,321,다댐벼봐. 피하는자가 바보다,0
4648,321,"악은 넘치고 선은 귀하다 선을 넓힐 사람은 한동훈 밖에 없다는거 악은 악끼리 선은 선끼리 우리는 선을 택했다 
언제나 첫눈처럼 맑은영혼 행동하는 지성 정확한 나침반 한동훈 만이 나라살릴 자격을 부여해야된다고 생각합니다",0
4649,321,천지개벽 해도 천하무적 민심이있다 민심이 천심이다 국민이 이나라 주인이다 주권을 가지고 국민이 한동훈 님을 간절히 기다립니다 항상응원합니다 기대됩니다 사랑합니다 💜,0
4650,321,"한동훈이 답이다!!!
화이팅!!!!",0
4651,321,조교수  대리 시험  보는  건  유전인가봄,0
4652,321,토론은 이럴때 하는거지 안나오면 병X 한동훈 차기 대통령 화이팅,0
4653,321,성남시민들 돈 7800억 끝까지 회수해라~,0
4654,321,조국이는 대리가 특기였네 ㅋㅋㅋㅋㅋㅋ 한국에서 열심히 일하시는 대리기사님들 직업 이름에 먹칠하지 마라,0
4655,321,대리 대리 인생아 나와라~,0
4656,321,"조국과 대장동일당과는 한통속인가?
왜 이리  범죄자들을 쉴드쳐줄까?",0
4657,321,셋이너와도되고 오픈북도 가능하잔다 나와라 조국,0
4658,321,오픈북에 셋이 다 나와라,0
4659,321,한동훈 겁나서 이미 줄행랑중 범죄자가 어떻게 이겨 알고 도망간거지,0
4660,321,대장동 옹호하는 정성호 조국 추미애 토론하자 괴씸한것들!!!!  힘내세요 응원합니다 한동훈!!!,0
4661,321,그대 말이 틀렸다는게 아니라 지금처럼 판단할수도 있다는데 뭔 토론? 윤석렬한테는 찍소리도 못한 니가 나대니 짜증난다는게 요지인데...,0
4662,321,해드폰 비번이나 까고 뭐든 말해라. 별 같잖지도 않은 화상. 윤가 황태자 노릇에 윤가에게 폴더인사하던 넘이 무슨 낯짝으로 설치냐.,0
4663,321,세열이 오늘도 한동훈 덕에 밥 빌어먹네? ㅋ,0
4664,321,해병대 순직사건과 틀린게 뭐냐 다른건 검찰엔 박정훈 대령 같은 검사들이 한명도 없었다는거,0
4665,321,이왕이면 엠비씨서하자,0
4666,321,비번이나 까고 나대라,0
4667,321,주댕이빨은 인정! 그 옛날 진중거니도 거니 쉴드 칠때 대단 했었지!! ㅋㅋ,0
4668,321,불러주는데 없으니 그냥 여기저기 들쑤시고 다니는구나 깐족이,0
4669,321,이 한낱 일개 개가 머라노,0
4670,321,조씨는 이름부터 바꿔라 아깝다 대리시험에 대리토론까지 한심하구나조씨,0
4671,321,찌질한 ㄴ. 랜선에서 열나 떠들더니 바로 꼬리 내리네 ㅋㅋㅋ,0
4672,321,한동훈 나랑 토론하자~~  자신없냐???  토론한거면 댓에 토론장소랑 시간 남겨~~  니 연락처하고. ~~  자신없으면 짜지고~~~,0
4673,321,전과자정부(33범) 답게 비리로 얼룩져가고 또 범죄를 쌓아가는중.,0
4674,321,"찍찍이들 찍찍.
찍찍찍.",0
4675,321,아니 ㅋㅋ 무직에 sns에 글이나 싸는 놈이랑 무슨 대화요 ㅋㅋㅋ,0
4676,321,"OOO이  꼬르깝  강남8학군 ㅇㅋ
어디로?",0
4677,321,깐족이는 요새 피자배달 안하냐? 또 짤렸냐? 예전에 빨아주던 것들이 없어지니 너무 초라해 지는구나.,0
4678,321,"당대표,대선때  한동훈 tv토론 하는거보니...그많은 공격속에서도  ...꿋꿋히 할말 잘하더라...어떻게 그리 똑똑하냐? 컴퓨터가터~~",0
4679,321,마 니는 정치하지마 니까짓게 베트콩들 조선소에 들라가 또 개판됐다 자신있음 한화 서문와서 심판받아라,0
4680,321,전직 법학교수님. 제발 토론 나와서 우리 한가발님..한방에 보내 버리세요..제발요...경심언니 치맛폭에 숨지 마시고요,0
4681,321,OOO 주접,0
4682,321,"왜 이제와서,,,,,끈떨어지니 똥줄이 탓냐,,,,,,ㅋㅋㅋㅋ",0
4683,321,민간인이 뭐라니 ㅋㅋ 너랑 놀 시간없다.,0
4684,321,이사람은 토론이 안되는 사람이잖아. 그런데 토론하자고 제의를 하네? 토론이 뭔줄 알고 하는건가?,0
4685,321,"니가뭔데  윤정부 때는
찍소리 못하더니",0
4686,321,국민 앞에서 공개토론을 하자고 제안했는데 ~~~  한놈도 답하는 놈이 없네 ~~ 한동훈이가 겁나긴    겁나는것   같네 ~~  쓰레기들     주디 만    살아가지고 ~,0
4687,321,"한동훈 만이 살길이다 
목숨걸고 국민지킨 한동훈 계엄해제 시키고 나라구한 한동훈 한동훈 이 옳았습니다",0
4688,321,조대리 오픈북도 괜찮대 토론할겨?,0
4689,321,"급두 아되는게 
오바는",0
4690,321,한동훈 이기면 더듬당 응원한다~ㅋㅋ,0
4691,321,사호복지적으로 접근해야 한다. 이 사람은. 쯧쯧,0
4692,321,알긋다  알긋쓰  함  하자  대신  뚝껑은  꼭  벗고  하는거다  알긋제....??  ㅋㅋㅋㅋㅋ 디비진다디비저 ㅋㅋㅋㅋㅋ ㅋㅋㅋㅋ,0
4693,321,그 바쁜 사람들이 치킨 배달 취미로 하는 일개 유튜버를 왜 만나?,0
4694,321,쪼 극 나와라,0
4695,321,어  알겠어...니혼자  글이나  싸지르고 놀아..,0
4696,321,그 기백 윤석열이 즉시항고 포기 했을 때는 왜 개장수 앞 OOO 처럼 찍소리도 못 하고 엎드려 있었을까?,0
4697,321,꺼져,0
4698,321,조국은  씨발 한씨가  뭐냐  무식한티가 아니라 진짜 무식한거야 저러니 조씨로 바로 조롱당하지  어떻게 서울대법대교수를 했지,0
4699,321,민주당 것들 쳐발릴거 생각하니까 무서운가보지 ㅋㅋㅋㅋ,0
4700,321,니가 뭐가 되니?? 유투버야? 국회의원도 아니고 암것도 아닌 게 몸값 올릴려고 발악을 하는 구만.. 지금 검사들 니 후배들 아닌가?? 참 잘 가르쳤네~~,0
4701,321,너는 격이 안맞아서 못한다 ㅋㅋㅋ,0
4702,321,시건방떠네!,0
4703,321,아직도 정신나간 찍찍이들이 댓글 짓 하는구나. 참 못난것들.,0
4704,321,"라방아, 조국 대표가 단기필마로 국회 교섭단체와 거의 맞먹는 혁신당 세우는 과정 못 봤냐. 아무것도 없는 황무지에서 말이다. 윤수괴 초대 법무부 장관, 내란당 대표, 내란당 비상대책위원장..... 윤수괴 정부에서 그렇게 꿀을 빨고도 네가 한 게 대체 뭐냐. 지금 내란당에서 너하고 손잡은 의원 몇이나 되냐. 조국 대표는 너하고 완전히 급이 다르다는 걸 들어보니까 알겠지? 조작검찰다운 입술 받아치기 기술 하나뿐이면서 왜 맨날 나와서 깐족이느냐. 어서 집에 들어 가서 발이나 닦고 자거라.",0
4705,321,국힘에서 아무런 지분도 없는 한동훈하고 누가 토론을 할까..한동훈이야 본인 몸값 올리고 좋겠지만 다른 사람은 남는 것도 없는 장사를 뭐하려고해...,0
4706,321,"존재감 없어 잊혀져 가니 본인 보다 급이 높은 인사들을 톤로 상대로 지목해 몸값 올리고 존재감 나타내려고 수작 부리는구만! 잔머리 굴리지 마라""",0
4707,321,아무도 찾지 않으니깐 똥줄 타나 봄.,0
4708,321,이느미 정성호 추미애랑 급이 같다고 생각하나봐 에끼 이느마 넌 급이달라안되  국민이 지지해줘 국회의원 뺏지한번도 못달아본것이 어디에 들이밀어 다신 헛소리하지마라 윤석열 총쥐어줘서 풀어준다 그럼 어찌되는지 알지??,0
4709,321,얘는 토론이 아니라 깐죽거리기만 하잖아! 유시민과 한번 해봐라,0
4710,321,"엘에이치는  강제수용  저가매입토지를
택지조성  저가로  건설업자들에게
팔아  수십조원씩 벌어도  입쩍도
못하는 자들이",0
4711,321,ㅎㅎ깐족거리게?,0
4712,321,뚝껑아  빵  드가서   쥴리누나하고   토론해라  저한테  누나?  저한테  왜?  그라셨써요... 탕  탕  탕  ㅋㅋㅋㅋㅋ  ㅋㅋㅋㅋ 아놔 개욱기네 ㅋㅋㅋㅋㅋㅋ 아이고 ㅋㅋㅋㅋ ㅋㅋㅋㅋ 어엉엉ㅋㅋㅋㅋ ㅋㅋㅋㅋㅋㅋ ㅋㅋㅋㅋㅋ,0
4713,321,"뭐 돼?
급이 되는 사람들한테 들이대야지.
내란 수괴 하수인이었던 아무 것도 아닌 것이 어디 현 법무부장관, 전 법무부장관, 공당 대표와 토론을 해?
그냥 혼자 관종 유튜브나 해",0
4714,321,"자네가 토론을 ~~
ㅋ ㅋㅋㅋㅋ 
깐죽이는 자가",0
4715,321,국힘에서 상대 안해주니 동훈이가 조급하구나? 깐족이랑 무슨 대화를 하냐~,0
4716,321,그래좋다...   단   뚝껑은  벗고  토론하자!!!  어쯔냐??  ㅋㅋㅋㅋㅋ 디비진다디비저 ㅋㅋㅋㅋㅋ ㅋㅋㅋㅋ 아놔 진짜 개욱기네 ㅋㅋㅋㅋㅋㅋ,0
4717,322,노만석 사의로 끝났지만 ‘수사지휘권 논란’과 ‘검란’으로 난장판 된 검찰조직 -&gt; 경향신문 제목 뽑는 것 봐라 -&gt; 안 끝났어!. 이제 시작이다.,0
4718,322,김규현 변호사를 검찰총장으로 임명하자. 검찰 해체후 중수청장이나 기소청장으로 임명하고.,0
4719,322,사퇴가 문제가 아니고 항소포기하는데 연관 있는 자 모두 현직에서 물러나고 수사받고 수천억 토해 내게 해야 한다,0
4720,323,니집앞에 건물세워라 세훈아,0
4721,323,오세훈 제정신이냐? 종묘앞에 빌딩세우지마라,0
4722,323,사기꾼재명이 한테 사기당했냐.? 꿀먹은벙어리처럼 한마디도 못하게... 자격없는 작자들이네...,0
4723,323,여당 야당 할것 없이 이불속에서만 활기쳐대니 … 이래놓고 어디가면 대접받고 싶어하겠지!!!! 집에서 키우던 개가 정치를 해도 이것보다 잘하겠다 정치인들 정신차려라. 서당개 삼년이면 글을 읽는다는데 국회의원 장관 요직들 삼선사선 하면 뭐하냐고 변하는거없이 권력 욕심만 내면서 그래서 동물보다 못하다는 것이다.,0
4724,323,윤석열정권  3년간 내란 계엄으로  코스피 2400 폭락  이재명 대통령 취임 6개월만에 코스피 4150   국가 국민  민생위한 누가 진짜 대통령이냐?,0
4725,323,우우우 국힘 하남자 우우우,0
4726,323,대갈에 내란뿐이였던 장애자들이 무슨말을 하겠나요? 실력도 바닥인데 전직 변호사랑 말빨이 되겠나...,0
4727,323,국짐당 내란공범들 부터 처리하고 시작해야 할 듯,0
4728,323,"얼마안된 기간이지만 대통령 역대급이지 뭐 
맞잖아 일 졸라하고 성과 내는데 뭔 쌉소리해봐야 트집 잡는거밖에 더 되냐",0
4729,324,"투서가 사실로 확인되면, 보상과 승진이 이뤄줘야 정의사회 구현이 앞당겨지게 될 것이다.,,,,, 집권만 하면 나랏돈 빼돌려 착복하는 가짜보수 내란당 때문에 한국사회가 엄청나게 썩고 부패해졌다.,,,,,,, 미국 보수 우파인 공화당이 민주주의 파괴하고, 헌법 뭉개고, 법치 훼손하고, 나랏돈 빼돌려 착복하디???,,,,,,,내란당 이건 그냥 쓰레기 범죄단체일 뿐이다.",0
4730,325,하긴 YTN이 아직도 정신 못차리고 방송하더라..3년전에는 뉴스하면 YTN였는데..,0
4731,325,Ytn원상 복구시켥ㆍ,0
4732,325,전과다범정권파이팅💋💋💋,0
4733,325,그 결기 사표로 이어 지시길 바랍니다 검새님들,0
4734,326,"狗, 가튼 놈~",0
4735,327,뇌가 있나없나? 권력이 그리 좋을까? 구멍에 얼굴 쳐박은 펫이 보인다!!,0
4736,327,넌 사퇴가 아니고 구속 수사 받아야지,0
4737,328,넌 일상적으로 외압을 하는구나. 위험한 놈이네,0
4738,328,범죄자 정권이라 그런지 범죄가 일상인가 보네,0
4739,328,국민을 얼마나 우습게봤으면 일상적으로 하는 애기란다,0
4740,328,정성호 법무부장관 사퇴해라 슬슬 🐕 기지말고 조만간 감빵갈 준비나 해야지 좌파들은 입만열면 거짓말이고 뻔뻔하고 거만해지고 반성조차도 없는데,0
4741,328,일상이 조폭.. 정성호 내려오고 이재명도 내려와라.범죄자 대통령 필요없다,0
4742,328,이따위 인간은 잘못이란걸 모르고 살지.....애초에 잘못이란걸 인지 하는 인간은 이따위 정부 법무부장관으로 수락하질 않을테니....,0
4743,328,전정부 윤석렬대통령은 일상적으로 화내는건데 격노설 어쩌고 하며 3년내내 수사 하고 있잖어,0
4744,328,권력시녀가  되느냐? 소신을 지키느냐? 그것이 문제로다...정성호는 한동훈보다는 소신 못지킬듯...감수할 사항이 너무 많으니,0
4745,328,정성호 구속해라! 누구지시인지 밝혀라!,0
4746,328,개소리 치우고 당신도 사퇴하라,0
4747,328,외압이 일상이라는거네,0
4748,328,"정성호는 혼자 정이를 위한척 하지만
  아주 비열한 인간이다  겉과속이 다른
  정의롭지 못한 인간...",0
4749,328,감방에 갈 일만 일만 남았다. 해병특검과 뭐 다르니? 내가 보기엔 더 중하고 야비한 위법이구만.. ㅜㅜ,0
4750,328,일상적으로 거짓말하고 다녀도 된다 이거지?,0
4751,328,민주당 인간들은 비호감 많을까  거짓말선동질,0
4752,328,일상적으로 외압을 행사 했다는 내용임. 돌려까기,0
4753,328,"범죄자에게 돈을주자고 검사,법무부장관이 나섰다 이게 나라냐!!! 누구지시인지 조사해라",0
4754,328,정성호 사퇴시켜라!,0
4755,328,이재명 패거리들의 수준이 딱 저런거지. 그래서 전라도가 몰표를 준거 아니겠는가.,0
4756,328,공수처장 이 허수아비는 머하냐??  늬들이 수사해야하는거 아님??,0
4757,328,뭐라 일상적인 말이라고 야 이 사람아 일상적인 말을 했다면 검찰에서 대장동 사건 항소 포기는 잘못된 결과라고 항의 하는것은 당연한 것이 아니냐 그런데 민주당 대표는 항명한 검사들을 사법처리 하겠다고 강력하게 항명이란 말을 할수가 있단 말이냐 법무부 장관인 당신이 명령을 안했다면 어떻게 항명이란 말을 할수가 있단 말이냐 만약 당신 말대로 일상적인 말을 한 것이 맞다면 민주당 대표나 그 외 항명이라고 떠벌이는 작자들은 법에 대한 법자도 모르는 무식하고 무식한 국회의원들 이란 말이냐 뭐냐 그러니 국민들을 더 이상 속이지 말라는 것이다,0
4758,328,그럼  니  신분을  잃엇다    당장  내려온나  니가   일반인인가   중립을  지켜야지   ㆍ일반적인  얘기   장관이   니맘대로  시부리는  자리가   이재명 한테  그렇게   아부하면  니  대통령 후보 해준다  하더나    양심잇게  살아라,0
4759,328,그럼 이렇게 후속 질문 했어야지.  일상적으로 하는 얘기라고 했는데 지금 민주당 대표와 원내대표가 검사들이 항명 했다고 징계해야 한다고 강하게 주장하고 있다. 법무부장관이 보시기에 지금 검사들이 항명한것이 맞습니까?  본인 입으로 지시 안했다고 했잖아요. 검사들이 항명한것이 맞습니까 아닙니까?,0
4760,328,내가 애기하면 통상적으로 하는 이야기 니가 하면 외압이잖녀,0
4761,328,"당신이  평민이면  이런얘기 통한다고 생각해요 ㅡ요직의 장관이  할말이 아닌것같다
책임지고  물러나야 할것이다",0
4762,328,정성호  저수지  수문장,0
4763,328,너네들도    머지않아   특검에서서       울고     있겠지,0
4764,328,"이젓명 내란 외환수괴 불법강탈한 대통령자리 한번에 당선무효시키는 방법
조희대 대법원장님이 이젓명 파기자판해서 이젓명 날리는 방법",0
4765,328,멍멍 🐶 멍멍,0
4766,328,국민들앞에 보란듯이 7000천억 사기치는 저 범죄집단은 꼭 처벌 받아야된다~..,0
4767,328,캬 일상이 불법인그당,0
4768,328,똥덩어리 같은 놈~ 아주 국민들을 개돼지로 아냐?,0
4769,328,그런식이 일상적으로 하는 짓이면 앞으로가. 더 큰 일이다,0
4770,328,꼿꼿한 선비인줄 알았건만 바람에 흔들리는 갈대였어...,0
4771,328,전혀 죄의식없다는게 더 문제아니냐 좌뺠들은 정신세계가 남달라 ㅎㅎㅎㅎㅎㅎ,0
4772,328,그게 일상이면 생활화됐단 얘기네.ㅋㅋ,0
4773,328,진짜 악마 새끼네,0
4774,328,당장 사퇴해라 ~ 얘들은 죄를 짓고도 너무 뻔뻔함,0
4775,329,내란수괴 10써열 친윤 🐕 검들은 전부 감옥에서 생을 마감 시켜야한다 👍,0
4776,329,"똑똑한 학생 시절 지나고 법을 배워서 결국 한다는 짓거리가 권력자 눈치나 보고 가진 권한을 함부로 휘두르는 짓을 하는 거였나, 뒤돌아 보면 인생이 정말 하찮은 모양새겠다.",0
4777,329,이런게 국민의 혈세로 월급 받고 특권 누리는 검사고 공직자냐!!! 국민들 혈세 주지마!!!,0
4778,329,감방가서 생각하라,0
4779,329,하도 죄를 많아서 물어본다 무기징역이 두가지면  어덯게 되는것이냐 정말 의심 스럽우니 답변달라.,0
4780,329,"개검들 특기는...입벌구!
입만 벌리면 구라...개검들은 몽둥이가 약이다",0
4781,329,박수!,0
4782,329,개검들아 찢어진 입이 있음 멍멍 짖어 대 봐라 ㅋㅋㅋ,0
4783,330,조국자신이 없으니 제3자로 내세워 니말이 맞으면 나와서 정정당당히 토론해서 국민앞에서 니말대로 잘못된거면 확인시켜주면 되는것아닌가 왜 자꾸  피하는지 모르겠네요,0
4784,330,큰소리 빵치니....무식이 탄로 날까봐...꼬리를 내리는 구나...그렇게 입이 싸더니...실력자를 만나니 꼬리를 내리는 구나...한트럭이 와도 한 대표에게 안된다....쫄아서 앞으로는 대단히 부끄럽겠다...,0
4785,330,조국이 쫄았네~~ㅋㅋㅋ,0
4786,330,자기 당 대변인만도 못한 놈~쓸모없는  놈~~죄국이 니 죄는 아느냐??  모르면서 아는척 한  무식한죄~~그래놓곤 토론하자니  36계  줄행랑~~성적위조범 잡범 네 놈이 그렇지뭐~~,0
4787,330,한동훈하고 더듬당 법무부 장관들 토론하면 시청률 대박일거다!! 왜냐면 한동훈한테 탈탈 털리거거든..그 이유는 한동훈이 토론을 잘해서가 아니라 진실과 팩트를 말하기 때문이다...나머지 애들은 찢재명이 쉴드치느라 말도 안되는 이유과 법리로 개솔을 지껄이겠지..그걸 본인들도 잘 알기 때문에 그래서 못나오는 이유 이기도 할거다!!!,0
4788,330,"맞는말이죠,조씨는쫄아서못나오나봐요.대표님이오픈북도허용해준다고했는데도~~ㅋ",0
4789,330,국이는 머리가 훈이에게 쨉이 안되지.  머리 안좋은 국이도 이정도는 알거든,0
4790,330,조국 김어준 이재명 다 델꼬 나와라 떨지말고,0
4791,330,조국이는 한동훈이 발끝도 못따라간다. 지금하는짓을보면 생각도 영혼도없는 깡통같은인간일뿐이다.,0
4792,330,죄국  도망가느라  꽁지  빠졌지?  그러니  무식한거티안내려면  입 다물고  살아야지~~  감히  누구앞에서  아는척이냐?,0
4793,330,잡범 조국과 검사 한동훈이 말섞는건...토론이 아니라 취조라고 하는게 맞는거임,0
4794,330,"역시나 한동훈 👍
조국아 대리시험에 이젠 대리토론
푸하하하",0
4795,330,저런사람이 어덯게 서울대법대교수를 했을까. 한심타,0
4796,330,"쪼국이  한번 나와서 토론해봐라
  실력이 안되지  가만히 있으면 체면이나 서지     실력이 없으면 조용히 있어",0
4797,330,죄국아 쫄았지??  너두 잡법 얕은  법리뿐이니 오죽하면 대변인  핑게댈까??,0
4798,330,조국이가 토론에 응해 하늘이 두쪽 나봐라 조국이 응하나 ? 한동훈 이 한테 발려서 실력 뽀롱 날텐데,0
4799,330,토론 5분 만에 개털림. KBS 공영방송은 이런 토론을 주관하라.,0
4800,330,아이구 모지리,0
4801,330,무식하면 용감하다더니 조국을 두고 한말이네 대리시험에 대리토론이라니 ㅋㅋ 모양새뻐지는소리가 전국으로  펴지네~~,0
4802,330,조국 추미애 정성ㅎ 한동훈하고 붙어라  한동훈한테 나가 떨어지는 꼬류보고 싶다,0
4803,330,"쪼국이 나와라!
범죄자ᆢ쫄리지?
ㅋ",0
4804,330,조구기       비열하고    한심한거   알았지만    역시  비겁하네,0
4805,330,조구기 꼴뚜기ㅋㅋ 무식 탄로 날까봐 빼넹.쫄보ㅋㅋ,0
4806,330,조국 한동훈과 붙는 순간 너덜너덜해 질 거 본인이 더 잘 알거든,0
4807,330,조국이가 아직 현지한테 허락을 못받은듯,0
4808,330,평소 온갖 개폼잡다 막상 토론 하자고 하면 .... 찍소리 못하고 뒤에서 궁시렁하지! ( 청렴한 정치인이면 왜 토론에 안 응하겠는가 ) 🤣,0
4809,330,쪽  극아 나와라,0
4810,330,무식하다안할께 조구기 나와라 ㅎㅎ,0
4811,330,조국 떨고있나,0
4812,330,"위조에다 , 성폭력에다 ,
이제는 대리토논이냐",0
4813,330,비겁한 자식들. 애초 모르겠으면 나서질 말던가. 특히 조국 너 말하는거다,0
4814,330,조국 인간은 진짜 비겁하네요,0
4815,330,대리토론 어울리네~  그려 전문가여 ~,0
4816,330,조씨는 뻔뻔한 조작존재!!,0
4817,330,그럼 조국 본인은 뭔 낯짝으로 공익을 대변한다는 거임??본인이야말로 자격 운운할 자격이 안 되는데ㅋㅋㅋㅋㅋ,0
4818,330,꾸기는 토론에 응하라~니후배잖아~한방에 날려버림 바로 차기 대선주자 일순위다~허나 한방 제대로맞음~패가망신이겠고~,0
4819,330,에이 조국이 할까? 사시도 못붙는 넘이? 안하다 할껴 왜냐 무식이 탄로나거든 오픈북이면 한다 하려나?,0
4820,330,결국 조국은 자신이 없는거네. 하기야 대학내에서도  이상한 법리를 학생에게 지도하다가 학생들이 어리둥절 했다고 하니...수준 알아봐야겠다.  금수저로 태어나  싸기지없는 오렌지 병에걸려  입으로는 왼쪽  누리는건 오른쪽에서 다해먹고 말로만 진보지 집안 꼬라지보면 최상류  부르조아  아닌가? 공부나 제대로했나? 학교 토론시간  자신 말만 내던지고 토론 무서워  자리뜨는 인간이?,0
4821,330,맞습니다,0
4822,330,죄국이 쫄?,0
4823,330,민주당 의원 전원과 1vs100으로 붙자.,0
4824,330,아그야 쫄리지 ㅋㅋㅋ,0
4825,330,덤앤더머,0
4826,330,한동훈 한놈한테 다들 개쫄아서 나서지도 못하네ㅋㅋㅋㅋㅋㅋㅋㅋㅋㅋㅋㅋㅋㅋ,0
4827,330,혁진이 말은 늘 바르다.,0
4828,330,뭐 사시패스못한 수준만 드러낼까봐 쫀거짘ㅋㅋㅋㅋ,0
4829,330,"조국이   한동훈과   토론회를  할  지식과  법룰적인  ㆍ정치적인  학식이 있을까  의문이다
  교수 때  강의 내용을 듣고 과연  교수 수준의 강의인지 도저히  이해할 수 없는 지식과 학식이였다   그런  그가 자신의 능력을  모르고 한동훈과 대화시  모든 지식이  들통나기에 절대 나서지 못한다

  조국이  차기를 생각하고 대화  능력이  있었다면  왜  나오지
  못하고 자신의 측근은 내세우겠는가
  어림없는 놈으로 깊이도 없다",0
4830,330,"조국 꼬리 내리네
  너는 한동훈의 한주먹도 안돼
  머리에 든것은 오직 뭐라도 해 처먹으려는",0
4831,330,조국  찌질하네,0
4832,330,교수니을 추천합니다,0
4833,330,ㅋㅋ 조대가리가 쫄리나보네~~,0
4834,330,한동훈한테어느것한논리건법리건제오점만더들어날것같으니말도않되는구실로피할려고용쓰네쓰레기범죄자새깽이가너란족속은네에미애배와새깽이들까지네떨거지는삼족이멸종되야할해충들이다,0
4835,330,국민 앞에서   공개토론을 하자고   제안했는데    ~~~   정성호 · 추미애 · 조국  중   한놈도   답하는   놈이   없네     ~~   한동훈이가    겁나는것   같네   ~~    예전에   죄명이도   꼼짝  못하더구만  ~   쓰레기들   주 둥 이만   살아가지고 ~,0
4836,330,조국 찌질하네. 한동훈이랑 토론 붙기가 두려운갑네. ㅋㅋㅋ 추미애도 ㅋㅋㅋ,0
4837,330,젓국은 비겁한 개양아치,0
4838,330,쫄리면 되지시던가 젓국아 쪽팔리지도않냐 싸움판에 질것같으면 대타를 내보내는격이지  등응신,0
4839,330,한동훈과 명태균이 일대일로 해봐라,0
4840,330,칠푸니와 팔푸니의 버라이어티 쑈냐?,0
4841,330,"이자들중 제대로된 법무장관이 있냐? 한동훈,조국,추미애 개찐도찐.",0
4842,330,가발 벗은 안농운이 조국과 댓거리 했다가 개쪽 된다,0
4843,330,소수정당의 대표 VS 일반인 하고 한가롭게 어느 누가 토론을 허냐?,0
4844,330,한동훈이는 배신자 면 배신자 답게 자숙의 시간을 갖고 조용히 정치판을 떠나야지. 배신자가 너무 나대는 거 같다. ❤️,0
4845,330,나이도 어리고 경험도없고 석렬이꼬붕에다가 급도안되는애하고 무슨 토론이니,0
4846,330,"놀고 자빠졌네, 한동훈이 뭔데?  윤석열  똘마니 주제에 무슨토론, 동혁이한테 잘 보일려고 노력하는 모습이
애처롭기까지 하구나,",0
4847,331,얍삽한 눔,0
4848,331,"대역죄인,1번문제인,,2번이재명,3번,정청례,,",0
4849,331,철새 언주꽈,0
4850,331,이놈도 딱히 할말이 없으니까 주구장창 거니타령을 하네. ㅎ 이미 깜방에 쳐들어가있는 사람 계속 씹어대면 머 나오냐? ㅋ,0
4851,331,상욱아 근거 있냐? 판결 낫냐? 무죄나오는거 두려워하는 특검 봣냐? 방송이나 지역이나 역쉬 광주는 문제구만,0
4852,331,이런  놈  필요없다    ~~   잘   사라졌다   ~~    내년에    쓴맛을   볼것이다,0
4853,331,대머리 뱁새눈 새끼 생긴대로 노네 ㅋㅋㅋㅋㅋㅋㅋㅋ,0
4854,331,넌 입닥쳐라 트로이목마놈아,0
4855,331,전라도,0
4856,332,진짜 이해가 안되는게 민주당은 자기 잘못들은 대부분 무죄 낼려하고 국힘애들 잘못은 어떻게든 잡아서 넣을려하는게 독재아니냐? 국힘을 감싸고 싶지는 않은데 국힘애들을 넣을려면 자기들도 똑같이 재판받고 해야지 국민들이 이해를 하지 자기들 죄는 그냥 어떻게든 덮어버리려하네.. 대단들하다..,0
4857,332,니가 찢 지지한 댓가야 그냥 집에서 손주나봐라,0
4858,332,좆선 출신 인물의 말을 그대로 믿는다는건 지능 수준이 처참하다는 증거지,0
4859,332,그런데 우끼는건 장동혁이 그 격분을 누그러뜨린다는거 . . .? . . .장동혁은 .( .윤꼴통이 미친짓 안했으면 지금쯤 교도소에 있을 생계형 잡범 ) 이재명  도우미 ?. . 기쁨조 ? .  그냥  남자 김건희지,0
4860,332,아무런 격분 안느끼는데,0
4861,332,할배 ㅋㅋㅋㅋㅋㅋㅋㅋ오늘 여조도 이재명 지지율 또 올랐는데 길럽같은 거 보니까 혼자 그렇게 느끼는 거 아니에여ㅋㅋㅋㅋㅋㅋㅋㅋ,0
4862,333,미   쳐    설   치고     있다    ~~    밥줄   다  자르면     너그   놈들은    온전  할 줄  아나?,0
4863,333,"공무원도 국민이다!! 공무원 사회를 억압, 국민의 표현의 자유, 거주이전의 자유 등등  이정부는 정말 해야할 관세협정은 내뺑개치고  국민을 억압하고 삶을 힘들게한다!!!",0
4864,333,"아니 공무원들이 내란에 동조했다면 당연히 신상필벌해야지.

OOO 아니냐",0
4865,333,고위직 공무원도 종북좌파로 물갈이하라...ㅋㅋㅋㅋㅋㅋ,0
4866,333,쓰레기 기자 신문사도  조자해야 한다.. 문명 내란신문사가 있다.,0
4867,333,어떤놈들이 그러대?,0
4868,334,전라도,0
4869,335,이게 말이됩니까? 열불나 못살겠다 정성호 탁핵하고 전재산 몰수해라 ~~~ 7천 4백억 혈세 돌려놔라,0
4870,335,재명+민주당의 행보가 윤썩년과 닮아 가는 모습. 의문이 있어면 풀어가야 하는데 아닥 시키고 그냥 시간으로 버티는 모습은 결국 윤썩년의 패망한 모습으로 돌아 갈 것 같은데 많이 찹~찹~하다.,0
4871,335,죄명이     노예들아    시키는대로   다 하냐?     ~~    줏대도   없는   사법부   검찰  나부랭이들    ~~    스스로    개혁대상이   되어가게    행동을  하고   있다,0
4872,335,"완전히 꼬리 자르기 수법같네요  법무부 장,차관과 그 윗선을 보호하기 위해  검찰총장 대행 사의 하는것 같아 안스럽네요  그럼 사의하는 사람에게도 항소포기한 댓가로  뭐 배당금 같은것 주는 것인지 ?  사의를 하더라도 항소포기에 대한 국정,국감을 해야 될것같네요",0
4873,335,노만석!  너무나 부끄러운 일을 했소!!! 비겁하고 무책임하고 국민 우롱까지~범죄자편인 사람이 찌질하기까지ㅠㅠ,0
4874,335,정치 잘하는 대통령에게 딴지 걸지 말아라. 국힘은 가만이 있는것이 애국이다.,0
4875,335,"진짜 이재명이 경제를 살리는거 맞는데 잘못은 제대로 잡고 넘어가야하는거 아니냐? 무안공항부터 해서 대장동, 음주운전 등 지금 아무것도 처벌 안받고 넘어가는게 정상인가? 이태원참사랑 세월호때 대통령 닥달해서 빨리 조사해라고 해놓고서 무안공항사건때는 유족한테 ""기다리세요"" 이렇게 말하는게 정상인가? 경제 잘 살리는건 인정하는데 죄는 제대로 처벌받자",0
4876,335,가족들이 꼭 붙어계세요. 전화 받고 혼자 나가지 마시고. 몸에 도청기라도 장착하시고. 진짜 걱정됩니다.,0
4877,336,애초에 선택지 준게 외압인데 뭘 ..,0
4878,336,상납 받기 바쁠태데 왜 기어 나와 참 한심한것,0
4879,336,검찰이 그렇게 중요하게 생각했으면 징계 각오하고 항소 했었어야지.,0
4880,336,시끄러워 입맛~~,0
4881,336,정말 궁금한데 평상시에 그 여야당을 다 떠나서 이사람은 다른사람들(all people)이 전부 뭐하고 있을때 뭐하나요..? 지만 뒤에 빠져있다면 그는 모두가 빠져있을 때 무언가 건널도~ ~난리~일 수 있습니다.. 근데 그것이 꼭 rpodutcs만 의미하는 것이 아니라 forinmation일수도있음..,0
4882,336,전회로 접촉한 게 압력이다.,0
4883,336,법앞에 모두 평등한데 .... 무슨 재주로 재판을 안 받는지 ....참 .....ㅠㅠ,0
4884,336,양두구육 했으면 반성하고 찌그러져  있어라,0
4885,336,"가장보기싫은 새끼
쌍판대기 보기싫다
다음엔 니차례여",0
4886,336,50억  퇴지금  수사는  왜  무죄나왔죠  검찰이  환수해서  직접  저축은행 피해자 나눠쥐야죠  지금 조용하네요,0
4887,336,준색아~~  넌 짖을권리조차없거든 두번이나 공산당한테 정권넘겨준 매국노가 어디서 짖어되냐 문죄인 이죄명 대통령 만들어준게 너자나 제발 죄명이비판하지마라 너랑 한동훈 이준석 홍준표 안철수 한덕수 이것들은 이죄명 비판할 자격조차없는것들이니까 더러운것들~~,0
4888,336,시알리스 똘마니 입좀 닥쳐라,0
4889,336,준슥이는 가만히 있어라 살빠져 임마,0
4890,336,준슥아 ~~~ 다음은 너다.,0
4891,337,민주당 패널들 하루전 옹호하다 확 달라져서 드럽게 욕하더라.불쌍하네..자업자득,0
4892,337,어리석은인간. 명분도 없고 책임도 없고. 리더쉽도없는 남탓만하고 떠나는 무능한검찰 모습이네.,0
4893,337,노만섭 검찰총장 대행이 이재명 정권에서 임명한것 아닌가 ? ^^ ~~ 노만섭 검찰총장 대행이 용산과 법무부의 눈치를 보고 후배 검사들 앞에서 나도 힘들었다고 하는 이런 찌질한 사람을 검찰의 대표로 임명한 사람이 책임져야 하는것 아닌가 ? ~~ 윤석열 때는 욕하더니 이재명 때는 이용하는 것인가 ? ~~ 개혁과 적폐 청산의 목적이 내 입맛에 맞게 움직이게 하는건가 ? ~~ 그게 윤석열이랑 뭐가 다른가 ? ~~ ㅉㅉㅉ,0
4894,337,짜고치는 고스톱이여 총대 매고 나갔다가 요직에 땡겨주겠지 찢정권 자체가 범죄 로펌이잖여,0
4895,337,변호사 개업해 7800억원 벌어라. 더불어 돈봉투 돌려 받아 먹어 더불어 터진당 민주당 아버지 전과 4범 9개씩 기소된 피의자 5개씩 재판받는 범죄호소인,0
4896,337,이재명 죄있는거 100%네 죄없는데 대통령이된 상황에서  저렇게까지 할필요가있나...법적으로 문제가 있으니 배임죄도 없애고  허위사실공표죄등법까지 없애고 바꿔서 자기죄 없앨려구 발악하시는거아닌가,0
4897,337,이재명이가 시켜서  그랬다고 이실직고하고  사퇴하면  진정한 애국자가 될거다.,0
4898,337,정치검찰들 철저한 수사로 처벌해야한다.,0
4899,337,구속해서 몸통 밝혀라,0
4900,337,"토사구팽  .이따로 없네 !

나같음. 접시물에 코박고..간다",0
4901,337,노만석이는 크린시스템을 위해 있는거 다 말하고 가시요.,0
4902,337,亡석이 이놈. 국민들한테 칼맞고 싶지는 않는가 보다. 쓸개빠졌더라도 사람봐서 충성하든지.개한테 충성하든지 했어야지.생선망신은 꼴뚜기가 시킨다더니. 너는  꼴뚜기만도 못한놈이다.쯔쯔  귀빡머리를 갈기고 싶다,0
4903,337,찌질했다.  차라리 항소장 당당하게 접수하고 윗선으로부터 찍혀 나가는게 낫지 자기 부하들에게 내쳐지다니..  참으로 찌질하다.  조만간 수사받길 바란다.  그윗선이 있다는건 모두가 알고 있으니.,0
4904,337,"윤석열이 털 때 침묵했던? 그것도 잘못이고, 이것도 어처구니 없는 항소 포기이긴 한 것 아님? 솔까 지금 검새들이 짇어 댄다고, 뭐가 바뀜? 왜 메세지(개별 사안)를 분석 않고, 메신저(검새 무리)들의 행태만 욕하며 퉁 침? 니들 다 댓글 오토봇? 뇌 작동않는 죽창병?",0
4905,337,사의로 끝날일이 아닌겨,0
4906,337,"내란수괴 시간으로 계산해서풀어줄땐
  아가리 닫고있던 쓰레기 개검집단
니들은 대한민국에 적폐들",0
4907,337,못난놈 ㅉㅉ,0
4908,337,한번쁀인 인생 죄명이 살릴려고 살았냐 ? 한심한 인생 이구나...OOO 인생 축하 한다..,0
4909,337,사표가 다는 아니다~  특검이들 뭐든 법의심판ㄹ 받게해라,0
4910,337,윤되지때는  아닥하던것들이..,0
4911,337,검찰들아 일어나라 내년 너거들 조직없어진다며 이판사판 꽥소리는 하고 뒤지도 뒤지야 안 되것나 가운데 조찬 검사들아,0
4912,337,지들이 항소를 포기해놓고 ...그걸 또 남들탓... 2찍  내란견들은 ...극우 유듀버가 지령을 내린 7천억 회수 못했다고 또 민주당탓...정치검찰들이 항소를 포기한걸 왜 민주당 탓을 하지?  지들이 항소했으면 회수했을수 있었나? 법원은 그렇게 판단하지 않았는데....,0
4913,337,이제 최강욱 검찰총장가자,0
4914,337,ㅎㅎ 석렬이 항소 안해 석방시켰던 심우정이나 그걸 보고도 조용하던 검새들 어찌나 반응이 다른지...,0
4915,337,이게 그렇게 논란이 될 사항이냐?? 아직도 뭘그리 잘했다고 국짐과 개검들 입에 거품을 무는구만 암튼 이번 기회에 눈치보지말고 개검과 내란 세력들 제발좀 싸그리 정리해라 할때 하지 못하면 이것도 저것도 안되 양쪽에서 욕먹고 저 세이들에게 또 정권내준다 역사를 뒤돌아보시길~~,0
4916,337,특검해서 저런 인간 수사해라,0
4917,337,악마들!! 국민들 상대로 사기치고 사는거 안 부끄럽냐,0
4918,337,늘 그래. . 진실은  가려지고  진짜  사고친 놈  하나  살리자고 초가삼간  다  태우는거지.  그런데  늘 그래  죄지은 놈 은  언제나  자기  얘기  아닌것  처럼  태연해,0
4919,337,노만석...검찰 먹칠했으니 꺼지라..노마아...,0
4920,337,민주당 정말 머리 나쁨 항소포기보다 특검으로 제대로 수사하는 것이 바람직하다고 생각됨,0
4921,337,"기자야 왜이사태인지 조사해서올려 
친윤들이 항소포기에 난리자나 
조작들통날거같으니",0
4922,337,내란동조 검사 모조리 사퇴시켜라. 9급 행정 공무원들 시켜도 개검보다 더 잘할 수 있다.,0
4923,337,"아 그리고? ㅋㅋ 몇 년 내에라도~ 김건희 랑 이재명 각자 주인공으로 하는, 찐 리얼 다큐 하나씩 만들면? ㅋㅋ 넷플에서 케데헌 급 이상 히트친다~♡ 찐 귀태들만 돌아가며 권력 따먹는, 여기는 헤루죠센~♡",0
4924,337,정성호와 이제명은? 정성호는 국개원 뺏지 떼버리고 이제명은 좀 자숙했으연 좋겠다,0
4925,337,사의표명으로 끝날게 아니지 외압에 대하서 소상히 밝혀야지,0
4926,337,어ㆍ둠ㆍ은 ㆍ빛ㆍ을. 이ㆍ길 ㆍ수 ㆍ없ㆍ다 ~~ 촛불 동지들이여 !! 광화문에 모여 주십시요 ~ 3.5억 들고온 김만배 일당들이 성남시에서 수천억을 해먹었는데 항소포기 ? ~ 촛불 동지 여러분 ~ 우리가 매주마다 광화문에서 촛불을 든 결과가 이것입니까 ? ~ 모두 나와 주세요 / 다시 한번 그날의 외침을 함성으로 보여줍시다 / 전인권씨 당신의 행진 노래는 박근혜 탄핵 광화문 집회 이후 사라진겁니까 / 이승환 당신은 이 상황을 즐기고 있습니까 ?  ~ 당신의 정의는 선택적 정의 입니까 ? 어ㆍ둠ㆍ은ㆍ빛ㆍ을 ㆍ이ㆍ길 ㆍ수 ㆍ없다,0
4927,337,"ㅋㅋㅋㅋ~♡ 어휴! 이 유사, 사이비 검새 법조 나부랭이야.. 1찢이 누구냐? 지를 수십년 보좌한 인물들도 필요하면, 줄사탕 살자 당하는 꼴 못봤니? 니는 갸가 무슨 뒤 봐줄 것 처럼, 실컷 이용만 당하고~♡ 봐라? 니로 꼬리 짜르지 결국 ㅋㅋ 몸이야 죽으면 없어져도.. 이름과 평판은 최소 1세기는 가는 법이거늘.. 이제야 울며 살자 해도? 그 더러운 이름은 다음 세기를 넘기겠네 ㅎㅎ 화이팅~♡",0
4928,338,법무부 장관이 전과4범 범죄자 대통령을 위해 검찰에 압박을 가하는 어메이징 대한민국.. 이재명이 대통령이 된 순간부터 이 나라의 정의는 무너졌다.,0
4929,338,정성호 당장 구속수사해라 빨리 정성호 긴급체포해라.,0
4930,338,특검을 반드시 해야하는 단군이래 최악의 권력형 비리사건!! 7800억 범죄 수익에 동조한 범죄자들 모조리 깜빵!!! 성남의뜰 하고 화천대유의 설계자겸 최종 결정권자!! 측근들 7명을 저승으로 보냈고 주변인물들 20명 넘게 구속시킨 범죄 카르텔 두목 찢죄명과 범죄 카르텔 모조리 깜빵으로~~~!!!!,0
4931,338,나이를 어디로 쳐드셨냐...초딩들도 다 알겠네 무슨 수작인지 ㅎㅎ..아주 대놓고 하는구만,0
4932,338,"수사팀.공판팀 모두 만장일치로 항소결정해 결제기다리는데 자신들이 세운 총장대행에게 ""신중히 판단하라""가 외압이 아니고 뭐야!",0
4933,338,7000억 꿀꺽 부정 부패당........ 친중 정권 강점기 ........... 한국에서 네팔 혁명이 필요하다.,0
4934,338,법무장관의 신중검토 발언은 외압 맞는데...  지휘를 받는 쪽에서 그걸 듣고 압력을 늦기지 못하면 지능이 모자란 거지.,0
4935,338,"이늄 봐라? 윤똥 격노 때문에 탄핵...이재명은 현지와 대장동 때문에 하야,탄핵 !",0
4936,338,장관이 신중검토하라는데 무시하냐? 자기가한말이 외압인지도 모르는사람이 법무부장관?,0
4937,338,"~ 야~ 장관이  전화를 세번이나  신중하라
   ~???  그게  대통이  공범이니  알아서 해라  ~
    소리다 ~  전국민들은  그렇게  생각한다
~ 광화문  사거리에서  활복 해라 ~",0
4938,338,꼬리자르기. 국민들이 개돼지로 보이나봐 죄다 개딸인 줄 아나바.,0
4939,338,"정성호 ""신중 검토가 무슨 외압이냐""??? 그렇지? 외압은 아닐 수도 있지? 그러나? 같은 말도 누가 했느냐에 따라서? 다를 수도 있지? 안그냐? 성호야?",0
4940,338,이재명의 개 정성호는 그 입닥쳐라! 7천8백억 니가 뱉어내라!,0
4941,338,소신없는 넘의 말장난....,0
4942,338,조폭이 밤길조심해라가 협박이아니라고?,0
4943,338,신중한 검토 = 눈치 챙겨라,0
4944,338,"말이냐? 방구냐? 장관이 항소심 신청을 ""신중히 판단해달라!""고 말하면 당연히 반대라고 생각되지. 넌 탄핵감이다. 이재명의 간신. 부역자로!!",0
4945,338,"수사 검사들이 이미 만장일치로 항소하기로 결정했는데 법무부 장관이 거기다 대고 신중히 검토하라는 게 그냥 의견 전달이라고? 고등학교 기말고사에서 한 학생이 OX 문제를 고민하다 X라고 문제지에 기표를 했는데 지나가던 담임이 ""신중히 생각해 봐""라고 하자 학생이 O라고 바꿔 맞췄는데 다른 학생 학부모들이 그걸 인정하면 정상일까, 등신일까?",0
4946,338,"""이런 말을 갔다가 말니냐 막걸리냐"" 라고 한다.",0
4947,338,지선 총선 국힘이 먹겠네 ㅋㅋㅋ,0
4948,338,외압 맞다,0
4949,338,당연히 진행하는걸 위에서 신중검토하란건 하지말란거지.... 말장난하네....,0
4950,338,ㅋㅋ 혹시 능지가 두자리 아니 한자리십니까? ㅋ,0
4951,338,내란 이 뭡니까? 있지도 않는 내란 수사를 아직 성립도 안됐는데 내란 동조죄? 내란 도 없는데 내란 선동? 이게 대체  뭡니까? 아빠가 있어야 자식도 있는법 아직 아빠도 없는데 자식이 있다니 진짜 어림반푼어치도 없다 🚫 내란 재판 끝난후 해라 🚫 재판중인 사건에대해 공무원 동조한 공무원 을 가려 자르겠다니? 대체  뭡니까? 이걸 대통령 이 지시한다구? 🚫본인의 재판 피의사실로 죄가 된다면 당신도 범죄자 겠네,0
4952,338,정성호 너 이놈 정신은 어디다 팔아 먹어나  엿사 멱어나 찢명이가 너놈에게  이래야지 하면 압력이냐 권고냐  그냥 넘어가는 소리냐  찢당 놈 들이나 찢명이 밑  졸개 하수인들 개판이다,0
4953,338,"""한 적 없다고 진짜인 줄 알더라"" - 찢",0
4954,338,검찰이 언제 민주당말 잘 듣는 경우 있었나? 자기들 이익에 맞춰 움직이는 곳이니… 윤씨 행적 보면 답이 나오잖아… 강압수사나 제대로 해명해라… 가족들로 협박인지 뭔지… 하는짓은 수사 대상이잖아. 해당 검사들은 수사나 받아라.,0
4955,338,"내가 장관에게 신중하게 처리하라고 하면 외압이 아니겠으나, 대통령이 장관메게 그렇게 말했다면 외압(강압)으로 느낄 수도 있겠다.",0
4956,338,정치인 답게 정꾸라지 행태를 보이네...신중 판단이 도대체 뭔데?,0
4957,338,눈빛으로 죽이고 말이 신중검토지  조폭협박이지,0
4958,338,"개별사건에 장관이 그말한것 자체가 외압이야. 조폭이 ""판단잘해라"" 라고 하면 이건 협박이니? 아니니?",0
4959,338,"그러니까, 이런 발언들이, 전혀 국민들의 공감대와 주파수가 다르다는 말입니다. 괜히 내로남불 이슈가 한 당에서 그렇게 많은 인원들에게 터지겠습니까. 진짜 1도 모릅니다. 똥볼을 차도 유분수지, 참 나, 내 비록 보수당 지지자이면서 당신들 기준, 2찍, 내란견이지만 말입니다. 아니 뭘 좀 잘 하고, 본인들부터 좀 솔선수범하고, 뭘 말을 하던지, 뭔 말만 하면, 바로 본인들 몇 달 전, 혹은 예전 발언, 영상으로 자기부정 당하고, 뭐합니까 도대체. 이러니까, 국격이 슬슬 녹는 것 아닙니까. APEC 주최국요? 성공요? 도대체 뭐가요?",0
4960,338,내로남불 교과서다. 부끄러운줄 알라!,0
4961,338,미리 이정권에 벌벌긴거내.   삼권분리고 뭐고 우두머리가 답이지 범죄집단 이정권!,0
4962,338,"어이, 정씨. 직장생활 안해봤어? 상급자가 안건 처리 방식에 대해 보고를 받은 뒤 신중하게 판단해라 라고 하면 그게 무슨 의미인지 몰라? 하지 말라는 의미잖아. 우리 국민들을 개돼지로 보는거야? 진짜 개빡치네. 넌 반드시 주권자인 우리 국민들이 제대로 심판해줄테다.",0
4963,338,당연하게 항소하는것을 신중검토하라고 하면 항소포기로 받아들이는것이 상식이다 이것은 외압이고 공갈협박이다.내년에 검찰이 해체되기전에 마지막으로 정성호와 이재명을 수사하라,0
4964,338,"니가 제안을 했는데 니 사장이 신중하게 검토하라. 
이러면 넌 그 제안을 접겠냐? 계속하겠냐?",0
4965,338,법치는 죽었다 공산주의 시작,0
4966,338,"너가 회사사장이야,근데 직원이 이라크로 물건을 수출하자네?그래서 너(법무부장관)가 신중히 검토해보라고 했어.근데,직원에게 회사 이사(법무부차관)가 사장이 신중히 검토하라고 하라더라라고 했네?그래서 직원이 부장에게 이라크로 수출하자는겁니까 말자는겁니까?물으니까 부장(노만석)이 사장과 이사가 신중히 검토하라고 했대ㅋㅋㅋ그럼 이게 하지말란말 아니냐?시원하게 해!라고 말하지 않고 신중히 검토하라는게ㅋㅋㅋ한글이 재미있는게 은유법이 있어서 직접적인 부정의 말이 아니지만 부정의 뜻으로 쓰이는 말이 많다ㅋㅋㅋㅋ이건 하지말란 외압이다 인간아ㅋㅋㅋㅋ",0
4967,338,"결과적으로 현이재명/민주당정권이추구하는 검찰개혁은 이재명정권과 민주당등 진보정치세력에부합하는 진보세력에말을잘듣고 검찰이전면에서 보수세력들을쳐내주는 검찰에 진보하수인노릇하라는것이다,  결국 윤석열정권에하수인에서 이재명/민주당에하수인노릇으로 자리를바꾸라는것일뿐...",0
4968,338,똑같은말 반복해서 부하에게 말하면 협박 압력행사라는건 판례가 넘쳐난다,0
4969,338,니들 머리속은 온통 지저분한 냄새가 난다. 의사들이 수술형 칼로 해부를 해보면 썩어 있겠다. 하나 같이 썩어고기들이 한 두 마리가 아니다. 대학교병원에 가면 죽은 시체들이 쌓였다.,0
4970,338,이 인간은 지금까지 우리말도 모르고 생활해왔나보네 잘하고 있으면 아무소리 않하는거고 신중히 라고 했으면 못마땅하니 힘주어서 강조한것 아니냐,0
4971,338,ㅋㅋㅋㅋㅋㅋㅋㅋㅋㅋㅋㅋㅋㅋㅋㅋㅋㅋㅋㅋㅋㅋㅋㅋㅋㅋ 버러G  쎄리들 그게 바로 외압이당~~~ㅋㅋㅋㅋㅋㅋ 아 잡범들은 아직도 전 정권을 떠들고 있뇨~~ㅋㅋㅋㅋㅋㅋㅋㅋㅋ,0
4972,338,"압력넣코  알아서 기라  그리고 책임은 모두 검찰이져라  , 에라이  날강 ㅡㅡㅡㅡㅡㅡ도 같은 공산주의자들아  역사의 심판을 받을것이다",0
4973,338,이번 사건 보면 검사들이 짜고 치는 느낌도 든다....ㅋㅋㅋㅋㅋ,0
4974,338,"자유당 독재정권에서도, 유신시대에도, 5공 때에도 없었던 민주주의, 법치주의를 짓밟은 일이다. 이재맹이는 알았든 몰랐든 그만 내려와야 한다.",0
4975,338,신중 검토 안할까봐  참견을 했냐 그걸 국민들이 믿으라고 그냥 그들이 권한 검사들이 알아서 못할까봐 장관이라는 명패로 안급을 했냐,0
4976,338,"아그야,어거지도 적당히 해라. 윤석열은 공수처가 한일인거 모르니? 그리고 구속기한은 시간으로 계산 하는것이 맞다고 판결난거야.",0
4977,338,그게 외압이야 ㅋㅋㅋ 저렇게 모르는 척하는 것도 힘들 거야 그리고 황교안은 왜 체포했냐 하여간 세상이 개그야 영구 독재 집권에 자신이 있나 보네 ㅋㅋㅋ,0
4978,338,직책상 상관이 하지 않던 짓거리를 한 게 문제가 안 되면 뭐가 문제여? ㅎㅎ 항소는 그냥 검사가 알아서 하든지 말든지 하는 거지 어떤 법무장관이 검사에게 항고를 신중 검토하라고 헛소리를 하냐? 저건 추미애도 안 하던 짓거리일 듯 ㅋㅋㅋㅋㅋㅋㅋㅋㅋㅋㅋ,0
4979,338,정성호는 외압이 뭔지 모르는 척 하네. 국민들은 다 아는데... 운동권 놈들은 모두 이재명처럼 내로남불의 뻔뻔한 놈들 뿐인가?,0
4980,338,야이 🐕 똥 같은 ㅇㅇ아!! 어째 저런놈이 법무장관인가?,0
4981,338,어느 사회던 저런 비겁하고 추잡하고 비열하고 교활한 상사가 가장 더럽다.ㅋㅋㅋㅋㅋㅋㅋㅋㅋㅋㅋ정성호가 하루아침에 이재명 짖거리 하다 개망신에 정치인생 끝나 부렀다.ㅋㅋㅋㅋㅋㅋㅋㅋㅋㅋㅋ이재명 한마리 지키려다  민주당 골로간다.ㅋㅋㅋㅋㅋㅋㅋㅋㅋ뭐 민주당은 벌써 끝났다.  민생까지 폭망에  국민 여론 심각한거 민주당 종자들만 모르더라 ㅋㅋㅋㅋㅋㅋㅋㅋㅋㅋ뭐 자기들 끼리 여론조작 홀려서 ㅋㅋㅋㅋㅋㅋㅋㅋㅋㅋㅋㅋ발작을 하더라 ㅋㅋㅋㅋㅋㅋㅋㅋㅋㅋ,0
4982,338,절라도 공산당세기들 몰아내야만 자유대한민국 살아난다.,0
4983,338,검사들이 한두살먹은애들도아니고  수사지휘권있는 장관이 항소 검토보고할때마다 세번이나 신중검토라고말했을땐  말귀알아들었겠지   ㅋ 즉 항소 포기하라고 생각했을수박에,0
4984,338,"그게 외압이야 이 멍청아~~ 빨리 사임하고 감방으로 갈 준비나 해라, 이 파렴치한 더러운 놈아//",0
4985,338,감옥가라!!! 이재명의 개 정성호 사기꾼아!!!,0
4986,338,"중앙지검장이 이미 결재 했는데!, 신중히 검토해라,
이걸 상식적으로  대부분 직위상 하급자는 #하지 마라#고 이해 하지요 , 
세종대왕님이 그래서 어려운 한자  말고 , 위대한 한글을 만드신 겁니다, 민초들이 사기 언행에 농락 당하지 마라고",0
4987,338,성호야 ㅋ  범죄자 찟재명이하고  중식당에갔어  그런데 찟재명이가 그러는거야 성호야 맛있는거 많이주문해  오늘은내가 쏜다   그러면서 범죄자 찟재명이가  난  짜장면  그러면 넌  탕수육 팔보채  깐풍기  이렁것 막주문할수있냐,0
4988,338,1안.2안.3안을 신중히 검토해도 결국 항소 포기 라고 실토 했는데~~~  이건 범죄 아냐,0
4989,338,뭐 민주당 종자들은 상종이 불가능하다.ㅋㅋㅋㅋㅋㅋㅋㅋㅋㅋㅋㅋ  아주 말바꾸고 뒷통수 치고 ㅋㅋㅋㅋㅋㅋㅋ공갈을 밥먹듯이 치면서 국민을 깔본다.ㅋㅋㅋㅋㅋㅋㅋㅋㅋㅋㅋㅋ,0
4990,338,정성호 이런놈이 법무부장관이라니 지나가던 똥개도 웃을 일이다 신중하라고 세번이나 압력을 행사한놈이 성호이놈은 압력을지시한게 없다고하니 카멜레온도 놀라겠구나 국민을 개돼지로보고 속일려고 하니 도대체 정장관 이놈은 제정신으로 말했는지 알수가 없네,0
4991,338,윤석렬이 요원들 끌어 내라고 했지! 내가 언제 국회의원 끌어 내라고 했냐! 보다 더 코메디다.,0
4992,338,"검찰이 항소하려고 하는 순간, 이재명과 관련 깊은 항소사건에 대해 이재명의 수족인 법무부장관이 신중해야 된다고 검찰에 얘기하면 그 말이 항소하지 말라는 얘기지 뭔 gaesori냐? 엄연한 외압이다!!!",0
4993,338,신중 검토! 에라! 손바닥으로 하늘을 가려라!,0
4994,338,"저런 국문도 모르는 머저리가,,,무법장관시키,,,누 ㄴ 카 ㄹ 을  확,,,,,,,,,,",0
4995,338,"신중해서 판단해라...그러나 나는 지시는 하지않았다...ㅋㅋ 뭐이런,,,말이야 방구야....난 민주당이 너 5공때보다 나쁘고 지독하다고 생각한다...권력잡으면 다 이런가",0
4996,338,"~ 너가 정진상 김용 교도소 면회가서  이재명 대통 되니까  조금만 고생해라  한놈이 너 정성호다
~ 광화문  앞에서  OOO라~ 국민들이 명한다",0
4997,338,저겄들은 구속하고 재판하고 같은줄아나보네  비교할껄해야지  배운겄들이 더 거짓말하고 선동질하고 에휴 골빈애들하곤~~,0
4998,338,정성호는 어떤것을 결정할려고 이죄명에게보고했는데3번씩이나이죄명이가 신중히해라 라고 하면 그냥 이죄명말을 개무시하고 그대로 결정하겠나 좀수준있는변명해라,0
4999,338,진짜 나쁜ㅅㅋ들이다. 제발 천벌을 대대손손받기를 기도합니다,0
5000,338,"이 sssip HY ILL야, 그럼계엄이 왜 내란이냐,,",0
5001,338,나라꼬라지가 더럽네 누가 지시했는지 알겠다 대가리부터 쭉 연결되 있겠지,0
5002,338,막산이 재판에 영향주는 대장동일당의 재판 결과를 놓고 대통령 최측근이면서 연수원 동기인 넘이 법무부장관으로 앉아  그냥 닥치고 있어야할 사안에 신중 검토 하라고 하면 그게 외압이지 문서쓰고 녹음되는 곳에서 윽박ㄹ질러야 외압이냐 ㅋㅋㅋ,0
5003,338,눈 감고 아웅!,0
5004,338,무분별한 항소를 하면 안된다고 몇달전 공개적으로 지침을 내림. 신중히 판단하라는 항소하지 말라고 지침을 내린것. 이것이 본질이다.,0
5005,338,발갱이 간첩당 이재명을  특검합시다 ~~!!!,0
5006,338,ㅁ ㅓ리 만은 좋은 줄 알았 ㄷ ㅓ니.....인생 종 ㅊ ㅣ는길로 가는 줄도 모르고.......ㅋㅋㅋㅋ,0
5007,338,제일 정확한건 입장 바꿔 생각해 보는거야.. 만약 상대방 정권에서 법무부장관이 검찰총장한테 전화해서 신중검토하라고 했다면... 그걸 가지고 자기가 외압이라고 했을지 안 했을지 생각해보고.. 그 결과 그대로 자신한테 적용하면 돼... 정치인들이 그게 될리가 없지만.. 일반인들도 사실 마찬가지고,0
5008,338,이재명 범죄 가려주려고 검찰까지 항소 못하게 하고. 이 지시 내린 놈들 다 특검 받고 이재명 빨리 감옥가라.,0
5009,338,윤석열 치우니 이재명이라는 쓰레기가 왔다. 이재명을 치운들 달라질게 있겠냐.. 지긋지긋하다.,0
5010,338,조폭이 피해자에게 몸 조심하라 하면 전라도는 조폭이 건강 챙겨줬구나 하냐?,0
5011,338,"대럼통부터가 ""Why so serious?""이다 보니, 온 공직사회가 그짝이 나고 있다.",0
5012,338,그러니께 검찰총장한테 대장동 사건에 대해 신중검토 하라는 압력을 했었단 말이지..... 그게 바로 압력이지 뭐임?,0
5013,338,"초호황으로 예상 이익을 극초과한 이익이 발생하면, 업무상 배임이냐?",0
5014,338,신중검토 외압의 표본이다 그것도 모르고 법무장관이라고 한심하다?????,0
5015,338,내가들어도 협박으로 들리는데... 그러면 칼든강도가 알아서 잘 판단해서 하라면 ..너는 어떻겟나?,0
5016,338,일반 공무원들 전화만 걸어도 외압으로 느껴질 수 있다고 몸사리는거 모르나?,0
5017,338,성호야 현지랑 짲지?,0
5018,338,뻔뻔하네,0
5019,338,민간에 숨은 베트콩 같은 정치검찰을 확실히 구별할수 있는 기회. 모조리 색출해서 파면 시켜라.,0
5020,338,비겁한  자슥 ....   정말  나쁜눔....   범죄자 비호하는 눔....   개아들눔 ...,0
5021,338,넌 변호사란 놈이 외압의 정의도 모르냐?이건 진보에서도 두둔 못하겠다.위선을 불던지 아님 너가 감옥가든지.현지가 시켰냐 정진상이가 시켰니?왜 대장동 사기꾼 패거리들 사기 친 돈 지켜주려고 했는지 사실대로 불어라.,0
5022,338,성호야 인생 그렇게 살지 말라..직장 생활 해본 사람은 바로 알 수 있다.,0
5023,338,지나가는 사람 붙잡고 물어봐라. 너의 말에 동의할 자가 있는지... 저런 자가 무슨 한 나라의 장관이냐??? 그냥 북한으로 꺼져라.,0
5024,338,중국정부가 대만관계에 한국은 신중하게 판단하라 했는데 대만편들란 소리야 이건?ㅋㅋㅋ,0
5025,338,오! 그럼 윗사람이 신중 검토하라 했을때 응 ㅈ까 하고 걍ㄴㅐ도되겠네? 누구한테 배웠냐고 하면 정성호 법무부 장관이 하는 말 보고 배웠습니다 해도 되는거지?,0
5026,338,정성호씨 그게 외압입니다.윤석열정권때 법무부장관이 신중히 판단하라고 하면 외압이고 이재명정권때 정성호씨가 신중히 판단하라고 하면 아무일 아닙겁니까???이러니 내로남불 내로남불 하는겁니다.똑똑하신 분들도 정치만 하면 왜 그렇게들 판단력이 흐려지는지...일부러 그러는거 같기도 하고...상식적으로 판단합시다.,0
5027,338,그래?? 그럼 해병특검도 그만 해체하고 윤석렬 풀어줘라,0
5028,338,희대의 사기사건을 1심에서 종결하다니?  대법관을 오히려 감원해도 되겠다는데 ??,0
5029,338,"안해도   될  말을,  굳이   언급한   이유는 ?",0
5030,338,전직 리재명 법률대리인 아니랄까봐 대놓고 이재명 변호하고있네ㅡㅡ,0
5031,338,"외압이 먹히기는 하나 대통령 말도 지금까지 안들어 왔잖앜ㅋㅋㅋㅋㅋㅋㅋㅋ
완전히 작업치는거 다 보인다,
추미애 법무부 장관 때 말 ㅊ 들었나 ㅋㅋㅋㅋ
공작 오지넼ㅋㅋㅋㅋㅋㅋㅋㅋㅋㅋㅋㅋㅋㅋㅋ",0
5032,338,사법 재판이라는게 원래 신중한 자세에서 시작하는 것이 기본적인 순리인고 정성호가 당연히 사법 체계의 운용 이치를 알려준 것인데 무식한 2찍들은 그런 것도 이해못하고 그걸 외압이라고 오버해서 흥분하냐 재판이라는게 원래 흥분한 상태로 하는게 아니다 2찍들아,0
5033,339,헌정이래 천문학적 비리인 대장동일당이 서민들의 등골을 빼쳐먹은 7천억을 이죄명이 뜯어먹을려고 면죄부를 준것이란건 지나가는 초딩에게 물어봐도 알만한 정황이다 통상이래 최악의 관세협상과 산업전반을 간첩노조의 발 아래 던져준 노란법으로 우리들 삶이 무너지고 있는데 국민들을 개돼지로 여기는 만행이 자유민주주의 한계치를 완전히 이탈하였다 자유대한의 존립을 위해서 군대든 법원이든 누군가가 담대하고 신속한 결단을 내려야 한다,0
5034,339,전두환 추징금 8백억에 이를 악물고 받아 내고야 말겠다고. 전두환 각하께서 키우던 강아지가 낳은 새끼마저 끌고가야 속이 풀리는 인간들이 대장동 일당의 8천억이 넘는 초대형 비리에는 입꾹닫임. 내가 이러니깐 절라도 축생들은 사람취급을 안하는겁니다. 내로남불을 넘어서 모든 동물보다 위대한 두발로 걷는 돼지들을 만들어 놨음. 하여간에 절라도 축생들은 한마리 남김없이 모조리 구축해야합니다.,0
5035,339,"부장님, 저 이번주 금요일 연차 써도 되나요? 음... 신중히 생각해봐. 이게 쓰라는 거냐 쓰지 말라는 거냐? ㅋㅋㅋ",0
5036,339,이죄명과 민주당아 적당히 하고 나라를 위해 일할생각을 해야지 무슨 캄보디아처럼 갈려고 하냐 좀 상식적으로 하자,0
5037,339,후폭풍 좋아하네 무엇을 감출려고 언론이 날리법석이냐,0
5038,339,민주당 하는 짓거리 보면 민주당 지지했는데하는 짓보고 토했음,0
5039,339,"내란당 니들이 할수있는게 머있냐  의석수도
  안되는것들이 ㅋ 피켓들고 시위하고 
   정부 욕이나하고 탄핵이야기하고 멀로 탄핵할래ㅋ
   아직도 내란수괴 옹호나하고 면회나 다니고
   참 진짜 어이가없다 지금 정부가 일 잘하는거
  너희들한테는 배아프겠지ㅋㅋ 그러게 왜 내란수괴
   뽑아서 왕놀이하게 해줬냐 이게 다 자업자득 
   이란다 ㅋㅋ",0
5040,339,비겁한 새끼들 이러니 똥검이라하지,0
5041,339,재명아!! 꼭 이렇게 살아야겠니?? 추접하다,0
5042,339,병균같은 넘이 싼 똥치고는 넘 망국욕적이다 ㅉㅉ,0
5043,339,"정국음 집어삼켰다, 가 아니라 대장동 조작검사들을 수사하라고 해야지. 그게 언론의 역할이야.",0
5044,339,"노만석 그리고 정진우
당신들이 항소하면 되지?
결국 항소 않고  둘 사 사의?
추후 당신들 지켜 본다.
비겁한 검찰들아!
자식한테 부끄럽지 않나?",0
5045,339,"~ 아예~ 전국민 노예로 만든 법 만들어라~
     전국민들이  분노한다~ 대장동 잡범들과 공범인  양아치들~",0
5046,339,"개검놈아...사퇴한다고 책임이 없어지는 것이 아니다.. 대장동 수괴...전과5범 범죄자 찢짜이멍이를 우짤 끼여...그리고 범죄수익금 7,800억은 어떻게 환수 할끼여...이노옴아",0
5047,339,ㅉㅉㅉ.,0
5048,339,다음 총선때 민주장 공천 받고 나올듯.,0
5049,339,이 인간들이 단체로 쌩쇼를 하고 있네. 어짜피 내년10월까지 시한부. 얼마남지 않은 시간이다 각자 자리에서 지금까지 검찰집단의 만행에 대해 반성문이나 적어봄이 어떨지?,0
5050,339,"검찰, 국힘 장동혁 선거법 1심 무죄에도 항소 포기"" 장독혁 사건도 검찰 항소  포기했네 ㅎㅎ",0
5051,339,후폭풍은 언론들이 만드는중 답없는 대한민국 레거시 언론들,0
5052,339,윤석열 석방때는 아무소리 안하면서 대장동은 ㅋㅋㅋㅋ. 대단하다.,0
5053,339,ㅋㅋ 후폭풍 같은 개소리.하고있내. 눈하나. 깜짝.안하는데 ㅋㅋㅋ,0
5054,339,국민의힘 국회의원과 김만배 일당의 합작이 팩트 같은데 . .,0
5055,339,국짐당 재들은 국민 생각 1도 안하는 집단이다 지금 저럴때냐 ??,0
5056,339,내란 국힘당 조작질 친윤친한 검사들의 반란...물타기 오지네...%%;;,0
5057,340,"~ 국~~개들  국민소환제  만들어라~
    눈뜨고 차마 못본다~ 전국민들이  열받았다",0
5058,340,참...  거의 탈레반 + 광인 수준. 인성이....,0
5059,340,"권력형 비리의 완성형, 신세계를 보여 주고 있는 전과4범과 그 무리들 무얼 하던 비범하네 ㅋㅋㅋ",0
5060,340,아이고 저 잡것들을 계엄이 옹호해질라하네,0
5061,340,벼름박에 써 붙여라. ㅡ차카게 살자.ㅡ인생은 유한하고 권세는 창궐 하느냐?  🛢👀🪣  면피 못 할일 하지 말라는 건. 니나 없다. 헥헥 헥,0
5062,340,시끄러 인마!  가가멜 같이 생겨갖고ㅋㅋㅋ,0
5063,340,전과자 국개 출마금지부터 만들어라! 면책특권이나 내려놓고! 지들은 뭔데 무법지대야?ㅋㅋㅋㅋ,0
5064,340,윤석렬 항소 포기 기소 포기할땐 조용 하던 검똘마니들 이젠 지랄을한다. 윤석렬은 니들 식구라 가만히 있었나. 국민을 우롱하는 검찰 이젠 없어져야할 존재들이다,0
5065,340,시간이 없다. 내란 무죄 판결 나기 전에 찌즌죄를 지워야 한다..는 일념으로 지금 가장 큰 소리로 짖고 있는 자들이 공범이다. 무려 피고인 변호사가 법장을 지휘하고도 검찰 악마화만 하면 아묻따가 되는 ㅂ ㅓ러지들 시상 되것다,0
5066,340,변호사 개업 원천봉쇄 버르장머리에 쐐기를 박어야 한다.,0
5067,340,완전 공산당이네,0
5068,340,아.  요거시.  권력충이. 젊은 아 베려놓네.  뇌가 절여진 모양.   한둘 봤어야지.  많어 .수없이 그러다 갔어. 잘돼 봐야  헥헥 헥 거리는 게 일이여.헥헥 헥,0
5069,340,류삼영은  정의로운 저항이고 검찰은 항명인가? 앞뒤가 안맞는다,0
5070,341,●꼬리 자르고 무마시키겠다? 저건 역적중에 최악질.월권행위.반드시 형사처벌 하고 대위변제 시켜야한다,0
5071,341,즐겁게 수리.. 목표달성 후 폐기.,0
5072,341,참 가관이네,0
5073,341,"소극적 반골검사는 임무 달성후 자르고, 혀처럼 행동할 총장을 임명하여 제대로 마음껏 하겠다는 것! 정의는 어디서 찾을꼬?",0
5074,341,추악하다 추해,0
5075,341,그치..; 언능 잘라야지...ㅋㅋ 스뤄기들... 그자리 시다바리 앉힐하믄...,0
5076,341,니 대장동 비리범죄 변호사질하는 이진수 시켜서 검찰 식물로 만들어놓고서는 왜 또 모르쇠임?,0
5077,341,니공범이 꿀꺽한 7886억원 언제 토해낼거?,0
5078,341,"이죄명의 견 되서 특명 완수했으니
옷벗고 언론여론서 벗어나겠다네
큰일 했으니, 재보궐선거 공천따논 당상 ㅎ
절라도  나 수도권  출마하면 당선지역
나오겠네",0
5079,341,노만석 면직하고 전과4범 개잡범 점박이 찢죄명은 감방가고~~,0
5080,341,목적달성후 버리기ㅋ,0
5081,341,"만석아   수고많았따  내 비록 더는 벼슬 못 주지만 너 비밀계좌에 3000만원 아니라 300억 꽂아 줄께  만배 저수지에 숨겨 둔  내돈  많아. 아! 이제 누구를 총장시켜야 하나  참! 임은정이 있네  은정이는 그렇게 많은 돈 안줘도  되겠지  내 귀여운 녀  OOO  얼굴도 못난 걸 데려 가야 하는  내 신세  어휴,,",0
5082,341,"한 괴물같은 인간이 대한민국 법치를 떡 주무르듯이 주므르네. 그 끝은 비참하리라. 연산군이 사헌부 사간원을 폐지한 연산군이 2년 못 가고 폐위되었다. 21세기에 이런 일이 벌어졌으니, 얼마나 가겠느냐?",0
5083,341,"꼬리 짜르기냐 ? 모든건 다 찢죄명 이놈이 지시한건데 뒤에서 실실 쪼개고 있겄네 ! 속으로 ""아랫놈 죽어 나가던 말던 나만 안 다치면 돼""그러겄네. 그런데,1찍들 니들이 봐도 이건 선을 넘어도 너무 넘은거 아니냐 ? 박정희 부터 대통령을 겪어 봤지만,찢죄명 같은 이런 놈은 보다 보다 첨 본다.찢을 보면 무섭다 못해 소름이 끼친다.",0
5084,341,정권 초기 부터 이렇게 시끄럽고 이렇게 혼란스러운 정부는 처음본다 대통령 사법 리스크때문에 민생은 늘 뒷전이네 국민들이 우습지 미x것들,0
5085,341,사냥개 임무완수혓네 ㅅ,0
5086,341,항명검사들과 국힘도 면직안 수리하세요,0
5087,341,쓰레기들이 대통령 놀이 하고 있으니..,0
5088,341,진짜 나라가 걱정이다.,0
5089,341,어차피 나가리된 마당에 나같음 녹취깐다,0
5090,341,투캅스같은 놈이 검사질을 하고있으니 이.나라는 망하는게 낫다.,0
5091,341,더러운 것들 ᆢ,0
5092,341,책임지는 사람,0
5093,342,ytn은 좌파방송인거 지나가는 이져명도 아는디 ㅋ 애초부티 인간이안된 좌파방송엔 나가지마셔야지^^ 바로 평양신문에서 때리자나 ㅋ 평양신문도 대단해 서울신문이라고 이름 넣은거보면 ㅋ,0
5094,342,니재판이나 잘받아라,0
5095,342,이 재판받고 있는 범죄피의자는 왜 자꾸 나오는거야?,0
5096,342,"이x한데 나가는 세금이 아깝다
왜 이런데 세금을 사용해야하나?",0
5097,342,신중하게 판단해라 밤길 조심해라,0
5098,342,나경원은 법대로 재판을 받으라 개소리 그만하시라,0
5099,342,내란당  해체만이  나라가   조용하고  발전한다..,0
5100,342,근데 나경원  왜 재판 안받는지 그거는 말 안하고 티비 나와도 돼요?,0
5101,342,나경원 정신차려라,0
5102,343,잘못 뽑아서 욕본다!!!!,0
5103,343,여기가 북한이냐,0
5104,343,ㅋㅋㅋㅋㅋㅋ 경기도 사는 4050 영포티 여러분 이래도 곧죽어도 찢주당 몰표 때리실거죠?ㅋㅋㅋㅋ 집구석 단칸방에 수저한벌까지 몰수해가도 찢주당 지지할 인간들 ㅋㅋ,0
5105,343,왜 이렇게 국민을 괴롭히나요,0
5106,343,지친다 지쳐,0
5107,343,아니 이사하고 자기집 팔고사는걸 이리 해놓는게 난 아직도 믿기지가 않네 전두환 군부독재시절도 안 이랬단거 아닌가 왜 민주투사들이 정권잡으니 군부독재보다 가혹하게 이러지 무서워,0
5108,343,"자유가 없는 
북한같네",0
5109,343,헌법에 보장된 거주이전의 자유가 언제부터 없어진거야?,0
5110,343,"이런정권 처음본다.
왜 국민사생활을 가지고 이래라 저래라 하는 거임?
미친 독재정권!!!!",0
5111,343,독재빨깽이 사회에서만 있는제도다...가만이 있는 국민은 자유민주주의 지킬 의사가 없는가?... 몽디들고 빨깽이 때려잡자..,0
5112,343,"이게 공산국가지  진짜 개돼지국민들이지.
부정선거로 권력잡은 천하의 잡범을 뽑았으니",0
5113,343,진짜.. 민주당놈들 잡으면 나라가 개판되고 제대로 하는게 하나도 없다.. 대책이란건 바로 한칸 뒤도 생각못하고 내고 있고.. 연계나 전문성은 없고. 인맥으로만 직을 남발하고.. 뒤에선 법개혁한답시고 지들죄 다 없애버리고.. 무조건 내란프레임씌워서 지들에 반하면 내란내란 거리고. 역겹다.,0
5114,343,이재명은 하던게 아랫사람 괴롭히는 것 뿐이라 국민들도 잘 괴롭히네.,0
5115,343,진짜 너무 무능한 쓰레기 뽑아 나라 개판되는건 5개월도 길다,0
5116,343,자유가 없는 나라,0
5117,343,서주의 자유를   제한하는   공산당들의   발악처럼   보인다.  자유대한민국이   그리워  질듯.   이땅에   공산주의   추종자들   아웃시켜야 한다.,0
5118,343,가짜가  설치니 시민들이 생고생한다    그러니 투표를 잘하거라,0
5119,343,5호 담당제 내 ㅎㅎㅎ,0
5120,343,국가가 국민사유재산 침해하면 독재나치빨깽이 나라다.. 바보 같이 당하냐?..,0
5121,343,중국도 이러지 않는데...,0
5122,343,집사는 것도 허가? 이제 곧 여행도 허가 받아야 가는거 아닌지…,0
5123,343,"저 놈 개재명의 모가지를 당장 자르지 않으면 너희 후손들과 당대의 너희들에게도 우환이 따르리라! 너희들은 조만간 전쟁을 경험하게 될 것이로되! 지금 당장 전쟁이 벌어져도 한국이 세계5위의 군사력이라고 떠들지만, 저것들이 통치하면 우리는 아마도 세계최빈국 아프리카의 남아공이나 케냐 오세아니아의 나우루하고 싸워도 우리는 안된다. 왜냐면 저 놈(개재명)은 전세계에서 가장 무능하고 가장 더러운 쓰레기이기 때문에 우리는 저 놈이 불법으로 부정으로 있는 그 기간동안은 중국의 속국이요. 최빈국과 전쟁해도 무조건 패배를 하게 될것이다.",0
5124,343,이게 뭐냐 진짜,0
5125,343,하나 더 발전함 5호 담당제 뭐 이런건 안하나요?,0
5126,343,중국 같노 ㅋㅋ,0
5127,343,하루하루 지옥이 레벨업 되는구나. 투표 잘하자,0
5128,343,통제사회가 시작되었다,0
5129,343,속아서 뽑은건 어쩔수없다 하지만 알았는데도 지지하는건 진짜  지능이 낮은거다,0
5130,343,자유민주주의 국가에서 이게 무슨 쓰레기 짓이지?,0
5131,343,공무원들 불쌍하다 ㅠㅠㅠ  야근하겠네 ㅠㅠ,0
5132,343,후진국후진국,0
5133,343,대통령이라 뽑아 놨더니.. 서울을 평양으로 만들었네..ㅎㅎㅎ,0
5134,343,망조,0
5135,343,문재인때도 그렇고 좌파들은 왜 이리 일을 못하냐? 이상만 있고 현실감각이 없어서 그런가? 윤석열이 쓰레기였던거 아니까 윤두창이 어쩌구 저쩌구 소리 하지마라! 객관적으로 하는 말이다!,0
5136,343,대한인민공화국 만세!,0
5137,343,헌법의 자유를 침해받고도 분노하지 않는 ㄱㄷㅈ들의 나라...,0
5138,343,자유시장 경제 체제인 대한민국이 언제부터 내가 집사는대 정부의 허가를 받아야 하는거야?,0
5139,343,이거  위헌소송 안하나? 거주이전의 허가제라니? 빈대잡으려다 집태운다,0
5140,343,우리나라 맞나 이사가려면 허가받고 가라 하겠네,0
5141,343,586+82톤 김지영+서윗영포티=이들은 건국이래 가장 무식하고 인성이 더러운 인간들임. 문제는 이들의 대가리 숫자가 제일 많다는게 이나라의 비극이고,0
5142,343,이대통령이 싫어도 우리나라 부동산개인부채 너무나 심각해! 세계2위! 아파트구매 대출 더욱더 엄격히 해야한다!,0
5143,343,회사에서 일처리 저렇게 하면 바로 짤린다.,0
5144,343,자유가 없어지는 대한민국,0
5145,343,자유를 잃은 통제노예로 살것인지 자유로운 한 인간으로 살건지 선택해야함,0
5146,343,1찍들은 아닥해라,0
5147,343,"무능, 무책임 정부",0
5148,343,복잡하게 만들어 혼란 자초한 국토보 관련자들 모두 문책 처벌해야... 그냥 보유세 고가주택 가격별 가중세율 거래세율 인하하면 될 일을... 왜 혼란 부추기고 대책 실효성 떨어뜨린건지... 한심... 무능... 교활... 이네...,0
5149,343,짱괴에게 그냥 들어바치는 조선시대을 바라는 빨깽이들.....독립문은 짱괴때문에 세웠다...일본때문에 세운게 아니다...검색해봐라...,0
5150,343,"공무원들 한테만 업무과중 시키지 말고 무직자중에 혼자고립되어 있는 사람들 이용해라. 공공근로라고 노인네들만 일자리 주지말고 사회문제 되어가는 고립자들에게 임시직이지만
 일자리 주는게 어떤지 검토해봐라. 초등학생 유괴사건도 늘어간다고 뉴스나오는데 CCTV늘린다고 예방할수 없다. 유괴되고 난뒤 추적하는거보다 고립자들 도보순찰 활용해서 사전에 예방하는것도 검토해봐라. 단체에 주는 불필요한 혈세주지말고 현실적인곳에 쓰자.  이거야 말로 도랑치고 가재잡는거 아니냐~",0
5151,343,좌빠리들은 무식해서 나라를 운영할 능력이 없다. 아부하는 저능력 학자 놈들만 쓰니 나라 꼴이 뭐가 되겠는가~!,0
5152,343,GR 났다 토지허가를 왜 하냐 봉건사회냐,0
5153,343,말단들만 죽어나는구만,0
5154,343,거주이전의자유를 보장하라!민주당 영원히이웃!,0
5155,343,개판이네,0
5156,343,ㅋㅋㅋㅋ개판이다 현관문 사짘 이라니 ㅋㅋㅋㅋ,0
5157,343,기준 근본없이 해서 이주막아보리기~,0
5158,343,민주당정권은 의도했던 아니던간에 국민 실생활에 직격 피해 주는 정책이 많음. 국민주거안정 민생안정에 중요한 부분 아닌가..,0
5159,343,"재직증명서? 무직자는 집도 못사냐?
참 가지가지 한다!!!",0
5160,343,ㅋㅋㅋㅋㅋ,0
5161,343,"공산당 하는짓  이넘들이  사회  정치  사법
 전반에걸처  실험중이다  가난을 기반으로
  계급사회 기반다지는  공산주의  파괴합시다",0
5162,343,토건언론에 휘둘리지 말고 부동산 못잡으면 지선도 총선도 대선도 없다. 끝까지 밀어붙여라,0
5163,343,안남시장 박성배.  아니 성남 🐑 아치 자칭변호자출신 찟.  빨리 큰집에 안보내면 삶은 소 대가리도 못이루었던 한번도 경험하지 못한 대한민국온다,0
5164,343,"상상으로 정치하는 이재명, 민주당 뽑은 1찍들 책임 100%",0
5165,343,거주이전의 자유 박탈하는 반시장 규제.,0
5166,343,ㅋㅋ 불행하게도 팩트임 ㅋㅋ 개판이라는 ㅋㅋ 불쌍한 개돼지들 ㅋㅋ,0
5167,343,조금 있으면 5호 담당제 나올듯,0
5168,343,혁명에는 항상 불편이 따르고 매경같은 반대종자들이 달려드는 법이다. 이럴 때 뒤로 물러나면 이놈들은 물어 뜯는다. 비명도 지르지 못 하게 밟아야 한다. 투기언론 매경은 이미 언론사이길 포기했다. 그냥 없애버려야 한다. 매경 댓글창에 득실거리는 갭투기꾼들도 같이.,0
5169,344,"내란이 끝나서 이제는 자유민주국가가 되겠구나하고 생각했는데 몇 달 지나지도 않아서 독재자에 의한 공산국가가 되려고 하니.......
법도 자기들 마음대로 바꾸고....
공무원 휴대폰을 뒤진다고..... ㅉㅉ
이게 나라냐???",0
5170,344,박근혜때는 국정농단 세력이라고  몰아부쳐  다 짜르고 지들 편으로 다 갈아치우더니,0
5171,344,"저는 그동안 김대중 부터 문재인 까지 2020년까지 민주당에 투표 열심히 했습니다!! 503때 정부 문체부 국민체육진흥공단 체육진흥투표권 정부인증 사업에 새벽시간대 100억원대(세금 공제 후 약 150억원대)전산 조작 사기 적폐범죄 당했습니다! 육하원칙 상세한 내용 정부에 전부 다 있고, 검경 등 수사기관은 문체부 요청이 있어야 한다고 했습니다! 도종환 놈은 평양냉면만 처먹다가 비리 꼭두각시짓만 하고 튀었고, 문체부 스포츠산업과장 임아영 은 자기가 그냥 하기싫다고 하였습니다!사기꾼  문재인놈 도종환놈 등 절대 용서 안하겠습니다!!",0
5172,344,역쉬!!! 세련미!!! 석열처럼 무식하게 하는 입털막이 아니라 이렇게 해서 내년 지선까지 공무원들 입털막 하는 만배의 7000억 몰아 주기 처럼 아~~~주 깔끔해 ㅋㅋㅋ,0
5173,344,내란에 동조가담한 애들이 윗선만 정리되고 본인들은 조용히 넘어갈줄 알았지. 하위직들도 적극 동조자들 많다.,0
5174,344,당원이 되어라는 의미,0
5175,344,어 임마😮내란 없댔다😮임마😮대선에서도 40% 득표 했고😮임마😮자격도 없는 놈들이 기소해서 무효라더라😮임마😮거짓말한것도 좌파들이었고😮임마😮,0
5176,344,"통일교 찌라시 세계일보...  쯔쯔쯔 난 이번에 윤석열의 아둔한 결정에 따른 불법계엄이 국운을 좌우한다고 본다. 왜?? 매국노들과 나라를 좀먹는 세력 즉 통일교, 신천지, 사랑제일교회등의 사이비들과 사법부의 비리 그리고 검찰의 범죄행위 그리고 보수당이라 말하면서 범죄와 매국행위를 해오던 국힘... 그리고 사기언론사들... 이 모든 세력들의 오랜세월을 통해 뻔뻔히 해오며 숨겨왔던 나라를 망치는 매국노들이 수면위로 다 들어났기 때문이다~!!!!!! 이 기회에 이것들을 처단해야 나라의 미래가 밝아질거다!!!!!",0
5177,345,현명하게 잘 생각 해 보시라 한 것이 항소 포기 하라는 압박이지  찢당 이놈들 이것들 하는 것은 문제 안 되고 국짐이 하면 날리 치나,0
5178,345,예전 짜리몽땅 이기동 코메디언 생각나네  정성호 박선원 짜리몽땅 회원  성호야 거짓말그만해라  그걸 국민들이 믿어라고 하는거니? 자네 이재명 씨다바리잖아 근데 상의 안했다는게 말이된다고 생각하는거니?,0
5179,345,"눈가리고 아웅, 국민을 바보로 보고 능멸하는 작태.",0
5180,345,지들도 잘못한건 아나보네 서로 아니라하니,0
5181,345,뭔소리야 민주당 당대표 정청래랑 원내대표 김병기가 항명이라고 하더구만. 그렇다며 정상호 니가 항소포기 지시 했다는 건데 ㅋㅋ   이것들은 서로 아직까지 입도 안맞추고 뭐하고 있었어,0
5182,345,참 뻔뻔하다....일상적인 검찰의 항고포기란 말인가? 국민을 기망해도 유분수지....정성호장관 신중한 판단이 무엇을 뜻합니까?,0
5183,345,"신중검토을 반대하면 항명이라 처벌을 한다고, 앞뒤가 맞는 말인가",0
5184,345,신중검토는 하지말란뜻 아닌가?,0
5185,345,"차라리...죄명이가. 사면하는. 그림을. 그리지???


돈. 지키려. 무리수. 두는거보믄...


한통속이야!!",0
5186,345,"내로남불하고 자빠졌다. 그렇다면 채상병 외압은 아무것도 아니고 일상정치인 것이고 사건도 아닌것이다.. 정성호 말대로라면 윤석열 계엄은 대통령이 할수 있는 권한이란 말이다. 지들은 헌법위배든 뭐든 되고, 남들은 작은 뭐든 불법이야? 반성을 하라",0
5187,345,~ 대장동 공범은  그럴수 있다 ~ 정성호 이재명 탄핵 뿐이다~,0
5188,345,진짜 국민 대놓고 무시하네 욕이 절로나온다,0
5189,345,신중하게 생각하고 밤길 조심해라,0
5190,345,신중하게 검토하고 할게 뭐있나.검사가 알아서 법과원칙에 따라 항소하면 되지.법무장관이 관여할 사안인가.이건 두고두고 문제가 될듯 하다.,0
5191,345,국민을 얼마나 바보로 알면 저럴까 싶습니다!! ㅉㅉ,0
5192,345,재명이나 민주당에서 먹으라고 던져줘도 지금 국민의힘에서 이걸 받아먹을 브레인이 없는게 안타깝다..,0
5193,345,"돈 받았다, 빽 받았다, 미쳤다~~",0
5194,345,진짜 비열한 인간이야.  괜찮은 사람인줄 알았는데..,0
5195,345,그래? 그럼 니가 책임지고 사퇴하고 추징액 다 갚는걸로 하자,0
5196,346,윤석열 특활비 0원만들고 찢은 수백억임 미친나라 누가 내란이지?,0
5197,346,범죄자 잡는 예산은 줄이는 범죄자정부 ㅋㅋㅋㅋㅋㅋㅋㅋㅋㅋㅋㅋㅋㅋㅋㅋㅋㅋㅋㅋㅋㅋㅋㅋㅋㅋㅋㅋㅋㅋㅋㅋㅋㅋㅋㅋㅋㅋㅋㅋㅋㅋㅋㅋㅋㅋㅋㅋㅋㅋㅋㅋㅋㅋㅋㅋㅋㅋㅋㅋㅋㅋㅋㅋㅋㅋㅋㅋㅋㅋㅋㅋㅋㅋㅋㅋㅋㅋㅋㅋㅋㅋㅋㅋㅋㅋㅋㅋㅋㅋㅋㅋㅋㅋㅋㅋㅋㅋㅋㅋㅋㅋㅋㅋㅋㅋㅋㅋㅋㅋㅋㅋㅋㅋㅋㅋㅋㅋㅋㅋㅋㅋㅋㅋㅋㅋㅋㅋㅋㅋㅋㅋㅋㅋㅋㅋㅋㅋㅋㅋㅋㅋㅋㅋㅋㅋㅋㅋㅋㅋㅋㅋㅋㅋㅋㅋㅋㅋㅋㅋㅋㅋㅋㅋㅋㅋㅋㅋㅋㅋㅋㅋㅋㅋㅋㅋㅋㅋㅋㅋㅋㅋㅋㅋㅋㅋㅋㅋㅋㅋㅋㅋㅋㅋㅋㅋㅋㅋㅋㅋㅋㅋㅋㅋㅋㅋㅋㅋㅋㅋㅋㅋㅋㅋㅋㅋㅋㅋㅋㅋㅋㅋㅋㅋㅋㅋㅋㅋㅋㅋㅋㅋㅋㅋㅋㅋㅋㅋㅋㅋㅋㅋㅋㅋㅋㅋㅋㅋㅋㅋㅋㅋㅋㅋㅋㅋㅋㅋㅋㅋㅋㅋ,0
5198,346,나라가 미쳐돌아가네 ㅋㅋ,0
5199,346,민주당은 스스로 자멸하네!  민주당에 줄 안서면 돈 안줘!,0
5200,346,자..팔다리 자르는거 보이죠? 이제 누가 내란이냐..?,0
5201,346,국개의원 수당이랑 특활비부터 없애라 ㅋ,0
5202,346,어떤게 정치적인거지?대장동사건이 무슨정치사건이야 개인비리지 진짜 나라가 정신나갔네 본인들이 앞장서서 비판은 못할망정 어의가 없다 정말 도둑들이 나라좀먹네,0
5203,346,우리말 잘들으면 돈주고 안들으면 돈 안주고ㅋㅋㅋ 아주 독재가 따로 없네,0
5204,346,이거봐라 ㅋㅋㅋ 특활비줄인 게 진짜 국민을 위해서였다고 1찍들은 아직도 믿어? ㅋㅋㅋㅋㅋ,0
5205,346,대통령실 특별 활동비 삭감하라 0000,0
5206,346,최근 30년간 이런 독재정권 행태를 본적이 없는거 같은데??,0
5207,346,와...보복 쩌는구만... 걍 상황이 미쳐돌아가는구만?!,0
5208,346,"민주당 진짜 엉터리다~
몰아내자~국민이 더이상 방치하면 안된다~
모두 여의도로 모이자~
민주당놈들 따귀 하러 가자~",0
5209,346,대단한 더듬당이다!!! 소위 일찍들은 좋겠다 독재 국가를 만들어 놓아. 모든걸 더듬당 마은데로. 특검 예산이나 한 1000억 증액하지. 임기내내 특검해야 할텐데.,0
5210,346,예산으로 다른부서 조종하고 협박하려하는건 졸렬만으로는 표현이 안되는 삼권분립을 무너뜨리는 행위다 이것이 반민주이자 국회권력이 독재하려는 내란 행위인것이다,0
5211,346,당 하나가 국회를 장악하면 이렇게 뻔뻔한거였군요. 투표 잘해야겠어요.,0
5212,346,"나라 운영이 무슨 장난인가? 말 잘들으면 없앴던 예산아이들 과자값 주듯 살려주고, 말 잘 안들으면 있던 예산 말 안듵는 아이들 과자값 안주듯 참으로 유치하고 가관인 나라같다.",0
5213,346,"돈으로 길들이기 하냐?
대통령실 특활비가 왜 필요하냐고 했던것들이
누구였더라?",0
5214,346,완전 엿장수맘대로네. 품격이라고는 1도 없는 양아.치.,0
5215,346,이정도면 혁명 나야되는거아님…? 나라 갑자기 왜이래졌어..? 헐,0
5216,346,"미친 국회의원들
이게 나라인가?",0
5217,346,"검사들 물로 보는구만~
정치꾼들아~ 보복하면 또 보복한다~
군인들 물 됐고 검사들 물 먹이는구만~",0
5218,346,내란당은 민주당임,0
5219,346,잘한다 민주당 파이팅!!!!!!!!,0
5220,346,"검사 사법부 특활비 왜줍니까? 내란 세력이랑 뭐가 달라서? 없는 죄만들어 조작수사 기소해 사법부는 내란세력들 옹호하고 있고, 내란의 정의도 모르는 2찍들 ㅉㅉ",0
5221,346,"이참에  모든  특활비 다 없애라 특히 재명이
  특활비  국개특활비 부터 없애라  작년예산때 없앴다가  너들이  집권하면서 부활시킨거  국민들은 다알고있다  똑바로해라",0
5222,346,특활비 전부 없애고 실비정산 하라.,0
5223,346,제발 선거 잘합시다 제발 ㅠㅠ,0
5224,346,중국 따라 하는 이재명 정권,0
5225,346,와 진짜 내란당은 민주당이네 지들 입맞에 안맞으면 바로 예산삭감!! 1찍들 잘봐라 이게 내란이고 이런게 독재다,0
5226,346,좌파는 역겨운 집단,0
5227,346,대놓고 완장차고 내말안들으니 돈안줘 이거네ㅋ 이게 맞는건가요?내 말 안들어도 예산의 필요성 등을 검토해서 판단해야되는거 아닌가?필요없는거면 이재명 정부는 그걸 왜 요구한거냐ㅋ,0
5228,346,"법사위가 하는일이 고작 감정으로 이씨방탄을 하는구나!
저런 저질들을 뽑은 지역주민들의 깨어나야 대한민국의 미래가 보일것이다",0
5229,346,역대 최악의 대통령 찢재명,0
5230,346,배짱있는 판사가 나와서 잡범 이죄명 재판 재개하자,0
5231,346,와 이걸 이런식으로 이용해버리네! 뭐만 하면 돈줄을 끊고 마음대로하네. 정치를 왜 감정적으로 하는가? 잘못한 것은 따로 있잖아! 그리고 사실 정성호만 잘못한 줄 알았더니 자연스럽게 더불어나치당이 고맙게도 여기서 등장하네? 한패거리야! 너희들이 협박했지? 예전에 하던대로 말야!!! 입틀막 정치 신물난다!!!,0
5232,346,이건 국회가 아니라 범죄단체 아닌가,0
5233,346,민주당이 진차 내란세력이야! 국회의원 보좌관 비서들 월급 자러는과 뭐가 다르나?,0
5234,346,정치적 중립?????대장동 사건이 정치하고 무슨 상관이냐 ㅋㅋ항소 포기 종용이라는 전대미문의 부당 지시 사태가 터졌는데 이에 대해 지적하고 이유를 밝혀달라는게 정치적 활동이고 정치 중립 위반임?ㅋㄱㅋㅋㅋㅋㅋ,0
5235,346,또 횡포 시작임?,0
5236,346,장동혁.박수영.조수진.원희룡 선거법위반으로 1심에서 무죄나왔을때 항소포기하고 의원직 그대로 유지했을때는 ㅇ알 한마디도 못한것들이 이제와서 집단항명을 하느냐?  그리고  누가  어떤 공무원들이 집단행동을 감행한적 있느냐?  법위에서 국민을 요리해먹던 시대는 이제는 갔다.,0
5237,346,그러게 이재명 안잡아넣고 뭐했노 ㅋㅋ,0
5238,346,정말 더불어 도그당,0
5239,346,진짜 내란세력들의 활약상을 잘봐라 멍청한 일찍들아  .,0
5240,346,그도 아깝다. 전액 삭감해도 아무런 문제 없다,0
5241,346,"검찰,견찰,육아,공무원,군인,청년수당,국방비는 모조리 삭감하고 지난정권 특활비는 필요없다고 0원 만들고 일 못하게 해놓고 지는 89억 다시 재정하고 북한에 퍼 주는돈 늘리고 이게 맞는거냐  진짜 이게 공평이고 평등이냐",0
5242,346,"당연히 내란검찰들에게는 한푼도 안줘야지
썩은 환부는 도려내야",0
5243,346,자꾸 누가내란이지? 하는데.. 왕권국가로만들려는게 윤석열 김건희였는지 봐도 모르나?  필리핀이왜 나라가 망가진줄아나?,0
5244,346,"총액은 그대로네. 한우렁 참치회 많이들 잡수시겠넹, 검새놈들 ㅠ",0
5245,346,"아이고 양  아치 더부러들
 국민세금을  즈그돈인줄아나봐",0
5246,346,죄찍들이 내란이지 지들만 돈 펑펑쓰면서 2030세대 끊고 외국인으로 도배하고 4050유지시키고 3권장악 독재를 하고 자기즐 죄는 덮는 짓을 하는데 뭐가 내란이겠나,0
5247,346,잡범  이재명이 했던대로만 하면 된다,0
5248,346,조선인민공화국 로동당 남조선지부,0
5249,346,ㅎ ㅎ  공수처  특경비도  20억  삭감하자! 그리고  국회의원 경비도  삭감하자. . .국민을 위해  일해야할 집단이  도대체  누구를위해일하고있노!,0
5250,346,이게 독재랑 뭐가 다르냐고 계엄보다 더 한거 아닌가,0
5251,346,석렬이 내란판정해도 난 안믿어 만자당 애들하는거가 내란이다 국회의원들 100명줄이고 세비도 80프로 삭감하자,0
5252,346,"답없다 들고나가자 민주당 해산하라
곧 시작이다",0
5253,346,완전 깡패정부.,0
5254,346,민주당 해산,0
5255,346,ㅋㅋㅋㅋㅋㅋㅋㅋㅋㅋㅋㅋㅋㅋㅋㅋㅋㅋㅋㅋㅋㅋㅋㅋㅋ 국민여러분 지켜보고만있을거죠?ㅇㅋㅋㅋ,0
5256,346,역시 전과자 범죄자 정부 답다,0
5257,346,"국민들의피같은세금튿어먹고사는범죄집단기생충들부터세비나삭감해라하는짓거리가일은안하고전과자,범죄자애비보호하는것밖에없다국민들은반성해야지범죄자들이득실거리는나라",0
5258,346,이재명 특활비도 0원 해라,0
5259,346,국민세금으로  본인 쌈지돈  주듯이  하네,0
5260,346,특활비 없어도 운영 가능하다고 입털면서 0원 만들더니 자기는 야무지게 쓰고 있는 그 음주운전자가 생각나네요,0
5261,346,노만석이 지식구는 20억뺏고 만수르일당은 7천억이상의 검은돈 보장해줬네 에라이  짜리몽땅 NO만석,0
5262,346,진짜 쪼잔한 놈들 꼭 국민들의 심판을 받기를,0
5263,346,진짜 민주당 멋대로 독재하냐,0
5264,346,멋지다 더욱더 가열차게 달려라 민주당아,0
5265,346,김건희 동영상에 다 찍혀도 무죄라고 우기던 놈들이 검찰아님?정치검찰 개검놈들 이러니 니들은ㅍ해체 당해야 하는거야,0
5266,346,완전  배급으로  조지는  찢정권,0
5267,346,정권 몰락의 시그널,0
5268,346,웃긴다 짜고치는거지 노만석이 쇼하고 나중에 보상해준다했겠지 하는짓이 뻔히 보이는데,0
5269,346,검찰이 정치적으로 집단활동하는 것은 차단하는 게 맞네요.,0
5270,346,"삼권분립 상호견제의 중요한 축을 차지하는 검찰한테 정권 말 안 들었다고 파면, 징계하는 법 만들고 활동비 삭감해서 손발 자르고 이게 내란 아니냐? 아니 국회로 군대 끌고가서 행정수반이 의회 탄압했다고 그게 내란이라며. 지금 행정부랑 입법부가 손잡고 사법부랑 검찰을 그냥 짓밟고 있는데 이건 왜 내란이 아님? 같은 논리 그대로 되받아치면 너네도 내란세력임. 이 금수만도 못한 족속들아. 세상이 두렵지도 않은가.",0
5271,346,여기댓글 쓰는 사람들 재정신이냐? 검찰들이  쌈지돈으로 쓸라고 할라고 하는거 못하게 하는대  어디 잘못이지? 특활비  모두 우리 세금이다 정신 차려라,0
5272,346,ㅋㅋㅋㅋㅋ   떡렬이하고  쥴리가  개검을  걍  말아드셨뿌럿네  ㅋㅋㅋㅋㅋ   꼬시다  꼬셔 ㅋㅋㅋㅋㅋ,0
5273,346,검찰은 놀면서 술렁 슬 렁 해라. 돈도 없는데. 수사는. ㅠ슨.  월급만 받고 놀아,0
5274,346,가관이다!  민주당것들   조심하는게 좋을텐데   선을 넘고도 !  계속  미쳐 날뛰네,0
5275,346,특활비가 범죄자 잡는 예산이래 ㅋㅋㅋㅋㅋ 지들끼리 돈봉투나눠주는게 활동비냐?ㅋㅋ니들은 회사에서 현금주디???ㅋㅋ,0
5276,346,국가예산이 엿장수 맘이네 1찍세상 과 가관이다,0
5277,346,예산이  더불어 너희들  돈 이나,0
5278,346,민주당은 가만히 있으면 정권 연장 안정하게 갈수있는거 다 걷어차는중,0
5279,346,검사들 일벌백계해라. 저런 것들은 꼼짝도 못하게 만들어야 한다.,0
5280,346,명절떡값 날라갔네?ㅋㅋㅋ,0
5281,346,잘했어요. 이번기회에 기득권 검사들.  내란 동조 윤석열 검사들을 싹 다 처단하리ㅣ,0
5282,346,범죄자잡는 예산은 팍팍줄여야 범죄인이 날뛰지.,0
5283,346,잘했다 ㅋㅋㅋ^^,0
5284,346,입법독재라 계엄했다는게 ㄹㅇ 점점 더 이해가 간다. 우리 말을 안들으면 악이요 처단대상임.,0
5285,346,0원으로 해라. 어차피 술쳐먹을라면서.,0
5286,346,잘햇고만!!,0
5287,346,ㅋㅋㅋㄱㅋㅋㅋ1찍들아 정신차리라 ㅎ,0
5288,346,대통령실 특활비도 0원 해,0
5289,346,지들 맘에 안들면 0원 !! 민주당 찍은 인간들아  이게 정의냐,0
5290,346,"이게 공산당 독재 아니냐?
자기가 저지른 범죄는 지우고
다른 사람들은 적폐로 몰고
사법 시스템은 붕괴시키고",0
5291,346,국회 독재 ㅋㅋㅋㅋ,0
5292,346,행정부 마비혐의 직권남용 혐으로 바로 체포하면 면책특권 적용안되는데 검찰아 죽기전에 뭐라도해봐.,0
5293,346,ㅋㅋ 이게 맞지. 하극상하는데 예산을 왜 주냐? 칼 같이 엄벌해야 다신 검찰이 정치질을 못하지.,0
5294,346,내란 종사자들 법은 니들의 선택이냐 웃기는시키들 파면시켜정치검새들,0
5295,346,국개 예산 좀 줄여보아라..민줏당,0
5296,346,ㅋㅋㅋ 공산당이니,0
5297,346,2찍들이 발광하는거 보니 잘 돌아가고 있구나. 계속 발광해라. 그래야 지금처럼 나라가 발전하고 제자리로 돌아 간다. 한심한 2찍들~~ 니들 보기에 나라가 망하는걸루 보이냐? 통일교. 신천지. 극우기독교~~ 이것들이 세뇌가 되어있으니 아무리 진실이 밝혀져도 안믿지~,0
5298,346,정권에 복종하라는 미친 인간들,0
5299,346,범죄자를 위한 나라,0
5300,346,한50억 삭감해야지…,0
5301,346,잘한다~!!,0
5302,346,대통령실 특활비는? 국개들 세비는? 니들이나 좀 잘해보는건 어떠실?ㅋㅋㅋ,0
5303,346,그간 영수증 증빙도 하지 않고 명절에 떡값으로 쓰고 현금으로 가져가고 되도 않는 사유로 얼버무리고~ 증빙하지 않고  세금 쓰는 곳엔 전액 삭감 해야한다!!,0
5304,346,잘한다~ 특활비 폐지해라,0
5305,346,미tin 갸 쓰 re 기들,0
5306,346,정부는 뭐가 무서워  겁박하고 있는가,0
5307,346,연봉도 삭감해라.,0
5308,346,돈으로 협박하네,0
5309,346,범죄자 신디케이트가 정부를 장악하고 범죄자 살기 좋은 세상만들기 짓꺼리를 하고 있다!,0
5310,346,ㅎㅎㅎㅎㅎㅎㅎㅎ 게짓거리 하네. 독재나라 재명이 나라 답다,0
5311,346,국민들 일어나 국개 처단하라,0
5312,346,Ss r g 사람 아님,0
5313,346,풉.ㅎ.ㅎ.ㅎ.ㅎ. 기다려보세요. 국힘동지들이 있자나요.,0
5314,346,본인 지갑에서 용돈 주는 줄,0
5315,346,검찰은 누가 젤 싫어할까 정답 범죄자,0
5316,346,"윤가한텐 찍소리 못하는 검새 ㅅ?ㅐ?ㄲ?ㅣ?들
꼬소하다.",0
5317,346,좌표 찍고 달려드는 2찍 개좀비들,0
5318,346,이제 우리나라 셧다운 들어가니?,0
5319,346,징법이없어 이죄명 민주다은 퇴출시키고 탄행되어야한다  지방선거와 총선으로 자동 탄핵시커야 10.20.3040.50대가 선거로 심판햐야한다 이죄명 민주당 범죄자 소굴을 무조건 탄핵으로 처리래야 1년에 4억씩 이죄명 대장동범죄자들 대북송금 범죄자에 연금과 더불어 주어서는안돼 탄핵되어야 추징금도 모두 죽을때까지 환수해야한다 민주당 국회의원 범죄자들도. 사법 형법으로 처리해야한다,0
5320,346,그래도 너무 많다 10억 정도 더 줄여야,0
5321,346,"잘한다 민주당 
어디 공무원이 항명을 하고 자빠졌어",0
5322,346,2찍 놀이터네~~~,0
5323,346,🐕들의 반란,0
5324,346,오 👍,0
5325,346,특할비 모두 없애버려라 얘네들 술값이여 모두 없애,0
5326,346,윤석열의 검찰권력이 이 나라를 망쳤다.....바닥에서 다시 시작하자.....,0
5327,346,절라도인간들아. 나라가. 저지경인데.  잠은오냐?   눈이있고귀가있음. 쳐보고.  투표똑바로해라.  니들땜에. 나라가. 공산화됏잖아,0
5328,346,정치검찰아웃/무조건삭감 아주아주잘하고있어요 ~,0
5329,346,검찰이 뭐 대단한거니? 특할비 없애고 영수증 징빙해서 따  써라....,0
5330,346,참 비굴하게나오네. 검사들이 저거마음에 안든다고 특할비를깎다니. 좁쌀스럽게놀지말라 그래도 윤정권때는 제로였던데 너거가정권잡으니까 책정해주는것보니 완전 내로남불 심보네.쓰레기같은정권아,0
5331,346,내란 수괴 윤석열 때는 검사는 영수증 증비도 없이 그렇게 세금을 써대는데.. 집단 항명하고 제대로 일도 안하는 그런 검사장 있는 지검이나 검사들은 세금으로 돈 주면 안됨.. 일반 회사 가서 그렇게 할수 있나? 국민과 나라를 위해서 일하라고 할때는 그저 윤석열이 뒤나 봐주는 정치 검찰에 김건희 수사는 방문 조사 밖에 할줄 모르는 사악하고 무능한 집단은 싹다 파면 징계 하고 다시 뽑아야 함. 불법 계엄과 내란에도 참여한 자들이 없는지 다 조사해서 파면 시켜야 함.,0
5332,346,豫算亂盜質 內亂唐 더듬고 찢 空酸唐 國疥들을 剔抉하라,0
5333,346,쪼잔하기가 우찌 그리.   공당이 맞나? 꼭 양아치 집단에서 하듯이. ㅉㅉ,0
5334,346,더듬좌파 공산당,0
5335,346,애미추가 추애미했네,0
5336,346,아주  좋아,0
5337,346,수사하지말고엎드려있으란거냐?개인돈으로누가수사를하냐?,0
5338,346,찢 특활비 50프로  삭감,0
5339,346,"유치하고, 졸렬하다",0
5340,346,역쉬ㅜ전라도치들은 대단혀....체면 양심 도덕 상식은 없고 오직 자신들의.눈앞 이익에만 관심있는 더러운 것들....반ㄷ.시 천벌받아야ㅜ한다,0
5341,346,애들도 아니고 하는짓이 유치원생같아 웃기는찢당 국회를 없애야겟어 ㅋ,0
5342,346,근데 지들 특활비는 올림 ㅋㅋㅋ 저러면서 특검 질질 끌면서 윤빡통 내란 원툴로 임기내내 저 짓거리만쳐할듯,0
5343,346,어차피 없애다며,0
5344,346,아주 잘했다,0
5345,346,전액삭감하지?,0
5346,346,"이걸봐라!! 또 특활비 지들이 주는것처럼 ㅈㄹ들이네..... 범죄자 잡아야하는데... 니들 잡힐까봐 두렵지???ㅎㅎㅎ
이것만 봐도 니들이 윤정권때 한 예산안삭감과 국무위원탄핵남발로 국정이 운영이 안되게 만들었다는거다!!이게 정권을 가져오기위한 내란!!!아니야???국민들을 생각은하니??민주당아???재명아??그냥 잡혀 들어갈까봐 무섭지??그러니 검찰을 이렇게 들쑤셔 넣고 망가트리지.....더러운.... 것....ㄷ",0
5347,346,비상계엄도 그렇게 끌어냈거든,0
5348,346,"이것들은 세금을 지들돈 주듯하네ㅋㅋ  세금이 아니라 지들돈이라 생각해서 이쁜짓하면주고 맘에 안들면 한푼도 안주는겨?ㅎ  배꼽잡네ㅋㅋㅋ 국민이 세금내는건 국가와 국민을위해 형평성있게 쓰라고 내는거지, 다수당맘데로 주고싶으면주고 말고싶으면 주지마라는게 아니다. 검찰에주는돈보다 국회의원들이 가져가는돈이 더 아깝게 생각하는 국민이 다수일꺼다.",0
5349,346,부산일보구나? 구경만해야지~,0
5350,346,대통령 특활비는 우찌됐는고?,0
5351,346,자기 급여 로 술 쳐 드세요 .쇠고기 900백만원.자기 돈으로 먹어.제발 자기 돈으로 룸싸롱,0
5352,346,그렇지 검새들,0
5353,346,대통령 특활비는?,0
5354,346,9살 여자초등학생 2명 납치시도한 무비자중국인이 성범죄 일으키는 시국인데 법제위원장 추어탕은 진짜 정신 나간것 같다 범죄자 잡는 예산 대폭 삭감하는 범죄자 전과범 정부 하루속히 탄핵되어야한다 국민 심판 필요하다,0
5355,346,"특활비 주면  펜티수괴 윤석열 방어막 되어주고  주가조작 김건희 무죄 주장할판이다 전액
삭감하라",0
5356,346,찢당 맘대로야 웃긴다 ㅋ 진짜 혁명  일어나야겟어 ㅋ,0
5357,346,이건아니지.,0
5358,346,ㅁ ㅊ 거지,0
5359,346,에라이,0
5360,346,굿,0
5361,346,"국힘당 지지하는 자들이 원하는 세상이란, 북한을 도발해서 전쟁나고, 시민들 죽고, 단전단수하고, 디올백/반클리프목걸이 받아먹고, 주가조작하고, 굿판 벌리고, 문화재 개인반출하고, 기획수사하고, 나라자산으로 선상파티열고 이런 세상이다. 국힘당을 총선에 찍고, 지지하고, 윤어게인 하는 자들은 이런걸 용납하는 모지리들이다.",0
5362,346,나라를 점령하고 있는 민주당의 만행을 보고도 지지하는 사람들은 민주주의를 아는것일까 아니면 광신도들 일까요? 대단허다 민주당 도적무리들!,0
5363,346,"더듬당 국개들이  국가예산을 다루면서 생🐕지랄하고 자빠졌네.
국가예산의  필요여부가 아니라  지네들한테 이뻐 보이면  주고 아니면 빼고...
국가예산을 이렇게 개뭐 꼴리는데로 해도 되나요?",0
5364,346,아니 징계나 해임할수 있는 법을 좀 만들어라!,0
5365,346,요즘 대통령실도 특활비 공개하는데 검찰만 공개 안하고 흥청망청 쓰는 이유가 뭐냐. 증액 하고 싶다면 공개하거라,0
5366,346,"더불어 범죄당은 조폭보다 못하네..조폭은 이렇게 치사하지능 않지. 대통령실 특활비없어도 국정운영에 문제 없다고 하던 자들이 사과한마디없이 부활시켜 놓고선..이자들의 행동에 열받지 않으려면 물구나무서서  세상을 거꾸로 볼 수밖에 없다..그래야 파렴치한 것도 염치있게 보이고,몰상식도 상식적으로 보이지 않겠는가? 치사하고 개념없는 정치모리배들..창피하지도 않나?",0
5367,346,더 삭감해라  검찰들의 씨를 말려버려야함,0
5368,346,국개의원 월급 최저시급을 지급해라.,0
5369,346,훌륭한 조치입니다. 말 안듣는 검사한테는 한 푼도 내어줄 수 없습니다. 이재명 대통령님에 대한 충성도에 따라 포상이 지급되어야 마땅합니다. 민주당 의원님들의 결단을 존중합니다.,0
5370,346,진짜 🐕   같은것들이다,0
5371,346,대한민국이 민주당 마음대로 운영되는구나.,0
5372,346,OOO  ㅡ니들돈이냐ㅡ니들맘대로주고말고하게ㅡ진짜OOO들이다ㅡ이제곧국민을협박하겠네ㅡ,0
5373,346,범죄도시...범죄나라..마석도라도 불러야하나,0
5374,346,아주잘했어요,0
5375,346,검사새끼들 씨를 말려 죽여야한다,0
5376,346,백날 짖어봐라 니들이 댓글말고 할 수 있는게 뭔데 ㅋㅋㅋㅋㅋㅋ,0
5377,346,더불어 공산당 뺠걩이 찢정부 방구석 여포,0
5378,346,미친 양아치 패거리당,0
5379,346,참 치졸하고 뻔뻔한 이재명과 민주당 떨거지들....,0
5380,346,김일성이는 왜 힘들게 전쟁을 일으켰지? 바보라니까. 알아서 빨갱이나라가 되어가는데 ㅋㅋㅋ,0
5381,346,칼춤 피바다 뿌린대로 거두리니,0
5382,346,수사는 국수본이 할거니까 특활비는 거기 주고 수사 안하는 기소청은 특활비 0원이 적당함,0
5383,346,더블어똘마니당아  돈이 니네꺼냐  네*처럼 되기전에 정신차려,0
5384,346,"정치 검사 조작검사 특할비 비공개 검사는 특검으로 탈탈털고가자, 내란검사 정치검사 싸거리정리하고  건전하고 바른 국가 세우자",0
5385,346,매우 좋음,0
5386,346,개발작하던 언론사들 입 죄다 처닫고있는거 너무 역하네,0
5387,346,"겨우 과반으로 당선됫것들이 
법.예산가지고
독재를 하네

국민이 국회로 몰려가서 문닫게 해야한다",0
5388,346,독재 독죄 이독죄 이독재 정권으로 명하고 싶다.,0
5389,346,저런놈들한테 줄 세금은 없지 굿굿굿 민주당 너무 일 잘함,0
5390,346,"비상계엄이 내란이라면, 검찰 특활비, 대통령 특활비, 초급장교 수당 전액 삭감한 것 계속 유지 하세요 ~ !!! ㄱ그것 계속 유지하면, 그것이 국민을 위한 헌법에 부합하는 예산심사인지 직권남용의 반헌법적 예산심사인지 시간이 지나면 증명이 될 것 입니다. 그 증명의 경과 나라꼴이 내란에 준한 국가 위험을 초래할 수 있는지 없는지 그때가면 증명이 될 수 있고, 그때가서 그것이 증명되면 헌재의 판결이에 대한 심판을 할 수 있을 것 입니다. 국회는 계속 전액 삭감하세요 ~ !!! 왜 다시 복원 시키나요 ~ ????",0
5391,346,검찰을 민주당 멋대로 운영하겠다는건데 잘 생각했다.네 년 선거에서 반드시 이겨서 꼭 너희들 소원대로 이루어지길 빈다.,0
5392,346,민주당의원 월급 자진 반납이나 결의해봐라,0
5393,346,개돼지 만도 못한 국회의원들 특수활동비가 민생을 위한 특수수사에 들어가는 비용인데 믿다고ㅈ빼앗나ㅡㅡ너희놈들 월급이나 반으로 ㅈᆢㄹ여라ㅡ더러운 국회의윈들,0
5394,346,ㅋㅋ 깨소금이다~^^,0
5395,346,범죄자는 누가 잡냐?,0
5396,346,100% 삭감해라. 특활은 아예 하지말고 걍 동사무소 공무원처럼 9시 출근 6시 퇴근으로 하지 머. 어차피 범죄자들 제대로 수사 기소도 못하게 하고 더군다나 내년엔 조직 자체를 다 해체시킨다는데 누가 몸바쳐 일하겠나? 맘대로들 하시오~~,0
5397,346,굿!!!!,0
5398,346,진짜 쓰레기 집단이다 저런 쓰레기들 뽑은 인간들은,0
5399,346,"나이스  연금도변호사도 처리하라
공무원 신분 망각하는것들",0
5400,346,"그리고 댓글들 보니 이재명 지지자는 민주주의자가 아니라 독재 옹호자들인 걸 새삼 느낀다 ㅋㅋ 니들은 그저 우리편 전두환 우리편 박정희를 원했던 것 뿐이지. 빛의 혁명이니 민주시민이니 이러면서 거짓말 치지 마라. 인생 짧은 거 사람이 솔직하게 살아야지. 솔직하게 ""아 우리 민주주의 필요없어. 리재명 수령님 종신독재!' 외치고 다니라니까?ㅋㅋ",0
5401,346,"무도하고 사악한 이재명 정권과 더불어 개돼지들은, 지방선거용 주가조작을 위해 국민들 쌩돈을 외국인에게 퍼주는건 괜찮고,범죄자들 잡는 검찰의 특활비는 삭감?이게 범죄자 공범이지국회의원이냐?",0
5402,346,검찰은 범죄자 뒷처리나 하라는거임ㅋ 권력에 충성 해야 20억줌,0
5403,346,잘했다~,0
5404,346,국민세금이  날도둑놈  쌈지돈이냐 ?  이나라를 범죄자  천국으로  만들려는 수작  국민들은  니 넘들의  만해을  좌시 하지않을것이다,0
5405,346,이런 악마짓을 언제까지 보고 있어야 하나? 예산이 개인돈 이냐 지맘대로 주고 뺏고 하게..이씨의 악마성..그 신도들 악마성..그대로 보여주네,0
5406,346,"내로남불은 이렇게하는거랑께
우리가야당일때는전액삭감
우리가여당일때는 말안듣는데만삭감!",0
5407,346,야 이 국개들아 국민세금이 니돈이냐?  OOO 니가 뭔데 예산삭감해?  웃기는 세끼들이네,0
5408,346,아니 검찰조직을 아에 원천적으로 없애버려야지..예산만줄이면 머하노 이것듣아..ㅉㅉ,0
5409,346,검찰을 충견으로 보는 집권당의 시각을 엿볼수 있네... 잡범의 개들이 민주주의와 법치주의를 파괴하네 ㅉㅉ,0
5410,346,검사들을 나쁜놈 만들면 유능한 검사들 다 나가버리면 범죄자들만 신난 세상 만들고 있는거 아님?,0
5411,346,"지내들 돈처럼, 돈가직 쪼잔하게
....",0
5412,346,검사들이 거지냐 조같은 것들이네,0
5413,346,"만석아. 이런애들이다..대체먼짓을한거니?
충성했는데 욕먹고 팽당하네~ㅎ
진짜 모지리중에 모지리. 에휴..",0
5414,346,헉~~~진짜 민주당 마음대로네,0
5415,346,윤석열 대통령실 특활비 제로로 만들더니...지들은 100억씩 배정해서 처먹고있다...공산당 김정은이랑 뭐가 다르냐?,0
5416,346,법사위와 털보방송 제작진이 개혁대상이다,0
5417,346,에라 존내 양아들아 니들이 그렇치뭐 내년 총선때 보자,0
5418,346,미친법사위원장.민주당것들아주지랄들을하고있네,0
5419,346,멍청래 추미년이 처둑여라,0
5420,346,와 진짜 양아치냐,0
5421,346,멍멍이 들,0
5422,346,해체가 답. 노답,0
5423,346,치사한놉들?  돈가지고 장난하네?,0
5424,346,진짜 아이큐가 의심된다 저집단ㅋㅋㅋㅋㅋ,0
5425,346,대통령실도 0원으로 삭감해야지,0
5426,346,와 진짜 쫌새들이네 ㅋㅋㅋㅋㅋㅋㅋㅋㅋㅋㅋㅋ 저런것들이 나라를 운영한다고 참....애들 장난도 아니고,0
5427,346,국회의원 견제법 필요함,0
5428,346,"국회의원들 세비도 제발 깍아라~~~
넌덜머리난다",0
5429,346,검사님들 법을 우습게  아는 더불어 미친당 년놈들을 날카로운 칼로 난도질해주세요 이러다 나라 쫑납니다 국민들이 도와드리겠습니다,0
5430,346,국가를 박살내는 내란을 지금 누가하고 있는거지?ㅋㅋㅋㅋㅋㅋ,0
5431,346,특할비고뭐고 싹 잡아다 콩밥먹이고변호사도 절대못하게 해라 🐕자식들,0
5432,346,잘한다! 아예 특활비 안주면 더 낫다! 그걸로 서민안정이나 국방비에 쓰면 더욱 좋겠다!,0
5433,346,양아치들,0
5434,346,역시 일 잘한다!!!,0
5435,346,미친자들,0
5436,346,굶겨죽여 말라죽여 검찰꼬라지봐라 ㅋㅋㅋ 그러게 권력의 아부를 왜 그모냥이 된거냐 쯧쯧,0
5437,346,애들 장난하듯 에휴 더러운 gsgg,0
5438,346,범죄자들 좋은일 하는 민주당 ☺️,0
5439,346,또 시작이지 바퀴벨레들,0
5440,346,"누군 불붙은거 끌려고 사퇴라도 하는데, 정작 실질적 명령권자으로 평가받는 놈들과 한편인 놈들이 불에 기름 붓고 있음 ㅋㅋㅋ 검사들이 더 격렬하게 반응하는거 함 보자",0
5441,346,이게다 1찍이들때문..나라꼬라지가 아주개판이구먼 ㅠㅠ,0
5442,346,어쩌라고?,0
5443,346,정치적중립의무를 위반한 임은정검사장은?,0
5444,346,내로남불정권,0
5445,346,이러한 초딩보다 쪼잔한 국회의원 나리들~~~,0
5446,346,느그 드럼통수괴는 41억 증액해주고? ㅋㅋ,0
5447,346,그냥 0원 해라. 이제까지 해먹은거 다 토헤내게 하고,0
5448,346,예산가지고  보복성 양아치짖  또하네  이런게  내란행위라고 ㅋㅋㅋㅋㅋ ㅋㅋㅋㅋㅋㅋ ㅋㅋㅋㅋㅋㅋ   업무방해,0
5449,346,검사새끼들한테 뭔 예산을 줘???????,0
5450,346,이게 나라냐,0
5451,346,검사놈들은 룸에서 양주쳐머고 업소녀들 강간질하것도 전부 남의 돈으로 하는데 뭔 특활비?,0
5452,346,"굿, 잘한다 대한민국화이팅! 내란검찰 철저히 수사해서 고고싱 감빵으로...",0
5453,346,집단항명 개검 당연하다 빨리 해체시켜라,0
5454,346,"더 깍아도 되는데 ㅠ
개검들 나라를 혼란에 빠뜨리고 있는데 아무것도 하지않게 월급도 없애주세요.",0
5455,346,굿 아주잘했쓰,0
5456,346,2찍 개돼지들 개검들 개념없이 개기다가 20억 날라갔네? ㅋㅋ,0
5457,346,특활비 준다자나 자료제출하라자나 룸빵가고 술잡수시고 하니까 공개를 못하겟지 그러게 적당히 뽀렷어야지 이게 논쟁거닌가되는가? 당연한거고 칭찬받을일인데....,0
5458,346,피 같은 세금을 개검에게 줄수 없지,0
5459,346,꼬라지 보니 범죄자 이재명이 수명이 다되어 가네,0
5460,346,와 극우벌레 자손군들 구더기처럼 몰려온 댓글봐라 ㅋㅋㅋㅋ ㅋㅋㅋㅋ 아무리 댓글로 난장을까봐라 ㅋㅋ변하는게 있는지,0
5461,346,민주당 이것들이 정말 놀고 자빠졌네,0
5462,346,굿. 잘한다.,0
5463,346,치졸한,0
5464,346,민주당 잘한다 믿고삽니다 검찰 무소불위 드,0
5465,346,인과응보. 자업자득,0
5466,346,"와.. 대장동 범죄자들에게 항소를 못하게 해서 검사장들이 들고일어난걸 정차 중립위반이라고? 좌파들 니들 생각은 이 모든게 다 검찰이 조작한거다 이거네?
김만배 남욱 유동규 전부다 합법적으로 한건데 그걸 검찰이 조작해서 죄를 만들어낸거다 이거아냐 ㅋㅋㅋ
그니까 항소를 안하는게 당연한거고 이걸 부당하게 여김 전국 검사장들이 정치검사들이다?
다들 집단 최면걸렸냐",0
5467,346,나중에 특경으로 밝혀 지겠죠 민주당 왜 이러는지,0
5468,346,치사하고 찌질한~~,0
5469,346,삭감잘햇다 국민이바라는 걸 무시하는 검찰은필요없다,0
5470,346,나라가 완전 망가졌네...,0
5471,346,거짖말 한놈 은특할비 올려주고 범죄자 잡는이는 삭감하고 잘 논다 기달려 봐 국민들이 이제 한계에 다달알따,0
5472,346,언제까지  저갑질을 바야지,0
5473,346,아직도 정신 못차린 댓글러 많네,0
5474,346,댓글부대봐라 부들거리노,0
5475,346,"이젠 그냥 눈치 자체를 안보고 행동한다. 이건 다 이래도 지지해주는, 같은 인간이라는게 이해 할 수 없을 정도로 뇌 구조 자체가 아예 다른 인간들이 많기 때문이겠지. 저 수뇌부들은 인간의 이기심으로인해 지들의 부귀영화를위해 저런짓을 하는거라지만, 뭐 하나 콩고물 떨어지는것도 없는데 저런걸 지지하는 뇌 구조 자체가 다른 이해 할 수 없는 인간들. 니들이 더 사회 악이다. 난 나라에 뭔 일 생기면 내 주위의 이런 무지성 지지자들부터 잡아서 제거해버릴거다.",0
5476,346,자기들 뜻대로 안하면 돈으로 장난치겠다. 이야..말로만 듣던 독재 정부구나..계엄령 내리는 놈들이 나쁘냐? 독재 정권이 나쁘냐? 놀랍다.,0
5477,346,화이팅!,0
5478,346,국민 세금을 니네들 맘대루하는구만..담 총선때 제발 내로남불당 좀 찍지마라,0
5479,346,니덜 월급부터 삭감해라 초등만도 못한,0
5480,346,이건 공산당이나 다름없는 나라다 네팔 국민들 정신좀 닮아봐라 민주주의 나라가 아니다 국민들의 힘을 모을때다,0
5481,346,약오르지 까꿍,0
5482,346,아무리 짖어봐라..2찍이들..ㅎㅎ,0
5483,346,굳 ㅋㅋㅋㅋㅋㅋㅋㅋㅋㅋㅋㅋㅋ,0
5484,346,지금 뭔가 착각하고 있는거 같은데 내란선동은 더불어 공산당이 한거라고 다들 이제야 이해가 가는건가,0
5485,346,2찍이들 발악하는거 보기좋다ㅋㅋㅋㅋㅋㅋ,0
5486,346,법사위 간염수괴와 나빠루 소원대로 해줫네 잘햇스,0
5487,346,Gooo~~~~~~oood!!,0
5488,346,와 이거 보고 아무렇지도 않냐 국민들아? 지들 꼴리는데로 하는게맞냐,0
5489,346,리짜이밍 탄핵 가즈아,0
5490,346,찟내란 시즌2네 ㅋㅋ,0
5491,346,시원하다 민주당,0
5492,346,나이스~,0
5493,346,대통령실 전액삭감이 먼저다,0
5494,346,버;₩:러;;₩₩지 같은 민주당,0
5495,346,진짜 미쳐가네,0
5496,346,"눈멸겨워 찢재명이 대체 뭐길래. 검찰총장은 감방 들어갈려고 혈안이고. 방패막이 깍두기. 필요없다 잔챙이.
김현지랑 찢재명이 몸통이다",0
5497,346,공무원 따리 검새들이 아주 기고만장해서 날뛰는게 가관이다. 윤두창 따까리들에게 공무원 5급 대우는 너무 과하다. 반드시 7급 이하로 낮춰야 한다.,0
5498,346,법사위가 정신나갔나보네 특활비 20억 삭감까지 추미애 법사위원장 법무부장관 시절 마약수사관도 해체 예산삭감 시키고 말이지,0
5499,346,굿,0
5500,346,정신나간  민주당은 해산해라,0
5501,346,비정상이 정상으로 가는중이지!!! 좀 개혁좀하자 나라 좀 그만망치고,0
5502,346,역시 이재명대통령의 신속한 처리 능력.....결과로 말해 주네요...화이팅!!!,0
5503,346,베리굿~ ㅋㅋㅋ 개검은 이참에 아예 밟아버려야 한다.,0
5504,346,하는 짓들이 찟재명이 같다 용산꺼도 전체 삭감하그라,0
5505,346,잘한다~민주당👍,0
5506,347,아냐.시시비비가릴것도 없어.쟤들은 언제 그딴거 가린거봤음??그냥 조져.우선 연금부터 시작하자.그리고 입법으로 징계받고 검찰나오면 십년은 변호사개업도 못하게 법만들자.,0
5507,347,진보새키들만 독재짓거리하니 검사들이 개거품물지요,0
5508,347,박정희와  전두환이의  꿀물을  빨던  놈들이 다수라  갱생의  여지가  없는거겠지,0
5509,347,전라도 전라도,0
5510,347,진보는무슨ㅋㅋ 어이 양부녀 니들은 그냥 좌파쓰렉들이야,0
5511,347,아저씨.. 피해코스프래 그만하자. 지겹다.,0
5512,347,굿~,0
5513,347,자칭진보들이 범죄자니까 그렇지 이재명 전과 눈에 안보이나?,0
5514,347,본 때를 보여줘야 한다. 진보정권의 도덕성을 약점으로 이용하는거다. 모가지를 비틀지 말고 부러뜨려야 한다.,0
5515,348,이건 뭐 서울을 무력으로 점령한 북한 공산당의 인민재판을 보는듯하네,0
5516,348,좌파들의 내편니편 갈라치기네,0
5517,348,"내란 수괴 효수하고   동조자들은 철저하게  검색하고 발본색원해서
처절하게 응징해야 앞으로 그런 반란자들이  안생긴다ㅡ좋아좋아ㅡㅡ",0
5518,179,정 대표의 진지한 발언이 마음에 듭니다. 공정한 검찰 개혁을 기대합니다.,1
5519,179,내란 종식이라는 목표가 필요해 보입니다. 모두가 공감할 수 있는 방향으로 나아가길 바랍니다.,1
5520,179,검찰과의 전쟁이라니 너무 무거워 보여요. 하지만 국민의 목소리가 반영되길 바랄 뿐입니다.,1
5521,179,정청래 대표가 다가올 도전에 대비하고 있다는 점이 안심됩니다. 투명한 절차를 기대합니다.,1
5522,180,정치적 압박이 무서워서 항소 포기까지 받아들여진 듯한 기분이 들어요 우리 국민이 제대로 된 진실을 알 수 있도록 바랄 뿐입니다,1
5523,180,검찰의 조작 기소라는 주장은 사실이 아니라는 점이 강조되었는데 우리도 의문을 던져야겠어요,1
5524,180,정회가 너무 빨라서 양당이 제대로 이야기 나눠볼 시간이 없었다는 점이 아쉽습니다,1
5525,180,이 사건이 단순히 한 사건에 그치지 않고 다른 부정의 연쇄를 끊는 계기가 되길 바랍니다,1
5526,181,"대검찰청 앞에서 이렇게 열정적으로 모여주신 의원님들, 여러분의 목소리가 나라의 정의를 위해 꼭 필요합니다.",1
5527,181,노 대행 사퇴를 촉구하시는 건 정당한 요구입니다. 정직과 투명성을 회복해야 할 때죠.,1
5528,181,"항소 포기라는 결정이 국민의 신뢰를 흔드는 상황이라면, 책임 있는 리더십이 절실합니다.",1
5529,181,국가를 지키려는 이들 진심을 믿어요. 지금이 바로 법과 정의가 다시 서는 순간입니다.,1
5530,182,정책 입안 시 데이터 통합은 핵심 과제로 부각된다.,1
5531,182,다양한 부문에서 발생하는 데이터를 표준화된 데이터 모델로 정리하면 분석의 정확도가 향상된다.,1
5532,182,정확한 데이터 통합은 정책 수립 단계에서 리스크를 조기에 식별하고 대응 방안을 마련하는 데 기여한다.,1
5533,182,이러한 프로세스는 부문 간 협업과 데이터 품질 관리를 동시에 강화한다.,1
5534,183,"최원장님께서 감사원 독립성을 지키려는 노력이 인상적이었고, 후회 없이 마무리한 모습이 감동적이었습니다.",1
5535,183,탄핵소추라는 전례 없는 상황에서도 독립을 지키려 애쓴 최원장님의 끈기에 박수를 보냅니다.,1
5536,183,감사원의 중립과 독립을 지키려 한 최원장님의 의지는 국가가 건강한 방향으로 나아가도록 돕는 바람직한 행동이었습니다.,1
5537,183,"후임 감사원장 선임이 앞서도 감사원은 독립성을 잃지 않길 기원하며, 앞으로의 업무에 힘이 되길 바랍니다.",1
5538,184,장기투자자 세제혜택은 평등한 기회가 필요하다 대주주와 일반 투자자를 구분해 주면 공정함이 살아날 것 같다,1
5539,184,국세청이 체납 추적에 힘쓴다니 안심된다 세금 정당화는 우리 모두가 공유해야 할 책임이다,1
5540,184,대기업이 기술 탈취 없이 성장한다니 긍정적이다 중소기업도 보호받는 환경이 필요하다,1
5541,184,대주주의 경영권은 유지하되 일반 투자자 혜택 확대는 모두를 위한 길이며 함께 성장해야 한다,1
5542,185,"대장동 재판 항소 포기에 대해 여야가 다시 논의한다니, 결국 실정이 드러나길 바란다. 이러한 과정을 통해 투명한 결론이 나오길 희망합니다.",1
5543,185,대장동 사건은 국민의 신뢰가 가장 중요해요. 정당간 논의가 계속되면 다행이겠죠. 서로 존중하며 해결책을 찾는 모습이 궁금합니다.,1
5544,185,여야 회동이 계속된다면 공정한 국정조사가 가능해질 거라 믿습니다. 하지만 일단은 객관적인 사실 확인이 먼저이죠 우리 모두를 위해서요.,1
5545,185,"무안공항 참사 위원회도 논의 중이라니, 사고 예방을 위한 체계적인 접근이 필요해요. 기대가 큽니다. 아직 부족한 점이 많지만, 함께 해결해 나가길 바랍니다.",1
5546,186,최재해 감사원장님 퇴임을 진심으로 축하드립니다 앞으로의 새로운 도전에서 큰 성과를 기대합니다,1
5547,186,감사원은 어려운 시기에도 최 원장님의 지혜와 끈기로 큰 힘이 되었습니다 앞으로도 감사원의 독립성을 지키길 응원합니다,1
5548,186,탄핵 소추 사건까지도 견뎌내며 책임을 다한 최 원장님께 감사와 존경을 전합니다 새로운 길에서도 빛나시길 바랍니다,1
5549,186,내부 출신 최초의 감사원장으로 4년을 마치셨다니 정말 자랑스러워요 앞으로의 행보를 기대하며 축하의 인사를 드립니다,1
5550,187,정부가 헌법을 지키려는 태스크포스를 만든다니. 내란의 상처를 회복하기 위한 한 걸음이군요. 국민의 신뢰가 회복되길 바랍니다.,1
5551,187,내란에 가담한 공직자에 대한 신속한 조사와 인사 조치가 필요합니다. 정당한 처벌이 아니라 헌법 존중이 최우선이어야 합니다.,1
5552,187,특검뿐 아니라 정부 자체가 책임을 져야 한다는 말에 동의합니다. 투명한 절차와 공정한 결과가 나오길 기대해요.,1
5553,187,내년 설 전까지 조사를 마치고 후속 조치를 취한다면 민생에 집중할 수 있을 거라 생각합니다. 빠른 해결이 필요합니다.,1
5554,188,"종묘와 같은 문화유산은 도시의 심장 같아서 무조건 지켜야 한다는 생각이 들어요. 김민석 총리의 말씀이 정말 맞는 것 같아, 시민들의 목소리와 함께 정당한 토론이 필요하다고 생각합니다. 지금처럼 급변하는 도시 개발 속에서도 전통과 역사, 사람들의 정서를 함께 존중해야 해요.",1
5555,188,종묘 인근 고층 건물은 한눈에 보이는 경관을 훼손할 수 있어요. 서울시의 계획이 시민들의 목소리를 충분히 반영했는지 궁금합니다. 김 총리의 경계심이 현명하다고 봅니다. 우리는 역사와 미래가 공존해야 한다는 점을 잊지 말아야 해요. 이러한 문제는 단순히 정치적 이익을 넘어 시민의 삶과 도시 문화가 연결된 결정입니다.,1
5556,188,종묘는 우리 역사와 정체성을 상징하는 장소입니다. 인근에 초고층 건물이 들어선다면 그 상징성을 훼손하는 것이 아닐까 우려됩니다. 김 총리의 진심 어린 경고에 공감합니다. 우리 시민이 직접 참여해 역사와 현대가 조화롭게 어우러지는 도시를 만들고 싶습니다. 이 과정에서 투명한 소통과 검증이 필수적입니다. 지속적.,1
5557,188,"서울시의 재개발은 경제적 이익도 중요하지만, 종묘와 같은 문화유산은 장기적 가치를 가지고 있어야 합니다. 김 총리처럼 시민의 목소리를 먼저 듣는 방향이 맞는 것 같습니다. 공공의 이익과 개인의 감성을 동시에 고려하는 균형 잡힌 정책이 필요합니다. 이런 사안은 투명한 협의와 지속적인 감시가 핵심이라고 생각합니다.",1
5558,189,이재명 정부 부동산 대책이 국민 재산권을 침해한다는 점이 안타깝다 법원에서 정당한 판단을 기대합니다,1
5559,189,15 대책이 통계 조작이라면 분명히 문제다 정치의 투명성을 다시 요구해야 한다,1
5560,189,국토교통부 장관 해임까지 요구하는 것이 무리인 건가 부동산 가격에 민감한 시민이 걱정이다,1
5561,189,최 전 원장이 참여하다니 정치적 대결이 더욱 치열해 보인다 공정한 재판이 내려지길 바란다,1
5562,190,장기투자 인센티브 강화는 개인 투자자에게 큰 힘이 될 것 같다,1
5563,190,서민 생활 보호와 혁신 투자 모두를 동시에 추구한다는 점이 인상적이다,1
5564,190,대주주와 개인 투자자 혜택 구분을 명확히 해야 한다는 말이 중요하다,1
5565,190,혐오 표현 처벌에 대한 강경한 입장은 사회적 책임을 다하는 모습이다,1
5566,191,정부가 내란 가담자를 조사하고 인사 조치하겠다고 결정한 점이 매우 공정하게 느껴진다 따라서,1
5567,191,내란 가담자 조사를 통해서 국민의 신뢰를 회복할 수 있겠다고 믿어요 더욱 이요,1
5568,191,정부가 독자적으로 조사를 진행한다는 점이 법치주의를 지키는 모습이라고 생각해요 더욱,1
5569,191,3 사태를 책임지는 공직자들을 찾아서 책임을 묻는 것이 필요하다 더 필요합니다,1
5570,192,서울의 역사와 미래가 공존해야 한다는 생각이 듭니다 지금의 논의가 우리 미래에 대한 고민을 보여주고 있군요,1
5571,192,종묘 앞 고층 건물 논쟁이 과연 도시의 정체성을 지켜야 할지에 대한 깊은 고민을 불러일으키네요,1
5572,192,공개 토론이 꼭 필요합니다 국민적 토론 없이 일방적인 결정은 위험이 커집니다,1
5573,192,오세훈 시장의 방치 지적이 현실적입니다 세운상가의 안전이 우선이죠,1
5574,193,공정한 사법이 우리 사회를 지켜줄 수 있도록 함께 노력합시다 우리의 목소리로 진실을 찾아가야 합니다,1
5575,193,정치가 무너지면 결국 국민이 고통받는다는 사실을 잊지 말아야 한다 우리가 함께 이끌어 가야 할 시점입니다,1
5576,193,검찰과 법무부의 책임을 묻는 이번 움직임이 의미 있는 변화를 가져올 것이라 믿습니다,1
5577,193,이재명 정권에 대한 비판이 아니라 법과 정의가 지켜지는 사회를 만들자는 공감대가 생겼으면 좋겠습니다,1
5578,194,역사는 우리 삶의 증거이다 종묘 같은 문화유산을 지켜야 한다 그리고 우리 후손을 위해 소중히 여겨야 한다,1
5579,194,서울시가 초고층 건물을 세우면 주변 경관이 사라져 시민들이 불안해하고 생활이 불편해진다 매일 느껴,1
5580,194,민주당이 종묘 보호를 강조한 것은 올바른 방향이지만 구체적 대안도 필요하다 공동체가 함께 논의해야 한다,1
5581,194,시민이 직접 목소리를 낼 수 있는 공개 토론이 꼭 필요하며 정부가 투명하게 정보를 제공해야 지속적으로,1
5582,195,정치와 사법이 분리돼야 하는 건 말이죠. 이번 사건이 보여주는 체계적 부패는 국민의 신뢰를 무너뜨리네요.,1
5583,195,검찰의 권한이 제대로 행사되지 않으면 공정한 정의가 무너지기 쉽습니다. 이 사건이 그 증거인 듯해요.,1
5584,195,국민이 법 앞에서 평등하다고 느껴야 할 때가 아닙니다. 이처럼 특권이 남용되는 것은 참을 수 없습니다.,1
5585,195,이제는 검찰과 사법이 독립적으로 기능하도록 체계가 정비되어야 합니다. 국민의 안전을 지키는 일은 기본이죠.,1
5586,196,반중 정서가 한국의 이미지에 큰 타격을 주고 있다는 말이 진실이에요 우리도 책임을 져야 합니다 이 상황에서 우리 사회가 서로 소통하고 혐오를 멈추는 방향으로 나아가야 합니다,1
5587,196,중국대사님의 말씀에 공감합니다 한국이 외부의 부정적 영향을 받지 않도록 전략적 자주성을 지켜야 합니다 우리가 함께 노력해야 할 시기입니다,1
5588,196,우리 나라가 국제 사회에서 신뢰를 얻기 위해서는 선동과 루머가 아닌 사실과 대화가 우선이 되어야 합니다 한국의 이미지를 회복하려면 실질적 조치가 필요합니다,1
5589,196,반중 정서가 심화되면 국내 분열도 커질 수 있겠다는 점이 두렵습니다 우리 모두가 평화를 지키고 서로를 존중해야 합니다 한중 관계를 위해 힘을 모아야 합니다,1
5590,197,김병기 원내대표의 발언이 좀 과민하게 느껴진다. 검찰의 내부 결정을 외부에서 바로 비판하는 건 신중해야 한다.,1
5591,197,정권을 호구로 삼는 비판이 과연 합당한지 궁금하다. 논리적으로 검찰 내부 사안은 당사원 간 해결이 바람직하다.,1
5592,197,내부의견을 외부에 드러내는 것은 문제를 악화시킬 위험이 있다. 재검토를 통해 더 나은 해결책을 찾길 바란다.,1
5593,197,"검찰의 결정에 대한 비판은 필요하지만, 무조건적인 징계 요구는 상황을 복잡하게 만들 수 있다. 중간 경로를 찾아야 한다.",1
5594,198,"공직자의 책임이 곧 국가의 미래다. 이번 조사로 진실이 밝혀지길 기대하고, 청렴한 공직문화가 자리 잡았으면 좋겠다.",1
5595,198,"내란 청산이라는 무거운 과제를 앞에 두고, 우리 모두가 서로를 믿고 책임을 묻는 시대가 필요하다. 투명한 조사 진행을 응원한다.",1
5596,198,개인 휴대전화까지 조사 대상이라니… 개인의 사생활이 보호되면서도 책임이 명확히 드러나는 건 바람직하다. 모두가 공정함을 바라며 응원한다.,1
5597,198,"정말 어려운 상황이지만, 헌법을 지키는 의지가 느껴진다. 국민의 신뢰를 회복하기 위해 최선을 다해 주시길 바란다.",1
5598,199,통계 조작 혐의가 진짜라면 국민이 큰 충격을 받을 것 같다 법원에서 정의를 확인하고 싶다,1
5599,199,정부가 의도적으로 통계를 숨겼다면 부동산 정책도 불공정해질 수 있다 투명한 자료 공개가 필요하다,1
5600,199,제도적 불합리와 재산권 침해가 우려된다 시민들이 함께 목소리를 내야 한다,1
5601,199,천 원내대표가 법정에 서는 모습이 감동적이다 정의를 위해 싸우는 자에 격려를 보낸다,1
5602,200,지금 상황이 너무 힘들고 국민들이 안심할 수 없으니 정의가 꼭 필요해 보인다,1
5603,200,정치적 갈등이 심해질수록 우리 모두가 피해자라는 생각이 든다 함께 해소하길 바래,1
5604,200,이재명 대표가 국민을 속이고 있다는 주장에 마음이 무겁다 진실이 밝혀져야 한다,1
5605,200,정당의 무거운 책임을 느끼며 모두가 공정한 조사와 정의를 요구한다,1
5606,201,"안철수·김은혜 의원이 지적한 대장동 사건은 우리 주민에게 큰 충격을 주고 있습니다. 정의와 공정이 흔들리는 현실에서, 주민의 목소리가 더욱 절실합니다.",1
5607,201,천억 원이 범죄자에게 귀속된다는 소식에 주민들이 눈물 흐르는 상황을 보며 가슴이 아픕니다.,1
5608,201,검찰이 공정성을 잃었다는 비판은 이해가 갑니다. 우리 모두가 정의를 지키기 위해 함께해야 합니다.,1
5609,201,정성호 장관 탄핵과 특검 추진을 통해 진실이 밝혀지길 바란다. 시민의 목소리가 무시받지 않아야 한다.,1
5610,202,한중 관계가 한 단계 더 깊어지길 기대합니다. 양국의 협력이 우리 나라에도 긍정적인 영향을 줄 것 같아 기쁩니다. 우리 모두가 함께 성장할 수 있길 바랍니다.,1
5611,202,극우 세력의 반중 시위는 분명 한중 우호를 해치고 우리 사회에도 부정적 영향을 미칩니다. 실질적인 조치가 필요합니다. 따라서 한국 정부의 신속한 대응이 절실합니다.,1
5612,202,시진핑 주석의 방한이 한중 관계에 새로운 기회를 열었다는 점이 기쁩니다. APEC 연설이 보여준 포용적 자세가 우리에게도 영감을 줍니다.,1
5613,202,한중이 서로를 지지하며 외부 간섭에 맞서고자 하는 모습이 인상적입니다. 우리도 같은 방향으로 나아가야 할 것 같아요.,1
5614,203,정치와 사법이 혼재된 이 사건은 국민 신뢰를 크게 흔들었다 투명한 조사가 절실하다 공정한 절차와 정당한 결과가 필요하다,1
5615,203,대통령실과 검찰의 관계가 밝혀져야만 국민이 다시 믿을 수 있다 책임 있는 리더십이 요구된다 정확한 사실 파악이 가장 중요하다,1
5616,203,이 사건으로 인한 정치적 혼란이 길어지면 우리 사회는 큰 타격을 입는다 빠른 해결이 필요하다 공정한 조사가 절대적인 해결책이다,1
5617,203,투명한 조사를 통해 이 사건의 진실을 밝히고 재판과정이 공정하게 진행되길 바란다 신뢰 회복을 위해 빠른 결론이 요구된다,1
5618,204,정의가 무조건 실현되어야 한다는 목소리가 너무 큰데 우리도 함께 노력해야지 더불어 모든 시민이 평온과 정의를 위해 손을 모아야 한다,1
5619,204,검찰의 판단이 국민의 신뢰를 지키는 것이라면 이번 사건은 큰 시련이다 우리는 투명하고 공정한 절차를 통해 모든 이의 목소리가 반영되길 바란다,1
5620,204,노한 명이 사퇴해야 국민이 한결 편안해질 수 있을 것 같아 정의가 회복되는 순간 우리 모두 다시 한 번 신뢰를 쌓을 수 있겠지,1
5621,204,이 사건은 단순히 한 개인의 문제를 넘어 우리 사회의 정당성을 재검증하는 계기야 우리는 서로 다른 입장을 넘어선 대화를 통해 진정한 정의를 찾는 노력이 필요하다,1
5622,205,정치가 불안정할 때마다 공직자들의 책임을 물어야 한다는 생각이 든다 이번 조사반이 실질적인 변화를 가져오길 바란다더,1
5623,205,공직자들의 불법 행위가 드러나면 국민의 신뢰가 깨질 수 있다 빠른 조사와 명확한 결론이 필요하다 정말로,1
5624,205,조사반이 이번에 투명하게 운영되면 비록 단순한 징계가 아니라 헌법을 지키는 결단이라도 국민이 안심할 수 있을 것 같다 다만 조사의 객관성이 중요하다,1
5625,205,내란 협조자까지 검거한다는 것은 단지 법적 처벌이 아니라 조직 문화를 정화하려는 의지라 생각된다 하지만 모든 공직자가 이와 같은 절차를 거쳐야 한다는 점이 부담스러울 수 있다 결국 투명성과 책임이 함께 어우러져야 한다,1
5626,206,"정치권의 부정이 이렇게 깊이 뿌리내린다는 사실이 마음이 아프다. 국민이 믿을 수 있는 제도, 꼭 되돌려야 할 때다.",1
5627,206,법과 정의가 흔들릴 때 우리는 흔들리지 말아야 해. 책임 있는 리더가 필요한 순간이야.,1
5628,206,이런 사건이 계속 일어나면 우리 민주주의가 흔들린다. 투명한 조사와 정당한 처벌이 절실하다.,1
5629,206,"국민의힘이 입을 열어 주도권을 잡은 건 좋지만, 모두가 한마음으로 문제를 해결해야 한다는 걸 잊지 말자.",1
5630,207,전당대회에서 새로운 리더가 나오면 우리도 한층 더 힘이 솟아올라요 기대돼요,1
5631,207,황명필 대표님의 진심으로 다시 혁신으로 전진 슬로건이 정말 위로가 돼요 이제 바로 더 응원합니다,1
5632,207,온라인 투표라 참여하기 편하네요 작은 목소리도 모여 큰 변화를 만들겠죠,1
5633,207,정직한 후보들이 모여 새 지도부를 만들면 우리 사회도 한 걸음 더 나아질 거예요,1
5634,208,정성호 장관과 노만석 검찰총장의 사퇴가 절실하다 공정한 수사가 이루어지길 바란다,1
5635,208,대검찰청과 법무부를 항의 방문은 필요하지만 실질적 대책이 함께 제시돼야 한다,1
5636,208,이재명 대통령과의 연관성은 의심의 여지가 크다 탄핵 논의가 진지하게 진행되길 기대한다,1
5637,208,여야가 협의해 국정조사에 나서는 것이 가장 시급한 해결책이다 신속한 조치를 요청한다,1
5638,209,"진심이 담긴 의견이지만 인터뷰 방식이 너무 감정적이었음, 사실을 묻는 게 더 필요해",1
5639,209,"정말 정치적 이슈지만, 중립적 보도가 더 바람직해",1
5640,209,이러한 과정을 통해 국민이 명확한 정보를 얻을 수 있길 바란다,1
5641,209,이런 균형 잡힌 보도가 우리 모두에게 희망이 될 것 같다,1
5642,210,한국과 중국이 서로를 존중하며 평화로운 미래를 만들어가길 바래 함께 힘을 모아 이 길을 열어가자,1
5643,210,이러한 대화가 우리 세대를 위한 더 나은 세상을 만들 수 있다는 믿음이 든다 우리 함께 긍정의 힘을 보이자,1
5644,210,두 나라의 우호를 지키는 일은 우리 모두의 책임이야 우리 작은 행동이 큰 변화를 이끌 수 있다,1
5645,210,극우세력에 대한 비판은 우리 사회가 겪는 상처를 보여준다 우리 모두가 상처를 치유하며 앞으로 나아가자,1
5646,211,박형준 시장이 언급한 대장동 재판 사태를 보며 정치의 투명성은 꼭 지켜져야 한다 국정이 공정해야 국민이 안심된다,1
5647,211,정치가 국민을 위해서만 움직여야 한다는 점을 다시 한 번 강조하고 싶다,1
5648,211,부산이 앞으로도 투명하고 공정한 정치로 나아가길 기대합니다 부산 시민의 목소리가 반영되길 바랍니다,1
5649,211,검찰과 사법의 독립이 깨지면 국민의 신뢰도 빠져나간다 독립을 지켜야 한다,1
5650,212,이 사건을 보면서 정치인들의 선물 문화가 왜 이렇게 복잡한지 다시 한 번 생각하게 돼,1
5651,212,십만 원 가방이 뇌물이라기보다 정치적 사안이었을지 모르겠어 정치인들의 사려 깊은 결정이 필요해,1
5652,212,정치인들 사이의 선물 문화가 이렇게 논란이 되는데 우리 시민들도 그만큼 책임감 가져야 해,1
5653,212,내가 느끼는 것은 투명성이 제일 중요하다는 점이야 그게 없으면 국민이 믿지 못해,1
5654,213,조국 전 비상대책위원장님의 설명이 일말의 착오가 아니라는 점이 마음이 놓이네요,1
5655,213,정치권의 소문에 혼란을 겪었던 사람들에게 안도의 메시지가 됩니다,1
5656,213,법과 정의가 제대로 전달되었기에 시민들이 조금이라도 안심할 수 있겠어요,1
5657,213,이처럼 사실을 바로잡는 노력이 중요하다고 생각합니다,1
5662,215,대장동 사건이 이렇게 꼬여서 국민이 불안해지네요. 검찰이 더 투명하게 책임을 물어야 할 때입니다. 정치권도 한마디 할 필요가 있습니다.,1
5663,215,"송언석 대표가 항소 포기를 강력히 비판했는데, 실제로 정당이 어떤 행동으로 대응할지 궁금합니다. 조금이라도 구체적 계획을 발표해 주세요.",1
5664,215,"김현지 부속실장 사례처럼 증인 신청이 막다른 길이라면, 공정한 절차를 먼저 정립해야 합니다. 정치인들도 책임을 물을 필요가 있습니다.",1
5665,215,"검찰이 항소 포기한 이유가 명확하지 않다면, 재판부와의 대화를 통해서라도 구체적 설명이 필요합니다. 국민은 투명한 조사 과정을 바라며, 정치도 한걸음 나아가야 할 시점입니다. 정책적 법적 책임을 동시에 명확히 제시해 주시면 더욱 신뢰가 쌓일 것입니다.",1
5666,216,부산시장이 지적한 검찰 항소 포기 사안은 우리 민주주의가 직면한 중요한 문제야 내가 생각하기에 권력의 남용이 눈에 띄게 드러난 사례라서 우리 시민이 경계해야 할 필요가 있다,1
5667,216,박형준 시장이 제기한 ‘국가 포획’ 비판은 현실과 맞닿아 있는 비판이야 내가 느끼기에 정권이 체계적으로 부패를 방지하려는 노력이 필요하다,1
5668,216,검찰의 항소 포기가 정권의 정치적 포획으로 이어질 수 있다는 경고는 우리 모두가 무시할 수 없는 사실이야 우리가 함께 주목해야 할 사안이다,1
5669,216,민주당 정권이 행정과 입법을 장악하면서 사유화를 추진한다는 소식은 우리 시민의 권리를 침해할 위험이 크다 우리는 정당한 절차와 투명성을 요구해야 한다,1
5670,217,민주당이 장동혁 대표의 발언을 무책임 선동이라 지적한 것에 공감한다 사법의 독립은 반드시 지켜야 한다,1
5671,217,검찰의 항소 자제 결정을 정치적 거래로 단정한 점이 너무 과장이라고 생각한다 사법 신뢰가 훼손된다,1
5672,217,정당 간 무분별한 언쟁은 국민의 불신을 키우는 결과다 정치적 책임을 자각해야 한다,1
5673,217,장동혁 대표가 8천억원 비리를 400억원으로 둔갑시킨 표현은 사실관계를 왜곡한 것으로 보인다,1
5674,218,암표가 끊어져서 다들 콘서트 즐길 수 있을 거 같아. 과징금이 실효성 있을까?,1
5675,218,초코파이 사건처럼 작은 일에 형벌은 낭비야. 과징금으로 바꿔야 한다는 의견에 공감해요 다행히,1
5676,218,암표 신고 포상금제도라면 시민들이 자발적으로 나서서 더 효과적일 것 같아 확실히,1
5677,218,"과징금이 정가보다 10배에서 30배까지라니, 정말 강력한 제재다. 그만큼 판매자가 두려워질 거라 생각해",1
5678,219,종묘 앞 고층 건물 개발은 역사와 문화가 사라지는 길이 아니다 그저 발전만을 추구하면 우리 뿌리가 흔들린다,1
5679,219,시민의 목소리가 가장 큰 힘이야 종묘를 보호하는 일은 우리 모두의 책임이야 앞으로도 계속 지켜가자 우리의 역사를 지키는 일,1
5680,219,고층 빌딩은 멋지지만 종묘 같은 문화유산은 두 눈으로 바라봐야 한다 서울 시민이 함께 결정해야 할 중요한 사안이다 우리의 문화적 정체성을 지키려면 모두가 참여해야 한다,1
5681,219,공공의 이익이 전부가 아니야 종묘 앞의 개발은 문화와 역사의 가치를 무시한 결정일 수 있다 우리는 과거를 기억하면서 미래를 설계해야 한다 그리야 우리,1
5682,220,평양이 이렇게 큰 화재를 겪다니 마음이 아프네요 피해가 얼마나 클지 궁금합니다,1
5683,220,정부가 상황을 파악 중이라니 다행이지만 주민들의 안전이 최우선이겠죠요,1
5684,220,위성사진이 보여준 검은 연기 얼마나 오래 타는 걸까요 피해가 심각할 수 있을 것 같아요,1
5685,220,이 사고가 지역 경제에 어떤 영향을 줄지 궁금합니다 빠른 회복을 바랍니다,1
5686,221,한동훈 장관이 조국을 비판하면서 법적 논리의 중요성을 강조한 점이 인상적입니다 법은 모두에게 평등해야 한다는 생각이 들었어요,1
5687,221,법조계의 논쟁이 계속되는 가운데 국민의 목소리가 더욱 필요하다고 생각해요 법이 제대로 해석되고 적용되는지 모두가 함께 확인하는 것이 중요합니다,1
5688,221,조국이 주장한 대장동 사건의 수익 몰수 문제는 법원 판결과 충돌한다는 점이 충격적이네요 공정한 판단이 내려질 때까지 우리 모두가 상황을 주시해야 합니다,1
5689,221,정치인들이 법을 올바르게 해석해야 하는 책임이 있다는 점을 잊지 말아야 합니다 모든 시민이 법의 의미를 함께 이해하고 지켜야 할 시간입니다,1
5690,222,정의와 청렴이 지켜지는 나라가 되길 바라는 마음을 잊지 않으며 시민이 함께 목소리를 높여 나간다,1
5691,222,장동혁 대표가 말한 이재명 탄핵 요구가 국민의 목소리를 반영하는 순간이다 우리 모두의 책임과 정의를 위해 함께 목소리를 높여야 한다,1
5692,222,검찰의 항소 포기 결정은 국민에게 불신을 심어주며 법의 신뢰를 깨뜨린다 정의로운 사회를 위해 투명한 절차와 책임이 필요하다,1
5693,222,이재명 대통령의 행보가 국정에 부정적 영향을 끼치고 있다는 사실이 마음을 아프게 한다 우리의 미래를 위해 정당한 책임과 투명한 정부가 절실히 필요하다,1
5694,223,정말 국민의 마음을 아끼는 대표님의 말씀이 위로가 됩니다 정의를 위해 힘내세요,1
5695,223,대검찰청 앞에서의 결연한 입장은 시민들의 목소리와 같은 거울이네요 투명한 정치를 바랄게요,1
5696,223,항소포기 사안이 이렇게 논란이 되다니 안타깝습니다 공정한 절차가 꼭 필요하겠어요,1
5697,223,이재명 대통령에 대한 비판이 과연 객관적일지 의문이 듭니다 모두가 정당한 판단을 원해요,1
5698,224,국세청이 체납 관리에 열심히 일해 주셔서 국민이 안심이 되고 우리 나라가 더 건강해집니다 과 함께 힘도 도,1
5699,224,대기업이 부당 이익을 쌓지 않고 정당한 성장으로 우리 경제를 이끌어 주는 모습이 기분이 듭니다 매일 기다려요,1
5700,224,기술 탈취가 줄어들고 중소기업이 안전하게 성장할 수있도록 계속 지켜봐 주세요 국가가 지속적으로 지원해 준다면 모두 더 행복해,1
5701,224,모두가 함께 체납을 줄이고 세금을 정직히 납부하면 우리 사회가 한층 더 밝아집니다 함께 도 하자 더,1
5702,225,사실을 말할 때 상대방을 보호하는 것이 중요하다고 생각해요 법이 명확해지면 사람들의 의견이 더 자유로워질 수 있겠죠 대통령님의 지침에 긍정적입니다,1
5703,225,형사처벌이 아니라 민사로 해결한다는 방향이 합리적이라고 봅니다 사람의 자유와 명예를 동시에 지키려는 시도가 인상적입니다,1
5704,225,독일과 해외 사례를 참고한다는 점이 좋습니다 국내에서도 비슷한 논의가 진행 중이라면 빠른 개정이 필요하겠어요 명예 보호와 표현 자유를 균형 있게 잡아야 할 때입니다,1
5705,225,이재명 대통령이 제시한 방향은 국민의 정당한 목소리를 듣고 보호하려는 의지로 보입니다 형사처벌보다 민사소송이 더 실효성 있을 것 같습니다,1
5706,226,전당대회에서 조국 전 위원장이 제시한 ‘창조적 파괴’ 목표가 궁금합니다. 지방선거에 어떤 변화를 기대하나요?,1
5707,226,혁신당이 양당 독점을 깨뜨린다는 말이 무섭습니다. 그런데 실제로는 어떤 정책이 앞서나갈까요?,1
5708,226,온라인 투표로 대표가 선출된다니 편리하지만 투명성은 어떻게 보장될까요? 기대됩니다.,1
5709,226,"정치가 변화를 필요로 할 때, 혁신당이 그 변화를 이끌어 줄 수 있을지 궁금합니다. 응원합니다.",1
5710,227,"대통령실이 무관하다는 입장에도, 검찰의 결정에 책임이 묻히는 게 불안해요. 지금은 정치적 긴장이 더 심해질까 걱정이 됩니다.",1
5711,227,"대통령실이 개입이 없다고 단호히 말했지만, 시민으로서 투명한 절차가 필요하다고 생각해요.",1
5712,227,"검찰 내부에서도 반발이 터져나오니, 이 문제 해결이 어려워질 듯합니다. 모두가 공감할 수 있는 정당한 절차를 바라요.",1
5713,227,"정치권 공방이 격해지는 만큼, 국민이 불편함을 느끼지 않도록 신속하고 명확한 답변이 필요해요.",1
5714,228,정부가 이번 내란 청산 조치에 적극 나서 주셨으면 좋겠습니다 공직자분들도 자책할 필요 없으리라 생각합니다,1
5715,228,내란가담을 통해 밝혀진 사실이 국민의 신뢰 회복에 큰 도움이 되길 바랍니다 책임감 있는 조치가 필요합니다 도,1
5716,228,공직자분들께서도 앞으로 투명하고 정직한 행정에 힘써 주시길 기대합니다 함께 신뢰를 회복합시다 정의로운 미래를 위해서 말이죠,1
5717,228,이 조사 결과가 실질적인 변화를 이끌어내길 소망합니다 국민과 함께 하는 정부가 되길 바랍니다 신뢰를 다시 쌓아 가는 걸 기대해요,1
5718,229,평양의 불길이 많은 이들의 마음을 무겁게 해요 그곳에 있는 모든 이가 빨리 안정을 찾길 바랍니다 더욱 평화 길게 기원합니다,1
5719,229,불길이 퍼지면서 많은 이들이 불안해 하고 있겠죠 그럼에도 불구하고 우리 모두 힘내자 여러분의 마음이 조금이라도 평온해지길 바라며 서로를 도와가며 함께 나아가야 합니다,1
5720,229,이런 비극이 반복되지 않길 바라며 평양 시민들과 전 세계가 함께 애도합니다 사람들이 서로를 위로하며 새로운 희망을 찾을 수 있기를 기원합니다,1
5721,229,연기에 숨 막히는 그 순간을 상상하면 마음이 아프지만 이 작은 목소리라도 울려 퍼지길 바랍니다 그럼에도 우리는 서로를 믿고 조금씩 나아가야 한다,1
5722,230,정직한 비판이야 기대한게 아니었는데 공감이 가네요 앞으로도 이런 건이 많이 있었으면 좋겠어요,1
5723,230,법적 판단이야 무거운 주제이지만 사실이니까 무거운게 아니라 다 함께 이해해야 한다는 거 같아 그래서 함께 생각을 나눠볼 수 있으면 좋겠어요,1
5724,230,공정한 판결이 이루어졌으면 좋겠는데 아직도 논란이 계속되는 상황에 조금은 답답함을 느낍니다 이제는 진실이 밝혀지기를 기다리고 싶어요,1
5725,230,법과 정의가 함께 하길 바라면서 이 사건이 빠르게 정리되면 더 나은 사회가 될 것 같아요 그리고 앞으로 같은 일이 반복되지 않도록 제도 개선이 필요하다고 생각해요,1
5726,231,공직자들의 진실이 밝혀져 국민이 안심하고 국가가 한결 단단해지는 모습을 기대하며 앞으로의 투명한 행정운영을 믿습니다,1
5727,231,내란 행위에 관여한 공직자들이 책임을 지고 회복을 위한 조치를 받는 것이 정의로운 일이라 생각합니다. 공정하고 투명한 과정을 통해 사회적 신뢰를 회복하고 다시는 같은 일이 일어나지 않도록 하는 것이 중요합니다. 하고 국가가 보다 투명한 방향으로 나아가도록 노력해야 한다,1
5728,231,제보센터를 운영하면서 시민이 직접 목소리를 낼 수 있다는 점이 인상 깊습니다. 이러한 투명성은 앞으로 우리 사회가 한 단계 성장하는 데 큰 힘이 될 것이라고 믿습니다,1
5729,231,"공직자들이 내란과 같은 사건에 연루되지 않도록 예방과 교육이 강화돼야 할 것입니다. 정치와 행정이 분리되고, 시민이 안심할 수 있는 깨끗한 정부가 구현되기를 기대합니다",1
5730,232,검찰과 법원이 정의를 지키는 데 최선을 다했으면 좋겠어요 우리나라는깨끗해질수있도록함께지켜봐야합니다,1
5731,232,장동혁대표가강경한발언을했지만대통령탄핵은복잡한절차를거쳐야해요국민의목소리와법의절차가균형을이루길바랍니다,1
5732,232,대검청사입구가닫힌상황에공감해요투명한조사와공정한판결이필요한시점이에요,1
5733,232,나경원의원처럼국민이느끼는불안과혼란을해소하려는노력이필요합니다,1
5734,233,정책과 법이 뒤섞인 건이 너무 복잡해. 피해자 입장이 더 공감돼요. 국가의 역할이 명확히 드러나야겠어요.,1
5735,233,조국이 말하는 법 해석과 한 전 대표의 입장이 충돌하면서 시민의 불안감이 커질 것 같아요. 명확한 판단이 필요합니다.,1
5736,233,대장동 사건이 다시 떠오르면서 부패에 대한 사회적 책임이 다시 한번 확인됐습니다. 피해자에게 빨리 배상받게 해주세요. 빠른 시정이 필요합니다.,1
5737,233,정치인들이 서로 논쟁을 벌이면서 실제 피해자들이 더 힘들어질 뿐이죠. 법정에서 명확한 해결을 기대해요. 이 사건을 통해 부패에 대한 경각심이 높아지길 바랍니다.,1
5738,234,사실적시 명예훼손 폐지 논의가 필요하다고 생각합니다 사회적 약자 고발권이 강화되길 바랄 뿐입니다 이 같은 법안이 통과되어 모든 국민이 자유롭게 사실을 말할 수 있길 바랍니다,1
5739,234,법 개정이 사회적 약자에게 큰 도움이 될 것 같아 기쁩니다 언론과 시민이 자유롭게 목소리를 낼 수 있는 환경이 필요합니다 그동안 감시 기능이 제한돼 왔던 언론이 다시 자유를 되찾을 수 있길 바랍니다,1
5740,234,현행 조항이 진실을 말하더라도 처벌한다는 점이 너무 무거운 부담이 됩니다 법 개정이 필요합니다 진실이 보호받는 사회가 되어야 한다는 생각이 강합니다,1
5741,234,정당한 고발과 진실의 표현이 자유로워져야 하는 시대입니다 이 법안이 실제로 통과되길 진심으로 응원합니다,1
5742,235,역사와 미래를 동시에 지키는 게 중요해 보여 주민 의견을 반영해 주시길 바랍니다,1
5743,235,종묘 앞에 고층 건물보다 사람들의 심적 공간을 보존해 주세요,1
5744,235,서울시와 정부가 협의해서 문화유산을 존중하는 방향으로 나가길 바래요,1
5745,235,한강버스 논란처럼 시민의 목소리를 무시하지 말고 신중히 결정해 주셨으면 합니다,1
5746,236,청와대 이전이라니 시민들이 안심이 되고 일상에 변화가 기대돼요 정말 소중한 결정이라 생각해요,1
5747,236,대통령실이 청와대로 돌아오면 보안은 강화될 텐데 시민들이 조금 더 안심할 수 있을 것 같아요 그러나 이동 과정에서 소소한 불편함도 있을 수 있으니 사전에 안내해 주시면 좋겠습니다,1
5748,236,청와대 인근 등산 코스가 다시 열리면 많은 사람들이 즐거워할 것 같아요 정부가 철수한 보안 조치를 준비해 주면 좋겠어요,1
5749,236,비서실과 경호실이 한곳에 모인다는 점이 업무 효율을 높일 것 같아 기대되며 시민들의 생활 패턴이 조금씩 바뀔지도 몰라요,1
5750,237,암표에 대한 과징금이 10배 이상으로 강화된다니 한심하지만 결국엔 공연관객을 지키는 좋은 조치라고 생각합니다,1
5751,237,저도 암표로 고생했는데 이번 정책으로 정당한 가격에 관람할 수 있게 되길 기대합니다 그리고 암표 판매자에게는 엄중히 처벌이 필요한 것 같습니다,1
5752,237,정부가 암표에 10배 이상의 과징금을 부과한다면 사기꾼도 금을 잃게 되겠지 이 정책이 실제로 실행되면 안심이 됩니다,1
5753,237,암표 거래가 사회적 비용을 낳는 것을 막아 주는 조치라서 정말 기쁘다 그러나 실행이 힘들어 보이니 실제 단속이 강화되길 바란다,1
5754,238,한동훈 대표가 탈영병이라 일컬은 표현이 상처가 된다 내 마음이 무거워지고 우리는 정치가 상처를 주지 않도록 서로 존중하며 대화해야 한다 지금은 갈등이 깊어지기 전에 물러서서 서로의 입장을 이해하려는 노력이 절실하다,1
5755,238,검찰이 힘을 잃은 만큼 우리도 체계를 바꾸고 새로운 정의를 찾아야 한다 이제는 과거의 실수에 머무르지 말고 미래를 향한 다짐이 필요하다 우리 한 사람 한 사람의 목소리가 합쳐져 더 큰 변화를 만들어낼 수 있을 거야 함께 힘을 모아 새로운 길을 열어 가자,1
5756,238,검찰이 망친 건 단지 정치적 문제가 아니라 우리 사회의 정의와 인간 존엄성에 대한 위협이다 정치를 다시 한 번 새롭게 정의하고 책임감 있게 행동해야 할 때다 우리가 함께 힘을 모아 앞으로 나아가자,1
5757,238,이 기사에서 보듯 정치인들이 서로를 공격하며 국민의 신뢰를 잃는 모습이 가슴 아프다 우리는 이제 비판보다 솔직한 대화와 실천이 필요하다 검찰이 망친 건 단지 정치적 문제가 아니라 우리 사회의 정의와 인간 존엄성에 대한 위협이다 정치를 다시 한 번 새롭게 정의하고 책임감 있게 행동해야 할 때다 우리가 함께 힘을 모아 앞으로 나아가자,1
5758,239,헌법을 지키려는 의도는 알지만 이번 인사조치가 정치적 보복으로 보일까 걱정된다. 국민의 신뢰 회복을 위한 과정이길 바란다,1
5759,239,특검 의존보다 독자 조사라니 체계적인 검증이 필요해 보인다. 정책과 사법이 서로 협력해 신뢰를 쌓는 방향이 바람직하다,1
5760,239,검찰 간부 인사 조치라니 정치적 갈등이 겹치면 상황이 복잡해질까 공정성을 유지하면서도 국민의 신뢰를 회복할 수 있는 조치가 필요하다,1
5761,239,국유재산 매각 의혹이 진상조사로 이어진다면 부정부패와 싸우는 모습이 보여. 정치적 편견 없이 사실에 기반한 공정한 결론이 나왔으면 좋겠다,1
5762,240,대통령실이 대장동 항소 포기에 조용히 있으면서 헌법 존중 TF를 내세우는 건 모순이 아닐까. 투명성이 요구돼.,1
5763,240,김민석 총리가 헌법존중 TF를 제안하면서도 검찰 항소 포기에 입장을 내놓지 않는 건 국민 신뢰를 더욱 흐트러뜨린다. 책임 있는 자세가 필요하다.,1
5764,240,"내란 관련 책임을 묻는 것은 국민의 권리이며, 투명한 조사와 공정한 처분이 필요하다.",1
5765,240,"대통령실이 검찰 항소 포기에는 입장을 내놓지 않고, 내란 특검에만 의존하겠다고 말했지만, 실제로는 어떻게 진행될지 궁금하다. 정치적 책임이 필요하다.",1
5766,241,평양 주민들의 안전이 가장 먼저여야 한다는 생각이 듭니다. 화재가 빠르게 진압되길 바랍니다.,1
5767,241,대형 화재가 다시 일어나지 않도록 건물 구조와 소방 대책이 강화돼야 한다고 생각해요.,1
5768,241,모든 이가 화재 예방 교육에 참여한다면 사태를 미연에 방지할 수 있을 것 같습니다.,1
5769,241,"지속적인 화재 감시와 예방 조치가 필수적이며, 평양이 평화롭게 지낼 수 있길 바랍니다.",1
5770,242,검찰이 정치의 도구가 되는 건 너무 안타까워요. 정당이 아닌 공정함을 지켜야죠. 우리 모두가 진정한 정의를 바라죠.,1
5771,242,한 전 대표와 홍 전 시장의 대화가 보여준 것은 정치가 얼마나 복잡한지. 하지만 결국 국민의 소리가 가장 큰 것이죠. 정의와 신뢰를 다시 쌓아가야 할 시점입니다.,1
5772,242,검찰이 흔들리면서 시민이 불안해지는 것은 분명합니다. 법과 정의가 흔들리지 않도록 함께 노력합시다. 모두가 서로 소통하며 투명한 시스템을 만들자는 소망입니다.,1
5773,242,이 논쟁이 우리 사회에 남은 그림자를 드러낸 것 같아 걱정이 됩니다. 하지만 투명한 정치를 위해서는 비판도 필요하죠. 정당과 시민이 함께 이끌어가는 밝은 미래를 기대합니다.,1
5774,243,정의와 투명성을 위해 이번 사안이 철저히 조사돼야 한다는 생각이 듭니다. 국민의 목소리 가야 한다.,1
5775,243,노만석 사퇴와 이재명 탄핵 논의가 국민의 신뢰 회복에 도움이 되지 않을까?,1
5776,243,대검찰청 앞에서 국민의힘 의원들이 단호히 요구한 바는 분명한 메시지다. 그러나 대화가 이어져야만 진정한 해결책이 나올 것 같다.,1
5777,243,검찰과 정치의 투명성이 절실히 필요해요.,1
5778,244,종묘가 우리 문화의 상징이라 초고층 개발이 안되길 바라요 역사와 미래를 함께 지켜야 합니다 이곳은 우리 뿌리와 기억이 모여 있는 곳이니 무조건 보존해 주시길 바랍니다,1
5779,244,김민석 총리의 발언에 동의합니다 서울시가 단순히 이익을 위해 고층을 건설한다면 우리 유산이 훼손될 수밖에 없습니다 재정비 계획은 국민의 목소리를 반영해야 합니다,1
5780,244,종묘 앞에 초고층이 서면 고요한 역사와 대비가 너무 충돌할 것 같아 마음이 무겁다 우리 아이들이 옛날 이야기를 자연스럽게 배울 수 있는 공간이 보존돼야 해,1
5781,244,시가 역사와 현대를 연결하려면 공공의 소리 듣는 게 필수다 세운 재정비는 지역 주민과 문화인력이 함께 논의해 결정돼야 한다 투명한 절차 없이는 신뢰가 깨지지,1
5782,245,정의가 실현되길 바라며 피해자에게 진심으로 힘이 되길 기도해요 그리고 이 사건이 투명하게 해결돼 모든 이가 안심할 수 있기를 소망합니다,1
5783,245,공정한 절차가 진행되어 부정이 재현되지 않도록 모든 이가 평온함을 찾을 수 있기를 진심으로 소망합니다,1
5784,245,국가의 역할이 명확해져 범죄 수익이 환수되는 과정이 투명하게 이루어져 다시는 부패가 심지어 일어나지 않길 기원합니다,1
5785,245,투명한 조사와 책임이 뒤따라 피해가 완전히 보상되며 국민들이 다시는 불신을 품지 않도록 함께 힘을 모읍시다,1
5786,246,**제목: 그림자 왕국의 정의**,1
5787,246,**제1장: 수레바퀴의 부름**,1
5788,246,"엘도리아 왕국의 북부에 자리한 신성한 도시는 세리온이라 불렸다. 세리온은 황제의 명을 받아 드래곤의 망토라는 거대한 건축 프로젝트를 완성했지만, 그 과정은 거대한 그림자에 뒤덮여 있었다. 부패한 길드, **DRG이름**, 은 도시에 부당한 이득을 가져가기 위해 도시의 수호자들을 비밀스럽게 뇌물에 빠트렸다.",1
5789,246,"이 사안에 휩싸인 도시는 큰 손해를 입었고, 손실을 되돌리기 위해 **GHI이름**이라는 뾰족한 변호사가 준비를 시작했다. 그는 세리온을 대신해 왕국 법령의 보호를 요청했다.",1
5790,247,검찰이 항소 포기를 하면서 국민이 불안해지는 상황이야 정당한 조사와 투명한 절차가 필요해,1
5791,247,장동혁 대표의 말이 한쪽으로 치우친 것 같아 모든 관점에서 균형 잡힌 검찰 수사를 바래,1
5792,247,이런 사건은 우리 사회가 민주주의를 지키는 힘이 되어야 해 투명한 공정함이 가장 중요해,1
5793,247,공공의 신뢰를 지키려면 검찰의 판단이 객관적이어야 하고 누구에게도 편애가 없어야 해,1
5794,248,정치적 압박이 느껴지지만 공정한 절차가 지켜지길 바래요 모두가 평등하게 대우받는 사회가 되면 좋겠어요,1
5795,248,검찰의 결정이 논란이 되는 가운데 대통령실의 입장은 궁금하지만 사실상 무혐의가 가장 중요해 보인다,1
5796,248,시민으로서 우리는 투명한 판단이 필요하다 믿음이 깨지지 않도록 서로를 지켜줘야 해 모든 사람의 목소리를 존중해야 한다,1
5797,248,이 사건이 끝나고 나서야 진정한 정의가 이루어지길 바라며 계속 지켜보고 싶어요 앞으로도 투명한 사회를 위해 함께 노력해야 한다,1
5798,249,국회 비준이 필요하다는 주장은 국민의 재정적 책임을 강조한다 실제로 우리나라는 재정적 부담을 지우는 조약을 체결할 때 국회의 동의가 필요하다,1
5799,249,민주당이 제기한 비준이 유연성을 떨어뜨린다는 우려는 이해하지만 재정적 부담을 무시하면 결국 국민이 고통을 감수해야 할 위험이 있다,1
5800,249,미국이 MOU를 체결하면서 국회 비준을 받지 않는 것에 비해 한국은 민주주의를 지키기 위해 절차를 따라야 한다는 점을 강조한다,1
5801,249,국민의힘은 500조가 넘는 재정 부담을 지우지 않으려 비준이 필요하다고 주장하지만 이로 인해 협상이 지연될 위험이 있다는 점을 고려해야 한다,1
5802,250,"공직자에 대한 책임을 명확히 정리하는 것이 우리 모두에게 필요한 일이며, 이를 통해 신뢰를 회복하고 공정한 행정이 가능해질 것이라고 생각합니다.",1
5803,250,"내란 문제에 대한 조사는 시급하지만, 인사 조치까지 신중히 진행해야 한다는 점을 염두에 두어야 한다. 공정과 신뢰를 지키기 위해서는 객관적 근거와 투명한 절차가 필수적이다.",1
5804,250,"정부 내부의 갈등을 해소하기 위해서는 먼저 사실을 정확히 파악하고, 그에 맞는 조치를 신속히 결정해야 할 때다.",1
5805,250,삼 비상계엄과 관련된 공직자를 조사하는 TF가 신뢰 회복에 한 걸음 더 나아갈 수 있는 기회라고 봅니다. 우리 모두의 미래를 위해 체계적인 조사가 필수적이다.,1
5806,251,청와대로 다시 돌아가며 대통령실이 한층 안정적이 될 것 같아. 기대된다.,1
5807,251,용산에서 청와대로 옮겨가면서 보안이 강화될 예정이라 마음이 놓여요.,1
5808,251,정리정돈이 끝나면 국민들도 다시 청와대를 볼 수 있게 되겠군요. 잘 부탁드립니다.,1
5809,251,청와대 복귀가 실제로 이루어지면 국정 운영도 한결 수월해질 듯해요. 응원합니다.,1
5810,252,대장동 주민들이 힘든 시기에 우리와 함께 있어 주셔서 감사합니다 앞으로도 진심으로 옆에서 응원하겠습니다,1
5811,252,검찰의 결정이 주민들에게 큰 실망이 되었음을 느낍니다 정의가 실현되도록 함께 노력합시다,1
5812,252,지금까지 고통을 겪어온 주민들을 위해 힘을 모아주세요 우리 모두가 변화를 만들 수 있습니다,1
5813,252,대장동의 불공정한 상황을 바로잡기 위해 끊임없이 목소리를 내야 합니다 함께 힘을 실어 주세요,1
5814,253,정의가 실현되려면 모든 정치인과 기관이 책임을 져야 합니다. 국민이 신뢰할 수 있는 투명한 절차가 필요하다고 생각합니다.,1
5815,253,이 사건이 공정하게 정리된다면 우리 사회는 한 걸음 더 성숙해질 수 있을 것 같아 희망이 듭니다. 변함없는 진실을 기대합니다.,1
5816,253,공정한 조사를 통해 부패가 밝혀지고 책임이 물릴 때 국민의 신뢰가 회복됩니다. 진실이 바로 앞에 놓여 있길 바랍니다.,1
5817,253,투명한 조사와 진실이 드러나는 과정이 가장 중요합니다. 우리 모두가 함께 바랄 때 변화가 시작됩니다.,1
5818,254,청와대 이전이 빠르게 진행되면 우리 생활에도 조금씩 변화가 느껴지겠네요. 기대됩니다.,1
5819,254,부서별로 나누어 옮기는 방식이라면 혼란이 덜할 것 같아요. 잘 진행되길 바랍니다.,1
5820,254,연내에 모두 이전이 끝난다는 목표가 현실적일지 궁금합니다. 힘든 과정을 함께 해주길.,1
5821,254,청와대가 완성되면 더 멋진 공간이 될 거 같아요. 부디 부드럽게 진행되길 응원합니다.,1
5822,255,정성호 장관이 사퇴를 거절한 것이 국민의 정의심을 무너뜨리는 것 같아 안타까워요.,1
5823,255,대장동 사건이 계속 풀리지 않으니 우리 사회가 흔들리는 기분이에요. 책임이 묻는 시점입니다.,1
5824,255,송원내대표의 말이 맞는 듯해요. 정 장관의 외압이 결국 국민을 속인 것 같아요. 지금 바로 진실을 밝혀야 해요.,1
5825,255,이 사태가 끝날 때까지 진상조사를 요구합니다. 정성호 장관은 책임을 져야 합니다. 국민이 평안하게 살 수 있도록 모든 증거를 공개해 주십시오.,1
5826,256,팩트시트가 잘 정리되면 우리 해양과 에너지 안보가 한층 더 확실해질 것 같아.,1
5827,256,루비오 장관과의 마지막 논의가 원잠 문제 해결에 큰 역할을 해줄 수 있겠어요.,1
5828,256,한·미가 같은 방향으로 가려면 서로 의견을 더 정교하게 조율해야 해요.,1
5829,256,우리 국민이 안심할 수 있도록 투명한 협의 과정을 기대합니다.,1
5830,257,"정말 어려운 상황이네요. 제법적 어려움이 많아 보이는데, 국민이 정당한 조치를 기대합니다.",1
5831,257,"이 사건이 진실이 밝혀져야 할 때, 검찰과 정치인 모두 책임을 다해야겠어요. 믿음이 필요합니다.",1
5832,257,"법이 정의를 지켜야 하는데, 복잡한 절차에 힘들어하는 시민들 마음이 아픕니다.",1
5833,257,대장동 사건이 공정히 해결되면 우리 사회에 큰 희망이 될 것 같아요. 끝까지 지켜봐 주세요.,1
5834,258,정치적 갈등이 심해질 때마다 우리 모두는 정의롭고 투명한 절차를 통해 공무원들의 실과를 정당히 심사받아야 한다는 점을 잊지 말아야 합니다,1
5835,258,정부와 야당이 내란 청산 논쟁에 집중하느라 국민이 실제로 필요한 서비스가 놓치는 것은 안타까운 현실입니다,1
5836,258,모든 공직자에게는 공정한 심사와 보호가 보장되어야 하며 그 누구도 정치적 압력에 의해 불리하게 대우받아서는 안 됩니다,1
5837,258,대통령은 사법적 책임을 명확히 인지하고 국민의 신뢰를 회복하기 위해 정당한 절차를 지켜야 합니다 반드시,1
5838,259,검찰이 무너진 이유를 찾아야 한다는 홍준표의 말 우리 모두가 함께 고민해야 할 문제다 우리는 그 과정에서 정직과 투명성을 요구하고 싶다,1
5839,259,한동훈이 탈영병이라 비난하며 논란이 깊어지자 진정한 책임 소재를 명확히 해야 한다는 목소리가 높아지고 있다 정당한 공정 절차가 필요하다 여러분의 목소리로 더 나은 방향을 찾아야 한다,1
5840,259,검찰이 정치에 끌려 갈 때마다 국민의 신뢰가 깨진다 정당한 수사와 투명한 처벌이 필요한 시점이다 우리 모두가 함께 책임을 묻는 자세가 필요하다 법과 정의가 깨어있도록 지켜야 한다 우리 사회는 정직과 청렴을 통해 다시 회복될 수 있다,1
5841,259,홍준표가 말한 검찰 망친 정치 검사들이 사실이라면 우리 사회는 큰 혼란에 빠질 수밖에 없을 것이다 정직과 청렴이 회복돼야 한다는 목소리에 귀 기울여야 한다 이 사안이 국민의 마음을 울리며 우리 모두가 정직한 사회를 향해 나아가야 할 시간이다,1
5842,260,정말 현실을 바꾸는 대화가 필요해요 현장에 더 깊은 의미를 넣어주세요 공정하고 정당한 사회를 위해 우리 모두가 한 목소리로 행동해 보아요,1
5843,260,사실을 적시해도 범죄라며 처벌을 두려워하는 분위기 바꾸는 게 우리에게 필요한 것 같아요 정의가 실현되는 사회에서 모두가 평등하게 소통할 수 있도록 해요,1
5844,260,정당 현수막이 혐오 메시지를 퍼뜨린다면 그 책임을 함께 지어야 해요. 함께 목소리 내자 공정한 사회를 위해 모두가 함께 행동합시다,1
5845,260,사실을 말해도 처벌받지 말라는 정책이 궁금해요 우리 시민들이 더 자유롭게 의견을 낼 수 있으면 좋겠어요 건설적인 대화를 이어가며 서로를 이해하는 사회가 되길 바랍니다,1
5846,261,대통령실이 정쟁보다 민생에 집중하겠다고 하는 건 이해가 가지만 책임감이 느껴지지 않는다 그때마다 더 투명한 소통이 필요해 보인다,1
5847,261,정국이 뜨거운 감자라던가 말 그대로 사태가 복잡해 보이지만 결국 국민이 가장 먼저,1
5848,261,검찰이 항소 포기한 상황에서 대통령실이 입장을 내지 않는 게 조금 미스테리하게 느껴진다 이런 상황에서 투명함이 더 필요해 보인다,1
5849,261,대외 회의 후속 조치에 집중하겠다고 하는 건 좋지만 그 앞에 있는 논란은 무시하면 안 된다고 생각한다,1
5850,262,암표 근절을 위한 과징금 강화가 팬들에게 큰 도움이 될 것 같아 기대돼,1
5851,262,암표로 인한 불공정이 사라지면 우리도 차분히 공연을 즐길 수 있겠지,1
5852,262,형사 처벌보다 과징금이 효과적이라면 재판소 사무실보다 입장구가 편해질 듯,1
5853,262,시민들이 신고하면 보상금도 같이 주면 암표 판매가 더 이상 매력적이지 않을거야,1
5854,263,이번 논란이 너무 복잡해요 모두가 진실을 찾길 바랄게요 공정한 절차가 이루어지길 기도합니다,1
5855,263,정치적 갈등이 심해지는 지금 서로를 이해하려는 노력이 필요해요 조속한 해결을 바랍니다 함께 더,1
5856,263,법과 정치가 꼬여 있는 상황에서 국민의 목소리가 가장 중요하다고 생각해요 평안이 깃들길 기원합니다,1
5857,263,모두가 한 마음으로 이 문제를 해결하려면 투명한 조사와 공정한 판결이 필수적이죠 힘내요 함께,1
5858,264,사실적시 명예훼손 제도 폐지는 언론의 자유와 개인의 명예를 동시에 지키는 방향이라고 생각합니다,1
5859,264,정당한 비판은 자유로운 사회를 만들며 사실을 밝히는 행위는 보호받아야 한다는 점을 강조하고 싶습니다,1
5860,264,사실을 적시해 명예를 훼손한다면 형사 처벌보다는 민사로 해결하는 방향이 바람직하다고 생각합니다,1
5861,264,국무회의에서의 지시는 정당한 사회적 변화의 필요성을 보여주는 사례라고 봅니다 이러한 결정을 통해 국민이 보다 투명한 정치를 기대할 수 있다고 생각합니다,1
5862,265,송원내대표의 강력 비난은 이번 사안이 단순한 정치 논쟁이 아니라 정의와 투명성의 문제임을 다시 한번 상기시켜 주네요 공정한 사법이 회복되길 바랍니다,1
5863,265,노총장은 검찰의 자존심을 버리게 만든 인물이라며 비판을 터트렸다 그러나 부패는 단지 한 사람의 실수만으로 정리되지 않는다는 점이 중요합니다,1
5864,265,대장동 사건이 이렇게 확대되는 것이 실망스럽습니다 국민의 뜻을 대변하는 검찰이 다시 한 번 믿음을 회복해야 할 때입니다,1
5865,265,이재명 정권을 비난하는 목소리가 들리면서도 우리 모두는 공정한 사법 절차와 법의 원칙을 지켜야 한다는 것을 잊지 말아야 합니다,1
5866,266,검찰이 항소를 포기한 결정에 대해 많은 국민이 불만을 느끼고 있는데 우리도 함께 목소리를 높여야 할 것 같아 정당한 법적 절차와 투명한 판단이 꼭 필요해요,1
5867,266,여의도에서 열린 논쟁이 너무 감정적으로 흘러가는데 사실 우리는 사실과 증거를 기반으로 한 공정한 재판을 기대해야 해요 서로가 소통하면서 명확한 답을 찾는 게 중요하다고 생각해요,1
5868,266,노검찰총장 직무대행이 휴가를 낸 게 논란이 되는 가운데 검사진의 책임감과 투명성은 더 강조돼야 해요 우리는 법과 정의를 지켜야 하는 책임이 있어요,1
5869,266,이 사건이 우리 사회에 큰 충격을 주었지만 법정에서는 감정이 아닌 사실을 냉정히 판단해야 해요 정당한 절차와 재판의 완전성을 위해 모두가 관심을 가져야 해요,1
5870,267,공직자 책임을 명확히 하여 국민 신뢰 회복 기대해요,1
5871,267,정확한 조사와 적절한 인사 조치가 필요합니다,1
5872,267,정시 조사가 국민의 안심과 제도 강화에 도움이 될 거예요,1
5873,267,정부가 신속히 결과를 발표해 투명성을 보여 주세요,1
5874,268,정부는 외교안보민생 등 중대한 문제에 집중하고 있어 항소포기 사안에 대해 입장을 내지 않는 것은 상황을 잘 판단한 듯하다 정치적 오해가 최소화될 수 있겠다고 생각한다,1
5875,268,용산청사에서의태도가너무신중해보인다 항소포기결정이법적판단에기반한것이라면추가발언이필요없겠지 다만국민들이믿을수있도록투명한정보제공이중요하다,1
5876,268,정성호장관이구형보다높은형이선고됐다고밝힌건설득력있다 하지만여전히의혹이남아있다면명확한입장이필요할지도모르겠다 정치적도구로쓰이지않길바란다 민감한사회문제이기에 다시한번검증이필요하다,1
5877,268,야권이도입의혹을제기하며눈에보이는것만보려한다고비판한대통령실도어느정도일리가있다 사실을객관적으로판단하고무분별한소문을삼가야한다는점이중요하다 국민의신뢰를위해 정확한사실전달이필수적임 그리고,1
5878,269,중국과 한국이 서로를 배려하며 외부 압력에 흔들리지 않길 바랍니다 평화와 협력이 우선이죠 다음 세대도 안전한 환경에서 꿈을 키울 수 있도록 함께 노력합시다,1
5879,269,반중 시위에 대한 실질적 대응이 필요하다고 생각합니다 허위 정보는 차단하고 사실 확인을 통해 진실을 밝혀야 합니다 국민의 안전을 위해 신속히 조치해 주세요 이러한 문제를 해결하려면 정부와 시민이 협력해야 합니다,1
5880,269,미국과의 무역전쟁이 끝난 뒤에도 두 나라가 협력할 수 있길 바라며 우리도 국제사회에서 책임 있는 역할을 수행해야 합니다 이런 도전 속에서도 상호 존중과 상생을 통해 평화로운 미래를 만들어 가야 합니다,1
5881,269,일본 총리의 발언이 양국 관계에 부정적 영향을 끼치니 신중히 접근해야 합니다 양국 모두 상호 존중과 협력을 통해 긴장을 완화하는 방향을 찾아야 할 때입니다 우리 모두가 이 길을 함께 걷는다면 더 나은 세상을 만들 수 있을 것입니다,1
5882,270,한국과 중국의 깊은 협력이 이렇게 큰 합의로 이어지다니 기뻐요 한우리가 함께 성장할 수 있는 길이 열렸다고 생각해요,1
5883,270,다이빙 대사의 말대로 국민의 우호 감정이 중요해요 한국이 강경한 입장보다 실질적 협력을 통해 신뢰를 쌓아가야 할 때입니다,1
5884,270,일본 총리의 대만 발언이 양국 관계에 부정적 영향을 줄 것이라 경고했는데 우리 모두가 평화와 대화를 우선시해야 한다는 점이 공감돼요,1
5885,270,한중 FTA 2단계 협상 가속화와 신흥 분야 협력이 현실적 이익을 가져올 수 있다면 한국 기업들도 큰 기회를 가질 수 있겠네요,1
5886,271,이런 사안이 벌써 한 번도 없었던 것 같아. 누구에게나 정당한 법적 판단이 필요해 보인다. 법을 통해서 모든 이해관계자가 정당한 결정을 받길 바란다.,1
5887,271,"정직한 판단이 모든 사람의 신뢰를 회복시킬 수 있을 거야. 법과 정의가 동시에 실현되는 순간, 우리 사회는 더욱 건강해질 것.",1
5888,271,"전직 장관이 현재 장관을 향해 허위사실을 유포한다는 건 너무 가혹하다. 정당한 절차와 증거가 필요하다. 모든 관계자들이 공정하게 대우받을 수 있도록, 투명한 조사와 재판이 반드시 필요해.",1
5889,271,"사건이 복잡해져도, 결국은 법 앞에서 정당한 결론을 찾아야 해. 모든 이해관계자가 믿을 수 있는 결론이 나기를 바란다.",1
5890,272,대통령실이 바쁘다면서도 사건에 무심한 듯 보이니 실망이네요 조금 더 주의를 기울여 주면 좋겠어요 이렇게 일거리를 따로 챙겨야 하는 건 정말 힘들죠,1
5891,272,정치적 이슈에 개입이라면 법과 정의를 더 깊이 배워야겠죠 투명한 절차와 책임이 필요해요 우리 모두가 신뢰할 수 있는 공정함을 바랍니다,1
5892,272,항소 포기 결정이 국민들에게 큰 충격이 될까 감정이 겹쳐서 복잡해요 공정성과 투명성 없이는 신뢰 회복이 어렵죠,1
5893,272,정부가 일에 집중하길 바라는 한편 국민의 목소리도 무시할 수 없어요 정책이 진정한 변화를 만들려면 우리 모두가 힘을 합쳐야 해요,1
5894,273,새로운 지도부가 우리에게 더 큰 희망을 줄 수 있길 기대합니다 여러분의 꿈과 열정을 믿습니다,1
5895,273,지방선거에서 창조적 파괴를 이룰 수 있다면 우리 국민의 목소리가 반영될 것 같아,1
5896,273,정치와 경제 개혁에 대한 조국의 의지가 느껴져서 힘이 납니다 우리 모두 함께 힘을 합치면 가능할 것 같아,1
5897,273,전당대회가 우리 사회를 변화시킬 수 있는 기회라 믿습니다 이제 시작이니 모두 함께 나아가자,1
5898,274,사법의 공정성을 위해 꼼꼼히 조사해야 한다는 점에 동의합니다 국민의 신뢰 회복이 필요해요,1
5899,274,내란 재판 배당 방식이 투명하지 못하면 국민의 불신이 깊어질 수밖에 없을 것 같아 시기에는 재판의 공정성 확보가 절실해,1
5900,274,법원 배당이 지정으로 바뀌면 재판의 독립성이 훼손될 위험이 커집니다 따라서 국민은 명확한 절차를 요구해야 합니다,1
5901,274,정당이 조대 대법원장의 관여를 조사한다는 의지에 힘을 실어주고 싶습니다 우리는 투명하고 공정한 사법 시스템을 지켜야 합니다,1
5902,275,청와대로 옮기는 과정이 복잡해 보여도 국민을 위해 꼭 필요한 일이라 생각해요. 조금이라도 편리해지길 바랍니다.,1
5903,275,"이동 일정이 아직 확정되지 않았지만, 투명한 소통으로 국민의 신뢰를 얻길 기대합니다.",1
5904,275,청와대 이전이 완료되면 업무 효율이 크게 향상될 것 같아 기대가 큽니다. 힘내세요!,1
5905,275,"용산에서 청와대로 옮기는 과정은 쉽지 않을 것 같은데, 준비 잘 해서 무사히 마무리되길 바랍니다.",1
5906,276,나경원 의원이 정성호 장관에 대해 외압을 지적하며 정당한 비판을 했어요. 정확한 사안이 명확해져야 국민도 안심할 수 있을 거예요.,1
5907,276,정성호 장관이 항소 포기 논란에서 외압을 행사했다고 주장하는 내용이 과장돼 보이네요. 검찰 절차를 꼭 지켜야 함을 강조합니다.,1
5908,276,나경원 의원이 정성호 장관과 검찰 수뇌부를 비난하며 사퇴를 요구하는 발언이 국민의 신뢰를 저해할 수 있을까 고민됩니다.,1
5909,276,"대장동 사건이 정치적 외압으로 보이지만, 실제 검찰 내부 결정을 명확히 공개하면 투명성이 확보될 것 같아요. 앞으로의 진행이 기대됩니다.",1
5910,277,조국 선거 도전 소식 듣고 기분이 두근거려 새로운 시작 기대해요 많이 웃음,1
5911,277,정치가 다시 변할 때가 필요해 조국이 새 길을 열어준다면 우리도 힘이 될 거야,1
5912,277,국민의힘 소속 단체장 제로 목표라니 대단해요 그럼 진정한 변화가 올 수 있겠죠,1
5913,277,검찰 사법개혁과 차별금지법 도입이 필요해 조국이 이뤄낸다면 희망이 커질 것 같아요,1
5914,278,정리된 시각이 필요해요. 종묘 앞 개발이 아니라 도심 재생을 보는 관점이 중요합니다. 부동산 혼란을 해소하기 위한 현실적 방안이 절실합니다.,1
5915,278,"오세훈 시장이 세운상가 철거를 종묘 수혜라고 말했는데, 실제로 그 효과가 얼마나 실질적일지 궁금합니다. 건물은 오래됐지만 재건축이 꼭 필요한지 토론이 필요해요. 우리 시민들이 목소리를 낼 수 있는 기회가 되길 바랍니다.",1
5916,278,"김민석 총리가 감성적 표현을 과학적으로 바꾸라고 했는데, 사실 감정과 정책이 맞물려 있지 않나요? 사람들의 감정에 공감하면서 동시에 실질적 대책을 제시해야 할 때입니다. 이젠 정당한 논리와 함께 시민의 목소리를 듣는 시대입니다.",1
5917,278,"오 시장이 부동산 혼란을 해소하라고 강조했는데, 세운재개발이 실제로 지역 주민에게 어떤 변화를 가져올지 구체적인 예가 없으면 공감이 안 됩니다. 투명한 정보 공개와 주민 참여가 필요합니다. 함께 고민해봐야 할 시점이죠.",1
5918,279,암표를 근절하려는 암표 3법이 제정되면 공연 관람객은 물론 예술가에게도 공정한 환경이 제공될 것 같아요,1
5919,279,저작권법 개정으로 해외 불법 사이트 차단 권한이 부여되면 창작자 보호가 한층 강화될 전망입니다,1
5920,279,과징금이 강해지면 암표 거래의 실효성은 크게 높아질 것이라 생각합니다 기대가 큽니다,1
5921,279,문화체육관광부가 체계적인 대책을 마련해 국민문화 향유가 더 보장될 수 있다는 점이 가장 큰 위안입니다,1
5922,280,정부의 진실을 밝히는 이 조사가 결국 우리 나라의 건전한 공직문화를 만들고 모든 시민이 안심할 수 있길 바랍니다,1
5923,280,검찰 군 외교 부서가 집중 점검받는 만큼 부정 없고 투명한 행정이 기대됩니다 모든 공직자들이 책임을 다하고 국민의 신뢰를 회복하는 모습을 보게 되길 바랍니다,1
5924,280,내년 1월까지 진행될 조사가 부정 행위만이 아니라 정당화와 은폐까지 폭로하면 우리 사회가 한층 더 단단해질 것입니다,1
5925,280,공직자들이 비상계엄에 연루된 의혹을 투명히 밝히고 책임을 물을 때 우리에게 돌아올 희망이 바로 그때입니다,1
5926,281,조국 씨의 발언이 사실이라면 성남시가 피해자라니 마음이 무겁다 법이 정의로워졌으면 좋겠다 항상 다시 지속적으로,1
5927,281,대장동 사건이 이렇게 꼬인 줄 몰랐는데 결국 국가가 몰수 못하면 우리 시민은 무력감을 느끼겠다 정의와 평화가 다시 우리 주민에게 돌아오길 바랍니다,1
5928,281,조국 위원장이 말한 부패재산 몰수 조건이 까다롭다는 점이 인상적이다 공정한 절차를 위해 법원에 철저한 검토를 바란다 특히 피해자에 대한 책임이 분명히 드러나길 바란다,1
5929,281,이 사건을 통해 우리 사회가 법과 정의를 얼마나 소중히 여겨야 하는지 다시 깨닫는다 국민 모두가 목소리를 높여야 한다 이제는 구체적인 방안을 논의하고 실행에 옮겨야 할 시점이다,1
5930,282,정말 힘든 상황이네요 정당한 절차가 지켜지길 바래요 모든 이들이 정의를 느낄 수 있길 바랍니다,1
5931,282,이런 일이 다시 일어나지 않길 바랍니다 사법기관의 신뢰가 회복되길 항상 바래요 그리고 모든 시민이 안심할 수 있도록 절차가 투명히 진행되길,1
5932,282,정치와 사법이 분리돼야 합니다 모든 국민이 평안할 수 있도록 함께 노력해요,1
5933,282,검찰 내부의 문제가 드러난 만큼 투명한 조사와 책임이 필요해요 모든 이가 공감할 수 있도록,1
5934,283,지금 대통령실이 입장을 밝히지 않은 걸 보니 정치의 복잡함이 느껴집니다 정치가 늘 이렇게 복잡하고 투명하지 않아 안타까워요,1
5935,283,검찰 내부 갈등이 외부에까지 퍼져서 국민이 걱정되는 상황이네요 많이 눈이 가게 보입니다 진심으로,1
5936,283,"대통령실이 입장을 밝히지 않는 이유가 궁금하지만, 결국은 투명한 절차가 필요합니다 서요 다시",1
5937,283,정치적 의혹이 뜨거운 이 시기에 더 큰 혼란을 초래할까 걱정됩니다 안내해요 바로,1
5938,284,정부가 직접 이뤄내는 적폐청산이라면 외부의 비판보다 내부의 국가의 신뢰 회복이 매우 중요하다 정말로 지금 이 필요하다.,1
5939,284,"정치와 행정이 분리되어야 하는 지금, 이번 조치는 큰 변화를 의미할 수 있다. 공직자와 국민의 신뢰를 회복하는 계기가 될 것이다.",1
5940,284,각 공직자들의 책임을 명확히 함으로써 국민이 안심할 수 있는 정당성 확보가 중요하다. 공정한 절차를 통해 그동안 불투명했던 문제를 투명하게 해결하는 길이 될 명확히 것이다.,1
5941,285,정권이 국가를 장악하려고 하는 모습이 불안해요 부산시민으로서 걱정됩니다,1
5942,285,검찰 항소 포기 결정은 정권의 사법 개입 의심을 키웠어요 부산시민이라서 정당한 사법을 원해요,1
5943,285,부산의 미래가 이 사안에 달려 있다는 걸 잊지 말아요 우리 모두가 힘을 모아야해요,1
5944,285,정치권이 권력 집중을 막아야 부정 없이 진정한 발전이 가능하죠 우리의 신뢰와 노력으로 실현될 수 있어요,1
5945,286,정부가 주택가격을 과도하게 조정한다는 주장에 공감하며 시민의 재산권을 지켜야 한다 이러한 조치가 국민의 삶에 미치는 부정적 영향을 반성해야 한다,1
5946,286,소송이 성사된다면 장관 해임 요구가 현실적이 될까 생각이 든다 이러한 사안은 부동산 정책의 정당성을 재검토하도록 강제한다,1
5947,286,통계의 정치화가 계속된다면 국민의 신뢰는 더욱 떨어질 것이다 정확한 자료 없이 정책을 추진하면 사회적 불안감이 커질 수 있다,1
5948,286,개혁신당이 국민의힘과 손잡아 정당한 목소리를 낼 수 있다면 민주주의가 더 건강해질 것 이 같은 협력이 시장의 안정을 가져올 것이며 부동산 위기를 해결하는 실질적 방안이 될 것이다,1
5949,287,"정말 100만원 정도는 사무실 선물 수준이라 생각하지만, 정직성은 언제나 중요합니다.",1
5950,287,"김 기현 의원이 입장문을 내서 사과했지만, 공공기관 직원에게 선물은 사려 깊게 해야겠어요.",1
5951,287,정치인이라도 부녀가 받는 선물에 대한 공개와 설명은 꼭 필요하다고 봅니다.,1
5952,287,"성일종 의원의 옹호가 실제로 논란을 덜어줄 수 있길 바라며, 앞으로 투명한 행보를 기대합니다.",1
5953,288,이 사안이 사회적 신뢰를 더 손상시키는 것 같아 아쉽다 모든 정치인에게 더 투명함이 필요해,1
5954,288,가방 선물이라도 비용이 100만원이라면 공정성은 의문이야 정리되길 바란다,1
5955,288,정치인의 예의와 책임이 분리돼서는 안돼 국민은 정직한 지도자를 원해,1
5956,288,이 사건이 마무리되면 국민의 신뢰 회복에 한 걸음 다가갈 수 있겠지,1
5957,289,탈북민도 대한민국 국민이니 차별은 받아들이기 어려워요 우리 모두가 평등해야 합니다,1
5958,289,경호처의 실수로 하루 일당을 날린 장 씨에게 깊은 안타까움과 사과가 필요합니다,1
5959,289,정책이 아닌 인간적 배려가 필요합니다 탈북민도 같은 나라에서 살아갑니다 서로를 존중하는 사회가 되어야 합니다,1
5960,289,경호처가 사과했다는 소식에 한편으로는 안도하지만 차별이 없도록 제도 개선이 필요합니다,1
5961,290,검사들의 갑작스런 힘이 솟은 모습은 국민의 신뢰를 다시 시험하는 순간이다. 투명한 절차가 필요하다. 다음 단계는 공정성과 책임을 동시에 보여줘야 한다.,1
5962,290,"선택적 항명이란 말이 무거운데, 이번 사안에서 그 무게가 얼마나 느껴지는지. 정당한 비판이었어. 공정한 절차가 필요해. 계속해서.",1
5963,290,"노만석 직무대행이 정당히 규탄받는 순간, 책임 있는 리더십이 요구된다. 부디 진정성 있는 반성 부탁 과제.",1
5964,290,검찰과 정치가 서로 겹치는 이 상황에서 시민의 목소리가 더욱 필요하다. 투명한 정권을 원한다. 공정한 재판과 정의가 실현되길 바란다.,1
5965,291,매우 지속적으로 국회에서 여야가 프레임싸움을 벌이면서 국민은 정치적 혼란을 겪고 있다,1
5966,291,정부가 항소포기를 외압으로 비난한다는 주장과 검찰이 조작기소를 의심한다는 논쟁이 겹치면서 상황이 복잡해지고 있다,1
5967,291,정책과 정치적 입장 차이로 인해 국정조사기가 미뤄지면 선거 준비가 늦어져서 국민에게 불안이 커질 수 있다,1
5968,291,전문가들 역시 검찰과 정부의 역할이 명확히 구분돼야 한다고 주장하며 공정한 조사가 이루어져야 한다는 목소리를 높이고 있다,1
5969,292,이런 뜨거운 논쟁 속에서도 사람들의 목소리를 듣는 것이 중요해요,1
5970,292,정치적 대립이 격해질 때마다 서로를 이해하려는 마음이 필요하겠다는 생각이 듭니다,1
5971,292,양측 모두 진심을 다해 논의하길 바랄 뿐입니다 서로 존중하며 앞으로 나아갈 수 있길 바랍니다,1
5972,292,이 사안이 끝내 국민의 삶에 긍정적 변화를 가져오길 기대해봅니다 그리고 앞으로 더 밝은 미래가 펼쳐지길 소망합니다,1
5973,293,정치가 이렇게 갈라지면 우리 일상까지 흔들리죠. 모두 침착하게 대화가 필요합니다.,1
5974,293,검찰과 정당이 서로를 비난만 할 때는 결국 국민이 피해자가 됩니다. 서로를 이해해야 해요.,1
5975,293,항소 포기 같은 결정이 정치적 도구로 쓰이면 그 자체가 문제입니다. 객관적 판단이 요구돼요.,1
5976,293,국민의힘 내부에서도 갈등이 있음을 알 수 있네요. 결국 정당이 아니라 국민이 이끌어야 합니다.,1
5977,294,정치권이 대장동 일당에게 이익을 주고 평범한 국민은 피해를 보는 건 옳지 않습니다 따라서 공정한 재산 반환과 법의 엄정함이 필요합니다,1
5978,294,김만배 씨가 2000억을 보유하고 있다는 사실이 믿기지 않습니다 정당한 절차가 바로 실행돼야 시민들의 목소리가 강력히 반영돼야 합니다,1
5979,294,항소 포기로 국고를 놓치는 것은 국민을 배신한 셈이죠 법정에서 명확한 판결이 나와야 해요 더 이상 부당한 로비를 허용하지 말아야 합니다,1
5980,294,이 사건이 해결되지 않으면 대장동 일당은 더 큰 부를 쌓아갈 것입니다 국가는 엄중히 조사하고 재산을 회수해야 합니다,1
5981,295,대통령실이 이렇게 무심한 이유가 있을까 생각이 들어요 정권을 위한 조치라면 그게 옳은 판단일까요,1
5982,295,우수석이 말한 정권 부담이 진짜라면 우리는 그때까지 지켜봐야겠네요 그리고 상황이 바뀌면 다시 논의할게요,1
5983,295,항소 포기 논란이 이렇게 크게 나오다니 우리도 사실 정치적 판단이 아닐까 고민이 되네,1
5984,295,대통령실이 입장을 밝히지 않으면서 논란만 커지니 실망이 크다 투명성이 필요해,1
5985,296,임이자 위원장이 여야를 잇는 다리 역할을 해주셔서 고마워요 실질적인 정쟁 대신 정책 위주로 진행해 주신 덕분에 국감이 한층 투명해졌다고 느껴집니다,1
5986,296,배당소득 분리과세 논의에 대한 임 위원장의 비전이 인상적이었어요 국민의 자산 증식과 자본시장 활성화를 동시에 고려한 접근이 꼭 필요합니다,1
5987,296,한미 관세 협상 비준 논란에서도 헌법을 지키려는 태도가 인상적입니다 국민이 이해하기 쉽도록 명확한 설명이 더 필요하겠다고 생각해요,1
5988,296,첫 여성 기재위원장으로서 민생 국감에 성공한 모습이 자랑스럽습니다 앞으로도 여야가 협력해 실질적 변화를 이끌어 가길 기대합니다,1
5989,297,대통령실이 입장이 없다고 했지만 시민들의 불안은 계속되고 있어 마음이 아프다 그리고 책임감이 필요하다,1
5990,297,정무수석이 개입 없다고 말했지만 여전히 의심스러운 부분이 많아 앞으로도 자세히 지켜보고 싶다 그럼에도 불구하고 믿어야겠다,1
5991,297,검찰이 항소 포기하자 대통령실이 입장을 밝히지 않은 걸 보고 화가 납니다 그러나 결국 무언가가 제대로 전달되지 않은 듯 느껴집니다,1
5992,297,야당이 정치적 의도를 지적하는 것에 대통령실이 비판을 하자 상황이 복잡해지네요 이제는 모든 사람들이 이 이슈를 신중히 바라봐야 할 때입니다,1
5993,298,정치에 혼란이 많아 우리 모두 힘들었음. 정의가 꼭 실현되길 바랍니다. 함께 응원해요.,1
5994,298,검찰과 정치가 얽혀 있는 상황이 너무 안타까워. 투명한 수사가 필요해요.,1
5995,298,정청래 대표와 김병기 원내대표가 목소리를 높여 주는 것이 중요해요. 우리도 함께 지켜봐야 해요.,1
5996,298,정책과 검찰이 서로 협력해 국민이 안심할 수 있도록 신속하고 공정한 조치가 필요합니다.,1
5997,299,국민의힘 성일종 의원이 100만원 백이 뇌물이라며 김기현 옹호한 건 이해가 안 가네 정치적 비난이 아니라 사실 확인이 먼저여야 해,1
5998,299,백이 100만원이라도 사정이 있는지 안 살펴볼까요 정치인이라면 사실을 따져야 한다 생각해요,1
5999,299,김기현 옹호는 좋은데 성일종이 100만원을 뇌물이라며 부정적으로만 보는 건 조금 과한 것 같아,1
6000,299,이 사건이 정치적 갈등만 커지는 것보다 결국 모두가 정직과 신뢰를 다시 찾는 계기가 되었으면 좋겠어요,1
6001,300,정당간의 갈등이 너무 심해 보인다 시민은 제대로 된 답변을 원해 우리 모두가 투명한 절차를 기대한다,1
6002,300,공정한 검찰의 역할이 시급하다 법이 모든 국민에게 똑같이 적용돼야 하는 점을 잊지 말자 여러분의 목소리가 공정함을 이끌어낼 수 있도록 모두가 참여합시다,1
6003,300,현안질의가 진행되지 못해 낙담이 크다 정당간 논쟁보다는 사실에 기초한 진실을 요구한다 우리 의 신뢰를 회복하기 위해 객관적 조사가 시급하다,1
6004,300,검찰과 정치의 경계가 흐려진 현 상황이 안타깝다 투명성을 위해 정직한 공개 절차가 필요하다 시민들의 신뢰를 회복하려면 모든 절차를 명확히 밝혀야 한다,1
6005,301,정당 간의 정쟁이 반복되는 가운데 국민의 목소리가 가려지는 현실이 너무 아쉽다. 앞으로 투명한 정치를 바란다.,1
6006,301,법사위가 급히 정회를 선포하며 논의가 이루어지지 않은 상황이 심각해 보여. 책임 있는 결정이 필요하다.,1
6007,301,검찰과 정부가 협력해 사건을 관리하는 모습이 국민에게 신뢰를 떨어뜨리고 있다. 정당한 절차가 필요하다.,1
6008,301,정치적 압박이 검찰 결정을 좌우한다는 지적은 공정성을 의심하게 만든다. 투명한 프로세스를 기대한다.,1
6009,302,정책보다 사람을 생각하는 목소리가 필요합니다 공정한 조사와 신뢰 회복이 먼저야 우리 모두를 위해,1
6010,302,모두가 감정이 겹치는 가운데 침착히 사실을 확인해야 합니다 신뢰를 지키는 길이 바로 정직한 검찰의 역할,1
6011,302,정치적 갈등이 커질수록 국민은 더 큰 상처를 입습니다 평화와 협력이 가능한 방안을 찾아야 해요,1
6012,302,검찰 내부의 불안은 나라의 미래를 위협합니다 모든 이해관계가 공정하게 대우받을 때 비로소 진실이 드러날 거예요,1
6013,303,"정의당이 항소 포기 결정을 비판한 건 타당하다. 검찰이 제대로 된 판단을 내리지 못한 건 국민의 불신을 키우는 길이 될 수 있다. 결과적으로 사법 신뢰가 흔들리고 사회 정의가 흔들리는 상황은 우리 모두가 원치 않는 것이다. 정치와 사법이 서로를 방해하지 말고, 투명한 절차를 통해 정의가 실현되길 바란다.",1
6014,303,"정부가 항소 포기에 개입한 점이 가장 문제이다. 권력의 압력이 검찰 결정을 좌우했다면, 민주주의의 기본이 흔들린다. 사법의 중립을 지켜야 하는 시대에 그럴 때는 더 신중해야 한다. 그렇지 않으면 국민은 다시 한 번 정의를 믿지 못하게 될 것이다. 검찰이 자율성을 회복하고 정치와 거리가 먼 판단을 내리는 것이 필요하다.",1
6015,303,"검찰 개혁은 단순히 구조를 바꾸는 것만이 아니다. 정치와 사법이 서로를 부정적으로 활용하는 구조를 깨고, 투명한 절차와 독립성을 강화해야 한다. 대장동 사건이 보여준 부패는 우리에게 큰 교훈이다. 이제는 검찰이 정치의 방패가 아니라 정의를 실현하는 기관이 되도록 해야 한다. 그렇게 해야만 우리 사회가 진정한 정의와 공정성을 회복할 수 있다.",1
6016,303,"대장동 비리로 인해 시민들은 또 한 번 실망했다. 공정한 수사를 기대했는데, 검찰이 항소 포기로 결론을 내렸을 때 많은 이가 실망했다. 앞으로는 투명하고 철저한 조사로 믿음을 되찾아야 한다. 이 사건이 우리에게 남긴 교훈은 사법이 정치에 흔들리지 말아야 한다는 점이다. 정당한 절차를 지키며 진실을 밝혀내는 것이 우리 모두의 책임이다.",1
6017,304,국민의힘이 탄핵까지 서슴지 않는 모습이 눈에 띈다 하지만 진짜 해결책은 무엇일까 그리고 국민들의 목소리와 신뢰를 다시 얻기 위해서는 투명한 조사와 실질적 책임이 필요하다,1
6018,304,장외집회가 재개된다면 그 자체가 큰 부담이 될 수 있다 나는 소극적으로 대처하고 싶다 그러나 정당한 절차가 지켜지지 않는다면 국민의 신뢰는 더욱 떨어질 것 같다,1
6019,304,이런 정치적 대립이 계속되면 결국 국민은 피해를 보는 것이 현실입니다 양측 모두 대화를 통해 해결책을 찾아야 합니다,1
6020,304,국민의힘이 탄핵을 요구하면서도 내부 결집력이 약한 모습이 실망스럽다 진정한 책임을 물을 수 있는 길을 모색해야 한다,1
6021,305,검찰의 기강을 지키려는 대통령실의 태도에 공감한다. 정당한 규율이 필요하다.,1
6022,305,집단행동을 기강문제로 보는 시각이 옳다고 생각한다. 법조계의 책임이 중요하다.,1
6023,305,"검찰 개혁이 절실하다고 느끼지만, 무덤 파는 건 그 어떤 행동보다 무서운 결과를 낳는다.",1
6024,305,대통령실이 야당 공세를 넘어서는 방침을 밝힌 점은 정치적 안정성을 높이는 데 기여할 것 같다.,1
6025,306,군인에게 기밀이 흘러나온 소식은 정말 안타까워요. 책임을 묻는 절차가 꼭 필요하죠,1
6026,306,그가 누구와 연결됐는지 궁금하지만 결국은 나라를 위해 일해야 했던 군인이었기에 아쉬워요,1
6027,306,정보 유출은 작은 비밀이라도 군사 전략에 큰 피해를 줄 수 있다는 걸 다시 한번 깨달아야겠어요,1
6028,306,"법정에서 판단된 만큼 징역과 과태료가 선고됐지만, 이런 사건이 반복되지 않도록 제도 개선이 필요합니다",1
6037,309,정회가 빠르게 선포된 점이 안타깝다 양당이 대화를 통해 문제를 해결했으면 좋겠다,1
6038,309,검찰과 국회가 서로 이해하며 투명한 절차를 만드는 게 중요하다,1
6039,309,모든 관계자가 함께 모여 진실을 밝히는 자리라면 더 의미가 있을 것 같다,1
6040,309,정책 논의가 진정한 협력으로 이어지길 바라며 이번 회의가 긍정적으로 진행되길,1
6041,310,정말 국민이 안타까워요. 공정한 조사와 투명한 절차가 필요합니다.,1
6042,310,모두가 공감할 수 있는 사안이라 생각해요. 책임 있는 해결이 필요해요.,1
6043,310,노만석 부회장님의 상황이 안타깝네요. 정당한 판단이 중요하죠.,1
6044,310,정성호 장관의 사퇴 요구가 현 상황에 적합한지 고민이 필요합니다.,1
6045,311,검찰과 법무부 간의 갈등이 계속되니 국민들은 더 신뢰가 떨어질 것 같아. 이 상황이 빨리 정리되길 바란다.,1
6046,311,"대장동 사건 항소 포기 논란이 이렇게 깊어지다니, 결국 정성호 장관이 잘못했다는 주장만 있더니 혼란스럽다. 정당한 절차가 다시 돌아가길 바란다.",1
6047,311,법사위에서의 급작스런 의견 충돌이 국민의 신뢰를 떨어뜨린다. 모든 관계자가 진실을 밝혀 주길 바래.,1
6048,311,검찰의 선택적 항명이란 비판이 나오고 법무부의 불법 지시 주장도 부정해지는 상황은 혼란스러워 빨리 객관적인 조사로 밝혀져야 한다.,1
6049,312,김경수 위원장이 경남 지사 사퇴한 이후 지역민들의 믿음이 흔들려서 많이 안타깝다 느껴진다 조금씩 회복되는 모습이 기대된다,1
6050,312,부울경 메가시티 실현을 위해 노력한 그의 의지가 지역 경제에 긍정적 영향이 되길 바란다 앞으로도 지속적으로 추진해 주셨으면 좋겠습니다,1
6051,312,검찰의 선택적 반발이 정치에 더 많은 혼란을 주는 건 불안하다 정책 결정이 명확히 이어지길 기대한다 다시 보자,1
6052,312,극 3특 정책이 부울경에서 실제 성과를 내면 전국이 더 발전할 수 있을 것 같다 지역 주민들의 삶이 더 풍요로워질 것이라 믿는다,1
6053,313,부산시가 전장관의 인공지능 비전으로 새 시대를 맞이한다는 기대가 큽니다 더 큰 발전이 기대됩니다,1
6054,313,최인호 의원이 에이유지 사장에 도전하면서 부산시정에 대한 비전이 새롭게 형성되었습니다 새로운 도전은 지역 경제와 시민들의 삶에 긍정적인 변화를 가져올 것입니다,1
6055,313,이재성 전 시당위원장은 인공지능 고속도로를 통해 일자리를 창출하겠다고 밝혔습니다 더 많은 기회,1
6056,313,부산은 투자공사와 협력해 고래처럼 성장해야 하며 은행은 멸치처럼 안정적인 정책이 필요합니다,1
6057,314,이번 사건으로 고통받은 시민들 마음이 아프고 정의가 실현되길 바란다,1
6058,314,검찰의 결정을 투명하게 밝히는 것이 시민의 신뢰를 회복한다,1
6059,314,정치적 이익보다 국민을 위한 진실된 판단이 필요하다,1
6060,314,우리 모두 함께 올바른 법과 정의를 위해 목소리를 높이자,1
6061,315,이 사건으로 상처받은 이들이 평안을 찾길 바라며 정의가 실현되길 기원합니다,1
6062,315,공정한 조사와 투명한 절차가 필요하다고 생각합니다,1
6063,315,피해자와 가족들을 위한 충분한 배려가 이루어지길 바랍니다,1
6064,315,진심으로 모든 과정이 객관적이고 공정하게 진행되길 소망합니다,1
6065,316,정말 어려운 상황이지만 진심으로 모두가 평화와 정의를 바라며 응원합니다,1
6066,316,"이 사건이 우리 사회에 깊은 상처를 남겼지만, 용서와 화합의 길을 찾길 기원합니다",1
6067,316,"법과 정의가 빛나는 길로 이 사건이 마무리되길 바라며, 국민의 목소리가 존중받는 사회를 기대합니다",1
6068,316,과거를 돌이켜보며 미래를 위해 모든 이가 함께 노력한다면 평화로운 나라가 될 수 있을 것 같습니다,1
6069,317,정치적 이슈에만 집중하기보다 국민이 가장 필요로 하는 법치와 정의가 우선이어야 한다는 생각이 든다,1
6070,317,모든 국민이 공감할 수 있는 항소 포기에 대한 비판은 일리가 있지만 동시에 검찰의 투명성 제고가 시급하다,1
6071,317,한 전 대표가 이 사안에 이렇게 열정적으로 대응하는 모습은 당내 정치가 한 단계 더 성장한 증거로 보이고 동시에 국민의 목소리를 반영하려는 의지를 보여준다,1
6072,317,검찰의 항소 포기 문제에 대해 진정한 사과가 아니라 정책과 절차 개선이 먼저야 그래서 모든 이해당사자에게 책임감 있는 행동이 요구된다,1
6073,318,검찰이 절차를 지키지 않고 사표만 내면 국민의 신뢰가 더 깨질 뿐이야. 정당한 수사가 필요하다.,1
6074,318,"노 대행의 사표는 끝이 아니며, 외부 압력과 내부 책임이 모두 밝혀져야 해요.",1
6075,318,"정성호 장관이 항소포기 지시를 한 사실이 밝혀져야 하고, 법무부는 투명하게 답해야 해요.",1
6076,318,사표가 사법독립을 흔드는 이 사건은 국민이 다시 신뢰를 회복할 수 있는 절차가 필요합니다.,1
6077,319,서대문구 의원이 안동 생가 복원 건의서를 낸 이유가 궁금해요. 지역 경제와는 무슨 연관이 있을까요.,1
6078,319,정치인들이 세금을 쓰는 대신 다른 지역을 위해 건의서를 제출한다니 조금 이상하네요.,1
6079,319,이재명 대통령의 발자취를 보는 건 좋은 일이지만 서대문구 주민과의 연관성은 뭘까요.,1
6080,319,정치적 충성 경쟁이 과도하다는 지적도 있으니 건의서 철회가 옳았다고 생각합니다.,1
6081,320,정성호 장관이 책임을 다하려는 모습이 인상적이다. 정치적 압박에 굴복하지 않으려는 의지가 느껴진다. 이런 태도가 국가에 희망을 주는 것 같다.,1
6082,320,장관이 정치적 책임 회피라는 질문에 솔직히 답변한 점이 마음에 든다. 바람직하지 않다는 말이 현실을 직시한 것처럼 보여 믿음이 생긴다.,1
6083,320,검찰과의 갈등이 끊이지 않는 상황에서 장관이 사퇴를 피하려는 이유가 이해된다. 공공기관을 맡은 사람이 사퇴보다 현장에 머무는 게 더 가치가 있을 수 있다고 생각한다.,1
6084,320,정치와 법의 경계가 모호해질 때마다 국민이 불안해한다. 장관이 책임을 분명히 하고 회피하지 않는 모습이 조금은 위안이 된다. 앞으로도 이런 태도를 기대한다.,1
6085,321,정치토론이라니모두가공정하게이야기나누는기회가되길바라며전문가들의견이반영되길기원합니다,1
6086,321,사회의분열을줄이는데공개토론이가도움이될수있겠네요진실이밝혀지길바라며모두가마음의문을열어듭니다,1
6087,321,토론이뜨거운논란보다실질적인해결책을제시해주길기대합니다진심으로모든의견이반영되기를바랍니다,1
6088,321,각자의입장을열어놓고대화를시도하면분쟁이줄어들수있지않을까요모두가진실을찾길바랍니다,1
6089,322,노 총장 대행이 사의 표명하면서 검찰 내부가 더욱 흔들리기만 하는 현실이 안타깝다 국민이 지켜야 할 건 바로 투명성과 공정성이다,1
6090,322,수사지휘권 논란과 검찰 내부 반발이 겹치면서 조직의 신뢰가 바닥을 쳤다 개혁이 필요한 순간 단단한 의지와 결단이 절실하다,1
6091,322,노 총장 대행이 사퇴를 결심하면서도 조직이 살아남아야 하는 이유는 국민의 신뢰를 지키는 것임을 잊지 말자,1
6092,322,검찰이 정치에 휘말려 조직이 흔들리다니 안타깝다 앞으로 개혁이 제대로 진행되길 바란지,1
6093,323,지방과 중앙이 소통돼야지 시도지사들이 말 못하고 망설이는 상황이 안타깝다 시민의 관심도,1
6094,323,지방 재정 부담이 늘어날 때 시민들이 실제로 느끼는 차이도 중요하다 정책을 결정할 때 한 사람 한 사람의 삶을 생각해야 한다,1
6095,323,이제야 한 마디라도 나오길 바란다 거센 비판이 아니라 건설적인 대화가 필요하다 시민의 목소리를 듣고 정책에 반영할 수 있도록 한다면,1
6096,323,정치적 보복이 두려워서 목소리를 못 내면 결국 한 사람 한 사람의 삶이 희생된다 이러한 상황은 우리 모두가 직면해야 할 현실이다,1
6097,324,공무원들의 긴장감이 눈에 띕니다. 정치권이 갈등을 격화하면 공공서비스가 지연될까 우려됩니다.,1
6098,324,정부가 인사 조정을 예고한 탓에 현장 직원들이 불안해하고 있습니다. 이때문에 업무 효율이 떨어질 수 있지 않을까요?,1
6099,324,야당은 내란몰이라고 비난하지만 실제로는 정권 전환을 위한 정치적 행위일 가능성도 있습니다. 공정한 판단이 필요합니다.,1
6100,324,정치적 파워가 공무원 사무에 영향을 미치면 국민 신뢰가 무너질 수 있습니다. 객관적인 인사 기준이 더 필요합니다.,1
6101,325,이 사건이 진실로 밝혀져서 기획재정부의 책임이 명확히 드러나는 것이 중요해요,1
6102,325,"공직사회가 흔들렸다는 이야기라면, 다시 믿음을 회복할 수 있도록 철저한 조사가 필요해요",1
6103,325,"YTN 지분 매각 과정이 제대로 설명되지 않았다면, 국민의 신뢰가 더욱 흔들릴 수 있어요",1
6104,325,특검과 기재부가 협력하면서 진실을 밝히는 모습이 보이면 시민들도 안심할 수 있겠어요,1
6105,326,정확히 뭘 말하고 싶은지 이해가 안 가서 조금 혼란스러워요 사실이었으면 좋겠어요,1
6106,326,윤 전 대통령이 감정적으로 대응한 건 이해하지만 부정적인 결과가 나타난다면 책임이 필요해요,1
6107,326,임 전 사단장과의 관계를 전혀 모른다고 주장하지만 내부자 입장이라면 그만큼 책임이 있겠죠,1
6108,326,이 사건이 군 내부에 대한 신뢰를 훼손하는 것 같아 걱정돼요 투명한 조사가 꼭 필요합니다,1
6109,327,정성호 장관이 사퇴를 거부하면서도 책임 회피는 없다고 말한 점이 좀 안타깝다.,1
6110,327,국민의힘이 연이은 사퇴 요구를 두고 정 장관을 지목하는 모습이 정치적 책임 회피처럼 느껴진다.,1
6111,327,정치적 책임이 아니라 단순히 ‘보복 수사’라며 사퇴 없다고 주장하는 점이 이번 사안의 복잡함을 드러낸다.,1
6112,327,노 검찰총장 직무대행의 사표와 정성호 장관의 입장을 보면 이번 사안이 단순 개인 문제가 아니라 정권 내 권력 구조를 반영하고 있다는 점이 시사된다.,1
6113,328,정성호 장관이 일상적이라고 강조한 점이 공감돼요 정말 이해가 돼서 다시 소통 더 깊어싶어요,1
6114,328,항소 포기 과정이 복잡해 보여서 이해가 안 가기도 하지만 장관이 설명한 내용이 도움이 되네요,1
6115,328,정리하고 소통이 부족했다는 지적이 있었지만 일상적인 대화라면 오해가 생길 수 있겠어요 잘,1
6116,328,정성호 장관이 말한 외압이 아니라 일상적 얘기라면 이해가 잘 되지 않을 수 있다는 점을 염두에 두고 다시 설명해 주셨으면 합니다,1
6117,329,"정직한 수사를 위해 목소리를 내는 당신이 필요합니다, 정의를 위한 끈질긴 노력에 박수를 보냅니다",1
6118,329,"이런 부정이 밝혀져 안타깝지만, 희망을 잃지 않고 앞으로 나아가야 합니다",1
6119,329,"공정한 절차가 이뤄져 숨겨진 진실이 드러나길 바라며, 모든 국민이 안심할 수 있길 기원합니다",1
6120,329,"감사합니다, 이 사건이 세상에 알려져 변화를 시작하기를 바랍니다",1
6121,330,정직한 토론을 위해 전 장관들이 한 자리에 모여야 한다 라는 말이 가장 설득력있다 정치인 모두가 대화에 나서서 국민의 신뢰를 회복하길 바란다,1
6122,330,정혁진 변호사의 조언이 현실적이다 전 직장관끼리 토론이 서로의 의견을 정리하고 객관적인 판단을 내리게 할 수 있다,1
6123,330,민주사회에서 가장 중요한 것은 정직한 논의이다 토론이 무의미한 변호사 내밀이 아니라 실제 문제 해결을 향해 나아가야 한다 정당은 이 자리에 책임을 보여야 국민의 신뢰를 회복할 수 있다,1
6124,330,항상 가장 큰 이슈가 되는 대타 선거와 같은 논쟁이 아니라 실제 법정에서 정의를 지키는 데 집중해야 한다 전 장관의 경험이 그게 될 것이라 믿는다,1
6125,331,**제목**,1
6126,331,이재명 대통령이 수사팀을 뽑은 이유,1
6127,331,**본문**,1
6128,331,(서울광역방송센터 – 2024년 4월 1일),1
6129,332,대장동 사건으로 민심이 격분한다는 MBN 뉴스와이드 보도가 마음에 무겁다. 상황이 진전되길 바라며 이 사안이 사회적 갈등을 촉발할까 두려움이 있다.,1
6130,332,"정성호 장관의 사퇴가 필요하다는 의견에 동의합니다. MBN 뉴스와이드에서 보도한 바와 같이, 투명한 조사와 토론이 필요해 보여요. 국민이 진실을 알 수 있는 시간이 가장 중요하다고 생각합니다.",1
6131,332,"윤석열 검사가 박근혜 부부 사건을 언급한 MBN 뉴스와이드 보도에 따라, 검찰 내부의 반발은 법적 근거가 필요하다고 판단됩니다.",1
6132,332,검찰이 제시한 대안이 정치적 중립성을 보장할 수 있을지 회의가 있습니다. 투명하고 객관적인 조사를 통해 국민의 신뢰를 되찾길 바랍니다.,1
6133,333,공직자들의 정당한 책임이 아니라 정치적 압박이 느껴져서 걱정이 된다,1
6134,333,정권 교체마다 같은 이야기 반복돼서 직업공무원제의 위기가 심각하다,1
6135,333,모든 공무원을 한데 모아 조사한다는 방침이 투명성보다 부당함을 떠올리게 한다,1
6136,333,내란 가담 여부를 파는 것이 아니라 공직자들이 맡은 역할을 존중해야 한다,1
6137,81,정치인들의 갈등이 너무 자주 일어나 사람들의 마음이 무거워져 혼자 고민하곤 하지만 희망을 찾으려 노력하고 있어요,1
6138,82,"암표를 막기 위해 과징금을 강화하는 것이 필요하다고 생각하며, 이 방법이 실효성이 더 크고 정책이 사람들의 관심을 끌어 실질적인 변화를 일으키길 바랍니다.",1
6139,83,김민석 총리의 헌법존중 태스크포스 제안은 우리 사회에 꼭 필요한 조치이며 국민이 다시 법치주의를 믿게 만들 것이라 생각합니다.,1
6140,84,이재명 대통령이 청와대로 복귀하면서 세우신 목표가 달성돼서 기쁩니다 앞으로 행정이 더욱 투명해질 것이라 기대합니다,1
6141,85,국토부 장관이 통계 누락 의혹을 부정하고 법적 근거를 강조했지만 민주당의 입장도 분명히 밝혀져야 할 것 같다.,1
6142,86,"종묘 앞 재개발 논의가 정치적으로 오용되고 있어 걱정이며, 정책이 투명하게 진행되기를 바랍니다.",1
6143,87,장기 투자 인센티브가 다시 등장해서 함께 모아 투자할 기회가 생긴 것 같아 내 돈을 오래 키우는 것이 좋은 선택일 것 같아.,1
6144,88,공무원들이 불안한 상황에서도 책임을 다하려는 모습은 안타깝지만 보람을 느낀다,1
6145,89,대장동 사건이 이렇게 복잡해져서 피해자들의 입장이 정말 마음이 아프고 성남시가 제대로 보상을 받길 바랍니다,1
6146,90,조국 대표 출마 선언이 새로운 시작을 알리는 듯하며 지지율 회복은 지속적인 소통과 실질적 정책이 필요해 보입니다.,1
6147,91,우리 사회가 과거를 잊지 않고 정직하게 마주하는 모습이 정말 보람을 느껴요,1
6148,92,정부가 통계에 따라 규제를 확대한 것이 불공평하게 느껴지며 주민들의 목소리가 더 반영되었으면 좋겠습니다.,1
6149,93,특검이 아니라 독자적으로 해결해야 한다는 대통령의 말이 인상 깊고 이러한 독자적 대응이 국민의 안전을 지킬 수 있을 거라 믿는다,1
6150,94,"조국이 새 모습으로 출마한다니 기대된다, 신뢰 회복이 가장 중요할 것 같다",1
6151,95,서울 종묘 앞에서 역사와 미래가 공존해야 하므로 고층이 의미하는 바를 생각하고 보호를 먼저 생각하자,1
6152,96,주식 장기 투자자들을 위한 세제 혜택이 필요하다는 말씀은 좋은 방향성 같아 현실적으로 어떤 제도가 마련될지 기대됩니다,1
6153,97,나경원 의원의 진심이 느껴지며 대통령 입장이 불투명한 상황에서 국민이 알 권리가 있다고 생각하고 나중에 구체적인 답변을 기대한다,1
6154,98,대통령실이 입장을 밝히지 않아 상황이 더 혼란스러운 것 같아 정직한 설명이 필요하다,1
6155,99,정치적 논쟁이 오래 지속되면 결국 국민이 가장 큰 피해를 입는 것 같아 걱정이 큽니다.,1
6156,100,나경원 의원이 정성호 장관에 대한 질문이 반복돼서 불편함을 느꼈다는 점이 이해됩니다,1
6157,101,김총리의 종묘 방문은 역사와 미래의 조화를 다시 생각하게 하며 여러분도 함께 고민해 보시길 권합니다,1
6158,349,이젓명 내란 외환 수구괴물이 낮술을 오지게 쳐먹고 길거리를 거르며 덩실덩실 존나게 춤을 추고 있다,0
6159,349,아이고 ! ! !,0
6160,350,빨리 치워 버리자. 험한 잡것,0
6161,350,이찢 대장동 7800억 국민돈 항소포기 법무장관 간신들 기사나 써라,0
6162,350,"거니 수행비서는 빽 바꾸고, 구두 바꾸러 다니는게 주요업무냐? 에라이 나뿐 뇬!",0
6163,350,언론이 썩었다 범죄자 비호 언론과 우리법좌파쓰레기,0
6164,350,"저것도 많이 숨겨났을꺼다
싹 털어서 명신이 감옥에서도 평생 뒤티닥거리 허다가 썩어야 된다 진짜 더러운것",0
6165,350,황교안 자유와혁신당의 대표가 내란선동혐의와 관련해서 구속영장이 청구됐다가 기각됐는데 일련의 과정에서 미국에서 석방청원서가 전달된 것으로 나타났습니다. 바트 마르코이스 전연방 에너지부 차관부 그리고 모스탄 대사 등등 이런 사람들이 석방청원서를 보냈다고 합니다. https://www.youtube.com/watch?v=JhCr3Msu-X0,0
6166,351,남의 얼굴로 만들었나....사진으로만 본 박정희 얼굴이 아닌데...이게 무슨 ai라고...,0
6167,351,"아비얼굴에먹칠하는언사는애비욕보이는것 죄인이곱게조용히지낼것이지드러내서뭐하자는건지 국민들에반성하면서지내도용서받지못할건데정치적으론사면됬지만
국민들은용서한게아님을명심해야지근혜",0
6168,351,"A,I는 사기치는데 잘 써먹어도 아무 쓸모 없다",0
6169,351,"만주군에서 다카키마사오는 독립군 때려잡는  황국신민이 되었고, 장준하 선생은 만주군을 탈출하여 독립군이 되었다. 친일파 박정희는 자신의 출신이 탄로 나는 것을 두려워하여 장준하 선생을 암살 하였고, 그런 박정희를 김재규 열사가 사살 하였다. 이를 영원히 기억하기 위해 대구역 광장에 다카키마사오 대구리에 권총을 겨누고 있는 김재규 열사의 동상을 세워야 한다.",0
6170,352,웃기는 소리 하지마라...너 같은 개잡범 범죄자  인간이 찢통인데 기회와 희망이 있겠냐...,0
6171,352,더럽게 우리동네에 왔네 크아아아악 ㅌ,0
6172,352,"대장동 꼬라지봐라
 기회와 희망을 갖겠냐 
 상대적 박탈감에 더 기운빠진다",0
6173,352,"대장동 우두머리 님,  이런거 말고 개발투기 비법강의 부탁드립니다",0
6174,352,기회와 희망???.....뭔 개소리냐...,0
6175,352,인간같지도 않은놈,0
6176,352,중대범죄인놈이 죄를 감추려고 생색내기 쇼 많이 하고있네.,0
6177,352,항소포기 이거 탄핵감임,0
6178,352,7800억원을 김만배의 입에 넣어 줬다는  정성호에 대한 이재명대통령의 사과가 먼저다,0
6179,352,거기도 잘하면 투기과열지구와 허가지역으로 묶겠네? 표 잘 나오는 집토끼 지역은 무조건 묶어서 빈민층을 만들어야 영원한 더불어공산당 텃밭이되겠지?,0
6180,352,이재명~ 대장동 ~ 이재명~ 대장동~,0
6181,352,지룰하고 자빠졌네.. 공무원 80만명가까이 핸드폰 털기전에 ...나부터 위치추적해서 핸드폰 털어라 딱 30분정도 독대 생중계해서 밟아줄테니.. 겁나면 그냥 구속을 시켜보든가.. 넌 그릇이 못된다.,0
6182,352,개그하냐? 썩을 ....,0
6183,353,"🐕🐕🐕잘해어요.완전 이재명식 국가운영입니다.김영삼,김대중 보는것  같네요.화이팅!",0
6184,353,지귀연의 침대  재판으로 울화통이 터지는데 그나마 이런 뉴스에 시름을 달래본다  비상계엄 관여한 군인들을 철저하게 응징해서 다시는 언감생심 비상계엄 꿈도 못꾸게 해야 한다,0
6185,353,무장지시가 내려와도 어디가는지도몰라서 일부러 명령거부하고 비무장으로 간 장교도있다고하던데 그런사람들은 상줘야하는거아닌가요 헌법수호인데,0
6186,353,"그 버스 타기를 거부했던 1명이 있다던데, 그건 누굴까요? 취재 부탁합니다.",0
6187,353,"앞으로 있을 소장과 준장 인사에서도 내란세력을 전원배제하고, 헌법가치를 수호할 진정한 군 인 만을 승진시켜 진짜 대한민국 만들어주리라 믿습니다",0
6188,353,"여러분들~ 75만명 공무원 상대로 이재명이 pc랑 휴대폰 압수해서 검사한다는데 아직도 이재명이 좋아요? 우리나라에서 앞으로 짱x,북x라는 단어 사용하면 처벌 받는다는데 이래도 이재명이 친중이 아니라구요? 여기가 대한민국인지 중국인지 북한인지 모르겠네요. 몇백개 나라중에서 중국이랑 북한만 욕 못하게 하는 나라가 대한민국이 유일한 국가이네요..",0
6189,354,"내란 수괴 윤빤스 때도 그렇게 남 탓만 주구장창 하더니 그 나물에 그 밥 아니랄까 봐 이재명 대통령 탓만 세계 다른 나라 극우들은 본인 나라만 위해서 난리인데 세계 유일 대한민국 극우는 나라 망하게 하려 트집만 잡고, 잘하고 있어도 깎아내리기 하고, 열등감에 찌들어 본인들 무능함과 반성 없는 한심한 놈들 대구, 경북 2찍 개, 돼지들도 그렇다",0
6190,354,"장동혁이는 백악관 보다 전한길이를 더 믿을 거다. 아님 빤스 전목사, 빤쓰윤!! 신천지, 통일교 참어머님을 믿냐?? 저런 장동혁이가 세금을 받아고 있는 공당 대표라는게 참 한심하기 그 짝이 없다.",0
6191,354,백악관이 발표한건 믿겠지만 이재명이 발표해서 못믿는거 아닐까요? 몇개월전에 관세협상 다 해결된것처럼 발표했지만 아무것도 없었자나요.,0
6192,355,"윤석열 때문에

군인출세 물건너감",0
6193,356,친중이네 어쩌네 하며 국내외 극우 반정부세력의 방해에도 불구하고 이재명 정부가 영리하게 잘 처리했다. 그동안 정부와 미국 간 갈등을 부추기며 협상이 파국으로 가길 바란 국적당이나 보수 찌라시들이 어떻게 행동했나? 과거 기사들을 보라. 이게 바로 이적행위다. 팩트시트가 있네 없네하며 그 난리를 치더니 이젠 또 알맹이가 없다고 꼬장을 부린다. 일본 등 타국의 협상결과(팩트시트)와 비교해 보라. 주권도 없는 것들이 트럼프와 미국에 백기를 요구하는 거냐? 이번 기회에 국적당과 보수 찌라시들은 이 나라 미래를 위해 반드시 뿌리뽑아야 한다.,0
6194,356,진짜 대박인데... 외교진짜 잘하신다  트황을 어찌 구워삶으셨나  금관 100개쯤 더 드립시다.,0
6195,356,우리 모두 오늘을 기억합시다. 그리고 우리 조선소에서 우리 핵잠이 진수식을 하는날을 기원합시다. 더불어 미국군함과 호주군함도 우리가 만들길 기원합시다. 박수~~~,0
6196,357,악질범죄자인  인간 쓰레기가 대한민국 대통령하는게 맞나? 나원 참  이제 찢가놈을 빨리 끌어내려 감옥에 처 넣고 절대 꺼내지 말아야 한다,0
6197,357,"대장동 몸통이 죄명이라는 게 드러났는데도 죄명이 지지율의 50%가 넘고, 민주당 지지율이 40%가 넘는다고? 웃기지 마라. 죄명이는 탄핵이고, 민주당은 해산이 정답이다 !!",0
6198,357,"항소 포기 지시 정성호 법무장관 수갑채우고,윗선 몸통 설계자 이재명 특검하고 탄핵해야한다",0
6199,357,"&lt;“항소포기” 협박했던 이죄명은 태어나지 말았어야 할놈&gt; . 이죄명은 수많은 범죄를 저지르고도 반성은커녕, “재판중지?”“배임죄 폐지?”하더니, “항소포기”협박???. 그럴거면 “이죄명은 니엄마 뱃속으로 다시 기어들어가라” 네놈이 태어나지 않았더라면, 네놈의 범죄로 인한 피해자도 없었을 것이고, 200명이 넘는 피해 사망자도 없었을 것이고, 5000만 국민이 피해를 받지도 않았을 것이다. 이죄명은 “도대체 왜 태어났니?” 이죄명은 거짓말 그만하고 재판받아라. 국회는 “국민의힘 주도 특검”하고, 법원은 이죄명 재판을 당장 재개하라.",0
6200,357,4프로 빠져서 90프로라고하지왜,0
6201,357,李 지지율 다시 60% 밑으로......  ㅋㅋㅋ   52% 에서 60% 로  올랐네  ㅋ    구라를  너무 성의 없이 치네  ㅋㅋㅋㅋㅋㅋㅋㅋ,0
6202,357,범죄자찟재명과 더불어범죄당이  헌법파과 삼권분립 파괴하며  독재을하고 있습니다  ㅋ 대구  부산   마산  창원  인천  서울  대전 시민여러분 그리고 전국의 중고생 대학생여러분   ㅋ 더불어범죄당과    범죄자찟재명의 독재 에 항거 합시다  ㅋ 범죄자 찟재명    독재정권  타도합시다,0
6203,357,대장동 잘못됐다 48% 한심한 국민들 85%이상이 잘못됐다고 해야 하는것 아닌가 내것 안이니 누가 먹든 상관없다 이거지 우라질,0
6204,357,여기서 한번 해보자. 이재명 탄핵 공감 ! 개돼지들은 비공 눌러 !!,0
6205,357,내가 장담하는데 대한민국 개돼지들중 일부는 항소가 뭔지도 모를꺼다. 대한민국 개돼지들중 십중팔구는 피고인항소와 검찰항소가 어떻게 다른지 전혀 모를꺼다. 이런 개돼지들 상대로 항소포기를 논하고 누가 잘했냐 잘못했냐를 물으면 어떤 대답이 나오겠냐고~~그냥 찢 지지하는 개돼지들은 다짜고짜 문제없다고 하겠지.,0
6206,357,지지자가 있다는게 신기하넼ㅋㅋㅋ,0
6207,357,진짜 하다 하다 범죄자를 대통령이라고 뽑냐?,0
6208,357,국정지지율 조작하는거 다 아니까 재판재개해서 이재명 퇴진시켜야 한다! 판사들은 뭐하나? 거짓 지지율에 속지 말고 재판기일 잡고 판결해라!,0
6209,357,남욱 벌써 도둑질한 돈 풀어달라고 요구했단다 이재명 어케 책임질래?,0
6210,357,"● 한동훈 국민편, 민주당과 정권 이재명 조국 대장동사기꾼편 ● 어제 윤석열 박성재 공개된 문자, 한동훈은 김건희 도이치주가조작 무죄주지 않았다. 한동훈은 외압을 견디고 총맞아 죽었을 수도 있는 상황까지 몰려도 국민을 위해 법치주의를 지키기 위해 싸우고 있는 것이다. ● 용기롭고 정의로울 때 세상 무서운 게 없이 싸우도록 국민들이 지지해줘야 함 ●",0
6211,357,이재명은 무죄다 재판받지 않으니 무죄라고요~~ 치외법권 인간,0
6212,357,가짜대통 내려와라 재판 이나 받아라,0
6213,357,그러니깐 52%는 아무 생각이 없는 개돼지라는거자나,0
6214,357,지도자라면 더 당당하게 재판을 받아야 하지 않나?,0
6215,357,이재명이 대통령이 될 수 있었던 이유는 단 하나다 .. 윤석렬의 계엄정국 타파 .. 이재명이 도덕 윤리적으로 괜찮은 인간이라고 생각하는 멍청한 국민은 세상에 없을거다. 아니 없어야 하지. 매너리즘에 빠진 공무원들 갈궈서 일시켜서 성과낸거 자기 공으로 가져간 선출직 공무원 정도 밖에 더되나 ㅋㅋ 이재명이 엄청난 능력자라고 생각하는 바보들은 없겠지? 밤을 세워서라도 주요 시스템 복구하라고 지시해서 담당자 유명을 달리하게 만든 인간이다. 그런 인간을 칭송하는 건 정신병이라고도 할 수 있다.,0
6216,357,무당은 다안다 언놈이 귀신인지 흐흐흐,0
6217,357,양아치가 대통령이라구? ㅋㅋ,0
6218,357,아이고 의미없다,0
6219,357,60%같은 소리 ㅋㅋ딱 1/10 하면 실제지지율이라 보면 된다ㅋㅋㅋ주작질도 정도껏해야지 국민이 호구로보이나?,0
6220,357,-4%일리가 지금 대한민국 80%는 찢 줘패고싶을걸?,0
6221,357,"&lt;엘시티 사업의 민간 이익은 약 1조 원 이상으로 부산시가 사업에서 얻은 이익은 거의 없다. 이는 엘시티가 100% 민간 사업으로 추진되면서 공공 이익 환수를 위한 장치가 미흡했기 때문이며, 민간 개발사(엘시티PFV)가 거의 모든 개발 이익을 독식했다. 대장동 개발 사업과 비교하며, 엘시티 사업이 민간에게 과도한 이익을 몰아준 대표적인 사례다&gt;",0
6222,357,"좌파 &amp; 전라도 , 니들 세상인 것 맞네,",0
6223,357,특검해서 다시 기소하면 안될까?,0
6224,357,이재명 이후로 다시는 민주당을 안찍겠다 다짐했다! 대통령재판중지법과 항소포기. 법과 국민을 얼마나 우습게 알면 뻔뻔하게 저런짓을 하냐? 대통령도 민주당도 썩었다!!,0
6225,357,제목보고 극우언론 인지 알았다...,0
6226,357,까고 자빠졌네 문화일보야 응~ 아니야.,0
6227,357,생각해봐라 만약 이재명이 대장동이랑 관련이 없다면 검찰이 항소를 포기했을때 이재명과 민주당이 노발대발했겠지?근데 조용하자나ㅋㅋㅋㅋ,0
6228,357,가짜대통 필요 없어 재판 재개 진행 해라 개딸 빼면 없는 가짜 대통,0
6229,357,문화일보는 대놓고 거짓정보네ㅋㅋ,0
6230,357,심우정이 총장으로 있을때 어땠는지 벌써 잊었냐. 선택적 항소 어떤 경우라도 정당화 될 수 없다. 김건희 주가조작 뻔히 보이는데도 무혐의 처리한 검찰이다. 검찰이 무슨 정의의 사도인것 처럼 착각하지 마라.,0
6231,357,그럼 뭘해... 국민이 뭘할 수 있는데... 국민은 대통령과 민주당의 입과 국힘당의 당명에만 존재한다 ㅋ,0
6232,357,사기를 당하는 중엔 모르지... 다 털리고 다 날라가면 피눈물과 죽음 뿐🤬🤬🤬🤬🤬🤬🤬,0
6233,357,68이 아니고 48 ㅋㅋ?,0
6234,357,매국일보는 대장동 녹취조작질 관심도없구나ㅋ 받이쓰기도 못하겠지. 그동안 한짓거리때문에ㅋ,0
6235,357,"ㅋㅋㅋㅋㅋㅋㅋㅋㅋㅋㅋㅋㅋㅋㅋㅋㅋㅋㅋㅋㅋㅋㅋㅋㅋㅋㅋㅋㅋㅋㅋㅋㅋㅋㅋㅋㅋㅋㅋㅋㅋㅋㅋㅋ

차라리 대구 문화일본이나  일베 디시에서 여조해라 ㅋㅋㅋㅋㅋㅋㅋㅋㅋㅋㅋㅋㅋㅋㅋㅋㅋㅋㅋㅋㅋㅋㅋㅋㅋ

징글징글한것들 ㅋㅋㅋㅋㅋㅋㅋㅋㅋㅋㅋㅋㅋㅋㅋㅋㅋㅋㅋㅋㅋㅋㅋㅋㅋㅋㅋㅋㅋㅋㅋㅋㅋㅋㅋㅋ

일주일에 여조로  도배를 처하네 ㅋㅋㅋㅋㅋㅋㅋㅋㅋㅋㅋㅋㅋㅋㅋㅋㅋㅋㅋㅋㅋㅋㅋㅋㅋㅋㅋㅋㅋㅋㅋㅋㅋㅋㅋㅋㅋㅋㅋㅋㅋㅋㅋㅋㅋㅋㅋㅋㅋㅋ",0
6236,357,ㅋ59%가 60%붕괴야ㅋ 맞는말이긴한데  개석렬이 작년 11월 29%찍을때 매국일보기사보니 30%붕괴란 기사없던데? 매국노들ㅋ,0
6237,357,헌법을 개정해서라도 만배일당에게  절저한 응징을!,0
6238,357,"진짜로 수 천 억씩 해 쳐 먹은 놈들은 죄다 감형에, 수사도, 기소도 안 하는 것들이, 아무 관련도 없고 10원 한 장 안 먹은 이재명 대통령한테 dogZR [발][광]을 하네. [개][돼][지]들아 이재명 대통령 귀한 줄 알아라.",0
6239,357,"국민들 대장동에 대해 관심도 없고 잘 몰라요 ,, 항소포기라고 하니까  부정적으로 들리잖아요 국민들이 알리가 있나 그렇게 질문하지말고 곽상도 무죄준  대장동 50억클럽 이라고 물어보지 그랬어요??? 아니면 조작기소 검찰의 항소포기라고 물어보던지요?",0
6240,357,있어서는  인될일,0
6241,357,찢조사기관은 지지율이 50에서 60프로 왔다갔다 할거야.완전 조작이지.,0
6242,357,ㅈ도모른넘들이 국짐犬들과 犬찰들이 판 함정에서 헤어나지못하고있네. 한심한것들  구덩이를판넘들은 꼬시것다. 쯧쯧 나라가. 이래서. 망조여,0
6243,357,대장동 몸통을 윤석열이라고 우긴놈이 왜 항소 취소냐? 대가리처박고 내려와야..도대체 대한민국이 니꺼냐? 5년간 위임받았다며 그짓거리하냐?,0
6244,357,"이재명이 무죄면 윤석열은?
대법원에서 유죄판결 받았는데
윤석열은 1심도 안나왔다",0
6245,357,갤럽 조사가 필요하다,0
6246,357,"여러분들 대한민국에서 짱깨,북괴 이런단어 쓰면 앞으로 처벌받을수도 있어요 법으로 만든다는데 이래도 이재명이 좋나요? 그리고 70만명 공무원 상대로 pc,휴대폰 압수해서 검사한다는데 이게 맞아요? 계엄때 참가했는지 안했는지 확인할려고 pc랑 휴대폰 압수해서 확인한다는데 지지율이 아직도 40프로대인게 놀라울정돈데.. 북한에서 김정은 찬양하는거랑 뭐가다른거지?",0
6247,357,아는 욕 모르는 욕 다 해주고 싶음,0
6248,357,적당히 해라  지지율 저리 나온다고?,0
6249,357,"국고에 들어사야하류7,889억을 해먹은 전과자를 지지하면 정신병이지 ㅋㅋㅋㅋㅋㅋㅋㅋ",0
6250,357,전과 4범 9개씩 기소된 피의자 5개씩 재판받는 범죄호소인 소년공 아바이 동무 좋아 좋아 좋아 쎄쎄 쎄쎄 쎄쎄,0
6251,357,"‘무당층’에 대장동 항소 포기 물어보니??? 어차피? ""파쇼"" 정권인데? 더듬이당은?",0
6252,357,어 임마😮무당층 52% 는😮임마😮잠재적 범죄자들이다😮임마😮,0
6253,357,"우리 이재명대통령 역시 하늘이 보내준 선물입니다
윤썩을놈 계엄 성공했다면 지금 대한민국 백성들 죽고 김명신 유물드로다 훔쳐 갔겠지 끔찍하다",0
6254,357,찢에게 잘보일려고 충성 경쟁한넘들의 악수!,0
6255,357,"진짜 아직도 바보들이  있네
우리 이재명대통령 완전 무죄 누명 개검 윤썩을놈의 시나리오 곽상도 50억 윤썩을놈 부산은행 봐주기 뇌물 왜왜 수사안했냐 개검들아 기다려라 우리 민주백성들 찐맛을 보여준다",0
6256,357,518%  고정해라,0
6257,357,"ㅋㅋㅋㅋㅋㅋㅋㅋㅋㅋㅋㅋㅋㅋㅋㅋㅋㅋㅋㅋ아주 문화일본은  폐쇄 준비해야겠네 ㅋㅋㅋㅋㅋㅋㅋㅋㅋㅋㅋㅋㅋㅋㅋㅋㅋㅋㅋㅋㅋㅋㅋㅋㅋㅋㅋㅋㅋ

하는 꼴~아지가 ㅋㅋㅋㅋㅋㅋㅋㅋㅋㅋㅋㅋㅋㅋㅋㅋㅋㅋㅋㅋㅋㅋㅋㅋㅋㅋㅋㅋㅋㅋㅋㅋㅋㅋㅋㅋㅋㅋㅋㅋㅋㅋ",0
6258,357,"우리 이재명대통령 너무너무 휼륭합니다
국짐 들아 우리 민주당의원 이재명대통령 발가락 때만도 못한것들 제발 좀 본받아라 국짐 니놈들 죽었다 깨어나도 우리 이재명대통령 업적 따라 하겠냐 니놈들은 우리 이재명대통령이 아니 우리나라 잘못되기를 바라는 아주 아주 인간들이 아니지",0
6259,358,당신은 트럼프에 감사한 다지만 우리는 당신이 너무 고맙고 감사한다 진짜로 당신이 우리나라 대통령인게  하나님이 보우하사  우리나라 만세다,0
6260,358,"나라를 팔아먹어도 찍겠다는 찍찍이들 입장은 생각을 해보셨나~? 나라가 망해야 그 의지를 보여줄텐데, 이렇게 계속나가면~어떻게 나라가 망하겠냐는~그 한탄의 소리를 들으시기를~~권하는 개엑스엑스들은 화가 머리에서 터져서 듁어버렸으면 좋겠다~~",0
6261,358,미국 민주당 정권이 들어서면 어떤 일이 벌어질지 모릅니다.일본에 더 친화적인 정권이기도 하고 결정장애도 있는 당이라서 변덕스럽지만 트럼프가 있을때 우리가 원하는것 다 요구하고 받아야합니다.내년 중간선거때 민주당이 이기면 트럼프 정치적 위기일텐데 그 전에 우리가 다 협상 완료해야합니다.,0
6262,358,"미국 백악관도 이재명 대통령이랑 우리 정부 칭찬했네, 항공모함 끌고와서 윤석열 구해준다던 윤어게인들 오늘도 오열하겠네,,,,,",0
6263,358,진짜 당당하고 지혜로운 통치자답다. 우리나라의 기운을 빛으로 끌어올린 지도자. 국민만 믿고 거침없이 가셔도됩니다!,0
6264,358,"지도자의 고뇌가 느껴져 숙연해지며, 앞으로 나라와 국민들에게 좋은 일 많이 있으리라 믿고 큰소리로 응원합니다",0
6265,359,대한민국 국방력 세계 5위이고 북한보다 몇십 배는 국방비를 매년 쓰고 있는 나라에서 국방안보 걱정하는 이재명 대통령 핵잠수함 얘기를 공개석상에서 꺼낸 건 신의 한 수였다 우리도 핵무기 어제든 만들 수 있다 👍 👍 👍,0
6266,359,"이게 얼마나 대단한 거면, 미국은 영국에게 조차도 핵잠기술 안 알려줬음. 근데 유일하게 대한민국한테 알려주는 거임. 거기에 재처리가 매우 중요한데 재처리하면서 플루토늄을 얻는데, 이게 바로 핵무기 필수 물질임!! 한마디로 대한민국은 준 핵보유국 된 거임. 마음만 승인만 나면 핵무기 바로 만들 수 있음 이재명은 이것만으로도 평생 까방권이다",0
6267,359,이재명 대통령 10년 대통령 해서 꼭 성공하세요 👍 응원합니다 대한민국 이재명 대통령 보유국 멋지십니다,0
6268,359,국짐들은 이런 일조차  시비걸고  비아냥 거린다. 100%  그럴 것이다. 왜냐하면  그 노미들은  원래 그런 종자들이다,0
6269,359,국힘은 이와중에 대장동 산책가서 뻘짓. 어서 해산하라.,0
6270,359,경제도 안보도 보수라고 사기치는 내란이들아 / 경제를 잘한다는 너희들이  IMF를 불러왔고 민주당 정권이 그것울 극복했다 / 그럼 안보는? 미사일 사거리를 대폭 늘린 것도 문재인 정권이고 /  이제 핵추진 잠수함을 만들겠다는 것이 이재명 정권이다 / 경제도 안보도 보수?...뻔뻔한 후안무치 내란놈들.,0
6271,359,반대 누른사람들 2찍일거야,0
6272,359,자 이제 국힘과 2찍이들 뭐라고 짓는지 들어보자,0
6273,359,재처리까지 받아왔으면 1년은 까방권 줘야함.,0
6274,359,대한민국 국민들의 숙원이자 자주국방으로 가는 길목인 핵 잠수함을 다른 사람도 아닌 트럼프에게 당당하게 요청하고 승인받은 이 대통령이 진정한 보수 대통령이다. 이 대통령의 요청으로 핵 잠수함의 건조를 승인하고 파이브 아이즈에게도 주지 않았던 핵 잠수함 기술을 공유하는 트럼프를 2찍들이 종북좌파로 매도하면서 등을 돌릴 날이 얼마 남지 않았다.,0
6275,359,윤석열이 이거 해냈어봐라. 난리났겠지? 이런 어마어마한 업적을 이뤘는데도 언론들이 너무 잠잠해. 참 희한하다 그치?,0
6276,359,2찍들은 매국노입니다 추방및 이민이 답입니다,0
6277,359,협상의진수를 보여주고 있는 이재명 정부  시간 구애받지 않는 애시당초 이재명  대통령의 확고한 신념 이 이루워낸 성과 지금까지 대미 협상을 이렇게해낸 정권이 없었다,0
6278,359,2찍들이 싫어하는 기사가 나왔네요. 그런데 왜이리 기분이 좋은거죠? 각 분야에서 수고하신분들 감사합니다. 대한민국 화이팅 입니다.,0
6279,359,개누리당이 못한건을  민주당이하네유  건전한보수가 민주당이네유. 내란당은 극우매국친일당이고,0
6280,359,"용기와 지혜는 지도자의 중요한 덕목중 하나다. 미국이 결국, 우리의 핵추진 잠수함 건조를 승인한 것도 이 대통령의 용기와 지혜에 힘입은 바 크다",0
6281,359,"이재명 대통령은 핵연료 재처리와 원잠을 확보해 한국의 핵 주권을 일으켰고, 윤석열은 핵개발 포기를 명문화해 핵 주권을 휴지처럼 버렸다. 애국자는 국익을 지키기 위해 안간힘을 쓰며 기쁨을 느끼지만, 매국노는 국익을 포기하며 홀가분함을 느낀다",0
6282,359,"안보는 민주당 보수도 민주당,,국짐당은 내란당 친일매국은 내란당",0
6283,359,"이재명 대통령 ""국방력 강화와 전작권 환수를 통해 한반도 방위에 대한 우리의 주도적 의지를 천명했고, 미국은 이를 지지하며 지원하겠다는 의지를 강력히 피력했다""..굿보이!",0
6284,359,2찍들은  구치소가서 석열이나 면회해라~~,0
6285,359,울나라 국민들의 오랜숙원  하나 이뤄졌네.. 관계자분들  고생하셨습니다.,0
6286,359,2찍들은 연구대상입니다,0
6287,359,"이렇게 바뀌기 시작을 하는 것을 보니~이전 정부를 어떻게 생각해야 하는지, 조금 혼돈이 온다~! 이전 정부는 거니가 키우던 애완뇽 되지의 정부는 아니다~되지의 정부는 통~통~술통, 오물통, 쓰레기통이였으니 제외한다~~",0
6288,359,문죄인 네 이노~~오오옴!!!,0
6289,359,이거 되면 역대 최강,0
6290,359,한국이 세계 5대 핵잠보유국이 되게하다니 ㅠ,0
6291,359,또 어려움은 있을꺼다 시작했으니 잘 마무리되기를,0
6292,359,연료입니다 아마 이게 핵무기라고 알려 질까봐 정부에서 발언을 자제 하니 부디 기자님과 언론도 연료라고 표현해주세요 제발이번엔 우리가 이걸 가져와야 하지않습니까?부디 국민의 염원이 다시흐트러지지 않게 정부와 같이 해주세요 기자님들!!,0
6293,359,핵 미사일만 있으면 딱인데 ㅠ  어느 누구도 넘보지 못하고 깔보지도 못하는데....핵 대체물질  토륨이나 하프늄  수소화나트륨 등으로 우리도 만들자,0
6294,359,국짐당 극우당 탄핵당 내란당 ㅋㅋㅋㅋㅋ,0
6295,359,근데 20%저농축이라 몇년마다 계속뜯어야된다는... 지금 다들 상상하는게 수십년동안 연료미보급생각하시나봄,0
6296,359,"민주당과 종북좌파들은 이명박,박근혜,윤석열 정권때는 핵추진 잠수함을 만든다고 하면 전쟁을 하자는 거냐고 시비를 걸더니 이재명이 핵추진 잠수함을 만든다고 하면 왜 조용하냐 지금도 그때와 마찬가지로 전쟁을 할거냐고 시비를 걸어야지 왜 조용하냐 좀비들",0
6297,359,"전 세계국가들이 ""국제법을 어기고 한국이 핵전쟁준비를 하고 있는가?"" 라는 오해받지 마시고 올바른 말을 사용합시다

1. 핵추진 잠수함 : 핵원료를 사용한 잠수함
2. 핵잠 : 핵무기를 탑재한 잠수함
3. 원잠 : 틀린 말",0
6298,359,핵추진 잠수함은  전쟁 억지력임.     이재명 정부가 엄청난 일을 한 것임.,0
6299,359,"국짐 놈들아 그렇게 비난만하더니, 잘되가고있는데, 자 이제는 칭찬 좀 해봐라, 칭찬도 할 줄모르는 세금 먹는 충들.",0
6300,359,건조는  대한민국이 아니라매  돈쳐갓다주고 미국 조선업활성화될때까지는  돈주고 땡전한푼못갓고오고  돈준거 이장셔  우찌감담할래  기자생활  때려쳐라,0
6301,359,정부는언제까지국민들봉으로생각하나제대로된것하나도없으면서이제안속는다,0
6302,359,"북한 중국이 ㅂㄷㅂㄷ 댈만한 일을 해내고 북한 인권 결의안에도 참여하고 북한비핵화도 끝까지 관철하는 참보수 정권! 핵잠도 드디어 승인 완료되었고, 이제는 건조시작하는 날짜와 장소만 제대로 결정되는 일만 남았다고 생각합니다.거기에 핵연료 재처리도 지지 얻어내었구요. 아무리 극우들이 걸고 넘어지고 태클 거려해도 사뿐히 즈려밟거나 피해서 앞길 가면 됩니다. 왜냐구요? 그들은 나라망하길 바라는 존재들로밖에 안보이고 그저 한줌들이니까요. 진짜 중도보수의 길을 제대로 걷고 있는데 파이팅입니다! 우리는 경제적으로만(?) 쓰는거에요ㅎㅎ",0
6303,359,이재명 지지하진 않지만 이건 정말 잘했다,0
6304,359,내란떨거지 2찍이들 애써외면 ㅋ,0
6305,359,ㅋㅋㅋ 윤석열이 하던거에 숟가락올리고 그것도 미국에서 건조하니 3500+@로 얼마나 뜯긴거야 핵추진잠수함이잖아 고작,0
6306,359,"핵 연료 재처리, 우라늄 농축 못할 경우, 나중에 핵연료 못 받게 되거나 하면 휘발유 없는 자동차 꼴인데 잘 해결돼 다행임~",0
6307,359,2찍은 심각한 정신질환 입니다,0
6308,359,알맹이가 있기는 하냐? 니네들 거짓말만 드러났네.,0
6309,359,"이재명  때문에 5년간 방위비 49조 뜯김 ㅋㅋ 미국무기40조 사줘야하고 현재 매년 1조5,192억원 이던 것을 매년 10조원씩 2030년까지 총49조원 주겠다는 거고



그동안 트럼프가 방위비 매년 15조씩 내라고 요구 했는데 모두 수용했네 서명아니라 매년 15조로  바뀔수도 있겟다


역시 이재명이 손대면 억수로 망한다 외교무능 글로벌 호구  퍼줘도 가져오는게 없지롱",0
6310,359,호주와 비교해봐라😮임마😮트럼프가 호주처럼 해주고 있나😮임마😮트럼프가 한국에는 말장난만 하고 있는거라😮임마😮,0
6311,359,정확한건 하나도 없고 그냥 생색내기용 립서비스뿐이지 않는가?,0
6312,359,빈수레가 요란한거다 까보면 빈수레,0
6313,359,어 임마😮🇺🇲에서는 계속 논의만 하자는데😮임마😮개돼지 백성들을 또 갖고 노나😮임마😮,0
6314,359,응 미국에서 원잠 만들래 ㅋ 물론 미국에서 만들려면 한화가 망해가던 필리 조선소를 자본 퍼부어가며 되살려놨더니 방산업체로 등록부터 해야함. 그럼 경영권은 개나주고 미국 정부 통제 관리하에 운영되는거임 ㅋ 원잠 설비 한국자본 퍼부어야함. 겨우 다 만들어도 수입품이라 돈 내고 사와야함 ㅋㅋㅋ 근데 이게 현실적으로 가능하긴 하냐? ㅋㅋㅋ 망한 조선소 되살려놨더니 미국에게 상납하는게 첫 시작이넹 ㅋㅋㅋ,0
6315,359,"이재명 구라쟁이야 핵잠수함 건조는 미국 국회승인받아야 한다고 한국에서 만들면 저농축우라늄 20%짜리만 된다 미국에서 만들면 미국잠수함이랑 같은 90농축우라늄 잠수받고  . 트럼프 1기때도 문재인에게 핵잠수함 승인햇는데 안해줌 ㅋㅋ
트럼프왈 내가 핵잠수함  건조해준다고 진짜 건조해준다는줄 아냐 바보멍충아 미의회승인이 있어야된당께 ㅋ  주한미군 방위비 뜯긴 바보멍충 이재명아 현재 방위비1년 1조 500억이였는데 9배 뜯긴 10조 와 무기엄청 구매 .이재명은 글로벌 호구 미국에도 퍼줘 일본에 이득줘 중국에도 퍼줘 ㅋ 외교무능ㅋ",0
6316,360,미사일 발사해서 불법 저지런 인간들이게 쏘았어야했다고 본다.,0
6317,360,개레기.. 시간이 많으면 그냥 주무셔,0
6318,360,제발 서정욱 같은 쓰레기 방송 출연 시키지 마라,0
6319,360,서정욱이 보수 망신 다 시킨다,0
6320,361,민주당은 외쳐라. 우리는김만배라고. 세상에 살다살다 범죄자에게 7400억안겨주면서 쉴드처대는 정치꾼들은 첨보네. 니들이 저돈 보전하면된다,0
6321,361,부정선거나 외치고있는 황교안 난 황교안 죽어도 싫다 보수의 희망 한동훈 합니다 화이팅 오늘 여의도 장르만 완전 찢었어요,0
6322,361,한동훈은 국민편이다~~ 국민의분노를 대신 표출해준다 / 공무원들에게 계엄동조 색출 하겠다 으름장 놓는 이재명정권에 쓴소리 한마디를 날렸는데  계엄을 알고도 묵인한 김민석 과 이재명 폰부터 까라,0
6323,361,저는 한동훈입니다!!!!!,0
6324,361,"굿.
난 보수 3대째 국힘당.
황교안 당 이니다",0
6325,361,찢죄명 잡는 논리력 전투력 최강 한동훈이 대한민국의 희망이자 리더다 함께 99절연하고 국힘 개혁합시다,0
6326,361,"뭔 뜬금없는 우리는 황교안이다? 당대표가 고작 한다는 소리가 우리는 황교안이다 거기 우리에서 나는 좀 빼라 저런 무능한게 당대표자리에 눌러앉아 당대표 놀이에 심취해  헛짓거리나 하고  어처구니 없다.
그나마 한동훈대표의 핵심만 끄집어 내서 언론이 받아적는 파워이슈메이커 한동훈대표 앞으로 그의 정치행보를 응원하고 지지 하겟다",0
6327,361,무능한 장동혁 지도부 모두 사퇴하라 장동혁은 아무래도 민주당 도우미같다 땅투기  재판거래등 비리가 많아서 그렇나 조만간 민주당 간다는 얘기나오겠다,0
6328,361,국힘 책당인데 황교안이 국힘이냐!!장교안 국힘 폭망시키고 있다 지지율21%가 뭐냐!!!,0
6329,361,민주당 스파이 장동혁,0
6330,361,황교활은 자통인데 ㅠㅠ 교활은 그래도 예전에 삭발  단식이나 했지 마늘장은 소고기파티에 술에 빠지고 있다가 대장동 날강도들 사기행각에 맞서는 한동훈이 멍석 깔아주니 청래와 놀으라고 한줄아는겨?,0
6331,361,장동혁이 제정신이 아니지 왜 우리가 황교안이냐,0
6332,361,"윤어게인 못  끊고 ,  황교안이다라는 개소리를 할수록 !!  이재명, 정청래  도우미역활 하는거 모르나 ?   계엄을 옹호하는 정당에  어떤 국민이 지지를 보냅니까 ??   장동혁이  니가 황교안이면 .  삭발은하든, 단식을 하던  결리라도 보여라 !!   극우눈치 보며 !!  싸우는척 하지나 말고!!   이 시기에  광주에 가서 욕을 먹질 않나 ?  정청래와  웃는  화보를 찍질 않나 ?   극우유튜브에 갇혀 술이나 마시고 입틀막이나 하는  윤석열과  어찌 이리도 똑같던지  !!!",0
6333,361,나도 황교안이 아니다. 국힘은 부정선거 음모론과 계엄과 절연해야한다,0
6334,361,"이쯤되면, 이,죄명은,내려와야지,왜버티냐,재판달게받아야함이,전국민의,명이다,",0
6335,361,"부동산 범죄자들을 보호하려고 안간힘 쓰는 민주당의 태도를 보면, 앞으로 월급의 명목이든, 변호비 명목이든 대장동 일당에게 수령하라. 국민의 편을 들어야 하는 인간들이 범죄자들 편 드는 게 정상인가!",0
6336,361,나도 황교안이 아니다. 장동혁은 국힘과 보수를 어디까지 끌어내릴려고 하나,0
6337,361,내가 동훈이형 지지할께,0
6338,361,국힘의원들 특히 대표라는 장동혁~논리와 정확한 팩트로 발빠르게 앞장서서 싸우는 한동훈 반만이라도 해보셈!!!,0
6339,361,미친 인간 지혼자 황교안하지 왜 다른 사람까지 끌어들이는지 장씨 니혼자 황교안해라 나는 상식적인 한동훈할란다,0
6340,361,좌빨본진에서 패널들 말도 못할정도로 패주는 국힘정치인은 한동훈외에는 생각이 나지않는다,0
6341,361,황교안은 그냥 음모론자다 총리까지 했던 사람이 저렇게까지 망가지다니,0
6342,361,"한가발 배신자는 좀 꺼지시고 유튜부나 해라
니따위한테 이젠 관심없다",0
6343,361,장동혁은 황교안이라고 했으니 황교안처럼 단식과 삭발해서라도 민주당에 맞서라!,0
6344,361,우리는한동훈이다.대한동훈,0
6345,361,"극우들은 한동훈 얘기 듣고 느끼는 거 없나? 극우 편 들고, 한동훈 까는 매일신문은 뭐 느끼는 게 없나? 극우 니들이 저런 소리하면 중도가 니나 잘해. 이러겠지. 빨리 정신 차려라. 극우들아.",0
6346,361,극우는 장마늘데리고 다 나가라 장예찬 박민영 기타등등데리고 꺼져라,0
6347,361,에이씨 내가 왜 황교안이야 누구맘대로???,0
6348,361,또또 나와서 물타기한다 이젠 그냥 민간인 신분 아님?? 연예인병에 걸린거야 뭐야? 그만 좀 나와라 마이크도 그만 잡고,0
6349,361,한동훈이. 때문에 윤석열이 저꼴 나고 보수가 무너지고 있쟎아. 강아지도 자기 주인한테는 안짖는데. 이건 민주당한테 배워야 한다. 결국 이재명이 대통령 만든 일등 공신인데 한동훈은 민주당 가야 하는데 거기서도 안받아 주겠네. 황교안이면 어떻고 이재명이면 어떻나 다같이 정치인인데. 정치는 정치인이 해야지. 정치도 할 줄 모르는거시..,0
6350,361,동훈아~그냥 연자 맷돌목 메고~우물로 가는것이 어떠하리~,0
6351,361,성비 봐라 ㅋㅋ 할마씨들 총출동 했나보네 ㅋㅋㅋㅋㅋ,0
6352,361,야  한뚜껑 너는 정치하지마,0
6353,361,한동훈이 정답이다,0
6354,361,한동훈 응원합니다,0
6355,361,국힘은 정권 되찾으려고 싸우고 더불어는 재명이 지켜서 장기 집권의 야욕을 품고 수 천 억을 범죄자에게 돌려주고 민주주의도 파괴해가면서 싸우고 ..,0
6356,361,황교안 좋은데??,0
6357,361,"넌 내란 재판 증인 출석이나 해. 법원에서 나와서 증언하라는데, 폐문 부재가 뭐니. 집에 안들어가고 어딜 싸돌아 다니는거니. 증인 출석이나 해.",0
6358,361,난 황교안 아니야 장똘아 한동훈 비대위로 가야지 국힘 완전 망하겠어,0
6359,361,우리는황교안아니다.우린국힘이다,0
6360,361,"화이팅 넘치는 한동훈, 역시 한명회 손자네ㅎㅎ",0
6361,361,민주당은 대장동일당을 왜 감싸고 도나요?? 7400억원 나눠먹기로 했나요?? 궁금하네!,0
6362,361,이쯤되면 김만배 꼬붕이 이재명인듯.. 대장동 일당들 재벌만들어 주려고 대통령된것 같다,0
6363,361,사실 부정선거론 더 크게 만든건 민주당과 선관위지 조사좀 할려는 감사원장 탄핵하고 선관위 조사 막고  왜 그때마다 민주당이 강하게 나서는지 진짜 일부러 의심 할짓만 골라했지.  그정도 불신하는 사람이 많으면 조사 한번이라도 하겠다.,0
6364,361,무능헌 장동혁 너혼자 황교안이라고 외치고 국힘 망하라거 미처날뛰는 무능한 장똘 빨리내려와라,0
6365,361,됐고 7000억 도둑놈잡아라 국민명령이다 한동훈,0
6366,361,매번 정신나간 소리만하는 황교안이랑 한몸? 장동혁 너나해라 보수에 해끼치지말고,0
6367,361,"장동혁 저거  내란당임을 스스로 자인하고  내란선동을  자행하고 있구나  !  어디까지 내려가고 망가질라고 그러니 ? 
판사나부랭이 씩이나 했던자가  말로가 참우습고 초라하고  악마로 변질된게 안타깝기도 하고 지금 니모습이 너의 본질  이었을지도  ! 
잇내서 사람은  자기에게 맞는옷이 있는거야  대표깜냥도 안되는 주제에   일도못하면서  선동질  바락바락 악지르고 분노하고 분노조절장애자처럼  행동하는건  정신줄을 놔버린건지   정신이쫌 ?",0
6368,361,지금 같은 이렇게 좋은 호재에 우리가 황교안이라고 왜 외치는지 정신이 나갔지,0
6369,361,민주당이 김만배다,0
6370,361,동훈아 너 뭐 돼? zz,0
6371,361,근데 이재수없는 배신자놈을. 왜기사화하는지 꼴보기싫다,0
6372,361,제발 꺼져라 배신자쌔이,0
6373,361,역겹다,0
6374,361,멍청한 동혁이때문에 지지율11%이게 말이되냐? 동혁아 너 욕심버리고 고향가라,0
6375,361,"부정선거 망상병자 황교활이는 국힘을 욕하고 탈당해 개인 사당을 만든 국힘의 적이다. (프락치 좌동혁이는 양향자 김민수 장예찬 박민영 박준태 데리고 황교활 사당 국민연합 당으로 꺼져라)박근혜가 피눈물 흘리면서 저격한 배신자 황교활이를 위해 우리는 황교안이다 해당행위 하는데도 박근혜팔이로 의원 뺏지단 유영하는 왜 그냥 있냐
TK국개들은 왜 그냥 있냐
월급루팡  유영하  TK 국개 니들은  비리백화점 좌동혁 , 배신자 황교활 , 졸개들이냐",0
6376,361,갠적으론 이 사람 너무 비호감.으 너무 싫다😐,0
6377,361,배신자 한동훈,0
6378,361,"당원권정지 3년 예상.
그럼 부당해야 하는데 따라나갈 의원도 없고
그냥 유튜버나 정치평론가의 길을 가겠군",0
6379,361,"부정선거 망상병자 황교활이는  국힘을 욕하고 탈당해서 개인 사당을 만든 국힘의 적이다.
프락치 좌동혁이는 양향자 김민수 장예찬 박민영 박준태  데리고 황교활 사당 국민연합  당으로 꺼져라 
민주당 프락치 좌동혁이가 
박근혜가 피눈물  흘리면서 저격한 배신자 황교활이를 위해 우리는 황교안이다   미친짓 해당행위
하는데도 박근혜팔이로 국회의원 뺏지단 유영하는
왜 입닥치고 있냐",0
6380,361,국민을 위해 정치하는 사람은 한동훈 뿐이다.,0
6381,361,가발아 꺼져라좀 왜이리 처나댐? 너 기어나와도 뽑을생각 1도없다 ㅋ,0
6382,361,"장동혁 정신차려라.
한동훈이 당대표 됐어야 했다.",0
6383,361,"나도 한동훈 시러하고 황교안 좋아하지만
우파는 이재명 끌어내리는데 집중해야한다",0
6384,361,드러운 배신자 꺼져라,0
6385,361,김만배 일당에게 추징포기한 국고환수금 7800억으로 범죄자 재벌만드는데 부역한  자들에게 성남시는 자산 압류하고 손배소송 해야 한다,0
6386,361,ㅈㄹ...그럼 넌 회색분자! 박쥐새끼냐? 비겁하고 교활한놈!,0
6387,361,암농운 가짜뉴스 만드네 ㅋㅋ 탈모가 탈영병한테 머라했다고?,0
6388,361,한동훈 개ㅈㅅ 꺼져ᆢ!!  🐕,0
6389,361,한줌 한딸 좌빨 벌레들 ㅋㅋㅋㅋ 댓글 여론조작 하러 다니는거 개 역겹노 ㅋㅋ,0
6390,361,하...이새끼는 답이 없는 새끼다...,0
6391,361,나는 무조건 한동훈이다,0
6392,361,매국노 그만좀 나대라. 시끄러우니까 쌔부리지좀 말고 그입 닥쳐!!!,0
6393,361,정치는 조또 모르는 검폭 자식이 갑자기 나타나 뭐나 되는냥 똥나발 불고 자빠젔네,0
6394,361,이 대머리새끼좀,0
6395,361,니 과거 똘마니였던 장동혁이 그러잖아,0
6396,361,"한빠들 발악을해도 200명도 안된다
분발해라! 한동훈 감옥가면 사라지고..ㅋㅋ",0
6397,361,"● 한동훈 국민편, 민주당과 정권 이재명 조국 대장동사기꾼편 ●   어제 윤석열 박성재 공개된 문자, 한동훈은 김건희 도이치주가조작 무죄주지 않았다. 한동훈은 외압을 견디고 총맞아 죽었을 수도 있는 상황까지 몰려도 국민을 위해 법치주의를 지키기 위해 싸우고 있는 것이다. ● 용기롭고 정의로울 때 세상 무서운 게 없이 싸우도록 국민들이 지지해줘야 함 ●",0
6398,361,4050 전교조 줌마줌씨들 조용. 한빠들아 ㅋ,0
6399,361,왜 또 기어나와,0
6400,361,"OOO 우파를분열시켜 지옥불로끌고간넘
개딸이파견한 저격수. 이제 우파는설자리를잃엇다
윤석렬배신이문제가아니다.",0
6401,361,"OOO,
제발 좀 닥쳐",0
6402,361,현지  밑구멍빠는     한투껑     밑구멍빠는 개로 살어    개는   대머리 없더라,0
6403,361,미친개가 짖는 거... 짖거나 말거나,0
6404,361,ㅋㅋㅋㅋ ㅋㅋㅋㅋ ㅋㅋㅋㅋ   개딸들. 오리지날99들 지랄났네.,0
6405,361,김만배당은 성남시민 피같은돈이 도둑놈들이 꿀떡하는걸 잘된판결이라고했다,0
6406,361,우린 황교안 아님~~!!!  민주당 김만배  맞지,0
6407,361,중국 하수인주제에 빡빡이새긔,0
6408,361,정치판사님 장ㄷᆢㅇ혁,0
6409,361,"한가발 저넘은 누구여~
꺼져라",0
6410,361,한동훈이 이슈 파이팅 해놓으면 매번 개소리로 공격만 당하니  당 지지율이 그 꼬라지지,0
6411,361,황교안은 국힘 탈당해서 이제 국힘 소속도 아닌데 이재명=김만배=대장동 7800억 패는 거에 집중해야 할 타이밍에 국힘이 굳이 황교안 쉴드칠 이유가 없다,0
6412,361,나도 황교안 아님 개동혁은 지가 뭔데 엄한 사람들을황교안 같은 부정선거충을 만듦ㅋㅋ황교안이 지 이상형이면 지나 그 당으로 처기어가든가ㅋ 주제에 어디서 우리란 말을 씀,0
6413,361,"국힘은 박근혜 시절로 퇴보하고 싶은가? 같은 당도 아닌 극우를 왜 지켜?
장동혁이 자기 인지도 높히려고 뉴스 타고 싶어서 안달났구나",0
6414,361,정성호 재산몰수,0
6415,361,너희랑 니놈은 황교안이여 이 가발놈아 빨리 넙죽 엎드려라 OOO아 ㅋㅋㅋㅋㅋ,0
6416,361,"장동혁 당비 받아 사용하면서 우리는 황교안이다
황교안은 국힘됴아닌데 미친것 아냐",0
6417,361,장동혁 해당행위로 퇴출시켜라 ㅇ,0
6418,361,난 황교황 안한다 폴더야 정치좀 똑바로해라,0
6419,361,이정부 사람들이 대장동 사건사람들 편드는거 보니. 이정부 사람들전부  우리는 김만배 하고있잔아,0
6420,361,장동혁이 뭔데 당원들까지 도매급으로 부정선거 음모론자를 만드냐.  한동훈이 기껏 국민여론을 모으면 극우 장배신이 똥볼을 차니 지지율이 폭망이지,0
6421,361,"니네 당 대표님께서 직접 ""우리 내란당은 황교활이다""라고 말씀하시었다~~!",0
6422,361,한동훈만 옳은 소리 한다,0
6423,361,주거재앙도 모자라 부동산사기꾼들인 찢과 만배일당 법으로 범죄수익 7400억 챙겨주는 이재명과 민주당것들!! 여든 야든 한동훈반만이라도 닮아라!!,0
6424,361,보수의 배신자 아니신가. 탄핵에 찬성까지 해 줬는데 더불당에 뒤덜미 잡혀 재기하려고 노력 중.,0
6425,361,넌 기어나오지 말아라 이 땅에서 배신자는 존재하지 못한다 이인재 유승민 김무성 그리고 너 이준석 패거리 몇명데리고 꼴값 떨지만 결국 추풍낙엽이다,0
6426,361,"말 장난하나,,
야  한동훈이 너만 아니면
돼,,제발 찌그러저 있어라,,",0
6427,361,"한대표 체포하라는 황교안, 당신 보수 맞아? 어데 한동훈이를 잡아가라고 씨부리고 있어? 보수의 대통령  후보깜으로 유일하게 경쟁력있는 한대표를.",0
6428,361,"장동혁, 너만 황교안이다. 탈당해서 창당한 사람을 쉴드치는 당대표는 자격없다. 황교안 당으로 출당시켜라",0
6429,361,우리는 대머리다,0
6430,361,맞는  말입니다  한동훈의   말이,0
6431,361,"제3자 입장에서 볼 때 장동혁은 무능합니다. 그런데 이번엔 국민의힘 당원들을 공개 모욕했습니다. 황교안은 국힘을 탈당해서 자유와 혁신당이라는, 부정선거 옹호당을 만든 사람입니다. 그런 사람을 공개적으로 대놓고 ""우리가"" 황교안이다? 명색이 국힘 당대표란 자가 말한 ""우리""는 누구입니까? 이건 명백히 해당행위 입니다. 그리고 국힘 당원들에 대한 명예훼손이고 모욕입니다. 국힘 당원들은 장동혁을 고발해 주십시오. 윤리위에 제소해 주십시오. 그렇게 하지 못한다면 당신들은 호구입니다. 매달 당비 갖다 바치며 호구 취급받는 꼴이 된겁니다.",0
6432,361,응 한가발 들어가,0
6433,361,"한동훈 혼자 민주당과 싸우고있네.  
장동혁은   국힘 지지율 그만 까먹고 내려와라",0
6434,361,배신자 한동훈은 꺼져라,0
6435,361,이분 너무 나대네~,0
6436,361,배신만 안했으면 지금  완벽한 야당수장이었을 텐데,0
6437,361,한깐족이처럼 50넘은 남자가 저렇게 허구헌날 남 욕하고 비난하고 헐뜯고 험담하고 이간질하고.....깐족깐족 깐족깐족.......이런 인간 본사람 !!!!!!.......난 이런인간 한깐족이 첨이다,0
6438,361,진짜 말투 미쳐버리겠음 숨도 안쉬고 개발작중인 가발이,0
6439,361,지금도 한뚜껑 빠는분들이 계시네 ㅎㅎ,0
6440,361,장폴더만 황교안일듯 ㅋㅋ 제정신 아닌 민주당 쁘락지넘!!!!,0
6441,361,그렇게말하는 니들수장만 이야기해~~민주당이 우리가 김만배라고했니?? 불만있어도 붙어있을수밖에 없는 니 심정이해하지만~~꼴불견짓 그만하고~~황교안이 되시든지~~나와서 다른길을가시던지...가만보면 어린준석이보다 더 용기도없고~~결기도없고~~한심한 인간이구나~~,0
6442,361,존재감 제로 ㅠ,0
6443,361,국힘 당게시판 수사나 받아라. 한동훈.,0
6444,361,우리는 한동훈이 아니다. !!!,0
6445,361,니네들은 황교안 아니죠^^ 제대로 된 보수 국힘은 장동혁 대표를 따르고 장동혁 대표님께서 외치는 말씀을 믿습니다^^ 장동혁 대표님은 당원들과 자유민주주의를 외치는 대한민국 국민들께 한 말씀입니다^^ 당연히 중도좌파배신자들은 황교안 아닌게 맞는데?,0
6446,361,이 사람 누구죠??,0
6447,361,장동혁 니나 황교안해라. 그리고 황교안 당 있지않나? 그리 좋으면 그 당 언능 입당하고.,0
6448,361,진짜 감 없다.. 아이고야...  또 침몰하는 배에 몸을 던지고 있네... ㅋㅋㅋㅋㅋ  차라리 가만히나 있지.. ㅋㅋㅋㅋㅋㅋㅋㅋㅋㅋㅋㅋㅋㅋㅋㅋㅋㅋㅋㅋㅋㅋㅋㅋㅋㅋ,0
6449,361,요즘 많이 나대네 제발 좀 짜그러져 있지돔,0
6450,361,너나 어서 꺼저,0
6451,361,한동훈은 윤석열이다.,0
6452,361,한가발은   포용과   너그러움이   없음.   공격하고   쌈질하고   표독스럽게  보여야   이긴다고  생각.  장동혁이랑   절대  같이   갈수   없으니   제명    시키던가  잘라라.  그냥  놨두면  윤통처럼  될수있다,0
6453,361,한가발 유승민 이준석 홍발정 이놈들 공통점 사꾸라,0
6454,361,"22년 10월에 남욱, 유동규 같은 파렴치한 대장동 범죄자들 석방해줬을 당시 법무부 장관 한동훈 아니었음?? 그땐 석방 시켜줄 만큼 괜찮았는데, 왜 이제와서 개거품무는거야??",0
6455,361,"웃기는 놈이네.. 느그당에서 느그가 황교안이라매? 민주당에서는 김만배라고 한적이 없는데? 황교안이라고 하는데 아니라고 하고, 김만배라고 한적도 없는데 김만배라고 했다하고... 제정신인건가? ㅉㅉㅉ",0
6456,361,빨리 당대표 복귀해야하는데 좌파의 아버지 어머니들이 그걸 막고있어서 답답합니다!,0
6457,361,국민의힘  당게시판 한동훈댓글러들이 여기도 출몰했나보네.,0
6458,361,요즘  매일시문에서 왤케 한동훈 띄우나요? 그런다고 한동훈 지지안해요. 아무리 한파들이 댓글로 베댓 만들지만 관심 없어요,0
6459,361,맞습니다 우리는 교안이가 아닙니다 그런데 민주당은 김만배당이라고 외치고있어요 ㅜㅜ 한동훈 대표님 응원합니다,0
6460,361,여기저기   싸움만   거는   배신자  가발아.  장대표   긁어라!   공천받을  생각  포기하고   무소속으로  나와라,0
6461,361,한동훈대표님만이대한민국의희망이다,0
6462,361,장동혁이나 황교안해라~~정말 그렇게 살고싶냐? 그렇게 정치해서 얼마나 오래할것같은지~참 한때는 콩깍지가 껴서 지지했줬는데 윤석열이나 장폴더나 이런걸 배신자라고함~국민을 배신하는자 정말 배신자임,0
6463,361,정치 계속하시나요??안한다 하더니 ..아닌가요? 민주당과 결이 같으시던데..계엄전에 좀 잘하시지..,0
6464,361,다  됏고 ..우린  윤어게인이야,0
6465,361,장동혁 극우를 지지하지 않는다.  국힘을 장동혁이 망치고있다.  기회주의자   윤 어게인 으로 당선 된건 알겠는데...국민 80%는 윤 어게인 소리만 들어도 소름돋는다.  우리는 황교안이 아니다. 딱 맞는말 했음.,0
6466,361,황교안? ㅁㅊ장똘,0
6467,361,한뚜껑에 대한 기사 좀 올리지 마라. 그냥 잊혀지도록 무시해라. 미친 개가 따로 없네~~,0
6468,361,황교안은 장동혁 너나해라 무능한 지도부,0
6469,361,좀 기어나오지 마라 꼴보기 싫다. 니가 무슨 소릴 하더라도 윤건희의 핵심 인간이었다,0
6470,361,야! 총선말아먹고 당대표시절 지지율 하향곡선의 원흉 이시국 원흉 왜 저렇게 나대는거야? 넌 그냥 유승민2라니깐~~~글 좀 그만써~~ 수준이 낮아  못 봐주겠다. 넘 가벼운  언사도~~ 좌파들이 겁나 좋아하잖아! 너 나대니꺄~~~~,0
6471,361,나는 무조건 한동훈이다,0
6472,362,"참..기자란다,.. 꼴에..",0
6473,362,누구아들 퇴직금50 억은 어케됐냐?????,0
6474,363,정신 똑바로 차리자. 이번 정권에서도 개검 청산하지 못하면 오히려 잡아 먹힐 수도 있다.,0
6475,363,"대졸에 돈있는놈이 사법고시한거보다, 고졸에 가난한 환경에서 사법고시 합격한게 훨신더 대단한거임.",0
6476,363,노무현 대통령 조롱했던 자는 절대 안된다.,0
6477,363,검찰과의 대화때 건방진 그 장면 아직도 생생하네.,0
6478,363,검사출신중에 인성 멀쩡한 놈이 있기는 한건가 싶네...,0
6479,363,뻔한 질문으로 사람을 무시하고 곤란하게 하는 것들이 뭘 하겠습니까. 사람에 대한 최소한의 존중도 없는 자들에게 중요한 일을 맡기는 어리석은 짓은 하지 말아야 합니다. 그런 자들은 또 그런 짓을 합니다. 사람의 본성은 변하지 않습니다.,0
6480,363,뼈속까지 썩은인간을 상설특검?? 제발 검증 좀 제대로해라!!,0
6481,363,노무현 대통령을 조롱한 사람이 누군지 참 궁금했는데 이사람이구나 지는 뭐 대단한 학벌이라고 쯧쯧쯧,0
6482,363,"부러웟겠지, 대학 안나오고 사법시험 합격한게. 지는 대학나와 죽어라 공부해서 되었는데.
진정한 천재 노무현~",0
6483,363,이런 놈이 어떻게 추천됬지? 누구 줄인지 알아봐라. 그 인간부터 축출해라.,0
6484,363,노무현이 고졸 출신이라는건 당시에 모두가 다 아는 내용이었는데 노무현에게 어느 대학 나오셨죠? 물었던 검사 ㅋ,0
6485,363,호의호식하며 9수 한놈보다 일하며 사법고시 본 사람이 더 대단.,0
6486,363,"박경춘이 특검후보라고? 민주당ㆍ정부,  도대체 왜이러나?",0
6487,363,제대로 된 사람으로 임명하길. 이상한놈들이 여기저기 박혀있으니 확실한 검증이 필요하다.,0
6488,363,"박변호사는 무조건 특검이 되면 안된다.
아주 편협한 생각의 소유자이기 때문이다.",0
6489,363,아니 정신 못차렸나? 이따위 검사를 상설 특검 후보로 미냐?,0
6490,363,"개검은 정말 나라에 해만끼치는 해충같다.
공정한 검찰은 요원한것인가?
젠장 저따위들을 우리가  피땀흘려 낸 세금으로  호의호식하게 한다니 너무 화가난다.
귀신은 다뭣나나?
저따위들이나 빨리 데려가기를 빈다~",0
6491,363,"민주당 화이팅! 국민 믿고 강하게 가라!! 의로운 검사들도 화이팅! 모두 다 썩진 않았다. 임은정2,3 계속 있다. 이겨내자.",0
6492,363,박경춘 너는 대학 나와서  좋겠다.. 노대통령이 지하에서 비웃는다.. 인물 정말 없다..,0
6493,363,노무현은 검사들의 대화로 풀어나가려햇는데  live인데도 대통령을 조롱햇지. 그 대표적인 놈이  이.완.규 법제처장놈이지.,0
6494,363,상설특검 후보자추천위원회(추천위)???.도대체 누가 저런자를.추천했냐???.스파이야???,0
6495,363,사람 안 변한다. 박경춘은 제외시켜라. 상고 출신 대통령에게 대들던 x가지가 어디 가겠냐. 이재명 어느 고등학교 나왔나 물어볼 놈이다,0
6496,363,"노통이 고졸이라는건 당시 온 국민과 전세계에서도 아는 사실이었는데, 공식 대화장에서 대학 83학번 운운하는 아주 인간성 상실한 인간인데 저딴게 특검인가",0
6497,363,민주당 정신차려라. 아직도 기억한다 개검 박병춘,0
6498,363,검찰이란 공무원 패꺼리들에게 인간 상식 과 법의 테두리로 생각하면  큰 착각이다. 그들은 오로지 기듴 공무원 세력으로 절대적 역적질만 일삼으며산다. 마치 대한민국을 정복하러 먼 행성에서 도착한 기득 외계인들 같다.,0
6499,363,서울대는 온갖범죄를 생성하는 사리사욕만 채우려는 악질적인 습성을 공유하는 개돼지 만도못한 뇌가썩어가는 좀비집단이다,0
6500,363,그렇게 인물이 없나? 난 아직도 그 장면이 선하다. 추천한 사람들이 더  문제다. 그렇게 감각이 없냐?,0
6501,363,미쳤나? 간첩 심는거 아님? 고 노무현대통령님 조롱하던 그장면 아직도 눈에 선하다.,0
6502,363,같잖은 특권의식에 찌든 ᆢ,0
6503,363,때로 몰려가 대통령 꼽 주던 안하무인 검찰 수십년동안 정치적으로 편향되고 조작 기소남용 온갖 나쁜짓을해도 공무원법에 벗어나 제대로된 처벌을 받지않았지만 그 오만도 이제 끝이 보인다,0
6504,363,박경춘이 후보자가 되었다는 사실이 경악스럽다.,0
6505,363,인간이 덜된 놈이네,0
6506,363,인물이 이렇게나 없니???,0
6507,363,아직도 검사를 하고 있었단거?대단한 민주당이다저런것들 하나 못보내고 아직도 현직에 있게하다니..사람 학벌로 보고 조롱하던 그모습 안잊혀진다.추악스런과거기억속의너.,0
6508,363,"윤석렬 수하인 내란동조 정치검사들을. 전부 찾아내서. 파면시켜라,,,",0
6509,363,후보자가 그렇게 없나?추천한 인간이 누구지?,0
6510,363,저놈은 절대 상설특검 자리 주면 안될 놈이다,0
6511,363,어째 흘러가는게 노무현 때랑 비슷하게 가는거 같은데.. 거창하게 내세웠는데 민주당도 지 밥그릇 챙기느라 흐지부지 되는거 아니가? 만일 제대로 안되면 평생 지지 버리고 민주당 반대운동 하러 다닌다.,0
6512,363,"검사도 임기제로 하자! 2년 검사하고, 2년 국선변호사하고, 2년 군검사하고…2년 변호사하고, 2년 판사하고…둥등",0
6513,363,사람이 없어서 그러나. 이십년도 더 지났지만 그 조롱하던 얼굴이 생생하다. 국민들이 검사들의 민낯을 보게된 계기였지,0
6514,363,진짜 그렇게도 인재가 없냐,0
6515,363,이런 쓰레기를??,0
6516,363,검찰도 참~~인물없다 쯧쯧,0
6517,363,벌써 밥줄을 끊었어야 할 눔을 특검 후보로 올려? 도대체 참 한심한 집단이네.,0
6518,363,박경춘???  미친....,0
6519,363,법무무장관. 최악이네 진짜,0
6520,363,이놈이나 저놈이나 문제 없이 깨끗한 놈은 없는 건가,0
6521,363,"가방 끈 길이와 인생 삶은 별개다 주제 파악하면 편하다 목에 힘주는 것들 ""비웃는 줄""도 모르는 것들이다 남탓말고 살라",0
6522,363,윤석열 임명할때가 왜 생각나지,0
6523,363,인간성도 부족하고 인격형성이 되려다 말은 박경춘이같은 인간을 특검에 임명해서 어따 써 먹을건데?...,0
6524,363,누가 추천한거냐,0
6525,363,경찰이 하게 하시죠,0
6526,363,대통령이 잘 선택하시리라 믿습니다,0
6527,363,시건방 잡검들은..... 감옥이 어울린다.....,0
6528,363,도대체 인사검증은 하긴하냐??  그딴 발언을 하고도 지청장으로 옷 벗은거 보면 능력도 별로인듯!!,0
6529,363,개검공무원 청산해라,0
6530,363,정신차려라.장난치나...어디서 저런 말종을...,0
6531,363,"패륜 검사는 그냥 변호사나 하게 하죠.  인간성이 내란수괴 윤석열,한깐족,박성제,이상민,노상원,여인형,김용현,최음순,김충식,조두순,이춘재,전청조,최순실 급이네요😔",0
6532,363,"썩은 정치검찰을 박말내라,,, 띠지관련. 내란동조 검사들 전부
 색출해서 파면시켜라,,,",0
6533,363,"도대체가 박경춘 이런놈을 특검 후보로 추천한놈이  누구냐
정치검사놈들 패거리들인가
참으로 개탄스럽다",0
6534,363,"공동체를 망치는 4적
검사 판사 의사 기자",0
6535,363,아놔 진짜 저런것들밖에 없는거야??,0
6536,363,박경춘은 안돼!!! 절대 안돼!!!!,0
6537,363,이게 뭐하는 짓거리냐?,0
6538,363,연세대에 법대가 있었나?,0
6539,363,"박경츈ᆢ유치한 인성으로 검사 된거네? 덜자란 중2병 한동휸도 검사되고 법무장관 벼락출세까지 한거고? 미숙한 인성에 모자란 IQ로 의혹의 9수 사패에 검사되고 검총에 대통까지한 내란수괴 윤석녈도 천지개벽 출세하여 3년간 대한민국 폭망했고? 검찰을 없애야한다ㅡ공직자들 행정고시 치르듯, 검사될려면 사법고시로 검증받아야 한다ㅡ!! 로스쿨은 그들만의 대대손손 특권세습이다ㅡ로스쿨 없애야 한다.",0
6540,363,정상적인 애들이 없네. 저런 수준의 애들이 제대로 수사를 하겠니? 개검들은 싸그리 다 없애버려야함.,0
6541,363,뭡니까,0
6542,363,두놈다 자격미달,0
6543,363,노통 모욕하던 인간들 잘먹고잘사는구나 하지만 특검후보??.미쳤어???,0
6544,363,고구마100개먹은거보다답답하네이런자를특검을시킨다고오~~~~~,0
6545,363,역시나 국민의힘이 추천한 추천위에 검사와의 대화에 이완규와 같이 참석한 김영종이 포함되더니 ㅋㅋㅋ 같이 있었던 박씨를 추천한거냐,0
6546,363,검사들은 인성이 좀,0
6547,363,교육중심 대한민국의 결말 양심 따위는 썩은 교육의 발바닥 아래에 깔린 결말 제정러시아는 이런 바탕에서 돌파구를 찾았지만 이 나라는 고려 오백년 조선 오백년 민중의 삶은 뒷전임 조선에서 해방된건 아이러니하게 교육을 받은 이기적인 이완용 일파 덕이었음 노블리스 오블리쥬 같은 말은 이 땅에서는 전혀 해당이 안됨,0
6548,363,대졸이 대수냐 인성이 문제지,0
6549,363,뭐하냐? 그러지마라 진짜....,0
6550,363,쓸만한 검사들이 없다...,0
6551,363,이따위로 할래? 노무현정신 얘기하는 정권이 일을 이따위로하냐.,0
6552,363,후보에서 끝나길...잊지 않고 있다.,0
6553,363,"박경춘이는 누가 추천했냐, 내란당이냐'  왕수박들인가",0
6554,363,국짐당 부역자 퇴출합시다,0
6555,363,봉욱 뭐 하는 사람일까? 저러다 검찰한테 잡혀 먹는다,0
6556,363,어떤 x가 추천했는데,0
6557,363,"정성호 사퇴해라.
니 수준이 그렇지~~~.
해임 시키라고~~~지발로 안나가고 뻘짓 하는거더이상 못 참겠다  욕나오네",0
6558,363,인간이 안된 사람이 후보라고 인격 바닥인 저런 사람은 공적일 맡길 필요는 없다,0
6559,363,"재명아 똑바로 하자 한순간 민주당 무너잔다 노무현대통령을 조롱을 한놈을,,,그러다 내년 기초부터 민주당 패스다.",0
6560,363,그때 이완규도 있었지!! 끼리끼리 아닌가?,0
6561,363,이렇게라도 하지 않으면 검사란 존재들은 책음을 물을 수 없음이 참으로 안타카워요.,0
6562,363,빅경춘같은 인간은 자격없다,0
6563,363,지금뭐하는거야,0
6564,363,잘라라 그런 개검놈을 사용하냐,0
6565,363,법무법인 대륜은 용역일을 맡기면서 담당자가 바뀔때마다 용역비를 깍고 깍다가 안깍이면 계약서를 작성안했다는 이유로 이용만해먹고 자르는 파렴치한 회사다,0
6566,363,진짜 제대로 된 놈이 없는곳인가 검사는?,0
6567,363,신임검사 일때도 꼰대생각을 가진놈인데 나이먹은 지금은 더 할텐데 걱정이다.,0
6568,363,"줏대없는 녀석들 
자신의 이익에 따라 변심하는 한심한 녀석들
니들이 말하는 개똥철학
돈, 출세앞에 무릎를 굻고 사는 미련한 녀석들.",0
6569,363,뻔뻔 하네 그런 짓을 했으면 스스로 안해야지 그래야 맞지,0
6570,363,카르텔 내에서는 개혁이 어렵다는걸 모르는걸까,0
6571,363,이런것들은 쫌~ 솎아냅시다!,0
6572,363,똥안 묻은 검사는 없네,0
6573,363,누가 추천한거,0
6574,363,시계를 논뚜렁에 버리고 증거라고 갖다내던 검찰놈도 대통령이 됐는데 검사만사형통세상에서 뭐가 이상하냐? 나라법보다 위에 있는 것들이 검사다,0
6575,363,어떤 놈이 학번으로 조롱했던 개검 놈을 상설 특검으로 추천했노? 이것들이 정신머리가 없구나?,0
6576,363,나쁜 ㄱㅅ,0
6577,363,인재풀 폭망 수준...,0
6578,363,"뭔 소리야, 두고 봅시다.",0
6579,363,도대체 환율은 어쩌려고 돈이 휴지가되가는데,0
6580,363,"문지석 부장 검사는 당사자라서 안되나???
민주당 일하는거 보소~  에이 물러터져서~",0
6581,363,민주당은 뭐냐? 추전도 제대로 못해?,0
6582,363,고작 연세대 법대 나온 파랑 쥐세끼같은 넘이 노통  학번을 물어봐?,0
6583,363,노무현대통령과 검사와의 대화를 잊을수가 없다.검사놈들이 눈에 봬는게 없더니..기생충들이 돼 버렸어.,0
6584,363,늦기전에 짤라라..,0
6585,363,옛날 사법고시는 공부 분량 아주 적었지...지금은 수십배로 늘어났다.,0
6586,363,이 OOO은  그냥 망해봐야 정신 차리지 노무현 문재인 정권때도 검찰한테 그렇게 당하더니 하나같이 저런 인간들을 추천하지? 추천하는 인간도 문제도 안건으로 올리는 인간도 문제다,0
6587,363,이런 이런,0
6588,363,와  그집단에  쓰레기 집단이네,0
6589,363,예전에 그 번릇 또 나오면 어쩌려고 목을걸고 제대로 한다는 보장이라도 했단 말인가?,0
6590,363,쓰레기 ××,0
6591,363,재수없는 검새들....,0
6592,363,검찰의 암덩어리인 조작의달인들을 제거해야 한다 뼈를깍는 심정으로 특검을해야한다,0
6593,363,꼭 그런놈들만뽑냐,0
6594,363,이 정부의 정통성을 생각한다연 글쎄? 변호사가 사양햏어야 되는거 아닌가?,0
6595,363,어떤 새끼가 추천한거야?????,0
6596,363,상설특검은 무슨 이딴거 왜만들었냐.,0
6597,363,"최강욱 딱 인데 .ㅡ
안맞네",0
6598,363,저런 새끼들이ㅇ변호사로 잘 처먹고 산다니 개판이다,0
6599,363,박경춘!? 당장 버려라!,0
6600,363,후보일 뿐이니 ...  분노는 문재인에게 하세요 망할 묘지나 옮겨달라고 왜 문재인친구 승효상은 노통을 지하에 쇳덩이 돌덩이로 지하에서 고통받게 했나 망할인간들아 묘지옮겨 드리고 노무현재단 노무현 가족품으로 돌려드려라!! 니들이 노통 이용해먹고 권력유지하는거 세상사람들이 다 알아야 한다. 악마같은 문파들!! 문재인 유투브 빨리 하라 욕좀하자,0
6601,363,쓰레기들만 특별히 모아놓아 특검인가보네,0
6602,363,떡검이 안되려면 다시합시다,0
6603,363,"C불...이재명정부에서도 개*개혁 실패하면 나는 민주당 파버릴란다.노통그렇게죽고,문통 하나도못하고 이재명까지 그렇다면 뭐하러 진보민주당 지지하냐.내손가락 끊어야지..",0
6604,363,신발세끼,0
6605,363,그건 아니다 다시해라,0
6606,363,이건 아님,0
6607,363,검사가 그렇게 없나?,0
6608,363,민주당  정신좀차려라쫌!!,0
6609,363,이런 시건방진 넘이 아직도 활개를...,0
6610,363,"아,그렇구만이라잉, 박변호사를   특검으로  강력  지지한당깨요잉",0
6611,363,"대학가서 보면 교수들한테 잘보일려 뿐 놀기만 하던데,",0
6612,363,재밌네?..,0
6613,363,친일파 거르는거 보다 더 어렵나???  난이도 최하인거 같은데..,0
6614,363,박변호사가   전라도 광주 서석고를 나온 것으로 보아  전라도  출신으로  추정되는데 그러면 된거  아닌가잉?,0
6615,363,참  못낫다,0
6616,363,"부끄럽다!
    학력으로 인간을 평가하다니.
    서울법대출신들이 나라를 말아 먹으려고
    한 사실은 어떻게 설명하지?",0
6617,363,그밥에 그나물이지 뭐 별거 있겠어~,0
6618,363,감성팔이 씹,0
6619,363,쓰레기들 사이에서 오물 덜묻은물건 고르기도 힘들겠다,0
6620,363,C_BAL_이걸 추천이라고 했냐? 등신들~~,0
6621,363,학벌이. 무섭기는해,0
6622,363,그래서 민주당 ㅂㅇㅅ 들도 답 없다는 거임ㅋㅋㅋㅋㅋ내란당 애들은 프래임 놀이하다 스스로 자빠졌지만 민주당 ㅂㅇㅅ들은 차려준 밥상도 여기저기 눈치보고  내숭질 우유부단질 하다 자빠지는 놈들임,0
6623,363,개호로셔ㅓ끼,0
6624,363,뇌물현 숭배하는 조선인들의 능지  ㅎㅎ 지금은 찢 숭배 ㅎㅎ 으이구,0
6625,363,개 드럽네 세상,0
6626,363,ㄱ새 잘처먹고 살아있네 이래서 개검 벌러지들을 헤체하는 이유다,0
6627,363,민주당  이것들은 정신이 어디에 박혀 있는건지? 민주당을 지지하는 이유가  사람사는 세상을 만들고자 했던 노무현님의 정신을 이어 받았다고 지지하는 건데. 저런 개검 18을 상설특검에 후보로 올린다고? 정신차려라 민주당아.민심 변하는거 한순간이다.,0
6628,363,누가 추천했냐,0
6629,363,쓸만한 ㄴ이 없네,0
6630,363,저런넘이승승장구하니 적폐청산이 안되는거다.,0
6631,363,전라도 출신은 뭐가 달라도 다르다. 티가 난다고나 할까......?,0
6632,363,황교안 자유와혁신당의 대표가 내란선동혐의와 관련해서 구속영장이 청구됐다가 기각됐는데 일련의 과정에서 미국에서 석방청원서가 전달된 것으로 나타났습니다. 바트 마르코이스 전연방 에너지부 차관부 그리고 모스탄 대사 등등 이런 사람들이 석방청원서를 보냈다고 합니다. https://www.youtube.com/watch?v=JhCr3Msu-X0,0
6633,363,하고 싶은데로 달려봐라! ㅋㅋㅋ 5년 후엔 공수 교대 되겠지.,0
6634,363,대통령 만큼은 무조건   대학을  나와야한다.,0
6635,363,좌파 니들이 숭배하는 노무현은 고졸에 사법고시 붙어서 대통령 해먹고 남들은 못하게 사법고시 없애고 돈없으면 평생 가붕개로 살게만든 장본인이다. 노무현이는 스스로 뇌물먹은 대가를 치렀는데 조선좌파는 여전히 노무현이를 숭배하니 참 대단한 조선좌파다. 조선좌파 머리근대화는 불가능하다ㅋ,0
6636,363,이죄명이가 노무현을 매국노라던 인간을 금뱃지 공천 주더니 또 노무현 조롱하고 놀리네..,0
6637,364,선거 운동 열심히 하고 있네.......참 한심한 ㄴ,0
6638,364,개돼지들아  민석이 서울시장 나올라고 시동건다.  노무현 뒷통수친거 아냐 모르냐,0
6639,364,"미대사관방화 테러 김민석,대한민국 총리가 주사파간첩이란게 어이없다",0
6640,364,잠수교 옆에있는  둥둥섬도  오세훈이때 도입한거지.....지금은 뭐로 사용하는지 모르겠네....~~~!,0
6641,364,"김민새 이 인간아, 나라 망칠 짓꺼리 그만하고, 배추받 투기나 하려 가거라. ㅋㅋㅋ 이 인간이 이명박 "" 청계천 복원 사업 "" 을 엄청 반대 한 노옴이잖아.",0
6642,364,애쓴다ㆍㆍㆍ그래도 존재감 1도 없지 아마,0
6643,364,서울시장 되 보려고 애쓴다. 김민석~~~,0
6644,364,박원순 시즌2 보고 싶냐? ㅋㅋㅋㅋ박원순보다 더 답답하게 발전없는 서울 보고 싶지 않다!,0
6645,365,검찰은 길들여 쓸것들이 못된다. 뭘라구 길을 들이나? 개뿔!!!  그냥  공뭔이니 공무원 취급하면 된다.,0
6646,365,검사 파면법을 떠들기 전에 99만원 불기소 세트가 왜 나왔었는지를 따져 봐라.......기러기야.....,0
6647,366,써준 사람 혼나겠네 어쩄든 요새 청래 똥볼 잘차네,0
6648,366,이런 머리로 정치를 하니 이 모양이지,0
6649,366,마재윤 ㅋㅋㅋㅋㅋㅋㅋㅋㅋ,0
6650,366,"정창래............ 이 나쁜 넘이 또 있을까 ! 민주당은 결국 파열 된다. 독재가 그리 쉬 운 줄 알아도 대한민국 국민은 쉽게 넘어 갈 상황은 아니다. 시간이 가면 엄청난 일이 발생 할 때 가 됐다.  국방부장관... 법무부장관...
모두 가 끝나고 특검 이 넘 들 무 자비 에게 죄를 만들어 이런 넘 들 이 바로 공산당 이 아닌가 !",0
6651,366,"역시 화염병은 달라도 달라,  좌파 주사파 운동권, 공산 주의자!",0
6652,366,마재윤은  민주당  영입인제1순위  같은데 ㅋㅋㅋㅋ,0
6653,366,임요한와이프다   완전좌파니까  저렇게좋아하지 ....청래야  너희들이  지금  재명이랑 독재민주당이  불법게임하고있잖니...,0
6654,366,알못아 가지가지해 게임산업에 관심 1도 없는거 잘 알겠다,0
6655,366,입만 벌리면 실수를 해,0
6656,366,어설프게 아는척 하다가 망신 당하는거 언제까지 할래? 빨리 쳐내려와라,0
6657,366,이재명뒤에서 뭐하냐.. 대통령은 이재명이지.. 정청래. 빠는애들 돌았냐,0
6658,366,걸레가  숟가락  올리고  쇼 하려다  똥볼만  차내 ~~  똥인지  된장인지  구분못하는  머저리가. 대한민국의  정치판을  18류로  만들어  놓은  대한민국의  암덩어리 ~~,0
6659,366,중국게임 밀어주기위한 포석이냐,0
6660,366,걸레   아.  가.   리에다 똥물을 한바가지 퍼붓고 싶다~~~,0
6661,366,"뭐, 잘나갈 땐 정말 잘나갔다죠. 승부조작으로 한방에 말아먹긴 했다만.",0
6662,366,주옥 같이 생겼네…,0
6663,366,이재명과 정청래는 대한민국을   무법천지로 만들었다!!,0
6664,366,기러기정보판매회사 애쓴다,0
6665,366,정치인이 어느 자리에서 즉흥적으로 말하다가 하는 실수에 대해서 비난하는 것은 과하다. 이 건 정청래가 우리나라 게임계를 이끌어던 선수들에 대해 얘기한 것이고 그 선수들 중에 승부조작 했던 마재윤이 있었다고 정청래의 게임계 치하하기 위한 게임쇼 방문을 비난하는 것은 잘못이다.,0
6666,367,이죄명은  사형집행이 시급함,0
6667,367,이런게 무슨 기사거리라고 당장 내려라 하나도 안궁굼하다,0
6668,367,이딴거 기사라고 올리냐 황금자리 무슨 별자리도 아니고 인민일보도 아니고 맨날 이재멍 칭송이네,0
6669,367,아주 수령님 나셨네~~~,0
6670,367,정신병자네. 겨우 한다는 말이 능력이나 실력 검증이아니라 윤성려리처럼 허망을 꿈꾸라네 ㅋㅋㅋ,0
6671,367,이게  무슨  기사거리냐  ㅉㅉ,0
6672,367,"할짖거리 없으니깐 별거다하고다니네,,,명당은 무슨,,,",0
6673,367,명당자리가 묘자리에 쓰는 말인건 아나??,0
6674,367,어휴 OOO들,0
6675,367,수령님 간증이냐,0
6676,367,"미친 인간들 아주 김정은이 찬양하는거랑 똑같네요.서대문구의원들이 이 경상도가 고향인 사람 집을 보존해달라고 의결을 안하나, 누가 앉았던 자리 앉았다고 그걸 칭송하면서 언론에 까발리는 저질 인간들!공산 정권이 머지않은거 같으네요.",0
6677,367,천박한 사기꾼 대한민국의 수치,0
6678,367,대구 매일신문 같은 국힘 기관지는 사소한 거 하나라도 꼬투리 잡아 흠집내고 싶어 안달이고 그 리카온 무리들은 먹잇감 던져주기만 기다리는데. 의도와 상관없이 오해받을 수 있으니 조신하게 있어야지.,0
6679,367,역시 미개인집단 인증!! ㅎㅎ,0
6680,367,기대 1도 없네여~~ ㅋㅋ,0
6681,367,"ㅍㅎㅎ 
지가와",0
6682,367,벼락자리다 ㅉㅉ,0
6683,368,소설쓰고있네..,0
6684,368,소설도 정도가 있지 ㅋㅋㅋㅋㅋ 국회의사당 돔열리면 태권브이나온다는 소리하고 앉아있네 ㅋㅋㅋㅋㅋ,0
6685,368,ㅋㅋ너무 허구성 기사만 내네,0
6686,368,하하하... 권력에 의해 넘어간 증언이 나왔어.!! 그런데 증언뒤에는 증거가 있어야 해 ~ 증거는 없는데 증언만 가지고 재판한다면 그건 북한에서나 가능한 이야기일거야 ~ 난 윤통의 계엄에 반대해.!! 윤통은 왜 굳이 계엄을 했는지 지금도 세간에서는 이해를 못해.!! 윤통은 역사가 평가할 거라고 말했어... 그의 계엄은 자신의 와이프에게 쏟아지는 언론의 집중포화를 막기위해 본인이 내 던졌다고 해 ~ 실제로 여론조사를 하면 90% 압도적으로 국민들은 그리알거야... 나도그래.!! 리짜이밍과 윤통의 차이점은 힘의논리였을 뿐이야...,0
6687,368,대통령이라는 자가 한 말의 수준이 저 정도라니 참담하다,0
6688,368,그만큼  수사 자격도 없는  공수처가  불법으로 수사하고 있었다는 것이다,0
6689,368,증거 하나 제시 못하고 일방적인 주장만 언론에 계속 흘려 여론재판을 하려는 특검.,0
6690,368,윤수괴는 사형선고가 불가피하다 !,0
6691,368,놀구있네   야 작작해라  윤석열대통령  지지합니다  힘내세요  윤어겐,0
6692,368,공수처 부서버릴건 맞는말인데...,0
6693,368,ㅋㅋㅋㅋㅋ증언이 사실이냐 소설쓰냐 ㅋㅋㅋ미치겟네 ㅋㅋㅋㅋㅋ,0
6694,368,노무현살아있다급 가짜뉴스수준ㅋㅋㅋ,0
6695,368,옛날 얘기야?  기억난다?  말장난치나?,0
6696,368,순실이 유럽에 4조 숨겨났다. 안민석  찾으러 가서 머할꼬?,0
6697,368,박정희 때는 말 한마디만 해도 끌려갔다. 민주화 혜택은 독재 내란범들이 받는다. 전두환 때는 증거없이 말만으로 삼청교육대 끌려갔다. 보수정부였다. 민간인 김재규 포승줄에 묶여서 재판받았다. 군대동원한 윤석열 양복입고 재판받고있다.,0
6698,368,이쯤되면 대통령된김에 스킬 다써보려했다던 댓글이 다시생각난다,0
6699,368,개석열 징역 50년 때리라,0
6700,368,이런게 대통령이었으니 나라가 개판되었지! 흐이구~ ㅠㅠ,0
6701,368,윤두창 수준꼬라지보면 저런말 충분히 하고도 남음ㅇㅇ 계엄때리는 정신병자한테 정상을 논하지 말자,0
6702,368,말하는거보면 딱맞음...!!! 입만열면 허세에 거짓말에....말년복이 드럽게 없네....,0
6703,368,"전부 다 명확한건 하나도 없고 ,그런거 같다...
 그렇게 보인다. 그렇게 말한거 같은데 확실하게 기억나지 않는다...그런말을 들은적이  있는것  같은데 확실하게 기억나지 않는다...
  증인이  개소리만  짖는다",0
6704,368,작작해라,0
6705,368,"앵간치해라ㅋㅋㅋㅋ

조만간 트랜스포머 나올듯",0
6706,368,"군대도 면제인 넘이 총 한발도 안 쏴본놈이 정말 어이가 없네,",0
6707,368,이런 과격한 말하는 대통령은 다시는 안나왔으면 좋겠네~ 대통령으로서 수준이 너무 떨어져~,0
6708,368,저런 말을 했을 수는 있겠지만 그런 뜻으로 한 말은 아니겠지요...,0
6709,368,그래서 기래기는?,0
6710,368,"매일 술만 쳐먹어서 뇌가 다녹아 선과 악을
구별 못하는 파시스트가 되었군.",0
6711,368,"국민들이 얼마나 힘들게 그 쓰레기 윤가놈을 끌어내렸는지 안다면, 지귀연판사놈의 시간 질질 끌며 수작거리 하는 행위만으로도 그 놈은 죽어 지옥가는 것이 마땅하겠다",0
6712,368,사형깜의 최후를 보고싶다~,0
6713,368,"아니 ㅋㅋ
지금 저런 기사를내고 믿으라는거?",0
6714,368,조희대 천대엽 지귀연 잡아 죽여야 대한민국이 산다,0
6715,368,들었다 카드라 ㅋㅋㅋ 역시 사기범이 많은 나라답다,0
6716,368,작작좀해라 공산당 선동 간첩들아!!!,0
6717,368,"이걸 믿는다면 그건 그냥 윤통이 싫은거지ㅋㅋ
상식선에서 얘기를 해야지ㅋㅋㅋ",0
6718,368,대통령이 아니고 뒷골목 깡패두목이나 할 말,0
6719,368,"좌빨님들이 별OOO는얘기하는구나 리재명이 오늘죽어라
고 기도한다",0
6720,368,조만간 태권브이도 나왔다고하겠네 ㅋㅋ,0
6721,368,가짜,0
6722,368,제발 저런거 재미있냐 대한민국 국민을 얼마나 개돼지로 보면 저런말을하냐 죽탱이 한대만 맞자,0
6723,368,3류 소설도 지나치네~,0
6724,368,"저걸 아직
지지하는건 종범이다",0
6725,368,징하다 고만해라,0
6726,368,"윤석열이는 오늘도 차가운 구치소 바닥에 등을 뉘우고는.. 자신의 머리처럼 하얀 눈이 흩날리던 12월 4일 밤을 돌이켜 보는데.. “다시 2차,3차 계엄을 선포했으면 어떻게 되었을까..”라고 중얼거리며 망연히 고개를 도리도리 흔드는데..",0
6727,368,"증언들 다 뒤집히니까, 또 새로운 증언 탄생이네. 누가 믿겠나.",0
6728,368,"군대도 안 간자가 평생을 술이나먹고 허세부리고 책임도
 안질 말이나 마구 씨부리더니 어디서 건희같은 품격도 갖추지 못한 쓰레기를 만나 자식도 얻지 못하고 신세조졌다!",0
6729,368,"이찌극우내란견들아 저기는 법정이고, 허위사실 증언하면 자기도 처벌받는데, 누가 생각없이 자기 처벌받는다고 허위사실을 증언하지???,하여튼 이찍극우내란견들 무지성 빼애애액질 하는거 정신머리 이상하다, 판단력 떨어지는데 정상생활 가능하냐???",0
6730,368,증거가 없어 ㅋㅋㅋㅋㅋㅋㅋㅋ관저에 진짜 미사일있다고 믿는 흑우 없제?,0
6731,368,윤은 무기징역?ㆍ군검경 부하들과 경호원 부히들까지 .... ㅉㅉ,0
6732,368,마징가 제트도 있다고 해라,0
6733,368,"노무현 살고, 부엉바위가 박살났.?다?",0
6734,368,아무말 대잔치!!!,0
6735,368,"공무원숙청작업해도. 기자들 보도하나 안하고 이제는 유언비어만들어
기사공작하는거보면 이나라 정말
저의가 다죽은 기자들로꽉차있는거
같다 한심하다 개돼지기자들",0
6736,368,"""찢""은 '솔방울'로 폭탄도 만든다. 7H딸!!",0
6737,368,윤석열 악마화도 이제 약발 떨어질 때 되지 않았냐~ 그만좀 써먹어라~ 지겹지도 않냐~ 뭐만하면 맨날 윤석열 탓! 그럼 현직은 뭐하는데 문제 해결을 해야지 맨날 남탓만 하고. 지들 무능하다고 셀프 광고하는거 아냐~ 환율 개판난거 해결할 생각도 안해. 윤석열 팔이 그만하고 현실 문제나 해결해주세요.,0
6738,368,개재명 쫄리나보다 ㅋㅋㅋ,0
6739,368,진짜 좌파들의 공상과학소설은 이제 지겹다. 세월호때도 밝혀진 구라만 몇개냐 ? 이거 믿는 놈들은 지능검사 받아봐라.,0
6740,368,석열이 뒤에 경비인가? 아ㅠ 무섭다 눈매가,0
6741,368,"핵폭탄 있다고 해라!!  다들 지금 현생이 중요하다고 하지만, 그 후세에 후세 까지 고통 받는다!!  이걸 모르냐^^",0
6742,368,기사 토할거같다 이건 못믿것다 기자야,0
6743,368,뭐꼬 팩트도 아니고 제목은 왜저러냐 이런게 기사냐??,0
6744,368,이바부야 그대포로 국힘당을 밀어부셔버렸더라면 영웅되었지롱.,0
6745,368,기저효과 제대로…검찰이 밥그릇 투쟁해도 배부른 소리,0
6746,368,윤가를 뽑아준 2찍들은 정신차려야 합니다 아직도 윤가를 빨아대는 극우내란견들은 노인연금 압수하고 보험28 회수조치 해야합니다,0
6747,368,했겠냐?,0
6748,368,인간이 한참 덜됬지,0
6749,368,술을 적당히 드셨어야지.....쯧쯧쯧,0
6750,368,이자식 얼굴 그만보고 싶다...성년일때도 호수로 휘갈겼다니 참 나,0
6751,368,녹취파일 있는건가? 이렇게 대놓고 증언하게?,0
6752,368,아픈 분이었네.  어쩌다 이렇게 되었을까?,0
6753,368,진짜 팩트체크 안하고 기사쓰는 기자들이 제일 처단대상이다,0
6754,368,일급 기밀은 말안했네 국회지하에 건담있다고 ㅋㅋ,0
6755,368,많이 모자란 놈일세,0
6756,368,로보트태권브이도 있다고하지 ㅋㅋㅋㅋㅋㅋ,0
6757,368,관저에 미사일 발사대를 설치할 정도의 기술력이 있다는거네 ㅋㅋㅋㅋ 이게 좌익빨괭이들 수준이다. 그냥 막말하면 끝,0
6758,368,왜 태권브이도 있다고 하지 .. 하여간 좌파들의 거짓 선동은 끝이 없네 ㅋㅋ 더불알공산당 ㅋㅋ,0
6759,368,엠피도주고 힐도 주는 법사도 놓지그랬냐,0
6760,368,작작좀해라진짜,0
6761,368,"전쟁을 일으키려 하질 않나, 지 살겠다고 부하들 시켜 쑥대밭을 만드려 하질 않나, 이게 내란이 아님 뭐가 내란이야 2찍 벌레들아",0
6762,368,최민희가 비명계가 움직이면죽인다는거도 특검해서 처벌받아야하는거 아니냐?,0
6763,368,지랄똥을싸고잇네  에혀  이제 그만좀하지,0
6764,368,마약이라도 했나  어이가 읎네 ㅋ,0
6765,368,북한에 핵미사일 있다. 맘대로 쓸 수 있나?,0
6766,368,항공모함은 없고?,0
6767,368,저노므 혼자 살겠다고 요원들 경찰들 죽이라 해구먼,0
6768,368,이새이 진짜 지가 임금인줄 알았나보네  조선은 이씨왕조여. 넌 윤씨자너. 완전 또라이임이 분명하구만,0
6769,368,처죽일 윤가놈,0
6770,368,MCGD,0
6771,368,제 정신이 아니었구만,0
6772,368,ㅋㅋㅋㅋㅋㅋㅋㅋ 진짜 부숴버리고싶다,0
6773,368,경호원도 옛날 경호원이 멋있구나..세월이 흘러도 경호원은 경호원인데..,0
6774,368,"김정은 지령 받아서 발광하는 꼼수처는 헬기로 미사일호 폭격 맞아서 부숴져도 할말이 없을거다
꼼수처 폐쇄해라 인민수사처 폐지",0
6775,368,역시 똘놈 다운 짓거리니 새삼스러울 게 없지.,0
6776,368,언른 사형시키고 이재명 재판가자,0
6777,368,세상 제일 치졸하고 벌레같다.  차라리 던져라,0
6778,368,완전 미친  광기  괴물이 살았네.  국민들은  저 미친 광기가돈 미치광이를 대통령이라고 뽑아 주섰으니 이제는 국민의 심판을 받아라.  사형으로 국민의 심판을 내린다.,0
6779,368,머리는 똥만 찼고 조동아리는 시궁창이군,0
6780,368,한국에 진짜 괴물을 뽑아놨었네 끔찍하다 영구격리가 답이다,0
6781,368,이것이 진짜라면  큰일날뻔 했구나. 이런 넘을  누가뽑았는지  치가떨린다,0
6782,368,내란빤스를 헬기에서 미쌀쏴서 사형시키는 것도 좋은 방법이긴 한데 싼마이한테 낭비하기엔 너무 비싸다.,0
6783,368,그래도 2찍들은 윤어게인,0
6784,368,증언말고 증거 갖고오라고ㅋ뭐라뭐라 했더라~  라는건 누가 말못하냐ㅋㅋ,0
6785,368,찢 집에는 실제로 칼이 있었다는 기사좀 써라,0
6786,368,"말같은 소리를 해야지 개돼지용 기사냐?
개돼지들은 며칠 있으면 팩트인양 보배 뽐뿌 이종 이런 좌파 사이트에 기정사실인것처럼 댓글달겠네",0
6787,368,뭐 죄다 나오는 증언들은? 본인들 뇌피셜뿐이야!이게 증거가 된다고 생각함? 판사들을 너무 물로 보는듯한 기분이들고 국민들을 개돼지로 보는 더불어공산당과이재명패거리들~! 그렇게 따지면 이재명은 확신범이 되는증언들증거들넘치는데?대통령이 됐어 ㅋㅋㅋ 세계역사에 기리남을 코미디지!!,0
6788,368,이것도 더블어 공산당식 아니면 말고 같은데 저건 선 넘은 거 같다....,0
6789,368,"언론수준진짜 
그렇게살지말자",0
6790,368,요즘 기자들이 너무 엉망이고 선동한다,0
6791,368,있더라도 술자리에서 먼말을 못해,0
6792,368,누가 믿냐 ㅋㅋㅋ 어이가 읍네,0
6793,368,이걸 믿는 좌파들은 아이큐 능지박살?,0
6794,368,없는 사실도 조작하는 이재명정부 바퀴벌레만도 못하다….ㅠㅠㅠ,0
6795,368,"진짜소설쓴다..누가믿냐. .
딱봐도 거짓뉴스인데",0
6796,368,홍장원 지렁이급으로 좀 재밌게 구라쳐봐.,0
6797,368,그런데 실제 행동은 그냥 순순히 잡혀갔네? 어느 쪽이 거짓말 하고 있을까?,0
6798,368,진짜 삼류판타지 소설도 이보단 잘쓰겠네,0
6799,368,"진짜 죄파 이것들은 거짓선동에 도가 텄구냐ㅠ  
호구국민이 속아주니 아주 소설을 쓰는군 ㅉㅉ",0
6800,368,소설을 쓰네 그만해라 이제 안속아 선동질!,0
6801,368,"이제  해도해도 안되니까 마구 소설쓴다.
내란선동 일으켜 멀쩡한 대통령 끌어내리고.
곽종근 홍장원의 거짓진술 다 드러나니 이것들이 미쳤지.  언론들도 공범",0
6802,368,소설을  쓴다.원폭은 없다냐?,0
6803,368,홍장원 지렁이 글자 본 사람은 안다. 이 얼마나 터무니 없는 탄핵결정이었는지..,0
6804,368,언론이 문제임 ㅋㅋㅋㅋ 기자가 중국돈 받고 기사 쓰고 있을 듯,0
6805,369,나라 꼴 잘돌아간다 ㅋㅋㅋㅋㅋㅋㅋ 방위 출신 국방부장관 ㅋㅋㅋ,0
6806,369,이제는 군대도 당나라군대가 되어가는중이구나  에효 !!,0
6807,369,"군은 절대로 이재명을 인정하지 않는다. 대한민국 장성들은 대한민국을 책임을 지는 애국자 들이다.
오히려  군은 갑짜기 변할 수 가 있다.",0
6808,370,미국에서 군말없이 만들라고 허락해줬으니 우린 우리 좋은데서 알아서 만들면 되지 뭘 저리 말들이 많나.,0
6809,370,국내라는말은 없긴없음,0
6810,370,"전 세계국가들이 ""국제법을 어기고 한국이 핵전쟁준비를 하고 있는가?"" 라는 오해받지 마시고 올바른 말을 사용합시다

1. 핵추진 잠수함 : 핵원료를 사용한 잠수함
2. 핵잠 : 핵무기를 탑재한 잠수함
3. 원잠 : 틀린 말",0
6811,371,탈출같은 소리하네,0
6812,371,"서정욱이가 아무리 한동훈 맹비난해봐야... 아무리 생각해봐도, 한동훈이 유일하다. 한동훈이 모든 좌파 상대로 혼자서 싸우면서, 전원 작살해버리는 모습이 너무 대단하다. 좌파 어느 누구도 한동훈에게 덤비지 못하는 모습을 보면서, 이 사람이 큰 일을 해내겠다는 확실한 믿음이 생겼다. 민주당이 공식적으로 사과하는거 처음 봤다. 정말 대단하다.",0
6813,371,극도의 이기주의자 홍준표,0
6814,371,준표나 동훈이는 칠푼이처럼 헛소리하지 말고 김현지 의혹에 한마디씩 해 봐라.,0
6815,371,"자신의 이익만을 위해 ㅉㅉㅉ
 이기적 남탓하기전에 너의 행적을 뒤돌아보고
남을 비방하라.
벼는 익을수록 고개를 숙이고 
나이를 먹었으면 남에게  비방 욕은  하지말아라
 너나 잘하시요 ㅉㅉㅉ",0
6816,371,홍판표영감님 맞아요 탈영! 이제 그만 떠들고 쉬세요,0
6817,371,그냥 탈이다 탈. 탈이 난 존재다.,0
6818,371,탈출했으면 벗어난 집에는 관심 끄고 자기 갈길 갑시다. 창당은 안하십니까?,0
6819,372,김정수기 대통 전용기 타고 인도 타지마할 여행 세금 수억원 낭비 사건 @그래서 대다수 국민들이 분노하고 있는 것이다 👉,0
6820,372,이런 글 보면 이준석이 참 똑똑하고 바르게 생각하고 능력있는걸 새삼 알게되네~ 굿,0
6821,372,인도카레에 돼지  들어가도 됨?,0
6822,372,이재명보다 우월하다!,0
6823,372,관봉띠 쇼핑은 누규~~~~?,0
6824,372,종묘대전 오세훈승.,0
6825,372,이게 바로 정답이다.,0
6826,372,논리정연하다!,0
6827,372,청래당 반박불가 ㅋㅋ,0
6828,372,대통령 전용기 타지마 할매야,0
6829,372,토씨 하나 버릴께 없음.,0
6830,372,이분석 최고 👍,0
6831,372,지방선거 볼만하겠네,0
6832,372,"정수기뇨오온 과 고민정 불법으로 공군 2호기 타고 인도 타지마할 관광에 국고 400,000,000원 탕진하고 그 몸매에 해외 유명 의류와 장신구 또한 청와대 식기류 몽창들고 간것 조사해라!",0
6833,372,타지마할 전용기  증거물로 검찰에 넘겨라,0
6834,372,말은 진짜 잘함 인정,0
6835,372,차기 대통령깜을 흔들려는 정치적인 인간들의 조직적인 움직임.. 국민들은 종묘에 관심없고 주택공급에 관심있음. 부모제사도 잘안지내는데 나라를 망하게한 조선왕들 제사에 무슨관심이 있다고.,0
6836,372,종묘대전ㅋㅋㅋ유네스코 유산으로 등재되면 영광이긴 하지만 지나친 규제로 도마에 오르내리긴 함~ 종묘도 살리고 개발도 할 수 있는 방향으로~,0
6837,372,쓰레기가 간만에 맞는 소리를....,0
6838,372,아무래도 지금 민주당이 지방선거도 손댈라고 하나봄 지금 하는 짓거리보면 뭔가 믿는구석이 있나봄,0
6839,372,시불 문딸 어떻게 된겨. 유튜버들  뒷조사 안하나,0
6840,372,ㅋㅋㅋㅋ ㅋㅋㅋㅋ ㅋㅋㅋㅋ ㅋㅋㅋㅋ ㅋㅋㅋㅋ ㅋㅋㅋㅋ ㅋㅋㅋㅋ ㅋㅋㅋㅋ ㅋㅋㅋㅋ ㅋㅋㅋㅋ ㅋㅋㅋㅋ ㅋㅋㅋㅋ 준석이 화이팅..,0
6841,372,요즘 민주당 하는 일들보면 조선시대 당파싸움 버금가는 치졸하고 전근대적인 정치행태가 너무 지나친듯~~  과거를 고치는것 보다 미래를 설계하고 통합의 정신으로 현재를 치유하고 협치해야하는데 그게 안보인다~~  야당시절부터 그런 행태는 바뀌지 않는다~~,0
6842,372,참 똑똑하다니까~ 우리도 젊고 똑똑한 대통령 좀 가져보자~  지금까진 전부 멍청하잖아~~,0
6843,372,뭔 개 짖는 소리지???,0
6844,372,젓가락으로 확 그냥,0
6845,372,뭐래 이 바보는,0
6846,372,씹~~~~~~세,0
6847,372,ㅋㅋㅋㅋㅋㅋㅋㅋㅋㅋㅋㅋㅋㅋㅋㅋㅋㅋㅋㅋㅋㅋㅋㅋㅋㅋㅋㅋㅋㅋㅋㅋㅋㅋㅋㅋㅋㅋㅋㅋㅋㅋㅋㅋㅋㅋㅋㅋㅋㅋㅋㅋㅋㅋㅋㅋㅋㅋㅋㅋㅋㅋㅋㅋㅋㅋㅋㅋㄱ ㅐ       준석 ㅋㅋㅋㅋㅋㅋㅋㅋㅋㅋㅋㅋㅋㅋㅋㅋㅋㅋㅋㅋㅋㅋㅋㅋㅋㅋㅋㅋㅋㅋㅋㅋㅋㅋㅋㅋㅋㅋㅋㅋㅋㅋㅋㅋㅋㅋㅋㅋㅋㅋㅋㅋㅋㅋㅋㅋㅋㅋㅋㅋㅋㅋㅋㅋㅋㅋㅋㅋㅋㅋㅋㅋㅋㅋㅋㅋㅋㅋㅋㅋㅋㅋㅋㅋㅋㅋㅋㅋㅋㅋㅋㅋㅋㅋㅋㅋㅋㅋㅋㅋㅋㅋㅋㅋㅋㅋㅋㅋㅋㅋㅋㅋㅋㅋㅋㅋㅋㅋㅋㅋㅋㅋㅋㅋㅋㅋㅋㅋㅋㅋㅋㅋㅋㅋㅋㅋㅋㅋㅋㅋㅋㅋㅋㅋㅋㅋㅋㅋㅋㅋㅋㅋㅋㅋㅋㅋㅋㅋㅋㅋㅋㅋㅋㅋㅋㅋㅋㅋㅋㅋㅋㅋㅋㅋㅋㅋㅋㅋㅋㅋㅋㅋㅋㅋㅋㅋㅋㅋㅋㅋㅋㅋㅋㅋㅋㅋㅋㅋㅋㅋㅋㅋㅋ,0
6848,372,종묘논쟁은  어떻해서라도  오세훈이  흠집낼려는걸로밖에  안보인다,0
6849,372,짜져라 플리즈,0
6850,372,종묘를 개뭐겉이 보고 있구나.,0
6851,372,준석이 씹는놈들 참많다. 좋은것 잘난것 본받고 배워라. 자격지심 찌든 루저들아.,0
6852,372,"실력없는자들 말이 많고, 찌질한자들 끼어들기 잘하고,  자질은 부족하니 어느날 사라지고...",0
6853,372,"젖가락은  뇌가 없나?
비유가 적절하다고 생각하니?",0
6854,372,사진 안찍으면 아무것도 아닌가? 뭔 논리가 저 따위야 성상납은 진짜지?,0
6855,372,ㅎㅎㅎ  젓가락이나 빨아라!!!  시끄러뭐  임마!!!,0
6856,372,관봉띠돈다발~~~~~~ 은?~~~~~~~,0
6857,372,같은 말이라도 참 짜증나게 하는 친구!,0
6858,372,젊은놈이 정치는 객기나 혐오로 하는게 아니다.준석이는 처음부터 싸가지가 없었다.,0
6859,372,시끄러 인마,0
6860,372,오! 젓가락 납셨네  ...   숟가락 얹을려고하네  얕삽한 놈,0
6861,372,솔까 경복궁은 들어봤어도 종묘의 존재는 첨 들어본다.    종묘가 뭔데?    과거 도룡뇽이 어쩌구 하던 좌파들 생각나네..,0
6862,372,말이냐 방구냐 타지마할 하고 종묘랑 같냐. 종묘가 어떤곳인지는 알고말하는거야? 모르면 건희한테라도 물어보고말해라.,0
6863,372,종묘를 사진 뒷배경 정도로만 생각하는 천박한 극우적 인식. 지딴에는 이슈에 신박하게  숟가락 얹었다고 생각했을라나?  말장난 수준에 그치는 행태가 참 기가 차구만. 그냥 코파면서 매화나무나 심으며 사진이나 찍는게 어울 리는 수준의 인간인거 같어,0
6864,372,"너에게는 딱 한마디 "" 시끄러 임마! """,0
6865,372,시끄러워 임마,0
6866,372,이준석 니는 가만 있어라마 ㅉㅉㅉㅉㅉㅉㅉㅉㅉㅉㅈㅉㅉㅉㅉ,0
6867,372,"뭔 쓸데없는 말을 장황하게 늘어 놓는지?
밥이나 먹어라",0
6868,372,얜 늘 말과 글이 길어서 말과 글에 힘이 없어,0
6869,373,솔직히 홍카는 박쥐컨셉이 심해서 별로..,0
6870,373,"당 입장에서 보면 탈영, 탈영병이 하는 변명은 탈출",0
6871,373,대통령후보 경선에서 탈락 하자마자 탈당한 것이 탈출이냐?  이건 탈영도 아니다. 경선불복이다.  탈당하고 몸 담았던 당  비난하는 역겨운 인간  홍준표,0
6872,373,똥훈이 똥줄타나보다 지난날 과오가 서서이 드러나니 방어는 안되고 준표 붙들고 말장난 안타깝다,0
6873,373,유유상종   기회주의 위장우파들 ㅉ,0
6874,373,동훈아그냥무시해버려라.뭘상대할가치도없는놈한데일일이대꾸하냐..그냥그런놈이라생각하고무시해라.,0
6875,373,탈영이 아니고 탈출? 누가 그러던데 '개'라고. 사람취급해주니 스스로 개라네.,0
6876,373,한동훈 버꺼진 싸가지 좃도업고 의리도  졸라업는세끼,0
6877,373,국짐당 탈출은 지능순이다. 내란당은 해제가 수순. 홍준표님 화이팅,0
6878,373,탈영이든 탈출이든 도망임. 지 살라고 도망간거임. 비겁한 늙은이!! 그래서 이재앙 찬양하냐??,0
6879,373,탈영이나 탈출이나 저혼자 잘살자고 나간 늠,0
6880,373,제일검 동후니형~  홍할배랑 역이지 마세요~~~ 홍할배는 경로당 대표 ㅋㅋㅋㅋㅋㅋㅋ,0
6881,373,탈영아닌 탈출이란다 한가발 넌 어케도 무야홍 못이긴다 어디서 한단어 줏어 갖다 부쳐도 안된다 ㅋㅋㅋㅋ,0
6882,373,"준표야 ~  재명이한테 ""  가짜 총각 ""  "" 공짜 연애 "" 라고 다시 해봐라 ! 쫄아서 못하겠지 ?",0
6883,373,리틀 윤석열이 한동훈 아니가?  배산자 중 배신자~,0
6884,373,마약 수사 무마 시킨 놈은 사형 시켜라.,0
6885,373,침몰하는 난파선에서 생쥐 두 마리가 싸우는 것 같아 참 볼썽 사납네,0
6886,373,윤석렬 한동훈. 이두놈이 국힘으로 오고나서 보수가죽고 나라가죽고    홍준표는대통령을도둑맞았다,0
6887,374,대한민국 말아먹고 해쳐먹고 국민들   거지로 실업자 백수 넘쳐나게 해놓고  국민들   쓰레기 통   뒤지게    만들고   있는   중국 부정선거로 대통령 해쳐먹고 있는 전과5범 범죄자 매국노 독재자 가   어디까지   대통령 해쳐먹게 두고 볼것인가   국민들   자유을   빼앗고   국민들   눈  가리고 귀막고 덮으려고 하는  전과5범 범죄자   끌어내려 사형 시키고   대한민국   수호하고 국민들 자유 지키기 위해   싸워서   이길  새로운 대통령 빨리 찾는게 이게 국민들 최고의 정의 실현 이자    범죄자 심판 이다,0
6888,374,쓸개주고 간빼주었으니 ... 이 정권 망할 날만 남은듯 ~~~,0
6889,374,협상을 한건지? 요구조건 수용을한건지? 진짜 한심한 대통령과 정부. 무능의 극치다.,0
6890,374,미국에 현금 900조 주는 거라며?? 재맹아 너 탄핵이다,0
6891,374,한마디 : 외교망했다,0
6892,374,그냥 국민들빚더미에앉힌것,0
6893,374,진짜 니들이면 잘했어 ?  트럼프를 니들알어 ? 그저  까려고먀 하는  채널A수준 잘 봤다,0
6894,374,"600조 한해 국가예산을 갖다바쳤네.
이런걸 상호무역이라고 할수있나? 이건 무역이아니라 선제 관세100프로로 한국산제품을 갖다바치는 수준이네",0
6895,374,쫄딱  망햇다  ㅋ   날짜는  없잔어  ㅋ ㅋ,0
6896,374,항공기 부품은 전부터 관세가 없었는데 철폐됐다는게 무슨 뜻인지~,0
6897,374,어 임마😮현대차🇺🇲에 안팔린다😮임마😮머스크가 7000💰짜리 하늘을 나르는 인공지능 승용차 만들었다😮임마😮7000💰짜리😮임마😮,0
6898,374,역시 외교천재 이죄명. 방위비에 1조에서 47조로 괴멸적 증액ㅎㄷㄷ,0
6899,374,"자동차도 2.5%일본,유럽보다 불리한 조건임, 똑바로 알고 써라",0
6900,374,지은아  왜 사니? ㅉㅉ,0
6901,374,선방? ㅋㅋㅋㅋㅋㅋㅋ,0
6902,374,디테일.  즉 언제 시작이며 핵연료 조달 방법은 알 수 없다는게 팩트.,0
6903,374,윤거니 똥개 짓거리하는 2찍 빤스견들아!!!...요번에는 뭘로 또 딴지걸고 자빠질거냐??...시궁창 같은 넘들...ㅋㅋㅋㅋ,0
6904,374,핵추진 잠수함 미국 기관들 승인받고 건조까지 기약없을듯 애초에 기대는 않는게 정신건강에 좋음,0
6905,374,"언론 새끼들이 가장 문제임. 팩트시트 가 대단한 것인냥 말하는데, 합의문 전에 내용 조율하는 것 뿐이다. 다른 나라는 이미 합의문에 양측 모두 싸인하고 사진까지 찍어올렸다. ""싸인 안해도 될 저도로 합의 잘됐다"" 라고 입털던 드럼통실 댜령통 찢이 지금 하는게 합의냐? 조공이자 무능함의 끝판왕이지. 닥치고 일본처럼 합의문 가지고 와보라고!",0
6906,374,까고 싶어 미치겠는데 깔게 없어 부들거리는 기자의 마음이 전해지는 기사 잘 읽었습니다.,0
6907,374,전세계 최고의시장 미국에서 물건을 마음껏 팔수있다는게 진짜 다행이고... 그토록 원하던 핵잠보유  특히 우리나라에서 만든다는것도 미국이 우리나라의 조선군함 기술을철저히 인정 해줬다는게 너무 기분좋습니다 진짜 잘된 협상입니다 핵잠을 우리가 만든다면 전 세계 핵장시장에서 Top이 될것입니다 벌써.  각국에서 잠수함 문의가 폭주한다네요,0
6908,374,구킴것들은 트럼프나 미국 욕은 안하고 한국정부만 욕한다. 친일적발이 후예들답다.,0
6909,375,대장동 우두머리  이재명이지. 더불어 민주당이 이재명방탄을 위해 8000억원 환수를 포기했지. 더불어 범죄당이 검찰을 압박해서..,0
6910,375,몸통이 다가져갈듯,0
6911,375,무식한 구킴것들이   다 그렇게 믿고 있다해도 소위 법조인 출신들로 구성된 구킴당에서는 이따위 개소리 하면 안되지.,0
6912,375,울나라에 국짐 인간들은  복한에서 살아야한다~!!!!!,0
6913,375,한쪽은 범죄집단~다른 한쪽은 내란동조집단~나라꼴 잘 돌아간다,0
6914,375,국힘 윤석열이가 담당였는데 윤석열한데 물어봐라,0
6915,375,퇴직금 50억이나 토해내라고 해.....주접들 떨지 말고......,0
6916,375,"성남에서 7천억 해 먹고, 사기로 대통령되서 7조, 70조 해 먹을텐데,,,,   다 해먹고 난후에 알것지. 그리 됐다는 걸....7천조 일지도 모르것다, 나라를 거덜내고 있으니.",0
6917,375,대장동 일당은 윤석열과 그수하 검사들및  인척관계~~~~ㅋㅋㅋㅋ,0
6918,375,2찍이 짜사들은 뉴스도 안보나. 윤석열비리. 국힘당 조작으로 밝혀줘 있는데 그런 것도 안 보고 2칙기들은 무조건 욕하는구나.  앞으로 허위나 이런 댓글 강력히 조치를 한다고 하더라. 조심해서 말을 하거나,0
6919,375,이재명이었으니 그나마 엄청 회수한거다,0
6920,376,휴전국에서 방위병이 뭐하는 거냐. 촌극이 따로 없다,0
6921,376,전작권전환은 우리가 핵보유 했을때 가능하다.머리위에 핵보유국 북한 중국 러시아가 우리를 호시탐탐 노리고 있다. 자주국방 씨부리며 전작권전환을 씨부리지만 사실 전작권 전환이되면 한미 군사동맹 이 깨질수있다. 특히 이죄명 정권은 정체성이 에메모호하고 중국공산당을 추구하는건 확실하다.,0
6922,376,뭔 헛소리?? 전작권 전환 결사반대!!,0
6923,376,625 한국전쟁도 한반도에서 미군이 철수하고 북한이 남침한건데 빨강이들 광주폭동 주동자 김대중 뇌물받고 번지점프 하면서 자살했던 노무현 빨강이 문재앙같은 공산주의자들처럼 북한이 또 남침하라고 길을 터주는구나 ㅋㅋㅋㅋㅋㅋㅋ,0
6924,376,방위....  에휴,0
6925,376,"핵이 있는 적 북한을 앞에두고 전작권을 받아서 뭐하게??? 총들고있는 놈한테 몽둥이들고 뭘하게???미국ㅈ과 협상???팩트는 한국 해군작전계획과 동떨어진 핵추진잠수함 건조미끼 덮석 문 멍청한 찢...그댓가는 자동차관세 0%에 15%인상, 미군방위비 미군무기구입 100조, 미국투자에 투자 1000조....미국에 전폭적으로 빨린 협상을 가지고 쌀 소고기 관세 유지한게 잘한거야???",0
6926,376,정치를 감정 기분으로 하고 있으니 현실적으로 전작권 주면 중공 러시아 상대로 뭘 하게? 순진한 국민들에게 객기만 심지 말고 정신 차려라 사기꾼들아,0
6927,376,전작권이란 것이 바로 북한의 침공시 우리에게 미군을 전투에 참여케 하는 인계철선이란 걸 왜 모르는지? 방위 출신이라 그런가?,0
6928,376,"전작권 가져오면 미국은 해외 전진기지 하나 없어지는 건디 놓을려 하겠나
전진기지에다 방위빅까지 받고 있는데.
 사드는 지금도 미군이 운용하지",0
6929,377,저따위가 일국의 대통이었다는 게 전 세계적으로 망신이고 내란 수괴 윤빤스는 대한민국을 쑥대밭 만들어놓고 자기 살기만 바쁜 사람 이임 내란당 역대 조선 제일 찌질한 대통이었다 미꾸라지는 잡아서 추어탕을 끓이면 미끌대지 못하지. 법꾸라지도 그냥 처형해 버리면 잠잠해짐,0
6930,377,젊은 생명을 앗아가고도 오리발 내미는 이런 자가 국군통수권자? 에라 이게 이종섭 혼자 독단으로 할 계획이 절대 아니지.. 국방부 장관이 채해병 수사를 맡고 있는 해병대 수사단을 해체시키려고 했다..? 이종섭 위에 누가 지휘 조종 했는지 다들 알겠지 옥 안에 있는 걔잖아 ㅋ,0
6931,377,증거빼박 내란수괴 10써열 법적최고형 사형 무기징역 감옥에서 생을 마감 시켜야한다 공감하시면 추천합니다 👍 국민의명령이다,0
6932,377,저놈때문에 국힘이 진짜 해산될것 같음. 진짜 답이 없다,0
6933,377,내란수괴 모지리 사형가자 👍 👍 👍,0
6934,377,지금 사법부는 내란비호단체로 전락해있다 지귀연이 실실 웃으면서 내란범들 의견 다 수용해주고 교묘하게 아니 드러내놓고 내년으로 연장시켜서 내란수괴 우두머리 윤석열이 풀어주려한다 검사들뿐아니라 판사들도 파면 시킬수있는 징계법을 시행하라 사법부 폐지하라,0
6935,377,이런자를 왜우리는 대한민국 대통령 이라 찍어서. 이런비극에 . 사태가. 혼란을부추키나. 전국민 피곤하다. 빨리 사형집행해서. 끝내라,0
6936,377,국민이 위임한 권력을 사유화하려 했던~아주 나쁜 者입니다~!! 이런 표리부동한 者에게 윤어게인 외치는 者들은 뭡니까?,0
6937,377,"시골 동네 이장을 했으면, 욕을 바가지로 쳐 드시고 쫒겨 났을텐데, 아깝다.
  지 한몸도 모자라서 단군 이래 희대의 조강지처와 함께 국가와 민족의 가슴에 자랑 스러운
 인두 도장을 찍었으니, 감탄을 넘어서 경악
 그 자체로 역사 책에 길이 남아 후대의 교훈이
 될 것이다. 그 보상으로 형법이 정 하는 최고형을
  감사히 받고, 혹시 모욕 감이 느껴 지면
  알아서  처신 하라.",0
6938,377,먼들 안했겠니??,0
6939,377,아무리 생각해도 2찍들에게 분노가 치민다!!! 저런 놈을 뽑고도 이번 대선에서 40% 넘는 표를 국힘에게 준 것들을 난 용서할 수가 없다!!!,0
6940,377,"국민들이 얼마나 힘들게 그 쓰레기 윤가놈을 끌어내렸는지 안다면, 지귀연판사놈의 시간 질질 끌며 수작거리 하는 행위만으로도 그 놈은 죽어 지옥가는 것이 마땅하겠다",0
6941,377,보통의 지휘관은 자기를 따르던 부관들은 보호하고 싶어한다. 모든게 지휘관인 내 잘못이니 나의 명령을 따른 부하들에겐 선처를 베풀어달라고 부탁한다. 하지만 저사람은 지금 자기 때문에 붙잡혀 온 부하들을 거짓말쟁이로 몰고 단어 하나가지고 꼬투리잡고 주장싸움을 하고있다. 비록 불법적인 계엄으로 결론났지만 난 후회하지 않고 부하들은 풀어달라고 했다면 그래도 소신은 있던 또라이였구나 하고 사람들이 최소한 동정은 했을것이다.,0
6942,377,진짜 빨리사형시키고 화장하자. 구역질이나서 몬살겄다,0
6943,377,광화문광장에서 돌팔매형에 처하라,0
6944,377,정상적인 방법이 아닌 편법이 난무하는 국정운영을 해왔던 빤스윤. 당신은 참으로 저급하고 무능하여 국민은 안중에 없던 사람이구나. 아직도 그를 옹호하며 내란은 없었다고 외치는 자들은 묻지도 따지지도 말고 수사하여 처벌했으면 좋겠다.,0
6945,377,북한될뻔,0
6946,377,석열이. 인간자체의 본모습이. 참의로안타깝고. 수치스럽기짝이없구나 인간의탈을쓰고. 금수같은짓만하고있의니. 지금그모양그꼴아니냐. 자업자득이다,0
6947,377,"이인간  관여 안한곳이 없네 
국정은 안하고  이상한짓만했네",0
6948,377,윤석열은 국민을 죽이는 대통령이었다. 사형시켜야 한다.,0
6949,377,젊은 군인의 억울한 죽음에 책임져야 할 자를 위한 격노에 이어 수사 외압으로 진실을 은폐하고 박정훈 대령을 항명죄로 엮는 것도 모자라서 해병대수사단까지 해체시키려고 했다니 도대체 왜 이런 조폭만도 못한 작자가 한때 일국의 댓통이었다는 말인가? 자신의 죄상을 은폐할 목적으로 국가적인 시스템까지 완전히 망가트리려고 했던 자에게는 사면 없는 법정 최고형만이 답이다.,0
6950,377,"빼박 이네요. 철저한 수사 을 촉구 합니다,.",0
6951,377,당선무효급 범죄를 저지르고도 뻔뻔하게 권좌놀이 했다는게 정말 울화가 치민다. 다시는 저런일이 일어나지 않도록 단죄해야한다. 사형집행만이 답이다.,0
6952,377,조희대와 그판사들!!!  아직 한글을몰라서 판단유보하려나?,0
6953,377,윤석열 은폐했구만😤🤬,0
6954,377,"10석열 덕에 많은 게 개선되고 있지만, 볼 때마다 토나옴. 드럽다고 피하지말자! 이번엔 끝까지 청소하자",0
6955,377,"저런놈을 대구경북에서는 엄청좋아해요.
  대구경북은 항상 나이스다~~~",0
6956,377,숫자 5 아님?? 가짜뉴스 짬깨터는비씨,0
6957,377,조작,0
6958,377,검사 본능이 있구나. 대놓고 찍어누르며 외압하네. 진짜 봐주면 안된다!,0
6959,377,대가리도나쁜소대가리가 참 더러븐짓진짜많이도  해놨다 저거주변까지 정화하고 정상화 할려면  엄청나게 힘들고 시간많이 걸릴듯  아무리 힘들어도   저것들은  다 삭제하고  가야할듯  이나라의  백년대계를 위해,0
6960,377,쓰레기중에 왕쓰레기,0
6961,377,"까도파도 계속 나오네 할줄아는 말은 자유자유자유 속으론 독재독재독재,,",0
6962,377,'안보는 보수' ㅋㅋㅋㅋㅋㅋㅋㅋ,0
6963,377,그런데도 아직 우리가 윤석렬과 국힘에 시달리고 있으니 기가 막힙니다.,0
6964,377,"법을배우고 법에의해 검찰총장까지오른자가 어떻게 법을무시하고 왕노릇을했을까?
저건 상식으로판단안되고 인간근본이잘못된 유아독존형폭군의정신세계인듯하다
그러니 검사와 검찰총장시절 사건관련자들에게얼마나많은피해를입혔을지가궁금하다",0
6965,377,저 작자 엄청 오래살겠어 벽에 똥칠해가면서 200살 까지 살듯.,0
6966,377,석열이는 재판 한번 할때 마다. 유격훈련 1회씩 하면서 재판하자. 저거 완전 더라이다.,0
6967,377,저렇게 철판깔고 구라도 잘치고 술도 잘마시면 총장되는구먼~ㅋㅋㅋ,0
6968,377,정권에 눈이 멀어 저런 물건을 대통령 후보로 내세운 쓰레기들...,0
6969,377,아직도  윤석열 내란  세력들이 곳곳에서  기회을  엿보고 있다니 살기위함 이면  진실을 말하고 죽기을  과고하면  거짓으로 말하라!! 윤석열 떨거지들,0
6970,377,끝났ㄴㆍㅋ,0
6971,377,"향단이 박그네는 해경을 해체했고 내란수괴 윤뚱열은 해병대 수사단,국회를 해체하려  했다. 그건희 알고 싶다🙄",0
6972,377,조작티비씨 지박령들은 판타지세계에서 계속 살아라 멍청한놈들,0
6973,377,캬 역시,0
6974,377,또 오리발 내밀겠죠...?,0
6975,377,"내란수괴 윤석열 뭣같은 놈 깜빵에서 평생 못나오게 해야한다 
내란수괴 윤석열 총부리를 국민들에게 겨눈놈",0
6976,377,하! 저것들을 향해 욕하고 싶어집니다. 욕하면 저의 입이 지저분해져서 안하겠습니다.쓰레기입니다,0
6977,377,쓰레기것들 …,0
6978,377,그냥 무기징역이랑 사형 같이때려라,0
6979,377,젊은이의 목숨을 앗아가는 자를 지지하는 젊은이들 니네도 같이 죽고싶어 그러지?,0
6980,377,딱 싸대기 열대만 때리고 싶다 주먹으로,0
6981,377,내란수괴 사형이다 사형,0
6982,377,현대통령은 국격을 키우고민심을 돌보는데 열일인데... 저기 어떤모지리 새끼는 나라망가뜨리고 음모나 꽤하고 국격떨어지는  짓이나 골라 쳐하고... 달라도 너무 다르다...,0
6983,377,내란당 지지자들 이런거 보면서 욕하는 애들 단 한명도 없음.,0
6984,377,똑같이 검사해체,0
6985,377,전쟁까지 할려고 한놈인데 이런게 사람새끼냐!,0
6986,377,세상이 떠들 석 하는데 지금까지 아무 소리도 않고 있다니 ? 기가 찰 일이다,0
6987,377,"뻔뻔하기가   그지없다~
적어도 인간이라면 일말의 양심이 남아있길 바랬는데....
저런걸 대통령이라고  뽑아주었던 너희도 똑바로 바라보기를 바랄뿐 ...",0
6988,377,조국 털듯이 털어!,0
6989,377,지렁이 그만해라!,0
6990,377,역겹다. 윤석열,0
6991,377,ㅋㅋㅋㅋ 동네 양아치들 ... 보스는 나는 모른다 애들이  알아서한거다. 동생들 헉 이c발 배신감에 첨부터 말하겠습니다 ㅋㅋㅋㅋ,0
6992,377,이제 남은건 사형이네 잘가라 징글징글해도 너무 징글징글했다,0
6993,377,드러나지않은 개차반 뻘짓이 한트럭은 되겠군,0
6994,377,윤똘 말대로 이자슥과 탬버린 세력들을 쏵 쓸어버리면 좋겠습니다. 이들에겐 민주적인 시스템 혜택은 필요없습니다.,0
6995,377,빼박이네. 추하다. 윤씨.,0
6996,377,"저 따위 부부한테 3년을 맡기다니!
정신들 차리고 다시는 저런 악한데 무능한 인간들에 지배당하지 않게 정신들 차립시다!",0
6997,377,JTBC 문닫기전  중공 텐센트 1천억 투자받은 대단한 방송국 ^^,0
6998,377,대장동 사람들 몇천억 추징보전 풀어달라고하네요. 그냥 수백억~수천억 꼴깍이네... 멋지다..,0
6999,377,허구헌날 윤석열바라기 JTBC,0
7000,378,이재명 대통령께서 너무 잘 하시니깐 2찍이 친일파는 매일 뿜는다.,0
7001,378,"국짐 내란당은  이재명대통령이 너무 잘해서 배아프겠다,  망하라고 짖어대는 어리석은 2찍들,",0
7002,378,"안보는 보수라고 떠들지만 현실은..망원경 뒤집어보고,보온병보고 폭탄이라고 하는게 보수 꼴통들이 하는짓거리다. 청와대 지하벙커 위치나 알려주고, 멀쩡한 국방부 내쫓고 지 집무실로 쓰고, 북한에게 맨날 미사일만 처 맞았지..또 주말에는 통수권자 윤석열은 보이지도 않았다..그런데도 정신나간 노인네들은 아직도 간첩 타령이나 하고있다..뭐 머리에 든게있어야 생각이란걸 할텐데..노인네들 정신나간 이유가 다 조중동을 주축으로 한 xxx 언론들 때문이다. 무식한 노인들 대상으로 삐끼질 수준으로 현혹시켰으니 이것들이 나라를 망친 주범인거다.",0
7003,378,친일보수 2찍분들 들으세요 반대를위한 반대와 생트집으로 일관하는 국힘은 죽은당입니다 윤석렬3년 술마시고 뇌물먹고 비상계엄말고 뭘했나요 상식적으로 생각하시고 매국노짓은하지마세요,0
7004,378,나라에 대한 최소한의 애국심도 없는 국힘과 2찍찍이들 땜에 마음고생 많이 하고 애쓰셨습니다,0
7005,378,핵잠수함 가능한 것만 해도 엄청난 안보 성과인거다. 이제 김정은은 핵무기 가지고 있어도  편하게 못잔다.,0
7006,378,이쪽은 이재명아바이 추종세력들이 잘한다고 난리다,0
7007,378,수고하셨습니다 정말  감사합니다,0
7008,378,2찍이들은 조.중.동에서만 놀아라.  기어 나오지마라.,0
7009,378,누가보면 핵잠만 협상한줄 알겠네.,0
7010,378,윤썩렬이같았으면 폭망이었다 이재명의 1%도 못따라가지 어ㅐ? 술퍼마시기 바쁘거든 무식하니  할줄아는게 술마시느거지뭐...,0
7011,378,이런것도좋지만 내란정국에 눈치보지마시고 더적극적으로 검찰이든 법관이든 강하게 뿌리뽑아서 국민들 화좀시원하게 풀어주세요 하는행태들을보고있으면  화가치밀어견딜수없네요 너무하다싶을정도로 강력하게 뒤에는 대다수의 국민들이있습니다,0
7012,378,"이재명 아무리 잘해봤자 민주당이 똥볼차고 있어서 
지지율 안나오고 지방선거도 망길로 가는중",0
7013,378,"잠수함의 위성 감지는 위성(특히 SAR 위성 등)이 수중에서 잠수함의 움직임이나 존재를 감지하는 첨단 감시 기술을 의미합니다.ㆍ
위성 감지의 주요 방식ㆍ고해상도 SAR 위성: 650km 상공에서 1m급 해상도로 지구를 관측하며, 해저 잠수함의 작은 움직임이나 구조도 식별할 수 있습니다. 이 기술은 구름, 야간, 악천후에도 표적을 정확히 감지합니다.",0
7014,378,지 성질하나도 제대로 못다스리는 수양이 덜된 미숙아가  어쩌다 대통령까지 해먹고 아직도 저 머저리를 윤어게인 떠드는 관종들은 뭐야 개만도 못한것들아,0
7015,378,"한미원자력 협정개정이나 새로운 협정 체결이 필요할 수 있고 후속적으로 미 의회 승인 절차, IAEA 검증 문제 등도 거쳐야 합니다..    이게  무슨 말?  확정 아니야? ㅋ",0
7016,378,이재명과 민주당을 지지하지만ㆍ오늘 새로 발표한 미군과 미국무기등 오늘 새로 발표한 580억불씩은 너무 오버한거 아닌가? 관세협상 3500억불 외에,0
7017,378,"오늘 갑툭튀ㆍ미국산 군사 장비 구매에 250억 달러를 지출+위성락 ""주한미군 330억불 지원, 방위비 분담금 등 계량화한 것""= 새로운 580억불은 왜 생긴건가? 잭스미스와 종교탄압? 이재명 미국에서 봐주기용? 설마",0
7018,378,잘 된 결과라고 착각햇구만. 나타난거 보니.,0
7019,378,음 일단 뱉어놓고 내가 언제  이런 자세인건가 좌파들이 잘하는,0
7020,378,재수 없는 저 짐승좀 치워라!,0
7021,378,특기가 버티기라 재판도 그렇게 도망다니고 버티기 시전했나봄? ㅋㅋ,0
7022,378,재판 버티기 하지 말고 재판 받고. 김현지 특검 합시다.,0
7023,378,뭐하나 성과도 없이 줄거 다주고 ~ 뭐 버티기 ㅎㅎㅎㅎ 이 증말 국민을 개돼지 수준으로 보지 않고서야 저리 혹세무민 ㅋㅋㅋ,0
7024,378,협상의 달인 재난의 달인이라면서 뭘 버텨 그건 모지리 못하는 거야 대통령감이 아닌거야 총리야,0
7025,378,재판도 버티기하는 중인가요 ?,0
7026,378,입만열면 시기치는 개통령을 라도와 개딸외엔 믿는국민 1도없다 하두 속아서리,0
7027,379,잡범의 돌려막기식 뻥시트!,0
7028,379,재명아 중국이 우리서해바다에 구조물설치한거나 치우라 해라  야금야금  한국을 먹으려는 수작이다!!,0
7029,379,중공 눈치 쉐쉐 중공 속국,0
7030,379,언론들아  1년전 뭔일이 있었는지   예전 기사나  찾아라  신발 욕이 절로 나오는데   잘했다고?  싸게 끝날껄  비싸다니 굴욕외교라니 난리 부르스 춰놓고 지금 수십배는 더주는데  야이 신발 나라 색이야,0
7031,379,전과사범의 이력과 친중이력이 합쳐지니 천조국 입장에선 미국에서 건조하길 바래는거지,0
7032,379,"리재명의 농산불 전면개방 환영합니다
나도 저렴한 미국 깔로쓰쌀  먹고 싶어요
이제 김제평야는 태양광으로 뒤덮이게 해야 합니다",0
7033,379,"러시아가 침공한 우크라이나지역엔 러시아와 관련된 민족이 많아서 러시아는 영토수복명분으로 침공한건데 ,   대만은 거의다가 중국민족이니 중국이 확실한 G2로 자리잡는순간에는 대만국민들의 자발적의지로 동독처럼 중국이 된다는거다 , ,  미국은 중국을 WTO가입시키면서 G2,로 키워준것과 똑같은 결과를 대만서도 볼수밖에 없다는거니 참으로 아이러니함을 느끼면서 그때가 되면 더이상 미국이 G2가 되다는것이니 가슴이 아프다 , , ,",0
7034,379,무조건 부정만 하는 이완용의 후손들  자기만족이나하며  부정만하다  늙어  가시길,0
7035,379,다 계획이 있는거겠지 양다리,0
7036,380,"완전체 자주국가로의 행보,,,
군작전권 없는 유일한 국가 한국

부끄러워운줄 모르는 식민지피지배 노예근성",0
7037,381,나라망하길 바라는 찍찍 2찍들 배아파서 죽겠네 ㅉㅉㅉ 못믿는게 아닌 안믿는것들 ㅉㅉㅉ,0
7038,381,나라가 망하길 바라는 내란견들은 미국과의 모든 협상이 대한민국에 유리한 국면으로 흘러가고 있는 지금 이상황에 몹시 실망하고 멘붕상태에 빠져 뭐라고 짖어댈지 감을 잡지 못하고 있는 중이다.,0
7039,334,"**양부남 의원, 내란특검·대장동·광주 예산·형법 개정 논란 한눈에**",1
7040,334,**요약**,1
7041,334,"양 부남 국회의원은 내란특검의 필요성, 대장동 사건에 대한 입장, 광주 2026년 예산 확보 방안, 그리고 허위사실 명예훼손에 관한 형법 개정 논란을 한 번에 설명했다.",1
7042,334,**내란특검 필요성**,1
7043,335,민심이 가득 차오르는 현안이지만 공정한 조사와 투명한 설명이 필요하다 국민이 기대하는 정의가 실현되길 바란다,1
7044,335,노 대행의 사의 표명은 한 걸음에 불과하지만 국민은 실질적인 책임과 명확한 진실을 요구한다 정의가 깃든 결정을 기다리는 우리는 변화를 원한다,1
7045,335,정성호 장관의 역할이 핵심이지만 모든 관계자들이 책임을 지는 자세가 필요하다 투명한 과정을 통해 국민의 신뢰를 다시 쌓아가길 바란다,1
7046,335,검찰의 독립성을 지키는 것은 모든 시민의 권리이며 이번 사건은 그 가치가 다시 확인되는 계기가 되어야 한다 정당한 절차와 투명한 조사로 모든 의심을 없애자,1
7047,336,정권의 이런 갑질이 젊은 세대의 불신을 불러일으키는 건 너무 안타깝다 이런 상황은 우리 모두가 목소리를 높여야 할 때다,1
7048,336,선택지가 제시됐어도 답이 정해졌다면 그건 정권의 명확한 지시였다 우리는 이 상황을 눈여겨봐야 한다,1
7049,336,검찰과 법무부의 관계를 제대로 이해하지 못하면 국민이 사기 당한 기분이 들 수 있다 정확한 정보가 필요하다 그래서 우리는 계속 주시해야 한다,1
7050,336,이런 사례가 반복되면 결국 민주주의가 흔들리기 시작한다 우리는 목소리를 높여야 한다 투명한 정치를 요구하며 앞으로 나아가야 한다 지속,1
7051,337,노 검찰총장 직무대행이 사의를 표명한 건 책임을 지는 용기로운 행동으로 보인다 진정한 사과와 반성의 자세가 필요하다,1
7052,337,대장동 사건이 국민에게 불신을 심어주는 만큼 검찰 내부 결속력이 더욱 필요하다 투명한 절차가 필요하다 계속될,1
7053,337,정치권의 수사지휘권 논란이 오히려 검찰의 독립성을 흔들고 있다 법무부와의 관계를 명확히 해야 할 필요가 있다,1
7054,337,노 대행이 사퇴를 결심한 것은 무거운 책임을 인정한 것이지만 앞으로 검찰이 체계적인 개혁을 진행해야 한다,1
7055,338,정성호 장관이 검찰 자율성을 존중한다고 말하지만 실제로는 어떻게 판단될지 궁금하다,1
7056,338,대장동 사건 항소 포기 논란이 계속되면서 국민들의 불안이 커지는 것 같다,1
7057,338,정관장님이 외압이라 주장하면서도 내부 반발이 큰 상황 신뢰 회복이 필요해 보인다,1
7058,338,검찰 내부의 의견 차이가 너무 크게 드러나서 한 번 더 공정한 절차가 요구된다,1
7059,339,대장동 사건이 이렇게 복잡해진다니 너무 안타까워요. 정당 간 갈등이 끊이질 않네요.,1
7060,339,노 검찰총장 대행이 사의를 표명한 것이 국민의 신뢰 회복에 도움이 될까요? 조금이라도 투명하게 설명해 주셨으면 좋겠어요.,1
7061,339,정성호 장관과 진실 공방이 이어지며 정치권의 파장이 거세다. 하지만 결국에는 법이 먼저인 것 같아 안심이 되지 않는다.,1
7062,339,"대장동 사건이 정치권을 통해 무거운 물음표를 던진다. 국민은 진실을 바라며, 정당은 책임을 물을 때까지 숨을 죽이지 않길 바란다.",1
7063,340,검사들의 사표는 절대로 수리해서는 안 되는 상황입니다. 정당한 절차를 지켜야 합니다.,1
7064,340,"항명 문제로 인해 정치인과 검사 사이의 갈등이 심해졌는데, 공정한 처리가 필요한 시점입니다.",1
7065,340,"검찰도 공무원이라 특혜는 없다는 말이 진실이라면, 우리 사회의 신뢰 회복이 시급합니다.",1
7066,340,"사표 수리는 민주주의 기본 원칙을 흔들며, 정당과 국민의 신뢰 회복이 필요합니다.",1
7067,341,대통령실의 입장에 부담이 느껴져서 내 생각은 사안이 복잡해 보여도 정직이 필요하다고 생각해요,1
7068,341,검찰 내부의 반발이 격렬해 보여도 책임을 묻는 분위기가 필요해요 모두가 솔직해져야 합니다 더욱 바람을 더합니다,1
7069,341,우상호 수석의 발언이 무슨 의도로 나오든 비난이 아닌 재건이 필요해요 대통령실의 일관성 있는 대응이 국민을 안심시킬 수 있어요,1
7070,341,노 대행의 사의 표명이 결국 정치와 사법의 분리라는 메시지를 전달하는 것 같아요 이런 상황이 반복되지 않도록 체계적인 개혁이 요구돼요,1
7071,342,정확한 사실을 알지 못해 납득이 안 되는 부분이 많아 공감이 갑니다 그동안의 논쟁 속에서 모두가 정당한 질문을 하고 싶어 하는 마음이 느껴집니다,1
7072,342,여러분이 느끼는 불편함이 그대로 기사에 담겨져서 안타까운 마음이 듭니다 이런 상황에서도 우리 모두가 서로를 이해하고 대화를 이어가야 합니다,1
7073,342,정성호 장관의 입장과 나경원 의원의 비판이 충돌해 사실과 의혹이 복잡해져 우리 모두가 이해해야 할 일이 많아졌습니다,1
7074,342,이런 정치적 논쟁 속에서도 우리는 사실에 근거한 공정한 판단을 내려야 하고 서로의 목소리를 존중해야 한다는 점이 가장 중요합니다 특히 서로 다른 입장을 가진 사람들이 대화와 협력을 통해 문제를 해결해 나가야 한다는 점을 기억합시다,1
7075,343,현관 사진 요구 같은 일이 늘어나 혼란만 커지네요 실거주를 증명하려면 너무 번거로워서 답답해요,1
7076,343,수지구청이 재직증명 요구를 내세웠다 그게 거주와 무관하다고 했는데 혼동이 계속돼서 불만이 커져요,1
7077,343,팔달구청이 현관 사진을 요구한다니 부동산 신고와 어떻게 연관된 건지 궁금합니다 구체적 가이드가 필요해요,1
7078,343,정부가 세부 가이드라인을 준비해 주기를 바래요 현재는 각 구청마다 요구가 달라서 실거주자들이 불편을 겪고 있습니다,1
7079,344,공무원들이 불안해하는 모습이 안타깝다 누구나 겪는 감정이라 공감한다 이제야 진심으로 말할 수 있는 시간이 필요해,1
7080,344,정부 혁신 TF로 인한 부서 간 긴장 상황이 걱정된다 소통이 더 필요하겠어 이제야 서로의 목소리를 듣고 싶어,1
7081,344,경찰 인사들도 이 조사에 신경 쓰는 걸 보니 무거운 짐이 쌓인 것 같다 다들 함께 이겨내자,1
7082,344,이런 상황에서도 헌법과 규칙을 지키려는 노력이 느껴져 다행이다 공정한 과정이 이어지길 바란다,1
7083,345,"정 장관이 예산결산특별위원회에서 투명하게 답변하셨는데, 공정한 판단이 필요합니다. 국민이 신뢰할 수 있는 공정한 정리가 되길 바랍니다.",1
7084,345,"정성호 장관이 항소 포기 이유를 정면 반박했는데, 투명한 설명이 더욱 필요하네요. 국민이 이해하기 쉬운 절차가 보여졌으면 좋겠습니다.",1
7085,345,"예결위에서 정 장관이 외압을 일상적 얘기라고 표현한 점이 충격이었어요. 다만, 법무부 내부 의사결정 과정이 투명해야 국민의 신뢰를 얻을 수 있을 것 같아요.",1
7086,345,"정성호 장관이 국회에서 항소 의지에 대해 설명했는데, 결과가 궁금합니다. 법정에서 정의가 이루어지는 과정이 투명하고 정확해야 할 때죠.",1
7087,346,검찰 예산 삭감은 정치적 중립을 지키려는 의도가 보이네요 비공개 예산이 늘 비판받아온 만큼 투명성을 높이는 계기가 될 것 같아요,1
7088,346,검찰 장이 정치에 개입하면 예산이 정지된다 라는 규정은 장기적으로 부패를 방지하려는 의미가 큰 것 같아 안심이 돼요,1
7089,346,특별업무경비로 전환해 증빙이 필요하도록 한 건 체계적인 관리가 필요하다는 신호인 것 같아요 검찰의 투명성을 확보하기 위해서 필요하다는 판단이 느껴져요,1
7090,346,이런 예산 조정이 실제 수사 현장에서 어떻게 적용될지 궁금하지만 최소한 비공개 예산이 무제한이 아니라는 점은 긍정적이네요,1
7091,347,검찰이 진보 정권에서만 저항을 보인다고 보며 그만큼 정치적 중립이 깨졌다고 느낍니다 공정한 사법이 필요합니다,1
7092,347,대장동 사건을 둘러싼 반발은 국민이 신뢰해야 할 사법체계에 위협이 됩니다 신뢰 회복을 위한 투명한 조치가 시급합니다,1
7093,347,검찰 내부에서의 불만이 정치적으로 이용되는 현상을 보니 안타까움이 큽니다 제도적 정비가 시급하다고 생각합니다,1
7094,347,지금처럼 검찰이 정권에 따라 달라지는 모습을 보면 법의 독립성을 의심하게 됩니다 독립적인 사법을 위해 목소리를 내야 합니다,1
7095,348,공무원에 대한 책임과 보상이 동시에 제시되면 업무에 대한 동기부여가 상승하고 공직 사회의 투명성도 높아질 것 같다,1
7096,348,내란가담자에 대한 엄정한 조치는 필요하지만 그 과정에서도 실수를 한 직원은 사과와 재교육이 우선이어야 또 한다,1
7097,348,정책 감사와 직권남용에 대한 규제 강화가 실제 업무 효율성 향상과 직결되길 바라며 실질적인 보완이 필요하다,1
7098,348,재택 당직 전환이 공무원들의 삶의 질을 개선시킬 수 있겠지만 업무 집중도를 어떻게 보장할지도 잘 맞을지 고민돼,1
7099,349,정치가 힘든 시기에 APEC을 통해 한국이 목소리를 높이려는 노력이 돋보여요. 대통령과 비서실장의 긴장과 결단이 대단합니다. 정말 존경스러운 모습이에요.,1
7100,349,무역 협상에서 보인 한국의 입장과 용기는 인상적이었어요. 미국이 조금씩 물러서면서 협상이 진행된 건 희망이네요.,1
7101,349,정책실장님의 직설적인 발언이 얼마나 진솔했는지 감동적이었습니다. 그 순간의 긴장감이 느껴져요.,1
7102,349,대통령과 참모들의 협력으로 결국 양보가 이루어졌다는 점이 인상적입니다. 앞으로도 이런 노력이 계속되길 바랍니다.,1
7103,350,건희2 사건이 또 폭로돼서 국민이 안타까워야 한다 그래서 모두가 정의를 바라며 평안을 빌어야 한다,1
7104,350,통일교와 명품이 연결돼 있다는 사실이 충격이야 그런 행위가 사회에 큰 상처를 주고 있다고 느껴,1
7105,350,김건희 여사의 주장이 믿을 수 없지만 증거가 명확해 보여 그때마다 사실 여부가 의문이 돼,1
7106,350,법정에서의 진술이 일관되지 않으면 심각한 신뢰 상실이 우려된다 국민이 절대 신뢰를 잃지 않도록 감시가 필요하다,1
7107,351,부친의 가르침이 오늘의 어려움을 이겨내는 힘이 되어 주었고 그때의 진심이 아직도 살아 있습니다 그리고 우리 모두가 함께 한다면 가능성은 무한합니다,1
7108,351,인공지능이 만들어진 영상이 부친의 목소리와 따뜻한 인상을 그대로 전해 주어 마치 그가 이 자리에 서 있는 듯한 감동을 선사했습니다 그리고 우리 모두가 한 마음으로 미래를 향해 나아가야 할 필요성을 더욱 깊이 깨달았습니다,1
7109,351,부친이 남긴 사상과 오늘의 메시지가 결합돼 우리에게 희망을 전합니다 그리고 우리가 함께 앞으로 나아가면 반드시 이룰 수 있다는 믿음을 심어 줍니다 우리는 미래를 창조할 수 있는 힘이 됩니다,1
7110,351,구미에서 열린 이번 문화행사에 박전 대통령이 참여해 부친의 말씀을 전하며 우리 모두가 한마음으로 어려움을 극복할 수 있다는 믿음을 다시 한 번 확인했습니다 그리고 같은 전통과 신뢰를 바탕으로 우리 모두가 더 밝은 미래를 향해 나아가야 한다는 메시지를 전달했습니다,1
7111,352,경기 북부의 어려움을 듣고 힘을 주는 모습이 참 감동적이었습니다. 앞으로 함께 나아가길 기대합니다.,1
7112,352,부지런히 문제를 해결해 주시려는 대통령님의 노력이 느껴집니다. 주민들에게 희망이 되는 순간이었어요.,1
7113,352,군사시설과 규제로 고민하던 지역 주민들이 한결 더 안심할 수 있게 되어 기쁩니다.,1
7114,352,"정책이 현실에 스며들어 실제 변화를 만들어낼 때, 우리 모두의 삶이 더 풍요로워질 것 같아요.",1
7115,353,정부가 군대의 청결을 위해 적극적인 변화를 이끌어 주는 모습에 안심이 됩니다. 앞으로의 인사 정책이 우리 군을 더 강하게 만들길 기대합니다.,1
7116,353,계엄 버스 사건을 통해 오염된 인사를 없애겠다는 결단이 인상적입니다. 투명한 군 조직이 되도록 계속 지켜봐야겠어요.,1
7117,353,군 장관과 국방 장관이 한마음으로 청렴을 강조하는 모습이 희망적이네요. 앞으로도 지속적인 개혁이 필요합니다.,1
7118,353,"대규모 교체가 어려운 일인 만큼, 신뢰 회복을 위한 철저한 절차가 중요합니다. 국민이 안심할 수 있는 군이 되길 바랍니다.",1
7119,354,정말 백악관의 발언도 흔들리는 상황이라 마음이 무겁네요 팩트시트가 실질적인 정보를 담지 못한다면 우리도 불안합니다,1
7120,354,장동혁 대표의 비판이 무슨 근거에서 나온 것인지 궁금해집니다 소통이 더 필요해 보이며 사실이 명확히 드러나는 것이 바람직합니다 국민과의 신뢰 회복을 위해서라도 더 많은 정보 공유가 필요합니다,1
7121,354,한미 협상이 막판에 조율된 상황이지만 국민이 실질적인 이득을 느끼길 바란다 구체적 성과가 궁금합니다 특히 핵 재처리 지원이 얼마나 실질적인 도움으로 이어질지 궁금합니다,1
7122,354,백악관도 내국 정치에 깊이 개입하는 것 같아 불신이 커집니다 독립적인 판단이 더욱 필요합니다 정치적 압박 없이 객관적인 판단을 통해 국민이 안심할 수 있길 바랍니다,1
7123,355,역사상 최대 규모의 인사 교체라니 마음이 무겁네요. 모두가 안정과 변화를 기대합니다.,1
7124,355,계엄 버스에서 제외된 장성들에 대한 사연이 안타깝습니다. 앞으로 좋은 기회가 있길 바랍니다.,1
7125,355,비상계엄과 관련된 조직을 줄이려는 시도가 보이네요. 국민 안보에 더 큰 책임을 다하길 바랍니다.,1
7126,355,대규모 인사 개편이야말로 군 내부의 투명성을 높이는 계기가 되었으면 좋겠습니다.,1
7127,356,"관세 완화와 안보 강화, 한미 동맹이 다시 뜨거워진 것 같아. 앞으로도 서로 협력해 나가길 응원합니다.",1
7128,356,핵잠수함 건조가 한국에서 진행된다면 기술력과 안보가 한층 더 강해질 것 같아. 한국이 자립과 안보를 동시에 강화할 수 있다는 점이 굉장히 의미 있다고 생각해요. 큰 변화를 기대합니다.,1
7129,356,국방비를 국내총생산 세점오로 인상한다는 결정은 국민의 안전을 위한 현명한 선택이라고 생각해요.,1
7130,356,관세율 인하로 한국산 제품이 해외 시장에서 경쟁력을 갖게 될 것 같아. 무역 분위기가 긍정적으로 변하길 바랍니다.,1
7131,357,검찰의 항소 포기는 불안한 신호이며 정치적 책임이 필요하다 투명한 조사 과정을 바란다 국가의 미래를 위해 모든 단계가 정당하게 진행되어야 한다,1
7132,357,대장동 사건 항소 포기는 정권에 큰 충격을 주었다 국민은 더 투명하고 정의로운 정치가 필요하다 과정에서도 공정성을 지키는 것이 중요하다,1
7133,357,이재명 대통령의 지지도 하락은 국민이 부당한 처벌을 원한다는 신호다 정당한 책임이 필요하다 정치가 더 투명하고 공정하게 운영되어야 한다,1
7134,357,국정감사에서 주진우 의원이 주목받은 건 부정의 무시를 방지하기 위한 의지가 담겨있다 정의와 투명성 확보를 위해 앞으로의 조사도 철저히 해야 한다,1
7135,358,국가의 끈기와 버티는 힘이 진짜 대단합니다 우리 모두가 함께 나아가며 앞으로도 힘내세요 우리는 서로를 지지하며 더 큰 목표를 향해 나아갈 것입니다,1
7136,358,이재명 대통령의 결단력과 용기가 우리에게 큰 힘이 됩니다 함께 힘내요 우리가 함께라면 어떤 어려움도 극복할 수 있을 거예요 우리의 미래를 위해서 계속 응원합니다 오늘도,1
7137,358,트럼프와의 협상에서 보여준 우리 뚝심이 자랑스럽습니다 서로의 동맹을 지켜야 합니다 우리의 미래를 위해 함께 힘을 합칩니다,1
7138,358,미국과의 새로운 동맹을 열어 주셔서 감사하고 응원합니다 우리나라의 가능성을 믿어요 앞으로도 함께 성장해 나가겠습니다,1
7139,359,핵추진 잠수함 도입은 우리 나라 안보를 강화하는 중요한 발걸음입니다 안전망을 견고히 할 수 있겠다고 믿습니다,1
7140,359,미국의 협력이 우리 안보를 돕는 동시에 국제사회와 신중히 조율해야 합니다 우리가 공동으로 발전 방향을 모색하며 불확실성을 최소화해야 합니다,1
7141,359,우라늄 농축과 재처리 권한 확대는 한국의 에너지 독립과 산업 경쟁력 향상에 크게 기여할 것입니다,1
7142,359,핵잠수함은 방어력이 강화되지만 군비경쟁과 대외비밀성으로 인해 긴장감도 늘어날 수 있다는 점을 명심해야 합니다,1
7143,360,경호처의 말을 들으니 두려움이 가득하지만 책임이 있는 자리에서 격려를 받는 것도 인간적인 면이군요.,1
7144,360,"정치가 무거운 책임을 져야 하는데, 언론에서 “미사일”이라 표현한 것은 너무 과격해 보여서 국민이 불안해지죠.",1
7145,360,"그 상황에서도 경호처 직원들이 격려만 받고 실제 행동은 없었다면, 사법이 무너지지 않는 것이 다행입니다.",1
7146,360,"구자현 차장 임명은 검찰 내부 안정에 한몫하지만, 앞으로의 검찰 총장 부재가 큰 문제를 끌어낼 수 있을 것 같아 걱정이 듭니다.",1
7147,361,"한 전 대표가 황교안을 떠났다고 말했지만, 그 의미는 분명합니다.",1
7148,361,공정한 논의가 이어진다면 국민의 목소리도 충분히 반영될 수 있을 것 같아요.,1
7149,361,그가 장 대표의 발언을 비판한 것은 당연히 이해됩니다.,1
7150,361,하지만 서로를 비난하기보다 함께 해결책을 모색하는 것이 중요하다고 생각해요.,1
7151,362,대장동 주민들이 겪는 어려움을 진심으로 이해하며 재산 회복과 공정한 재분배를 바랍니다 필요합니다,1
7152,362,공정한 조사와 책임자에 대한 법적 조치가 꼭 필요합니다 정확한 증거 확보가 핵심입니다,1
7153,362,시민들이 목소리를 높이고 있다는 점이 진심으로 감동적이네요 대장동 사건이 공정히 해결되길 바랍니다,1
7154,362,정치인들의 책임과 투명성 회복이 시급히 요구됩니다 이 과정을 통해 모든 시민이 평등한 대우를 받을 수 있도록,1
7155,363,노무현 전 대통령을 조롱한 과거가 다시 떠오르며 이번 검사가 부담스러워 보인다 그가 재판에 관여함으로써 국민의 신뢰가 회복될 수 있을지 걱정된다,1
7156,363,관봉권 띠지 사건이 부정이었는지 아닌지 명확히 밝혀져야 국민이 안심할 수 있다 투명한 절차와 결과가 나오면 다시 신뢰를 회복할 수 있겠지,1
7157,363,법조계에서 독립적 수사를 지향하는 모습을 보이니 앞으로 기대가 된다 정의가 실현되는 현장을 지켜볼 수 있길 바란다,1
7158,363,노무현 전 대통령을 비난한 기억이 다시 나오니 정치가 더 복잡해졌다 이때마다 우리 사회가 무거운 책임을 떠맡아야 할 때다,1
7159,364,한강버스 안전이 최우선이라 생각해요. 총리님의 철저한 점검이 시민들에게 큰 안심이 되겠죠,1
7160,364,수상레저 시설과 한강버스가 함께 운영될 때 파도 문제도 중요합니다. 안전 대책이 꼼꼼히 시행되면 좋겠어요,1
7161,364,기아 플랜트 준공 소식도 기뻐요. 친환경차와 AI 모빌리티에 대한 비전이 앞으로 우리 미래를 밝힐 것 같아요,1
7162,364,총리님의 안전 당부가 실천되면 한강에서 더 편안하게 시간을 보낼 수 있을 것 같아요. 시민들이 안심할 수 있길 바랍니다,1
7163,365,"검찰의 독립성을 지키려는 노력은 좋지만, 정권의 눈치를 보게 될까 걱정돼요. 어떻게 균형을 잡아야 할지 궁금합니다.",1
7164,365,"법무부 장관이 검찰총장을 파면할 수 있게 되면, 검찰이 정권에 묶이려는 위험이 커집니다. 조심스럽게 진행해야 할 것 같습니다.",1
7165,365,항상 검찰이 공정하게 수사를 진행하길 바래요. 이번 법은 그게 어려워질 수도 있겠네요.,1
7166,365,"민주당이 변호사 개업을 막으려는 의도가 있는지, 아니면 진정한 개혁을 위한 것인지 궁금합니다.",1
7167,366,정대표가 게임산업을 사랑하는 모습이 인상적이었습니다 게임이 우리 문화에 큰 역할을 하고 있음을 다시 깨달았습니다,1
7168,366,이윤열 홍진호 임요환 같은 전설을 다시 부상시키려는 노력이 필요합니다 프로게이머가 정당한 자리를 차지하길 바랍니다,1
7169,366,지스타에서 정대표가 직접 참여하신 점이 인상적이었습니다 현장 분위기가 생동감 있었어요,1
7170,366,전설적인 선수들이 제도권 안에서 어려움을 겪는 현실을 알 수 있었고 이는 우리 모두가 고민해야 할 문제입니다,1
7171,367,양 의원이 이천 식당에서 명당자리를 경험했다니 정치의 따뜻한 순간이네요 앞으로도 응원합니다,1
7172,367,조병돈 전 시장의 조언이 이렇게 실질적이라니 감동입니다 경기도지사선거 앞두고 좋은 지침이 될 것 같아요,1
7173,367,젠슨 황 CEO가 깐부치킨에서 회동했다는 소식이 재미있네요 정치와 비즈니스가 한 자리에 모이는 건 언제나 흥미롭습니다,1
7174,367,SK하이닉스 이전 막히고 5천명 시민이 투쟁한 사건 경기도는 정말 강한 시민들이 많습니다 우리 미래가 기대돼요,1
7175,368,이런 상황에서 우리 모두가 서로를 이해하고 협력해야 평화를 찾을 수 있을 것 같아요 우리의 소중한 가치를 지키는 데 도움을 주는 분들께 감사드려요,1
7176,368,정직한 대화와 투명한 절차가 우리 사회를 한층 더 강건하게 만들 거라 믿습니다 법과 정의가 올바르게 작동하도록 계속 주시하겠습니다,1
7177,368,이 사건이 우리에게 남은 교훈은 책임감과 공정한 법 집행이 얼마나 중요한지 다시 한 번 상기시켜 주었어요 우리 모두가 더 나은 사회를 위해 노력해야 합니다,1
7178,368,공정한 절차와 공정한 판단이 이 문제를 해결하는 가장 큰 열쇠라고 생각합니다 우리 모두가 책임 있는 시민으로서 평화를 지키는 데 동참해야 해요,1
7179,369,이렇게 물갈이 하는 것이 군 내부에 신뢰 회복에 도움이 될까 궁금하다,1
7180,369,진급 제외된 소장 5명에 대해 국민이 어떻게 느낄지 걱정된다,1
7181,369,계엄 사태가 끝난 뒤 군 내부가 다시 정리되는 과정이 필요하다,1
7182,369,비육사 출신 중장이 늘어나는 점이 부당하다는 평가도 있는데 어떻게 보시나요,1
7183,370,핵잠 건조 승인 좋은데 건조 장소가 불분명해 더 자세한 설명이 필요합니다. 국가안전과 관련해 국민들이 안심할 수 있도록 명확한 정보가 전달되길 바랍니다.,1
7184,370,"미국과의 협상에서 농축 재처리 문제만큼 중요한 건 장기적 안정성인데, 이 부분이 아직 논의 중이라 국민이 걱정되는 점이 큽니다. 앞으로도 투명한 과정을 거쳐 결정되길 바라며, 책임감 있는 정책이 필요합니다.",1
7185,370,"한국이 핵잠을 국내에서 건조한다는 사실이 큰 의미지만, 재처리 권한 확대는 국제 규범과 맞물려야 합니다. 국민이 잘 이해할 수 있는 설명이 필요합니다.",1
7186,370,"정부가 팩트시트를 발표했지만, 건조 장소와 재처리 세부사항이 명확하지 않아 국민들 불안이 커집니다. 정밀한 자료 공개가 절실합니다.",1
7187,371,이런 논쟁이 계속되면 국민이 느끼는 불안감이 커질 수밖에 없네,1
7188,371,각자의 견해를 존중하면서도 서로를 이해하려는 노력이 필요해,1
7189,371,정책보다 사람들을 위한 선택이 가장 중요하다고 생각해,1
7190,371,정치적 갈등이 아니라 국민이 행복할 수 있는 길을 찾는 게 목표여야 해,1
7191,372,이준석 대표의 관점은 참 흥미롭다 종묘를 바라보는 시각이 달라진다 나는 이해한다 지금 시대에 역사를 존중하면서도 발전을 동시에 고민해야 할 것 같아,1
7192,372,종묘가 단순 건물이 아니라 도시 속 소프트웨어 같은 가치가 있다는 말이 마음에 듭니다 나는도 그런 시각을 지지해요 역사와 현대가 조화를 이루는 그런 생각이 참 멋져 보여요가,1
7193,372,타지마할 사진과 종묘 사진의 차이를 비교하며 생각해 보는 건 좋은 접근법이라 생각해요 우리는 그 차이를 통해 문화적 의미를 더 깊이 이해할 수 있다고 봐요,1
7194,372,유네코스와 같은 국제 기구에 대해 혼란스러운 부분이 많아 보여 이 상황을 정리할 필요가 있어요 국가마다 다른 관점과 정책이 서로 충돌하면서도 조정이 필요해요,1
7195,373,저는 홍 전 시장이 말한 탈출이 정말 필요했던 순간이라고 생각해요,1
7196,373,한 전 대표와의 설전이 격렬하지만 결국 국민의힘을 벗어났다는 사실이 긍정적이네요,1
7197,373,지리산 같은 역사적 소설을 통해 과거를 반성하고 미래를 모색하는 모습이 인상적이었어요,1
7198,373,이런 대립이 계속되면 정치가 더 나아지기 어렵습니다 서로를 존중할 필요가 있습니다,1
7199,374,한국이 손해를 최소화하고 미국과 협력하면서도 자국을 지키는 모습이 마음에 듭니다,1
7200,374,핵 추진 잠수함 도입은 아직 불확실하지만 협상의 진전은 크게 보입니다,1
7201,374,외환시장에 부담이 되는 것은 사실이지만 정부가 방어책을 준비했다는 점이 안심됩니다,1
7202,374,관세 인하가 곧 적용되면 국내 산업이 덜 고통받을 수 있겠다고 생각합니다,1
7203,375,성남시민이 받을 돈이 올바르게 돌아가길 바라며 부정한 이득은 말고 정당한 책임을 요구합니다,1
7204,375,정부와 당이 한단계 더 나아가서 공정한 조사와 투명한 정치를 약속해야 합니다 모두가 안심할 수 있을 것 같습니다,1
7205,375,대장동 사건으로 피해를 입은 주민들께서는 정당한 보상을 받고 싶어합니다,1
7206,375,특검과 국정조사를 통해 숨겨진 부패가 드러나야 하며 시민의 목소리가 존중받아야 합니다,1
7207,376,전작권 전환이 2030년까지 가능하다는 소식이 들려서 희망이 커진다 우리 군이 자율적으로 전쟁을 지휘할 수 있게 된다면 안보가 한층 강화될 것 같아 또 3단계 검증이 순조롭게 진행된다면 우리 국가의 안보 의지가 더욱 확고해질 것 같아,1
7208,376,정무적 판단이 전환 속도를 좌우한다는 점이 불안하지만 결국 우리 군이 주도권을 갖게 된다면 큰 자긍심이 생길 것 같다 미국과 협력으로 방위력이 강화되고 한미 동맹이 단단해질 때가 오겠지,1
7209,376,단계 검증이 아직 진행 중이라 시간이 조금 더 필요하지만 2026년까지 완전운용능력 검증이 끝난다면 전작권 전환이 현실이 될 수 있을 것 같다 우리 군이 직접 전쟁을 지휘할 수 있는 체계가 마련된다면 북한에 대한 대응력이 한층 높아질 거라 믿어,1
7210,376,전작권 전환을 위해 필요한 C4ISR과 장거리 타격 능력이 한국군에 투입될 예정이라 비용이 많이 들지만 장기적으로 우리 안보가 강화될 수 있을 것 같다 미래 연합 사령부 체제로 전환된다면 전쟁 시 우리 군이 보다 신속히 대응할 수 있을 거라 기대한다,1
7211,377,정당한 조사를 기대합니다. 군 인력 절감이 아닌 정당한 수사라는 점이 중요해요.,1
7212,377,윤 전 대통령의 발언과 실제 행보가 불일치해요. 객관적 판단이 필요합니다.,1
7213,377,해병대 수사단 해체가 피해를 줄일 수 있을지는 미지수입니다. 신중한 접근이 필요해요.,1
7214,377,특검이 수사를 제대로 마무리하면 국민의 신뢰 회복이 될 것 같아요.,1
7215,378,이재명 대통령이 예고 없이 직접 나서서 국민에게 설명한 모습이 인상적이었습니다. 버티기라는 힘이 필요한 상황이었군요.,1
7216,378,한미 정상회담 후 팩트시트 발표가 늦었는데도 국민과 함께 소통한 이재명 대통령 덕분에 불안이 덜했습니다.,1
7217,378,"버티기만으로 해결이 어려운 상황이라도, 국민이 신뢰할 수 있는 리더십이 보여줘서 다행입니다.",1
7218,378,핵추진 잠수함 건조 같은 민감한 이슈도 한미가 함께 다루려는 모습이 인상적입니다. 앞으로도 투명한 소통 기대합니다.,1
7219,379,"한미 협상이 중국 언급까지 나온 건 새롭고 고민스러운데, 우리도 함께 생각해보고 싶어요.",1
7220,379,"중국이 민감하게 받아들일 수 있는 내용이 들어간 건 비밀스러움이었는데, 양국 관계에 좋은 신호가 될까 궁금합니다.",1
7221,379,"핵추진잠수함 건조가 한국에서만 된다는 말이 들어서 안심이 되지만, 실제로 이뤄질지는 아직 미지수입니다.",1
7222,379,자동차 관세가 소급 적용될 수 있다면 한국 기업들에게 큰 타격이 될 것 같아 걱정이 큽니다.,1
7223,380,미래연합군사령부 검증이 내년에 진행된다니 기대가 됩니다 전작권 전환이 빠르게 실현되면 한미 안보가 한층 더 강화될 것 같아요,1
7224,380,국방비를 GDP 3.5%로 올린다는 계획이 실현된다면 우리 나라 방위력은 더 견고해질 것 같습니다 대통령의 비전이 잘 반영된 것 같아요,1
7225,380,미 전투함 항공기의 유지보수에 한국이 참여한다는 내용이 인상적입니다 기술 교류가 확대되면 우리 군도 더 효율적으로 운영될 수 있을 것 같아요,1
7226,380,한반도 비핵화 목표가 재확인됐다는 소식이 마음에 듭니다 평화와 안정이 오래 지속되길 바랍니다,1
7227,381,비핵화 목표가 다시 명시돼서 우리 국민이 안심할 수 있는 시대가 온 듯해 정말,1
7228,381,미국의 미전투함정이 한국에서 최초로 MRO를 받는다니 새로운 기술을 통해 기술 협력의 진보가 느껴진다. 기대된다,1
7229,381,비핵화 문구가 다시 등장했다는 점이 희망적이지만 핵추진 잠수함 내용이 빠진 점은 아쉬움이 남는다,1
7230,381,주한미군과의 협력 강화가 이어지면서 방위산업 역량이 점점 높아지는 것 같아 우리나라가 더욱 자립적이길 바란다,1
7231,89,대장동 사건이 이렇게 복잡해지는 것을 보니 피해자들의 입장이 정말 마음이 아프고 성남시가 적절한 보상을 받기를 바랍니다,1
7232,90,조국 대표의 출마 선언이 새로운 시작을 암시하는 것 같고 지지율 회복을 위해서는 지속적인 소통과 실질적인 정책이 필요하다,1
7233,91,우리 사회가 과거를 잊지 않고 정직하게 직면하는 모습을 보며 보람을 느낍니다.,1
7234,92,정부가 통계에 따라 규제를 확대한 것이 불공평하다고 느껴 주민들의 목소리가 더 반영되었으면 좋겠어요,1
7235,93,특검이 아니라 독자적으로 해결해야 한다는 대통령의 말이 인상 깊었으며 이러한 독자적 대응이 국민의 안전을 지킬 수 있을 것이라 믿는다,1
7236,94,조국이 새 얼굴로 출마한다니 기대돼 신뢰 회복이 가장 중요할 것 같아,1
7237,95,역사와 미래가 공존해야 할 서울 종묘 앞에서 고층이란 무슨 말인지 보호를 먼저 생각하자,1
7238,96,주식 장기 투자자에 대한 세제 혜택이 필요하다는 말씀은 좋은 방향성처럼 보여요 현실적으로 어떤 제도가 마련될지 기대돼요,1
7239,97,"나경원 의원의 진심이 느껴지며 대통령의 입장이 불투명한 상황에서 국민이 알 권리가 있다는 생각이 드는데, 나중에 구체적인 답변을 기대한다.",1
7240,98,"대통령실이 입장을 밝히지 않아 상황이 더 혼란스러운 것 같아, 정직한 설명이 필요하다.",1
7241,99,정치 논쟁이 길어지면 결국 국민이 가장 피해를 입는 것 같아 걱정이 커,1
7242,100,나경원 의원이 정성호 장관에게 반복적으로 질문을 던졌기 때문에 불편함을 느낀 점이 이해됩니다.,1
7243,101,김총리의 종묘 방문은 역사와 미래가 조화를 이루는 것에 대해 다시 생각하게 하며 여러분도 함께 고민해 보시길 바랍니다.,1
7244,102,정치인들은 책임을 지고 국민을 위해 결정을 내려 공정한 사회를 실현해야 한다,1
7245,103,청와대 복귀 소식에 기뻐하며 보안 정비가 꼼꼼히 진행되길 바라고 새로운 시대를 위한 준비라고 생각하며 안전한 미래를 회복하겠습니다,1
7246,104,검찰이 책임을 져야 한다는 말이 마음에 와 닿아 솔직한 발언에 감동했다,1
7247,105,국민의힘이 대장동 사건에 대한 진실을 찾아야 한다는 목소리를 듣고 싶고 그만큼 많은 사람들이 공정하고 투명한 조사를 원합니다,1
7248,106,나경원 의원의 비판은 분명 들리지만 검찰의 독립성을 지키는 것이 우선이다,1
7249,107,정치적 비난이 끊이지 않는 상황이 안타까우며 공무원들이 흔들리지 않길 바랍니다,1
7250,108,"정책이 어렵더라도 국민이 안심할 수 있도록 투명한 과정을 갖추어야 하며, 대통령실이 꾸준히 답변하면 신뢰가 쌓인다.",1
7251,109,새로운 조국을 기대하며 과감한 혁신으로 정치의 한계를 넘어 신뢰를 회복하고 시민들의 목소리에 귀 기울이며 함께 나아가길 바랍니다,1
7252,110,"국민이 안전을 위해 이렇게 신중히 조사하는 모습을 보니 조금 안심되며, 함께 사려 깊은 결정을 내리는 것이 필요합니다",1
7253,111,한중 관계가 더 견고해지길 바라며 양국이 함께 손을 잡는 모습을 기대한다.,1
7254,112,검찰의 결정을 다시 점검해 주는 것은 우리 모두의 책임이며 변호사와 국민의 목소리를 귀 기울여 공정한 재판을 위해 함께 노력해야 한다,1
7255,113,정부가 내란 협조 공직자 책임을 명확히 하려는 TF 출범은 국민 신뢰 회복에 꼭 필요한 조치라고 생각합니다.,1
7256,114,정부가 통계를 숨기고 규제를 확대해 우리 모두가 피해를 보는 상황이 너무 안타깝습니다.,1
7257,115,종묘 앞 재개발 논란이 이렇게 격렬해진 것이 안타까울 만큼 역사를 지키는 일은 정치가 아니라 국민 모두의 책임이며 한 번이라도 훼손되면 복구가 어려우며 문화유산의 가치를 되찾는 일도 매우 힘들다,1
7258,116,법의 공정성을 위해 사실을 바탕으로 처벌을 재검토해 주시는 모습이 인상적이며 국민의 신뢰 회복에 큰 도움이 될 것 같습니다,1
7259,117,정부가 독자조사라는 결정은 책임 있는 자세로 보이며 신속하고 투명한 결과가 기대된다,1
7260,118,"최재해 감사원장님께서 보여주신 원칙과 헌신이 우리 사회에 큰 의미가 될 것이며, 퇴임을 감사의 마음으로 응원합니다.",1
7261,119,분당 의원들이 대장동 비리로 피해를 입은 주민들을 위해 보여주는 배려가 인상적이다,1
7262,120,공직자들의 책임을 명확히 하는 모습이 보여줘서 다행이면서 정부가 신뢰 회복을 위해 노력한다는 점이 긍정적으로 느껴집니다,1
7263,121,정부가 통계 활용을 법적 근거 없이 진행했다는 주장은 사실이 아니라고 밝혀졌습니다.,1
7264,122,암표 때문에 진심으로 열광했던 팬들의 마음이 아프고 소득이 낮은 청소년 팬들이 관람도 못하게 되어 마음이 무겁습니다 정부가 과징금을 높여 철저히 단속해 주길 바랍니다,1
7265,123,정당이 혐오 현수막을 무작정 붙이는 것은 시민에게 심각한 부담이 되며 법 개정이 절실하다,1
7266,124,세운 재개발이 종묘를 보호하려는 뜻이 담겨 있음을 알고 안심이 된다 다시 한 번 주민들의 의견이 반영되길 바란다,1
7267,125,청와대가 다시 돌아와 시민들의 기쁨이 한껏 돋아나고 있습니다,1
7268,126,정부가 내란 가담자들을 신속히 조사해 헌법을 지키려는 모습이 보람 있다는 생각이 든다,1
7269,127,한 전 대표가 판결문을 그대로 인용해 이렇게 반박했고 법이 지켜져야 한다는 점이 가장 중요하다고 생각한다,1
7270,128,"한국과 중국이 서로를 이해하고 협력하는 모습을 보게 되어 기쁘며, 서로의 오해를 해소하며 평화를 지켜 나가길 바랍니다",1
7271,129,정성호 장관과 노만석 검찰총장 사퇴를 요구하는 것은 정의를 실현하기 위한 옳은 선택이다.,1
7272,130,조국 전 위원장의 논리 이해가 어려우나 부패재산 문제의 복잡성 때문에 더 많은 논의가 필요하다,1
7273,131,대장동 사건이 이렇게 끔찍하게 끝났다는 사실이 가슴 아프고 모든 시민들이 목소리를 높여야 한다,1
7274,132,부동산 통계의 투명성은 매우 중요하며 사전 공표 자료 사용을 금지한 점은 이해하지만 현장에서는 그 자료가 자주 필요하므로 균형 잡힌 접근이 필요하다,1
7275,133,조국 후보의 멈추지 말자 메시지에 힘을 실어 국민이 바라는 변화를 위한 진심이 전해진다,1
7276,134,이 대통령의 결심은 참 희망적이지만 사실과 의견을 구분해 주는 방법이 필요합니다,1
7277,135,검찰이 어려움에 처해 있는 지금 홍 전 시장의 말이 아쉽고 정직한 시선이 필요하며 우리 모두가 함께 고민해야 할 때죠,1
7278,136,사실적시 명예훼손 폐지는 언론의 자유를 지키는 길이자 민주사회에 꼭 필요한 조치라고 생각하며 기대하고 있습니다,1
7279,137,평양에서 대형 화재가 발생해 마음이 무겁습니다 불길이 빨리 진압되길 기원합니다,1
7280,138,"서울시의 미래는 종묘의 전통과 조화를 이루어야 하며, 고층 건물보다 문화유산을 우선시해야 한다.",1
7281,139,지금 어려운 시기에 우리 한민족은 서로를 위로하며 함께 나아가야 할 때니 희망을 잃지 말아야 합니다,1
7282,140,"사실을 밝히는 사람을 형사처벌한다는 점이 안타깝다고 생각하며, 민사로 해결해야 한다는 의견에 공감합니다.",1
7283,141,정직한 검사를 위해 힘쓰는 그들의 노력은 돋보이며 비판도 필요하지만 함께 더 나은 사회를 만들어 나가야 우리의 소망이 현실이 되도록 지속적으로 지켜봐 주시고 우리의 꿈을 지키자,1
7284,142,정책 결정이 어려워 보이지만 시민의 생활이 가장 중요하다는 생각이 듭니다 이 정책이 우리 삶에 긍정적인 변화를 가져다주길 바랍니다,1
7285,143,"나경원 의원이 공개적으로 불만을 표출한 것은 드물며, 정성호 장관의 발언이 사실인지 궁금하고 라디오 진행자도 상황을 명확히 해야 할 필요가 있다.",1
7286,144,정의와 투명성을 위해 검찰과 정치 모두가 책임을 져야 하며 국민의 목소리를 반영하는 것이 중요하다,1
7287,145,정책과 법의 균형이 중요한 시점이라며 정의와 인권을 위한 공정한 절차를 기대하고 다시 한 번 법과 사회가 조화를 이루길 소망합니다,1
7288,146,암표 근절을 위해 과징금 강화는 꼭 필요한 조치라고 생각해,1
7289,147,"대통령은 법 앞에 서야 하는 것이 당연하며, 정당한 절차를 통해 투명성을 확보하고 사회가 요구하는 법의 신뢰성을 회복하기 위해서는 모든 이가 투명하고 공정한 판단을 기대해야 한다.",1
7290,148,정치와 사법이 혼합된 상황이 정말 안타깝고 모두가 정의를 위해 함께해 주길 바란다,1
7291,149,"종묘 앞에 고층을 세우면 역사와 현대가 충돌하는 것처럼 보이지만, 조심스러운 계획이 필요합니다.",1
7292,150,명품 가방 선물이라도 그 의미가 무엇인지 국민이 궁금해하며 정직한 설명이 필요하고 앞으로의 방향을 명확히 보여줘야 한다,1
7293,151,정부가 내란 가담자 조사에 착수한 것은 책임 있는 일이며 국민이 안심할 수 있도록 빠른 결론을 바라고 있다,1
7294,152,종묘 앞 고층 개발이 문화유산을 훼손할까 걱정돼 도시 발전은 중요하지만 역사 보존도 필요하다,1
7295,153,조국이 새로 태어나기를 선언하며 내란 세력을 뿌리 뽑겠다는 강력한 의지가 느껴져 변화에 대한 기대가 커졌다,1
7296,154,정책이 국민 재산권을 침해한다는 주장에 깊이 동감하며 공정한 통계 사용이 절실하다고 생각하는 동시에 이사회와 기획재정부가 투명하게 데이터를 공개하지 못해 국민이 피해를 보는 것은 부당합니다,1
7297,155,정치와 법이 복잡하게 얽힌 이 사건에서 피해자들이 안심할 수 있는 즉각적인 해결이 절실히 필요하다,1
7298,156,나는 서울시 재건축 계획과 문화유산이 어떻게 조화될지 궁금하고 공감이 안 가서 왜 이렇게 논란이 생겼는지 알고 싶다,1
7299,157,정청래 대표는 검찰이 항소를 포기한 것을 단호히 규탄하고 조치를 선언함으로써 국민의 신뢰를 회복하려는 노력이 충분히 기대된다.,1
7300,158,이번 사태가 이렇게 진행돼서 마음이 무겁다 정장관과 노대행이 책임을 지고 투명히 설명해 주길 바란다,1
7301,159,정치가 이렇게 복잡해져서 국민들이 힘들어하는 모습이 안타깝고 모두가 정당한 규제와 투명한 통계를 원한다,1
7302,160,정말 어려운 시기라 투명한 절차와 책임이 필요하며 모두가 안심하고 공정한 판단이 이루어지길 바랍니다,1
7303,161,평양의 불길이 시민들에게 큰 고통을 주고 우리는 모두가 안전하기를 바랍니다.,1
7304,162,"MBC뉴스 기사에서는 현 정부가 검찰 법무부와 대통령 당 간 관계가 법치 삼권분립 원칙을 훼손했다는 비판과 정치 검찰 개혁 특검 개편을 통한 적폐 청산 요구가 제기되었고, 내란 계약 비상계엄과 관련해 공직자 조사 체벌보다 잘한 인재를 발굴 우대하는 방안이 강조되었으며, 요약하면 정부는 사법 법제 정치 행정 간 균형과 견제를 유지하며 헌법을 존중하는 바탕으로 공직자 적폐 청산에 적극 나서야 한다는 것이 핵심이다.",1
7305,163,검찰 내부 갈등이 심각해 보이는데 진정한 정의를 위해 모두가 노력해야 할 때입니다,1
7306,164,대장동 사건으로 국민의 심장이 두근거리는 지금 우리는 정의와 투명한 사회를 위해 단결해야 한다,1
7307,165,나경원 의원이 겪는 불편함이 정말 안타까우며 정성호 장관의 외압 의혹이 사실인지 여전히 궁금합니다.,1
7308,166,민주당이 장 대표의 무책임 선동을 강력히 규탄했음에도 우리 국민의 마음이 흔들리는 것 같아 상황이 매우 조심스러워 보입니다,1
7309,167,평양 중심가에서 대형 화재가 발생해 안타까운 소식이 평양 사람들 모두에게 힘이 되길 바라며 서로 위로를 전합니다.,1
7310,168,대장동 사건에 대해 대통령실이 입장을 명확히 밝히지 않아 국민은 불안하고 그럼에도 해결책을 찾는 과정이 여전히 필요하다,1
7311,169,부산시장이 말하는 시스템 전락이 실제로 느껴진다면 우리 모두가 목소리를 내야 하며 더 나은 미래를 만들기 위해 단결해야 한다,1
7312,170,조국 대표로 선출된 것을 기쁘게 생각하며 혁신당이 실질적인 변화를 이끌어 주길 기대합니다,1
7313,171,대통령실이 바쁜 상황이라면 이해하지만 투명함은 꼭 필요하다,1
7314,172,"내일 국민의힘이 대검찰청과 법무부를 방문한다는 소식이 마음을 무겁게 하며, 국민의 목소리를 대변하려는 노력은 보람 있다.",1
7315,173,정당이 언어폭력을 멈추지 않으면 국민이 더 불안해지고 신뢰가 떨어질 것 같아 상황이 계속 악화될 것 같아요,1
7316,174,정성호 장관과 노만석 차장은 즉시 사퇴해야 한다는 총의 의견에 깊이 동의하며 사법 체계가 흔들려선 안 된다는 점을 강조합니다,1
7317,175,정당 현수막이 무제한이라 혐오가 퍼지면서 시민들이 불편함을 느끼고 제도 개선과 공공장소 청결 유지를 필요로 합니다,1
7318,176,국민의힘이 정성호와 노만석 사퇴를 요구하며 대검찰청과 법무부를 방문할 예정이라 국민의 신뢰가 더 떨어질 것 같아 안타깝다.,1
7319,177,"나는 정의와 공정이 무조건 우선이어야 한다고 생각하며, 검찰총장 대행의 책임이 분명히 필요하다고 믿는다.",1
7320,178,정치와 검찰 사이에서 갈등이 깊어지는 상황이 안타깝고 모두가 일관된 방향으로 나아가길 바랍니다,1
7321,179,정 대표의 진지한 발언이 마음에 듭니다만 공정한 검찰 개혁을 기대합니다,1
7322,180,정치적 압박이 무섭게 느껴져 항소를 포기한 것처럼 보이지만 우리 국민이 진실을 제대로 알 수 있도록 바랄 뿐입니다.,1
7323,181,대검찰청 앞에서 열정적으로 모여 주신 의원 여러분의 목소리는 국가 정의를 위해 꼭 필요합니다,1
7324,182,정책을 수립할 때 데이터 통합이 가장 중요한 과제로 부각된다.,1
7325,183,"최원장님의 감사원 독립성 확보를 위한 노력은 인상적이었고, 후회 없이 마무리한 모습이 감동적이었습니다.",1
7326,184,장기투자자 세제혜택은 평등한 기회가 필요하며 대주주와 일반 투자자를 구분해 주면 공정함이 살아날 것 같다,1
7327,185,대장동 재판 항소 포기에 대해 여야가 다시 논의한다는 소식에 실제 상황이 드러나 투명한 결론이 나오길 바랍니다.,1
7328,186,최재해 감사원장님의 퇴임을 진심으로 축하드리며 앞으로의 새로운 도전에서도 큰 성과가 있기를 기대합니다.,1
7329,187,정부가 헌법을 지키려는 태스크포스를 만들었고 이는 내란의 상처를 회복하기 위한 한 걸음이며 국민의 신뢰가 회복되길 바랍니다,1
7330,188,종묘와 같은 문화유산은 도시의 심장 같아 무조건 지켜야 한다는 생각이 들고 김민석 총리의 말씀이 맞는 것 같아 시민들의 목소리와 함께 정당한 토론이 필요하다고 생각하며 지금처럼 급변하는 도시 개발 속에서도 전통과 역사와 사람들의 정서를 존중해야 한다,1
7331,189,이재명 정부의 부동산 정책이 국민 재산권을 침해한다는 점이 안타깝으며 법원에서 공정한 판단을 바라본다,1
7332,190,장기투자 인센티브를 강화하면 개인 투자자에게 큰 도움이 될 것 같아요.,1
7333,191,정부가 내란 가담자를 조사하고 인사 조치를 결정한 것이 매우 공정하게 느껴진다,1
7334,192,서울의 역사와 미래가 공존해야 한다는 생각이 듭니다 지금의 논의가 우리 미래에 대한 고민을 보여주고 있습니다,1
7335,193,공정한 사법이 우리 사회를 지켜줄 수 있도록 함께 노력하며 우리의 목소리로 진실을 찾아가야 합니다,1
7336,194,역사는 우리 삶의 증거이며 종묘 같은 문화유산을 지켜야 하고 우리 후손을 위해 소중히 여겨야 한다,1
7337,195,정치와 사법이 분리돼야 한다는 점은 분명하며 이번 사건이 드러내는 체계적 부패가 국민의 신뢰를 무너뜨리고 있습니다,1
7338,196,반중 정서가 한국의 이미지에 큰 타격을 주고 있다는 사실이 맞으며 우리는 책임을 져야 하고 이 상황에서 우리 사회가 서로 소통하고 혐오를 멈추는 방향으로 나아가야 합니다,1
7339,197,김병기 원내대표의 발언이 다소 과민하게 느껴지고 검찰 내부 결정을 외부에서 바로 비판하는 것은 신중해야 한다,1
7340,198,공직자의 책임은 국가의 미래이며 이번 조사로 진실이 밝혀지기를 기대하고 청렴한 공직문화가 자리 잡았으면 좋겠습니다,1
7341,199,통계 조작 혐의가 진짜라면 국민이 큰 충격을 받을 것 같고 법원에서 정의를 확인하고 싶다,1
7342,200,현재 상황이 너무 힘들고 국민이 안심하지 못해 정의가 꼭 필요하다고 생각됩니다.,1
7343,201,안철수와 김은혜 의원이 지적한 대장동 사건은 우리 주민에게 큰 충격을 주고 정의와 공정이 흔들리는 현실에서 주민의 목소리가 더욱 절실합니다,1
7344,202,"한중 관계가 한 단계 더 깊어지기를 기대하며, 양국의 협력이 우리 나라에도 긍정적인 영향을 줄 것 같아 기쁘고, 우리 모두가 함께 성장할 수 있길 바랍니다.",1
7345,203,정치와 사법이 혼재된 이번 사건이 국민 신뢰를 크게 흔들었고 투명한 조사와 공정한 절차를 통해 정당한 결과가 필요하다,1
7346,204,정의가 무조건 실현되어야 한다는 목소리가 너무 큰데 우리도 함께 노력해야 하고 모든 시민이 평온과 정의를 위해 손을 모아야 한다,1
7347,205,정치가 불안정할 때마다 공직자들의 책임을 물어야 한다는 생각이 들며 이번 조사반이 실질적인 변화를 가져오길 바란다,1
7348,206,"정치권의 부정이 이렇게 깊이 뿌리내린다는 사실이 마음이 아프며, 국민이 믿을 수 있는 제도를 꼭 되돌려야 할 때다.",1
7349,207,전당대회에서 새 리더가 선출되면 우리도 한층 더 힘이 솟아올라 기대가 된다,1
7350,208,정성호 장관과 노만석 검찰총장의 사퇴가 절실하고 공정한 수사가 이루어지길 바란다,1
7351,209,진심이 담긴 의견이지만 인터뷰 방식이 너무 감정적이어서 사실을 묻는 것이 더 필요했다.,1
7352,210,한국과 중국이 서로를 존중하며 평화로운 미래를 만들어가길 바라면서 함께 힘을 모아 이 길을 열어가자,1
7353,211,박형준 시장이 언급한 대장동 재판 사태를 보고 정치의 투명성은 꼭 지켜져야 하며 국정이 공정해야 국민이 안심된다,1
7354,212,이 사건을 보면서 정치인들의 선물 문화를 왜 이렇게 복잡한지 다시 한 번 생각해 보게 됩니다,1
7355,213,조국 전 비상대책위원장님의 설명이 단 한 번의 착오도 아니라는 사실이 안도감을 줍니다,1
7356,215,대장동 사건이 이렇게 꼬여 국민이 불안해지고 검찰은 더 투명하게 책임을 물어야 할 때이며 정치권도 한마디 할 필요가 있다.,1
7357,216,부산시장이 지적한 검찰 항소 포기 사안은 우리 민주주의가 직면한 중요한 문제이며 권력 남용이 눈에 띄게 드러난 사례라 우리 시민은 경계해야 할 필요가 있다,1
7358,217,민주당이 장동혁 대표의 발언을 무책임 선동이라고 지적한 것에 동의하며 사법의 독립은 반드시 지켜져야 한다,1
7359,218,암표가 끊어져서 다들 콘서트를 즐길 수 있을 것 같고 과징금이 실효성이 있을까.,1
7360,219,종묘 앞 고층 건물 개발은 역사와 문화를 사라지게 하는 길이 아니라 발전만을 추구하면 우리 뿌리가 흔들린다.,1
7361,220,평양이 이렇게 큰 화재를 겪어 마음이 아프고 피해가 얼마나 큰지 궁금합니다,1
7362,221,"한동훈 장관이 조국을 비판하며 법적 논리의 중요성을 강조한 점이 인상적이었고, 그로 인해 법은 모든 사람에게 평등해야 한다는 생각이 들었습니다.",1
7363,222,정의와 청렴이 지켜지는 나라가 되길 바라는 마음을 잊지 않고 시민들이 함께 목소리를 높여 나간다,1
7364,223,대표님의 국민의 마음을 아끼는 말씀이 큰 위로가 되며 정의를 위해 힘을 내시길 바랍니다,1
7365,224,국세청이 체납 관리에 열심히 일해 주셔서 국민이 안심하고 우리 나라가 더 건강해지며 함께 힘이 되어 줍니다,1
7366,225,사실을 말할 때 상대방을 보호하는 것이 중요하다고 생각하고 법이 명확해지면 사람들의 의견이 더 자유로워질 수 있을 것이라며 대통령님의 지침에 긍정적이다,1
7367,226,전당대회에서 조국 전 위원장이 제시한 창조적 파괴 목표가 궁금하고 지방선거에 어떤 변화를 기대하는지 알고 싶습니다,1
7368,227,대통령실이 무관하다고 해도 검찰의 결정에 책임이 묻히는 게 불안하고 지금은 정치적 긴장이 더 심해질까 걱정이 된다,1
7369,228,정부가 이번 내란 청산 조치에 적극 나서 주시길 바라며 공직자분들은 자책할 필요가 없을 것이라 생각합니다,1
7370,229,평양에 불이 많이 번져 많은 사람들의 마음이 무거워지고 있습니다 그곳에 있는 모든 이가 빨리 평온을 찾길 바라며 평화가 오래 지속되기를 기원합니다,1
7371,230,"정직한 비판이지만 기대와 달라서 공감이 가고, 앞으로 이런 비판이 더 많았으면 좋겠습니다.",1
7372,231,공직자들의 진실이 밝혀져 국민이 안심하고 국가가 단단해지는 모습을 기대하며 투명한 행정운영을 믿습니다,1
7373,232,검찰과 법원이 정의를 지키기 위해 최선을 다했으면 좋겠고 우리나라가 깨끗해질 수 있도록 함께 지켜봐야 합니다,1
7374,233,"정책과 법이 뒤섞여 복잡한 상황에서 피해자 입장이 더 공감되며, 국가의 역할이 명확히 드러나야 한다.",1
7375,234,"사실적시 명예훼손 폐지 논의가 필요하다고 생각하며, 사회적 약자 고발권이 강화되길 바라며, 이 법안이 통과되어 모든 국민이 자유롭게 사실을 말할 수 있길 바랍니다.",1
7376,235,역사와 미래를 함께 보호하는 것이 중요해 보이니 주민들의 의견을 반영해 주시면 감사하겠습니다,1
7377,236,청와대가 이전된다는 소식에 시민들이 안심하며 일상에 변화를 기대하고 정말 소중한 결정이라고 생각해요,1
7378,237,암표 과징금이 열배 이상 강화되는 것에 실망하지만 결국은 공연 관객을 보호하는 좋은 방안이라고 생각합니다,1
7379,238,한동훈 대표가 탈영병이라 일컬는 표현이 상처를 주며 내 마음이 무거워지고 우리는 정치가 상처를 주지 않도록 서로 존중하며 대화해야 하며 지금은 갈등이 깊어지기 전에 물러서서 서로의 입장을 이해하려는 노력이 절실하다,1
7380,239,헌법을 지키려는 의도는 이해하지만 이번 인사조치가 정치적 보복으로 보일까 걱정되고 국민의 신뢰 회복을 위한 과정이길 바란다,1
7381,240,"대통령실이 대장동 항소 포기에 조용히 있으면서 헌법 존중 TF를 내세우는 것은 모순이 아닌가, 투명성을 요구한다.",1
7382,241,평양 주민들의 안전이 가장 먼저여야 한다는 생각이 듭니다 그리고 화재가 빠르게 진압되길 바랍니다,1
7383,242,검찰이 정치의 도구가 되는 건 너무 안타까우며 정당이 아닌 공정함을 지켜야 하고 우리 모두 진정한 정의를 바라본다,1
7384,243,정의와 투명성을 위해 이번 사안이 철저히 조사돼야 하며 국민의 목소리가 반영돼야 한다.,1
7385,244,종묘는 우리 문화의 상징이기에 초고층 개발이 일어나지 않기를 바라며 역사와 미래를 함께 지키고 싶고 이곳은 우리 뿌리와 기억이 모여 있는 곳이니 꼭 보존해 주셨으면 합니다,1
7386,245,정의가 실현되길 바라며 피해자에게 진심으로 힘이 되길 기도하고 이 사건이 투명하게 해결돼 모든 이가 안심할 수 있기를 소망합니다,1
7387,246,그림자 왕국의 정의에 대해 설명합니다.,1
7388,247,검찰이 항소 포기를 했으니 국민이 불안해지므로 정당한 조사와 투명한 절차가 필요하다,1
7389,248,정치적 압박을 느끼지만 공정한 절차가 지켜지고 모든 사람이 평등하게 대우받는 사회가 되길 바랍니다,1
7390,249,국회 비준이 필요하다는 주장은 국민의 재정적 책임을 강조하며 실제로 우리나라는 재정적 부담을 지우는 조약을 체결할 때 국회의 동의가 필요하다,1
7391,250,공직자에 대한 책임을 명확히 정리하는 것은 우리 모두에게 필요하며 이를 통해 신뢰를 회복하고 공정한 행정이 가능해질 것이라고 생각합니다,1
7392,251,청와대로 다시 돌아가며 대통령실이 한층 안정적이 될 것 같아 기대된다,1
7393,252,"대장동 주민 여러분이 어려운 시기에 우리와 함께해 주셔서 감사드리며, 앞으로도 진심으로 함께 응원하겠습니다.",1
7394,253,정의가 실현되려면 모든 정치인과 기관이 책임을 져야 하며 국민은 신뢰할 수 있는 투명한 절차가 필요하다고 생각한다.,1
7395,254,청와대 이전이 빨리 진행된다면 우리 생활에도 서서히 변화가 느껴질 것 같아 기대됩니다.,1
7396,255,정성호 장관이 사퇴를 거절함으로써 국민의 정의심이 흔들리는 것 같아 안타깝습니다.,1
7397,256,팩트시트가 잘 정리되면 우리 해양과 에너지 안보가 더 확실해질 것 같아,1
7398,257,정말 어려운 상황이지만 제법적 어려움이 많아 보이므로 국민이 정당한 조치를 기대합니다.,1
7399,258,정치적 갈등이 심해질 때마다 우리는 정의롭고 투명한 절차를 통해 공무원들의 실과를 정당히 심사받아야 한다는 점을 잊지 말아야 한다,1
7400,259,검찰이 무너진 이유를 찾아야 한다는 홍준표의 말은 우리 모두가 함께 고민해야 할 문제이며 우리는 그 과정에서 정직과 투명성을 요구하고 싶다,1
7401,260,정말 현실을 바꾸는 대화가 필요해 현장에 더 깊은 의미를 넣어 공정하고 정당한 사회를 위해 우리 모두가 한 목소리로 행동해 보자,1
7402,261,대통령실이 정쟁보다 민생에 집중하겠다고 하는 것은 이해가 가지만 책임감이 느껴지지 않으며 그때마다 투명한 소통이 필요해 보인다,1
7403,262,암표 근절을 위해 과징금이 강화되면 팬들에게 큰 도움이 될 것 같아 기대돼.,1
7404,263,이번 논란이 너무 복잡해 모든 사람이 진실을 찾길 바라며 공정한 절차가 이루어지길 기도합니다,1
7405,264,저는 사실적시 명예훼손 제도를 폐지하는 것이 언론의 자유와 개인의 명예를 동시에 보호한다는 생각입니다.,1
7406,265,"송원 내대표의 강력한 비난은 이번 사안이 단순한 정치 논쟁이 아니라 정의와 투명성의 문제임을 다시 일깨워 주며, 공정한 사법이 회복되기를 바랍니다.",1
7407,266,검찰이 항소를 포기한 결정에 대해 많은 국민이 불만을 느끼고 있는데 우리도 함께 목소리를 높여야 할 것 같아 정당한 법적 절차와 투명한 판단이 꼭 필요하다,1
7408,267,공직자 책임을 명확히 하여 국민 신뢰를 회복할 수 있길 기대합니다,1
7409,268,정부는 외교안보민생 등 중대한 문제에 집중하고 있어 항소포기 사안에 대해 입장을 내지 않는 것이 상황을 잘 판단한 듯하다 정치적 오해가 최소화될 수 있다고 생각한다,1
7410,269,중국과 한국이 서로를 배려하며 외부 압력에 흔들리지 않길 바라며 평화와 협력이 우선이고 다음 세대가 안전한 환경에서 꿈을 키울 수 있도록 함께 노력하자,1
7411,270,한국과 중국의 깊은 협력이 이렇게 큰 합의로 이어져 기쁘고 우리 모두가 함께 성장할 길이 열렸다고 생각해요,1
7412,271,이런 사안이 벌써 한 번도 없었던 것 같아 누구에게나 정당한 법적 판단이 필요해 보인다 법을 통해서 모든 이해관계자가 정당한 결정을 받길 바란다,1
7413,272,"대통령실이 바쁘다고 하면서도 사건에 무심한 듯 보여 실망이 되고, 조금 더 주의를 기울여 주면 좋겠으며, 이렇게 일거리를 따로 챙겨야 하는 것이 정말 힘들다",1
7414,273,새로운 지도부가 우리에게 더 큰 희망을 줄 수 있길 기대하며 여러분의 꿈과 열정을 믿습니다,1
7415,274,사법의 공정성을 위해 꼼꼼히 조사해야 한다는 점에 동의하며 국민의 신뢰 회복이 필요합니다.,1
7416,275,청와대로 옮기는 과정이 복잡해 보여도 국민을 위해 꼭 필요한 일이라 생각하며 조금이라도 편리해지길 바랍니다.,1
7417,276,나경원 의원이 정성호 장관을 비판하며 외압을 지적했으며 정확한 사안이 명확해져야 국민도 안심할 수 있을 거예요,1
7418,277,조국 선거 도전 소식을 듣고 기분이 두근거려 새로운 시작이 기대돼 많이 웃음이 나,1
7419,278,정리된 시각이 필요해요 도심 재생을 보는 관점이 중요합니다 부동산 혼란을 해소하기 위한 현실적 방안이 절실합니다,1
7420,279,암표 세 가지 법이 시행된다면 관람객 뿐 아니라 예술가에게도 공정한 환경이 제공될 것 같아요,1
7421,280,정부의 진실을 밝히는 이 조사가 우리 나라의 건전한 공직문화를 만들고 모든 시민이 안심할 수 있길 바랍니다,1
7422,281,조국 씨의 발언이 사실이라면 성남시가 피해자라는 사실이 무겁다 법이 정의로워지길 항상 지속적으로 바란다,1
7423,282,정말 어려운 상황이군요 정당한 절차가 지켜지길 바라며 모든 이들이 정의를 느낄 수 있길 바랍니다,1
7424,283,지금 대통령실이 입장을 밝히지 않은 것을 보니 정치가 복잡하고 투명하지 않아서 안타까운 마음이 듭니다.,1
7425,284,정부가 직접 수행하는 적폐 청산이라면 외부 비판보다 내부의 국가 신뢰 회복이 훨씬 더 중요하며 지금이 바로 그 필요가 있다.,1
7426,285,정권이 국가를 장악하려는 모습이 불안해 부산시민으로서 걱정됩니다.,1
7427,286,정부가 주택가격을 과도하게 조정한다는 주장에 공감하며 시민의 재산권을 지켜야 하고 이러한 조치가 국민의 삶에 미치는 부정적 영향을 반성해야 한다,1
7428,287,"정말 사무실 선물로는 100만원 정도가 적당하다고 생각하지만, 정직성은 언제나 가장 중요합니다.",1
7429,288,이 사안이 사회적 신뢰를 더욱 손상시키는 것 같아 아쉽고 모든 정치인에게 더 투명함이 필요하다,1
7430,289,탈북민도 대한민국 국민이기에 차별은 받아들이기 어려우며 우리는 모두 평등해야 합니다,1
7431,290,"검사들의 갑작스런 힘이 솟은 모습은 국민의 신뢰를 다시 시험하는 순간이며, 투명한 절차와 함께 공정성과 책임이 동시에 보여져야 한다.",1
7432,291,국회에서 여야가 끊임없이 프레임싸움을 벌이면서 국민은 정치적 혼란을 겪고 있다.,1
7433,292,이런 뜨거운 논쟁 속에서도 사람들의 목소리를 듣는 것이 중요합니다,1
7434,293,정치가 이렇게 나뉘면 우리 일상도 흔들리고 모두가 침착한 대화가 필요합니다,1
7435,294,정치권이 대장동 일당에게 이익을 주고 평범한 국민이 피해를 입는 것은 옳지 않으므로 공정한 재산 반환과 법의 엄정함이 필요하다,1
7436,295,대통령실이 무심하게 행동하는 이유가 있을까 정권을 위해 그런 조치를 취한다면 그 판단이 옳은 것일까,1
7437,296,임이자 위원장께서 여야를 잇는 다리 역할을 해 주셔서 감사하고 정쟁 대신 정책 중심으로 진행해 주신 덕분에 국감이 더 투명해졌다고 생각합니다.,1
7438,297,대통령실이 입장을 내놓지 않았지만 시민들의 불안이 계속되고 있어 마음이 아프고 책임감이 필요하다,1
7439,298,정치에 혼란이 많아 우리 모두 힘들었지만 정의가 꼭 실현되길 바라며 함께 응원한다,1
7440,299,"국민의힘 성일종 의원이 100만원이 뇌물이라며 김기현을 옹호한 건 이해가 안 가는데, 정치적 비난이 아니라 사실 확인이 먼저여야 한다.",1
7441,300,정당간의 갈등이 너무 심해 보이는 만큼 시민들은 제대로 된 답변을 원하며 우리 모두가 투명한 절차를 기대한다,1
7442,301,정당 간의 정쟁이 계속되면서 국민의 목소리가 가려지는 현실이 너무 아쉽고 앞으로는 투명한 정치를 기대한다,1
7443,302,사람을 생각하는 목소리가 정책보다 더 필요하다 공정한 조사와 신뢰 회복이 먼저 우리 모두를 위해,1
7444,303,정의당이 항소 포기 결정을 비판한 것은 타당하며 검찰이 적절한 판단을 내리지 못한 것은 국민의 불신을 키우는 길이 될 수 있어 사법 신뢰가 흔들리고 사회 정의가 위협받는 상황이 우리 모두가 원치 않는 만큼 정치와 사법이 서로 방해하지 않고 투명한 절차를 통해 정의가 실현되기를 바란다.,1
7445,304,국민의힘이 탄핵까지 서슴지 않는 모습이 눈에 띈다 하지만 진짜 해결책은 무엇일까 그리고 국민들의 목소리와 신뢰를 다시 얻기 위해서는 투명한 조사와 실질적 책임이 필요하다,1
7446,305,검찰의 기강을 지키려는 대통령실의 태도에 공감하며 정당한 규율이 필요하다고 생각한다,1
7447,306,군인에게 기밀이 흘러나온 소식이 정말 안타깝고 책임을 묻는 절차가 필수적이다,1
7448,309,정회가 빠르게 선포된 점이 안타깝고 양당이 대화를 통해 문제를 해결했으면 좋겠다,1
7449,310,나는 국민의 안타까움을 진심으로 느끼며 공정하고 투명한 절차가 필요하다고 생각합니다,1
7450,311,검찰과 법무부 사이 갈등이 계속되면 국민들의 신뢰가 더 떨어질 것 같아 이 상황이 빨리 해결되길 바란다,1
7451,312,김경수 위원장이 경남 지사 사퇴 이후 지역민들의 믿음이 흔들려 많이 안타깝고 조금씩 회복될 것이라 기대된다.,1
7452,313,부산시가 전장관의 인공지능 비전으로 새 시대를 맞이한다는 기대가 크고 더 큰 발전이 기대됩니다,1
7453,314,이번 사건으로 고통받는 시민들의 마음이 아프고 정의가 실현되길 바랍니다,1
7454,315,이 사건으로 상처받은 분들이 평화를 찾고 정의가 실현되길 바랍니다,1
7455,316,"정말 힘든 상황이지만, 진심으로 모두가 평화와 정의를 바라며 응원하고 있습니다.",1
7456,317,정치적 이슈에만 집중하기보다 국민이 가장 필요로 하는 법치와 정의가 먼저여야 한다는 생각이 든다,1
7457,318,검찰이 절차를 지키지 않고 사표만 내면 국민의 신뢰가 더 깨질 뿐이며 정당한 수사가 필요하다,1
7458,319,"서대문구 의원이 안동 생가 복원 건의서를 낸 이유가 궁금한데, 지역 경제와 어떤 연관이 있는지 궁금합니다.",1
7459,320,정성호 장관이 책임을 다하려는 모습이 인상적이며 정치적 압박에 굴복하지 않으려는 의지가 느껴져 이러한 태도가 국가에 희망을 주는 것 같다,1
7460,321,정치토론이 시작된 만큼 모두가 공정하게 의견을 나누는 기회가 되길 바라며 전문가들의 의견이 반영되길 기원합니다,1
7461,322,노 총장 대행이 사의 표명을 하면서 검찰 내부가 더욱 흔들리기만 하는 현실이 안타깝고 국민이 지켜야 할 건 투명성과 공정성이다,1
7462,323,지방과 중앙이 소통돼야 시도지사들이 말 못하고 망설이는 상황이 안타깝고 시민들의 관심도 필요하다.,1
7463,324,"공무원들의 긴장감이 눈에 띄고, 정치권이 갈등을 격화하면 공공서비스 지연이 우려된다.",1
7464,325,이 사건의 진실이 밝혀져 기획재정부의 책임이 명확히 드러나는 것이 중요합니다,1
7465,326,정확히 말하고 싶은 것이 무엇인지 이해가 안 가서 혼란스러워서 사실이라면 좋겠어요,1
7466,327,정성호 장관이 사퇴를 거부하면서 책임 회피를 부인한 점이 조금 안타깝다,1
7467,328,정성호 장관이 일상적이라고 강조한 점에 공감하고 이해가 깊어져 다시 소통이 더 깊어지길 바랍니다,1
7468,329,정직한 수사를 위해 목소리를 내는 당신이 필요하며 정의를 위한 끈질긴 노력에 박수를 보냅니다,1
7469,330,정직한 토론을 위해 전 장관들이 한 자리에 모여야 한다는 말이 가장 설득력 있다 정치인들 모두가 대화에 나서 국민의 신뢰를 회복하길 바란다,1
7470,331,제목입니다.,1
7471,332,대장동 사건으로 민심이 격분한다는 MBN 뉴스와이드 보도가 마음에 무겁게 다가와 상황이 진전되길 바라면서 동시에 이 사안이 사회적 갈등을 촉발할까 두려워한다.,1
7472,333,공직자들이 정당한 책임이 아니라 정치적 압박을 느끼는 것 같아 걱정이 된다.,1
7473,334,"양부남 의원이 내란특검, 대장동, 광주 예산, 형법 개정에 대한 논란을 한눈에 정리했다.",1
7474,335,이 현안은 민심이 가득 차오르지만 공정한 조사와 투명한 설명이 필요하며 국민이 기대하는 정의가 실현되길 바란다,1
7475,336,"정권이 이런 갑질을 일삼아 젊은 세대의 불신을 불러일으키는 건 너무 안타깝고, 이런 상황에서 우리 모두가 목소리를 높여야 할 때다.",1
7476,337,노 검찰총장 직무대행이 사의를 표명한 것은 책임을 지는 용기 있는 행동으로 보이며 진정한 사과와 반성의 자세가 필요하다,1
7477,338,정성호 장관이 검찰 자율성을 존중한다고 말하지만 실제로 어떻게 판단될지 궁금하다,1
7478,339,대장동 사건이 이렇게 복잡해져서 안타까우며 정당 간 갈등이 끊임없이 이어지는 모습을 보니 더욱 안타까워요.,1
7479,340,검사들의 사표는 절대로 수리해서는 안 되고 정당한 절차를 따라야 한다,1
7480,341,대통령실의 입장을 부담스러워하는 나로서는 사안이 복잡해 보여도 정직이 필요하다고 생각해요.,1
7481,342,정확한 사실을 모른다는 점이 납득하기 어려워 공감합니다 그동안 논쟁 속에서 모두가 정당한 질문을 하고 싶어하는 마음이 느껴졌습니다,1
7482,343,현관 사진 요구가 늘어나 혼란만 커지고 실거주를 증명하려면 너무 번거로워 답답합니다,1
7483,344,공무원들이 불안해하는 모습이 안타깝고 누구나 겪는 감정이라 공감한다 이제 진심으로 말할 수 있는 시간이 필요하다,1
7484,345,정 장관이 예산결산특별위원회에서 투명하게 답변하셨는데 공정한 판단이 필요하며 국민이 신뢰할 수 있는 정리가 되길 바랍니다,1
7485,346,검찰 예산 삭감은 정치적 중립을 지키려는 의도로 보이지만 비공개 예산이 비판받아온 만큼 투명성을 높이는 계기가 될 것 같아.,1
7486,347,검찰이 진보 정권에만 저항을 보인다는 인식이 정치적 중립을 깨뜨렸다고 느끼며 공정한 사법이 필요합니다,1
7487,348,공무원의 책임과 보상이 동시에 제시되면 업무에 대한 동기부여가 상승하고 공직 사회의 투명성이 높아질 것 같다,1
7488,349,정치가 힘든 시기에 APEC을 통해 한국이 목소리를 높이려는 노력이 돋보이며 대통령과 비서실장의 긴장과 결단이 대단해 정말 존경스러운 모습입니다,1
7489,350,건희2 사건이 또 폭로돼서 국민은 안타까워야 하고 모두가 정의를 바라며 평안을 기원해야 한다,1
7490,351,부친의 가르침이 오늘의 어려움을 이겨내는 힘이 되고 그때의 진심은 아직도 살아 있으며 우리 모두가 함께한다면 가능성은 무한합니다,1
7491,352,경기 북부의 어려움을 듣고 힘을 주는 모습이 정말 감동적이었으며 앞으로 함께 나아가길 기대합니다,1
7492,353,정부가 군대의 청결을 위해 적극적인 변화를 이끌어 주는 모습에 안심이 되고 앞으로의 인사 정책이 우리 군을 더 강하게 만들길 기대한다,1
7493,354,백악관의 발언이 흔들리는 상황이라 마음이 무겁고 팩트시트에 실질적인 정보가 없다면 우리 역시 불안합니다,1
7494,355,역사상 최대 규모의 인사 교체라니 마음이 무겁고 모두가 안정과 변화를 기대합니다,1
7495,356,관세 완화와 안보 강화로 한미 동맹이 다시 뜨거워진 것 같아 앞으로도 서로 협력해 나가길 응원해,1
7496,357,검찰의 항소 포기는 불안한 신호이며 정치적 책임이 필요하고 투명한 조사 과정을 바라는 것이라 국가의 미래를 위해 모든 단계가 정당하게 진행되어야 한다,1
7497,358,국가의 끈기와 버티는 힘이 진짜 대단합니다 우리 모두가 함께 나아가며 앞으로도 힘내세요 우리는 서로를 지지하며 더 큰 목표를 향해 나아갈 것입니다,1
7498,359,핵추진 잠수함 도입은 우리나라 안보를 강화하는 중요한 발걸음이며 이를 통해 안전망을 견고히 할 수 있을 것이라고 믿습니다,1
7499,360,경호처의 말을 들으니 두려움이 가득하지만 책임 있는 자리에서 격려를 받는 것이 인간적인 면이라고 느낍니다,1
7500,361,한 전 대표가 황교안을 떠났다고 했으나 그 의미는 분명하다.,1
7501,362,대장동 주민들이 겪는 어려움을 진심으로 이해하며 그들의 재산 회복과 공정한 재분배가 필요하다고 생각합니다,1
7502,363,"노무현 전 대통령을 조롱한 과거가 다시 떠오르며 이번 검사가 부담스럽게 느껴지는데, 그가 재판에 관여해 국민의 신뢰가 회복될지 걱정된다.",1
7503,364,한강버스 안전이 최우선이라고 생각하며 총리의 철저한 점검이 시민들에게 큰 안심이 될 것 같아요,1
7504,365,검찰이 독립을 지키려는 노력이 좋지만 정권에 눈치를 보게 될까 걱정돼서 균형을 어떻게 잡아야 할지 궁금해요,1
7505,366,"정대표가 게임산업을 사랑하는 모습이 인상적이었고, 게임이 우리 문화에 큰 역할을 하고 있다는 사실을 다시 깨달았습니다",1
7506,367,양 의원이 이천 식당에서 명당자리를 경험했다니 정치의 따뜻한 순간이여 앞으로도 응원합니다,1
7507,368,이런 상황에서 우리 모두가 서로를 이해하고 협력한다면 평화를 찾을 수 있을 것 같고 우리의 소중한 가치를 지키는 데 도움을 주시는 분들께 감사드립니다.,1
7508,369,이렇게 물갈이를 하면 군 내부에서 신뢰를 회복하는 데 도움이 되는지 궁금합니다,1
7509,370,핵잠 건조 승인 좋지만 건조 장소가 불분명해 더 자세한 설명이 필요하며 국민이 안심할 수 있도록 명확한 정보를 전달해 주시기 바랍니다,1
7510,371,이런 논쟁이 계속된다면 국민이 느끼는 불안감은 계속해서 커질 수밖에 없습니다.,1
7511,372,이준석 대표의 관점은 매우 흥미로우며 종묘를 바라보는 시각이 바뀐 것을 이해한다 지금 시대에 역사를 존중하면서 동시에 발전을 고민해야 할 것 같다,1
7512,373,저는 홍 전 시장이 말한 탈출이 그때 정말 필요했던 순간이라고 생각해요,1
7513,374,한국이 손해를 줄이고 미국과 협력하면서도 국내를 지키는 모습이 마음에 듭니다,1
7514,375,성남시민이 정당히 받을 돈이 제대로 돌아가길 바라며 부당한 이득은 요구하지 않고 정당한 책임을 요구합니다,1
7515,376,전작권 전환이 2030년까지 가능하다는 소식이 들려서 희망이 커지고 우리 군이 자율적으로 전쟁을 지휘할 수 있게 된다면 안보가 한층 강화될 것 같으며 3단계 검증이 순조롭게 진행된다면 우리 국가의 안보 의지가 더욱 확고해질 것 같아,1
7516,377,"정당한 조사를 기대하며, 군 인력 절감이 아니라 실제 수사에 중점을 두는 점이 중요합니다.",1
7517,378,"이재명 대통령이 예고 없이 직접 나서서 국민에게 설명한 모습이 인상적이었고, 버티기라는 힘이 필요한 상황이었습니다.",1
7518,379,"한미 협상에서 중국이 언급된 것은 처음이며, 우리도 함께 고민해보고 싶습니다.",1
7519,380,"미래연합군사령부 검증이 내년에 진행된다는 소식에 기대가 되며, 전작권 전환이 신속히 이루어지면 한미 안보가 한층 강화될 것 같습니다.",1
7520,381,비핵화 목표가 다시 명시돼 우리 국민이 안심할 수 있는 시대가 온 것 같아 진심으로 기쁩니다.,1
