newID,Title,Content
2,"[속보] 李대통령 ""내란, 특검에만 의존 말고 독자 조사도 해야""","이재명 대통령은 11일 ""우리 사회 일부에서 시대착오적인 차별과 혐오가 횡행하고 있다""며 이에 대한 처벌 장치를 조속히 마련하라고 지시했다.
이 대통령은 이날 용산 대통령실에서 주재한 국무회의 모두발언에서 ""최근 꽤 여러차례 말씀드렸는데 한번 더 언급한다""면서 ""우리 사회 일부에서 인종, 출신 국가 등을 가지고 정말로 시대착오적인 차별과 혐오가 횡행하고 있다""고 지적했다.
이재명 대통령이 지난 7일 대전광역시 국립중앙과학관에서 열린 ‘다시 과학기술인을 꿈꾸는 대한민국 국민보고회’에서 발언을 하고 있다. 대통령실사진기자단
그러면서 ""이 사회가 점차 양극화되는 와중에 이렇게 극단적인 표현이 사회 불안을 계속 확대시키고 있다""며 ""특히 SNS 등에서 특정 대상을 향한 표현이 무차별적으로 유포되고 허위조작 정보가 범람하고 있다. 더이상 이를 묵과해서는 안 된다""고 강조했다.
이 대통령은 ""이는 표현의 자유를 넘어서는 명백한 범죄 행위""라며 ""혐오 표현에 대한 처벌 장치를 조속히 마련하고 허위 조작 정보 유포 행위를 근본적으로 차단하고 엄정하게 처벌하는 데 총력을 기울여야 한다""고 밝혔다.
그는 ""인종 혐오, 차별, 사실관계 왜곡 조작 이같은 잘못된 정보 유통은 민주주의를 위협하는 행위이자 사람들의 일상을 위협하는 행위이기 때문에 추방해야 하는 범죄""라며 ""정치권에서도 허위조작 근절에 동참해주시길 당부드린다""고 말했다.
한편 이 대통령은 이날 김민석 국무총리가 12·3 비상계엄 등 내란 사태에 관여한 공직자들을 내부 조사하고 필요한 인사 조치를 논의하기 위해 '헌법존중 정부혁신 TF' 구성을 제안한 데 대해 ""당연히 해야 할 일""이라고 동조했다.
이 대통령은 “내란 사안에 대해서는 특검이 형사처벌을 진행하고 있지만, 책임의 정도에 따라 형사처벌 외에도 행정적 책임을 묻거나 인사상 문책 또는 인사 조치를 할 정도의 낮은 수준도 있기 때문에 꼭 필요할 것 같다""며 ""이는 특검에 의존할 게 아니라 정부가 독자적으로 처리해야 할 사안""이라고 말했다."
3,"정부, 암표에 칼 빼든다…""과징금 최대 30배, 신고자에겐 포상금""","7일 잠실야구장에서 열리는 2025KBO리그 LG트윈스와 SSG랜더스의 경기가 만원관중과 함께 팽팽한 승부가 이어지고 있다.  /사진=강영조
정부가 문화예술계와 체육계의 오랜 고민이었던 불법 입장권(암표) 근절에 나선다. 이재명 대통령은 과징금을 상향하고 신고 포상금을 도입하는 등 방안을 함께 검토하라고 11일 지시했다.
최휘영 문화체육관광부 장관은 이날 이 대통령 주재로 열린 제49회 국무회의에서 암표에 대해 ""정가를 초과한 판매 자체를 일률적으로 금지하고 매크로 여부와 무관하게 제재할 것""이라며 ""관련법을 개정해 웃돈을 받고 (티켓을) 판매하는 것을 전면 금지토록 하겠다""고 말했다.
최 장관은 정가를 초과해 판매하는 상습 위반자를 가중처벌하고, 부정취득 이득보다 훨씬 큰 액수의 과징금 부과 등 방안을 제시했다. 신고한 사람에게 포상금을 지급하는 방안도 검토하겠다고 밝혔다.
이 대통령은 이 중 형벌 조항을 늘리는 방안에 대해서는 실효성이 떨어진다고 반대했다. 이 대통령은 ""(암표 사건을) 형사 사건으로 가져가게 되면 시간과 인력 소모가 크다""며 ""과징금을 판매 총액의 10배에서 30배까지 상향하고, 신고자에게 합리적으로 포상금을 지급하는 방안이 낫다""고 말했다.
최휘영 문화체육관광부 장관이 11일 서울 용산 대통령실 청사에서 열린 국무회의에서 발언하고 있다. / 사진 = 대통령실통신사진기자단
정부는 이후 문체부를 중심으로 경찰청, 국세청 등 관계 기관과 협력해 현장 점검을 강화한다. 또 공연법과 국민체육진흥법 등에 흩어져 있는 관련 조항을 하나로 통일하는 법체계 정비 필요성에 대해서도 논의한다.
이날 국무회의에서는 체육계 단체장의 연임을 금지하고 선출 방식을 투표(온라인 직선제)로 바꾸는 안건도 논의됐다. 대한체육회에서 우선 시행하고, 이후 17개 시도체육회와 대한축구협회 등 68개 종목단체에 단계적으로 적용하도록 유도한다.
이 대통령은 이에 대해 연임뿐만 아니라 중임까지 제한해야 한다면서 ""혁신적인 제도""라고 긍정적인 반응을 보였다."
4,"혁신당, 전당대회 레이스 돌입…조국 ""지선서 양당독점 파괴""","21∼23일 온라인 투표로 지도부 선출…당대표 曺 단독출마·최고위원 후보 4명
당대표 출마 선언하는 조국
[연합뉴스 자료사진]
(서울=연합뉴스) 김정진 안정훈 기자 = 조국혁신당은 11일 전국당원대회 출발식을 열고 새 지도부 선출을 위한 전당대회 일정에 공식적으로 돌입했다.
황명필 중앙당 선거관리위원장은 이날 출발식에서 ""이번 임시 전당대회는 우리의 초심을 재확인하고 지방선거를 승리로 이끌 지도부를 선출하는 매우 중요한 행사""라며 '진심으로 다시, 혁신으로 전진'이라는 전당대회 슬로건을 발표했다.
오는 21∼23일 진행되는 온라인 투표를 통해 당 대표, 최고위원 2명이 선출되며 결과는 23일 청주 오스코에서 열리는 전당대회 행사에서 발표된다.
12일에는 후보자를 당원에게 소개하는 '다시 쓰는 프로필', 14일과 19일에는 정책·비전 검증 대담회, 17일과 21일 각각 호남과 영남 지역 대담회가 예정돼있다.
당 대표 후보로는 조국 전 비상대책위원장이 단독 출마했으며 최고위원 후보는 임형택 익산시공동지역위원장, 정춘생 의원, 정경호 전 한국로슈 노동조합위원장, 신장식 의원(이상 기호순) 등 4명이다.
조 전 위원장은 출발식에서 ""지난 총선에서 독자적 힘으로 국회의 교두보를 마련했듯 내년 지방선거에서도 조국혁신당의 힘으로 지방정치 교두보를 세우겠다""며 ""양당 독점 지역에 창조적 파괴를 일으키겠다""고 말했다.
stopn@yna.co.kr"
5,"민주 ""친윤 검사, 선택적 항명""...국민의힘 ""몸통은 이 대통령""","[앵커]
대장동 사건 항소 포기를 두고 검찰 내부 반발이 들끓는 가운데 정치권 시선도 서초동에 쏠리고 있습니다.
민주당은 친윤 검사들의 선택적 항명이라며 강력한 대처를 예고했고, 국민의힘은 대검찰청을 항의 방문해 몸통은 이재명 대통령이라고 외쳤습니다.
국회로 가봅니다, 박정현 기자!
[기자]
네, 국회입니다.
[앵커]
민주당 분위기부터 살펴볼까요?
[기자]
민주당 핵심 관계자들은 YTN 통화에서 '모든 건 다 사법을 바로 세우는 범주 안에 있는 일'이라고 한 줄로 정리했습니다.
검찰이 그동안 허위·조작 기소를 얼마나 일삼았는지 이번 기회로 드러났고, 항소 포기 역시 검찰의 기계적 항소권 남용을 '자제한' 당연한 수순이라고 말했습니다.
법사위 소속인 민주당 서영교 의원은 라디오 인터뷰에서 검찰은 자신들이 무슨 짓을 했는지 반성해야지 집단행동할 때가 아니라며 이번 사태를 '검란'이라고 규정했습니다.
관련 발언 들어보겠습니다.
[서영교 / 더불어민주당 의원 : 김건희 사건이 있을 때 찍소리도 못하지 않았습니까? 윤석열 구속 취소됐을 때 찍소리도 못하고 즉시 항고하지 말자고 했던 검사들 아닙니까?]
다른 민주당 관계자도 정권에 따라 달라지는 검찰의 태도를 용납할 수가 없다며, 검찰 해체까지 이제 열 달 정도 남았는데 그 과정도 이렇게 방치해선 안 된다고, 추가 대응을 예고했습니다.
검사장들이 집단 성명을 낸 걸 두고도 검찰을 담당하는 대통령실 민정수석실을 향해 이런 심각한 공직기강 해이를 왜 두고만 보는지 모르겠다며 감찰을 촉구하기도 했습니다.
조승래 사무총장은 SNS에 글을 올려, 내란의 뿌리 국민의힘 본진은 역시 '친윤 정치검찰'이라며, 신호에 따라 분주히 움직이는 국민의힘이 마치 '파블로프 개'같다 비꼬았습니다.
'재판 외압'이라는 국민의힘 지적에 대해서도 '정치 공세'다, 일축했습니다.
정성호 법무장관이 했다는 '신중하게 판단하라'는 말은 장관 선에서 충분히 할 수 있는 아주 원칙적인 이야기일 뿐이라며, 이런 얘기도 압박으로 느꼈다면 그건 검찰의 '자격지심'에 지나지 않는다 반박했습니다.
국민의힘 장동혁 대표가 어제 대통령 탄핵 사유라고 언급한 것에 대해선, 공당의 대표가 할 처신이 아니라며, 날을 세웠습니다.
민주당 핵심 의원들은, 엄밀히 말해 이 대통령은 이 사건의 당사자는커녕 오히려 불똥만 맞은 피해자란 점을 강조하고 있습니다.
1심 판결문에도 당시 성남시장이던 이 대통령은 몰랐을 수 있다고 명시돼 있다면서 이 대통령 탄핵까지 운운하는 건 선을 넘어섰다고 비판했습니다.
[앵커]
국민의힘 반응은 어떤가요?
[기자]
국민의힘은 총력전 태세입니다.
오전 대검찰청에서 규탄대회를 열었는데요, 장동혁 대표는 '신중히 결정하라'는 정성호 장관 말이 자신에겐 조폭 두목이 밤길 조심하란 얘기처럼 들린다며 외압 의혹을 거듭 띄웠습니다.
민주당 김병기 원내대표 말처럼 국정조사도, 특검도 하자며 이를 통해 이 대통령을 탄핵하고 재판을 재개하자는 주장도 재차 내놨습니다.
[장동혁 / 국민의힘 대표 : 이 모든 건 이재명 때문입니다. 지금 엉망으로 망가지는 대한민국을 구하는 방법은 딱 하나입니다. 이재명을 대통령의 자리에서 내려오게 하는 것뿐입니다.]
송언석 원내대표는 노만석 검찰총장 대행을 향해 권력 앞에 스스로 벌렁 누운 이에게 검사 호칭도 아깝다며, 민주당이 검찰 조직의 정당한 항의에 이상한 항명 프레임을 씌운다고 쏘아붙였습니다.
규탄대회 뒤엔 노 대행 사퇴를 요구하며 대검 청사 내부 진입도 시도했습니다.
당은 이어서 오후엔 법무부를 항의 방문해 정성호 장관 면담을 요구할 계획입니다.
국민의힘은 이번 사태의 진상규명을 강조하는 만큼 국조부터 청문회 특검 등 모든 받겠다는 입장인데, 일단 오늘 오후 국회 법제사법위원회 전체회의가 첫 운동장이 될 것으로 보입니다.
국민의힘이 긴급 현안질의를 요구해 열리는 건데 다만 회의가 열려도 '항소 포기' 안건이 상정될지는 추미애 법사위원장 결정이기 때문에 내실 있는 회의가 이뤄질지는 불투명합니다.
정성호 법무부 장관 등의 출석도 현재로썬 가능성이 작다는 관측입니다.
국정조사의 경우, 여야 모두 필요성은 얘기하고 있는데 민주당은 '조작 기소' 국민의힘은 '항소 포기 외압' 이렇게 각각 요구하는 내용이 다른 상태라 여야 합의가 될지 미지수입니다.
국민의힘 당내에선 또 장외투쟁 필요성이 거론되는데, 일단 내일 국회에 당원들을 모아 규탄대회를 진행할 예정입니다.
지금까지 국회에서 전해드렸습니다.
※ '당신의 제보가 뉴스가 됩니다'
[카카오톡] YTN 검색해 채널 추가
[전화] 02-398-8585
[메일] social@ytn.co.kr"
6,"박정하 ""김건희에 명품백 선물한 김기현, 부끄럽고 참담""","사진=연합뉴스
김기현 국민의힘 의원의 배우자가 김건희 여사에게 100만원대 로저 비비에 명품 가방을 선물한 것에 대해 당내에서도 “부끄럽고 참담한 일”이라는 비판이 나왔다.
박정하 국민의힘 의원은 10일 MBC 라디오에 출연해 김 의원이 ""(김 여사가) 이런 브랜드를 좋아한다는 소문을 확인하고, '전당대회 도와줘서 고맙다'는 말까지 하면서 (명품 가방을 선물하는) 이런 일이 국민들한테 죄송스럽고 부끄러운 일""이라고 말했다.
박 의원은 당내 분위기를 묻는 진행자의 질문에 ""다들 불편한 건 말씀을 안 하시는 분위기가 굉장히 오래됐다""며 ""의원들이 이런저런 생각들을 하고 있는데 그걸 겉으로 표출을 안 하는 상황""이라고 전했다.
박 의원은 당내 의원들이 줄줄이 수사선상에 오르는 상황에 대해 ""국민적인 판단이 명확히 나올 수 있는 개별적인 건은 사과든 조치든 필요한 건 정리를 해야 '국민의힘이 싸우고 있고 민주당 혹은 정부가 잘못 가는 부분도 있구나 국민들이 생각할 텐데 다 묻어두고 그냥 '싸우자, 대통령을 어떻게 해야 한다' 하는 게 국민들에게 얼마나 전달될지 의문이다""라고 지적했다.
2022년 G20 환영 만찬에서 클라우스 슈밥 세계경제포럼 회장 부인 힐데 슈밥 여사와 인사하는 김건희 여사 (사진=대통령실 제공)
앞서 김 여사는 로저 비비에 제품을 공식 석상에서 여러 차례 착용한 바 있다. 김 여사는 2022년 11월 13일 캄보디아 프놈펜에서 한국 분식점을 운영하는 한인 청년을 만나 격려하는 자리에 로저 비비에의 '커브드 버클 펌프스' 제품을 착용했다. 이어 2022년 11월 15일 인도네시아 발리 가루다 위스누 끈짜나 문화공원에서 열린 주요 20개국(G20) 환영 만찬에서도 이 브랜드의 클러치 제품을 들고나왔다. 김 여사는 같은 제품을 이듬해 1월 예술의전당에서 열린 문화예술인 신년 인사회 때도 들었다. 이 제품 판매가는 100만원 후반으로 알려졌다.
김 여사의 로저 비비에 사랑은 특검 출석 때도 이어졌다. 김 여사는 지난 8월 민중기 특검팀에 피의자 신분으로 출석했는데, 검은색 정장 차림과 함께 신은 검은색 로저 비비에 구두가 포착됐다.
사진= 사진공동취재단
한편 민중기 특검팀은 지난 6일 김 여사의 주거지인 서울 서초구 아크로비스타를 압수 수색을 하면서 로저 비비에 가방과 함께 김 의원의 아내 이름이 적힌 메모지와 편지 등을 확인한 것으로 전해졌다. 김 의원 아내의 손편지에는 ""당 대표 당선을 도와줘서 감사하다""라는 내용이 적혀있었다고 알려졌다."
7,"국민의힘, 대검·법무부 찾아 ‘항소포기’ 규탄…“정성호·노만석 사퇴해야”","국민의힘이 '대장동 항소 포기'와 관련 대검찰청과 법무부 앞에서 잇따라 규탄 집회를 열었습니다.
국민의힘은 정성호 법무부 장관과 노만석 검찰총장 권한대행을 향해 사퇴를 촉구했고, 진상 규명을 위한 국정조사와 특검 수사 필요성을 강조했습니다.
장동혁 대표는 오늘(11일) 오전 서울 서초구 서초동 대검찰청 앞에서 열린 '긴급 현장 규탄대회'에서 ""단군 이래 최대의 개발 비리 범죄가 일부 무죄가 선고됐는데도 항소를 포기했다""며 ""더불어민주당 김병기 원내대표도 말한 것처럼 국정조사를 하고, 특검도 하자""고 말했습니다.
그러면서 ""지금 즉시 법원은 이재명 대통령 재판을 재개해야 한다""며 ""그것이 대한민국을 구하는 유일한 길""이라고 주장했습니다.
송언석 원내대표는 노 대행을 향해 ""권력의 바람 앞에 자기 스스로 벌렁 드러누워 버렸다. 검찰의 관뚜껑에 손수 못을 박아버린 자는 바로, 비겁하고 비굴한 검찰총장 직무대행""이라고 비판했습니다.
이어 ""노 대행의 선배였던 심우정 전 검찰총장은 윤석열 대통령 구속 취소 당시 즉시 항고를 포기한 이유로 특검의 수사까지 받았다""며 ""그렇다면 노 대행도 대장동 일당 항소 포기 결정으로 수사받아야 하지 않겠나""라고 밝혔습니다.
나경원 의원도 ""노 대행은 용산과 법무부를 고려했다며 단군 이래 최대의 정치 부역을 자백했다""며 ""즉각 사퇴해야 한다""고 주장했습니다.
또, 정성호 법무부 장관이 '대검에 신중히 판단해 달라는 의견을 전달했다'고 밝힌 데것에 대해 ""정 장관은 누구와 어떤 대화를 나눴고 그 지시를 어떻게 전달했는지 명명백백히 밝혀야 한다""고 요구했습니다.
국민의힘 지도부는 항소 포기 경위를 확인하기 위해 노만석 검찰총장 대행과의 면담을 요청했지만 노 대행이 연가 중이라 불발됐습니다.
이에 박철우 대검찰청 반부패부장과의 면담을 시도했지만, 이 역시 이뤄지지 못했습니다.
국민의힘 의원들은 오후에는 법무부를 찾아 규탄집회를 이어갔습니다.
송 원내대표는 ""'신중하게 잘 판단하라'는 그 한마디 이것이 바로 협박이고 이것이 바로 외압이 아니겠나""라며 ""대한민국 사법 시스템을 파괴시킨 장본인은 결코 대한민국의 법무부 장관으로 자리를 지킬 수가 없다""고 목소리를 높였습니다.
이어 ""법무부가 구체적인 사건에 대해서 노골적으로 외압을 가한 것이다. 명백하게 검찰청법을 위반한 것""이라며, 진상 규명을 위한 국정조사와 특검 수사 필요성을 강조했습니다.
장 대표는 규탄대회 이후 기자들과 만나 ""이번 항소 포기는 정성호 게이트""라고 주장하며, ""두 번이나 신중하게 판단하라고 한 것은 법무장관이 명백하게 수사 외압을 한 것""이라고 말했습니다.
국민의힘 의원들은 '직무유기 직권남용 항소포기 규탄한다' '정권방탄 정의파괴 법무장관 사퇴하라'는 등의 구호를 외쳤습니다.
국회 예산결산특별위원회의 경제 부처 예산안 부별 심사에서도 '대장동 항소 포기' 결정과 관련한 국민의힘 의원들의 비판이 이어졌습니다.
국민의힘 서범수 의원은 ""국무위원과 국회의원들이 예산을 한 푼이라도 아끼고, 효율적으로 쓰기 위해 노력을 하고 있다""며 ""그런데 정부 한 쪽에서는 성남 시민과 국민에게 돌아가야 할 7,800억 원을 범죄자 일당에게 돌려주는 터무니 없는 일이 벌어지고 있다""고 비판했습니다.
[사진 출처 : 연합뉴스]
■ 제보하기
▷ 전화 : 02-781-1234, 4444
▷ 이메일 : kbs1234@kbs.co.kr
▷ 카카오톡 : 'KBS제보' 검색, 채널 추가
▷ 네이버, 유튜브에서 KBS뉴스를 구독해주세요!"
8,"'내란협조 공직자 조사' TF 추진…이 대통령 ""당연히 할 일""","지난해 비상계엄 사태에 가담한 공직자들을 대상으로 한 인사 조치 근거 마련 등을 위해 정부 차원의 TF를 추진합니다.
김민석 국무총리가 오늘(11일) 국무회의에서 ""'헌법존중 정부혁신 TF'를 정부 내에 구성할 것을 제안한다""고 언급하자, 이 대통령은 ""당연히 해야 할 일""이라며 즉각 수용했습니다.
구체적으로 김 총리는 ""내란혐의 수사와 재판이 장기화하면서 내란 극복이 지지부진한 상황""이라며 공직자들의 불법행위 가담 여부 등을 밝히는 TF 출범이 필요하다고 설명했습니다.
이에 이 대통령은 ""내란에 관한 문제는 특검에만 의존할 일이 아니고, 독자적으로 할 일""이라고 정부 자체 조사 필요성에 동의했습니다.
#대통령 #비상계엄 #국무회의
연합뉴스TV 기사문의 및 제보 : 카톡/라인 jebo23"
9,[단독] 대통령실 “대장동 항소 포기 사후 보고받아”…외압설 일축,"대통령실 “그런 문제 신경쓸만큼 한가하지 않다”
조직적 항명에 격앙…“검찰개혁 깃발만 올라가”
이재명 대통령. 연합뉴스
대통령실 고위 관계자는 10일 “검찰의 대장동 개발 비리 사건 항소 포기를 사후에 보고받았다”고 밝혔다. 검찰의 항소 포기 결정이 이재명 대통령의 사법리스크를 없애기 위한 대통령실의 ‘외압’에 따른 것이 아니냐는 세간의 의혹을 일축한 것이다.
대통령실 고위 관계자는 이날 한겨레와 한 통화에서 “대통령실에선 이번 문제에 관여할 동기가 전혀 없다”며 이렇게 말했다. 이 관계자는 이와 관련해 “(대장동 개발 비리 의혹 핵심 인물들이) 1심 판결에서 유죄가 나와서 법정구속 됐고, (유동규씨 등은) 검찰이 구형한 것보다 세게 형량을 받지 않았느냐”며 “검찰의 구형보다 세게 형량을 받은 건 수사 검사의 실패다. 오히려 (수사 검사가) 반성을 해야 하지 않냐”고 말했다.
대통령실 쪽에선 “그런 문제에 신경 쓸 만큼 대통령실은 한가하지 않다”며 선을 긋고 있지만 물밑에선 검찰 내부의 조직적 항명 움직임에 격앙된 반응이 감지된다. 이 관계자는 이날 전국 18개 지방검찰청의 검사장들이 노만석 검찰총장 직무대행에게 항소 포기 경위 설명을 요구하는 등 집단행동에 나선 데 대해서 “정치검찰의 조직적 저항이 시작됐고 일부 검사들이 부화뇌동하고 있는 것”이라고 불쾌감을 드러냈다. 그는 “우리가 떳떳하기 때문에 아무런 문제가 될 게 없다”며 “오히려 검찰개혁의 깃발만 더 올라갈 것”이라고 말했다."
10,"이재명 대통령 ""혐오 표현에 대한 처벌 장치 속히 마련"" [뉴시스Pic]","[서울=뉴시스] 최동준 기자 = 이재명 대통령이 11일 서울 용산 대통령실 청사에서 열린 국무회의에서 발언하고 있다. (대통령실통신사진기자단) 2025.11.11. photocdj@newsis.com
[서울=뉴시스]최동준 조재완 기자 = 이재명 대통령은 11일 최근 혐오 표현 논란과 관련해 ""혐오 표현에 대한 처벌장치를 속히 마련하고 허위 조작정보 유포 행위를 근본적으로 차단하고 엄정하게 처벌하는 데 총력을 기울여야 한다""고 말했다.
이 대통령은 이날 오전 용산 대통령실에서 열린 제49회 국무회의에서 ""경찰의 역할이 중요하니 잘 챙겨봐달라""며 이같이 말했다.
이 대통령은 ""우리 사회 일부에서 인종, 출신, 국가 이런 것들을 가지고 정말로 시대착오적인 차별 혐오가 횡행하고 있다""며 ""사회가 점차 양극화되고 있는 와중에 이렇게 극단적 표현들이 사회 불안을 계속 확대시키고 있다""고 말했다.
특히 ""SNS(사회관계망서비스) 등에서 특정 대상을 향한 혐오 표현이 무차별적으로 유포되고 허위정보 또는 조작정보가 범람하고 있다""고 지적했다.
이 대통령은 ""더 이상 이를 묵과해선 안 된다""며 ""이는 표현의 자유에 한계를 넘어서는 명백한 범죄 행위""라고 했다.
이 대통령은 최근 대한적십자사 회장의 인종차별 발언 논란이 제기되자 보건복지부에 감찰을 지시한 바 있다.
이 대통령은 해당 사건을 두고 ""얼마 전 한 기관장이 '하얀 얼굴, 까만 얼굴' 이런 소리를 했다""며 ""있을 수 없는 일을 하고도 멀쩡하게 살아있더라""고 했다.
혐오 표현을 포함한 '현수막 정치'도 지적했다.
이 대통령은 ""현수막을 달기 위한 정당을 만들고 있다고 하더라. 길바닥에 걸려있는 저질스럽고 수치스러운 그런 현수막을 정당이 (설치)한 것이라며 철거를 못한다고 하더라""고 지적하기도 했다.
이어 ""입법 취지에 벗어나는 악용 사례이지 않나""라며 ""정당이라고 현수막을 막 달게 하는 게 맞는 것인지 모르겠다""고 했다.
이 대통령은 ""현수막을 걸기 위한 정당을 만들기도 하고, 종교단체와 관계가 있다는 설도 있고 이게 정말 문제 같다""며 ""악용이 심하면 (현행법을) 개정을 하든지 없애든지 해야 되는 것 아니냐""고 재차 지적했다.
[서울=뉴시스] 최동준 기자 = 이재명 대통령이 11일 서울 용산 대통령실 청사에서 열린 국무회의에 입장하고 있다. (대통령실통신사진기자단) 2025.11.11. photocdj@newsis.com
[서울=뉴시스] 최동준 기자 = 이재명 대통령이 11일 서울 용산 대통령실 청사에서 열린 국무회의에서 참석자들과 국민의례를 하고 있다. (대통령실통신사진기자단) 2025.11.11. photocdj@newsis.com
[서울=뉴시스] 최동준 기자 = 이재명 대통령이 11일 서울 용산 대통령실 청사에서 열린 국무회의에서 의사봉을 두드리며 개회 선언을 하고 있다. (대통령실통신사진기자단) 2025.11.11. photocdj@newsis.com
[서울=뉴시스] 최동준 기자 = 이재명 대통령이 11일 서울 용산 대통령실 청사에서 열린 국무회의에서 발언하고 있다. (대통령실통신사진기자단) 2025.11.11. photocdj@newsis.com
[서울=뉴시스] 최동준 기자 = 윤호중 행정안전부 장관이 11일 서울 용산 대통령실 청사에서 열린 국무회의에서 발언하고 있다. (대통령실통신사진기자단) 2025.11.11. photocdj@newsis.com
[서울=뉴시스] 최동준 기자 = 정성호 법무부 장관이 11일 서울 용산 대통령실 청사에서 열린 국무회의에서 발언하고 있다. (대통령실통신사진기자단) 2025.11.11. photocdj@newsis.com
[서울=뉴시스] 최동준 기자 = 이재명 대통령과 김민석 국무총리가 11일 서울 용산 대통령실 청사에서 열린 국무회의에서 대화하고 있다. (대통령실통신사진기자단) 2025.11.11. photocdj@newsis.com
[서울=뉴시스] 최동준 기자 = 이재명 대통령이 11일 서울 용산 대통령실 청사에서 열린 국무회의에서 발언하고 있다. (대통령실통신사진기자단) 2025.11.11. photocdj@newsis.com"
11,오세훈 “세운상가 허물고 녹지 조성하면 최대 수혜자는 종묘”,"CBS라디오 인터뷰
“500ｍ 이상 떨어진 곳에 건물 지어 영향 없어“
김 총리 겨냥해 “국민 감정 자극해 선동”
오세훈 서울시장이 11일 서울시청 브리핑룸에서 서울시 청년취업사관학교 2.0 추진계획을 발표하고 있다./연합뉴스
오세훈 서울시장은 11일 유네스코 세계유산인 종묘(宗廟) 맞은편 세운4구역 재개발 사업 논란과 관련해 세운상가를 허물고 녹지를 만들면 최대 수혜자는 종묘가 될 것이라고 했다.
오 시장은 이날 CBS ‘김현정의 뉴스쇼’에 출연해 “서울시의 계획이 문화와 경제를 다 챙기는 방안”이라며 이같이 말했다. 세운4구역 재개발사업은 최고 142m 높이의 업무시설·오피스텔 등을 조성하는 것으로, 지난 7월 서울시 도시재정비위원회 심의를 거쳐 확정됐다.
오 시장은 세운4구역이 종묘 경계로부터 170ｍ 떨어진 곳에서 첫 건축물이 시작하고 종로변과 청계천변도 약 150ｍ가량 떨어져 있다고 설명했다. 이어 종묘 정문부터 정전(正殿)까지는 300ｍ가량 거리가 있어 정전부터 청계천변 고층 빌딩까지는 500ｍ 이상 거리를 두게 된다고 설명했다.
오 시장은 최근 세운4구역 재개발 사업 계획에 대해 비판하고 나선 김민석 국무총리를 겨냥해 “500ｍ 떨어진 곳에 100층 150층 건물을 짓는데 김 총리께선 ‘숨이 턱 막힌다’, ‘기가 눌린다’는 감성적인 표현을 쓴다”며 “그럴 게 아니라 과학적으로 이야기해야 한다. 자꾸 국민감정을 자극하려는데 (이는) 선동”이라고 말했다.
오 시장은 세운상가 일대의 낙후된 모습을 보여주면서 “이런 모습이 이렇게 장기간 방치되는 것은 높이 제한 때문”이라며 “높이를 낮게 지으라고 하면 경제성이 없으니까 개발을 안하는 것”이라고 했다.
오 시장은 세운4구역 재개발 사업의 고층 건물 조성을 통해 얻게 되는 수익이 사업 구역의 이주, 주변 녹지 조성 등을 위한 비용으로 사용되기 때문에 투입될 세금을 아끼는 것이라는 논리를 펼쳤다. 이어 종묘 앞에서 남산까지 이어질 녹지 축과 재개발 사업으로 조성될 건물들의 조감도를 제시하고 “이게 훨씬 더 종묘를 돋보이게 할 것”이라며 “고층 건물들은 종묘 정면이 아니라 양 옆으로 세워진다”고 말했다."
12,기승전 ‘내란’… ‘항소포기’ 파문에 ‘적폐청산 시즌2’ 맞불,"특검 수사 마무리 이후 정부 자체 조사
정부·지자체 대대적 인적 청산 바람 불듯
합참의장, 장군 전원 교체 방침 밝혀
내년 지방선거까지 내란프레임 가동할 듯
이재명 대통령이 11일 용산 대통령실에서 열린 국무회의에서 물을 마시고 있다. 연합뉴스
‘적폐청산’이라는 표현을 기피했던 이재명 정부가 사실상 문재인 정부를 계승한 ‘적폐청산 시즌2’에 돌입했다. 기폭제는 대장동 사건 항소 포기로 보인다.
이재명 대통령은 11일 12·3 비상계엄 사태에 대한 독자적 진상조사 및 인사 책임 규명을 지시했다. 이 대통령은 비상계엄에 가담한 공직자를 가려내 책임을 묻는 정부 내 태스크포스(TF) 구성을 승인했다. 내란특검팀(민중기 특별검사)이 대대적인 수사를 벌이고 있지만 이와 별도로 조사를 하겠다는 취지다. 즉 특검팀 수사 대상이 될 정도로 범죄혐의는 없지만 비상계엄에 소극적으로 가담하거나 방조한 공무원들을 색출해 숙청을 하겠다는 의지로 풀이된다.
김민석 국무총리는 이날 용산 대통령실에서 열린 국무회의에서 해당 역할을 하는 ‘헌법존중 정부혁신 TF’를 국무총리실에 두는 방안을 이 대통령에 보고했다. 김 총리는 “내란에 가담한 사람이 승진 명부에 이름을 올리는 등 문제가 제기되고 있고, 이것이 공직 내부에서 헌법 가치를 훼손하고 공직사회 내부에서 반목을 일으키고 국정추진 동력을 저하시킨다는 목소리가 있다”고 말했다. 이 대통령은 “당연히 해야 할 일”이라고 즉석 승인했다.
이 대통령은 그러면서 “내란 문제는 특검에서 수사를 통해 형사 처벌을 하는 것인데 내란 책임은 관여 정도에 따라 형사 처벌을 할 사람이 있고, 행정 책임을 물을 사람이 있고, 인사상 문책 조치 등 낮은 수준도 있으니 필요할 것 같다”며 “(형사 처벌이 아닌 행정적 책임 부과는) 특검에 의존할 게 아니라 독자적으로 해야 할 일”이라고도 했다.
이 조직은 내년 1월까지 내란 연루 공직자 전수조사 및 인사조치 근거 확보를 목표로 한다. 1월까지 조사를 마치면 그 이후 각 부처별로 대대적인 인적 쇄신 작업에 돌입한다. 지방선거를 불과 4개월여 앞둔 시점이다.
군은 이미 대대적인 ‘물갈이’를 예고한 바 있다. 지난 9월 말 취임한 진영승 합동참모본부 의장은 최근 합참 장군들 전부와 2년 이상 근무한 중령과 대령들을 모두 교체하라는 지시를 내렸다. 군 관계자는 “계엄 여파로 인한 인적 쇄신 차원”이라고 설명했다. 또 합참은 인사쇄신을 위한 방안을 마련하고 있다고 전했다.
행정안전부와 경찰청, 국가정보원 등도 연말 인사에서 비상계엄 당시 대응 여부를 기준으로 문책 명단을 조정할 가능성이 크다.
정치권 안팎에서는 이 같은 행보를 두고 전형적인 국면 전환 전략이라는 해석이 나오고 있다. 무엇보다 이 대통령이 연루된 ‘대장동 사건’에 대해 검찰이 항소를 포기하면서 그 파문이 확산되고 있고, 의혹의 시선이 이 대통령을 향하고 있기 때문이다.
이 대통령이 직접 항소 포기를 지시한 정황은 없지만, 공교롭게도 이 대통령은 지난 9월 “항소를 자제해야 한다”고 천명한 바 있다. 하필이면 항소 포기한 첫 사례가 이 대통령이 연루된 대장동 사건이고, 김만배씨 등 대장동 일당의 천문학적인 8000억원대에 육박하는 수익금은 추징할 기회가 봉쇄되고 있어 여론의 비판이 비등하고 있다.
더구나 이 대통령의 사법연수원 동기이자 오랜 정치적 동지인 최측근 정성호 법무부 장관이 노만석 검찰총장 대행에게 “(항소에 대해)신중하게 판단하라”고 언급한 사실이 알려지며 사실상 항소 포기를 지시한 것 아니냐는 비판 여론이 일고 있고 사퇴 압력이 커지고 있다. 전국 18개 검사장 전원이 성명서를 발표하는 등 파문이 확산되고 있어 지지율 고공행진을 하고 있는 이 대통령에게는 암초가 등장한 셈이다.
이재명 정부는 윤석열 전 대통령의 비상계엄 조치에 대한 내란특검 수사 등 3대 특검(내란·김건희·채해병)에 대해 ‘적폐청산’이라는 표현을 극도로 꺼렸다. 문재인 정부가 임기 내내 박근혜 정부의 적폐를 청산한다며 외치다 국민의 피로감에 맞닥뜨려 정권까지 내준 경험이 있기 때문이다.
이 대통령이 이번에 TF를 띄우면서 ‘적폐청산’이라는 용어를 피하고 ‘헌법질서 수호’를 전면에 내세운 이유이기도 하다. 그럼에도 그 본질은 문재인 정부의 적폐청산과 다르지 않다는 점에서는 적폐청산이라는 프레임을 극복하기는 힘들어보인다.
적폐청산 프레임을 경계하는 이재명 정부는 국민의힘을 향해서는 내년 지방선거까지 ‘내란프레임’에 옭아맬 의도를 숨기지 않고 있다. 특검 수사와는 별개로 12·3 비상계엄 사태에 대한 독자적 진상조사 및 인사 책임 규명을 하겠다는 이 대통령의 방침 자체가 내란프레임을 계속 끌고 가겠다는 의도를 천명한 것이고, 이날 더불어민주당은 경기도 광주 곤지암리조트에서 열린 전국 지역위원장 워크숍에서 내년 지방선거 출정식을 갖고 “제2의 내란을 획책하고 있는 국민의힘을 심판하는 선거”를 선언했다."
13,"나경원, 라디오 생방서 진행자에 ""정성호 대변인이냐"" 발끈","[정윤성 기자 jys@sisajournal.com]
""檢 대장동 항소 포기는 외압…정 장관 입장은 궤변""
""대통령, 법무부 장관, 검찰총장 대행 모두 탄핵해야""
나경원 국민의힘 의원이 9월18일 국회 본회의장에서 열린 교육·사회·문화 분야 대정부질문에서 김민석 국무총리에게 질문하고 있다. ⓒ연합뉴스
나경원 국민의힘 의원이 검찰의 대장동 사건 항소 포기 논란과 관련한 라디오 인터뷰 중 진행자의 질문에 ""정성호 법무부 장관 대변인 같다""며 불만을 드러냈다.
나 의원은 11일 YTN 라디오에서 '어제 정 장관이 검찰 수사의 문제점도 지적하면서 (검찰이) 남욱 변호사를 위협했다고 했다'는 진행자의 말에 ""앵커 질문을 보면 정성호 법무장관 대변인 같다. 정성호 장관이 '뭐라 했다'며 자꾸 '반박하라'고 하냐""고 했다.
그러면서 ""도대체 장관이 나와서 피고인이 본인에게 하기 위해서 만들어 낸 그것도 거짓말이라는 게 검찰 측 얘기""라며 ""그런 얘기를 그대로 옮기면서 하는 것이 장관의 태도이고, 오늘 질문하시는 것이 굉장히 실망스럽다""고 항의했다.
이에 진행자가 ""이 질문은 박주민 의원에게도 똑같이 했다. 여야 입장을 듣는 것""이라고 말하자 나 의원은 ""그러니까 질문 자체가 정성호 장관에 대한 걸 계속 물어본다""고 거듭 맞섰다.
나 의원은 이날 검찰의 대장동 사건 항소 포기를 외압이라고 보고 정 장관과 이재명 대통령을 향한 비판을 쏟아냈다. 정 장관이 ""검찰의 항소 포기는 문제 없다"" ""성공한 재판과 수사였다"" ""신중하게 판단하라고 했을 뿐 (검찰에) 지침을 준 적 없다""고 한 말에 대해 그는 ""궤변 중 궤변이다""며 지적했다.
외압으로 판단한 배경에 대해선 ""수사 검사들 모두 만장일치 항소하기로 한 뒤 법무부 의견을 구하는 과정에서 '신중하게 판단하라'고 한 건 항소 불허를 말한 것 아닌가""라면서 ""어제 노만석 검찰총장 대행이 '용산과 법무부의 의견을 고려했다'고 이야기한 것""도 외압으로 본 이유라고 설명했다.
아울러 정 장관을 비롯한 노만석 검찰총장 대행과 이진수 법무부 차관, 박철우 대검 반부패부장 등이 사퇴해야 한다면서 ""대통령도 탄핵감이고 법무부 장관도 탄핵감이고 검사장급 이상들, 검찰총장 대행부터 탄핵감이다""고 비판했다."
14,"국힘 “대장동 항소 포기, 정권 몰락 신호탄”… 법무부·대검 동시 압박","정성호 장관·노만석 대행 향해 “직무유기·외압 자백”… 국정조사·특검·탄핵 추진 예고
국민의힘 장동혁 대표가 11일 경기 과천시 법무부 청사 앞에서 열린 대장동 항소 포기 규탄대회에서 발언하고 있다. 연합뉴스
국민의힘이 검찰의 대장동 개발비리 1심 항소 포기 결정을 두고 11일 총공세에 나섰다. 대검찰청에 이어 법무부까지 잇따라 항의 방문한 국민의힘은 “이번 결정은 정권 몰락의 신호탄”이라며 국정조사와 특검을 촉구했다.
이날 오전 서울 서초구 대검찰청을 찾은 국민의힘 의원들은 오후에는 경기 과천 정부과천청사 법무부 앞에서 긴급 규탄대회를 열고 “직무유기·직권남용·항소포기 규탄한다”, “정권방탄·정의파괴 법무부 장관 사퇴하라” 등의 구호를 외쳤다.
장동혁 대표는 “민주당 유튜버들이 발작하는 걸 보니 이재명 대통령과 정성호 법무장관 모두 이번 사태가 정권 몰락의 신호탄임을 알고 있는 듯하다”며 “노만석 검찰총장 직무대행의 항소 포기는 대장동 몸통이 이 대통령임을 다시 확인시켜준 것”이라고 비판했다.
그는 “정 장관이 일부 무죄를 근거로 양형을 운운하는 건 콩밥을 보리밥이라 우기는 격”이라며 “능력이 없으면 국민 세금 축내지 말고 그 자리를 내려놓아야 한다”고 직격했다.
장 대표는 기자들과 만나 “이번 항소 포기는 ‘정성호 게이트’”라며 “노 대행과 정 장관은 이미 자백한 셈”이라고 주장했다. 이어 “대통령의 개입 여부는 국정조사와 특검으로 밝혀야 하고, 두 사람에 대해선 탄핵을 추진하겠다”고 말했다.
송언석 원내대표는 정 장관을 “범죄자들의 친구이자 대장동 일당의 든든한 담벼락”이라고 비난하며 “검찰 항소 계획을 보고받고 ‘신중히 판단하라’고 한 것이야말로 협박이고 외압”이라고 주장했다. 그는 “사법 시스템을 파괴한 장본인이 법무장관 자리를 지킬 수는 없다”며 즉각 사퇴를 요구했다.
이어 “정 장관 윗선에서 외압을 행사한 인물이 누구인지 국민이 묻고 있다”며 “국정조사와 특검이 불가피하다”고 강조했다.
송 원내대표는 “이 대통령이 진상조사를 지시하지 않는다면, 국민은 대장동 7800억원 범죄수익의 몸통이 바로 ‘그분’, 이 대통령이라고 생각할 것”이라고 말했다.
신동욱 최고위원은 “2025년 11월, 대한민국의 정의가 타살당했다”며 “법무부는 권력자의 범죄 은닉처로 전락했다. 정 장관의 사퇴가 책임의 첫 단추가 돼야 한다”고 주장했다.
임이자 의원은 “7800억원은 내년 청년 미래적금 예산(7400억)보다 많고, 소상공인 경영지원 예산(6000억)을 뛰어넘는 규모”라며 “국민의 눈물을 닦을 돈이 왜 대장동 범죄자 주머니로 들어가야 하느냐”고 따져 물었다."
15,"[고수다] ""나도 김만배처럼 챙기자 생각할 듯""","[뉴스외전]
* 아래 텍스트는 실제 방송 내용과 차이가 있을 수 있으니 보다 정확한 내용은 방송으로 확인하시기 바랍니다.
■ 방송 : MBC 뉴스외전 (월~금 오후 01:50)
■ 진행 : 이언주 기자
■ 대담 : 김성태 전 국회의원(18·19·20대)
<주요 발언>
""항소포기로 김만배 등 수천억 원대 특혜 받았다는 것이 국민 법 감정""
""국민의힘이 할 수 있는 거 없어..특검 실익 없고 국정조사라도 해야""
◎ 진행자 > [정치고수다] 오늘은 김성태 전 국민의힘 원내대표와 함께 하겠습니다. 어서 오세요. 대표님.
◎ 김성태 > 안녕하세요.
◎ 진행자 > 대장동 사건 항소 포기 후폭풍이 굉장히 거세게 일고 있습니다. 국민의힘에서는 윗선에서 개입을 했다 외압이다, 이렇게 규정을 하고 있는데 대표님은 이 사안 어떻게 보십니까?
◎ 김성태 > 그렇습니다. 저도 정치를 하면서 보면 이 사건이 딱 시작되면 저 줄기는 어디서부터 따라 올라가면 저기다, 이런 게 답이 나오거든요. 그런 측면에서 노만석 검찰총장 대행도 자신이 행한 항소권 포기가 이렇게 일이 커질 줄 몰랐다, 오늘 출근도 하지 못했잖아요. 결론은 검사 생활을 마무리 짓는 그런 고심을 하고 있을 것인데, 어떤 그림으로 어떤 모양새로 자기를 마무리 지을 것인가, 그런 깊은 고민을 할 수밖에 없는 상황까지도 됐어요. 그 결론은 다른 거 아닙니다. 기소권하고 공소권 같은 경우는 검찰에게 헌법이 부여한 고유권한인데 검찰이 항소를 포기했다는 건 있을 수가 없는 이야기거든요. 그런 측면에서 정부 입장에서는 이걸 검찰 내부에서는 사건을 담당한 중앙지검장이나 그건 이미 내부적으로 결재도 마치고 대검에도 보고되고 대검에서도 중앙지검의 결정을 다 존중하는 걸로 됐는데, 결론은 법무부에서 구체적으로 누가, 차관이 이 부분은 항소를 하지 않는 게 좋겠다. 그걸 노만석 대행이 구체적으로 밝히잖아요. 처음에는 자기가 했다고 그러다가 이런 식으로. 그런 측면에서 결론은 외압 행사로 검찰이 항소 포기된 이 부분에 대해서 상당히 심각한 사안이 돼버린 거죠.
◎ 진행자 > 근데 정성호 법무부 장관은 나는 의견만 전달했다라고 얘기를 하는 거고 지금 언론 보도를 통해서 나오는 게 법무부 차관이 노만석 총장 대행에게 전화를 했다까지는 확인이 됐는데 내용에 대해서는 노 대행이 얘기를 하는 거예요. 항소 포기하지 말라고 얘기를 하더라라고 평검사들하고 얘기를 하면서 이게 전해진 거거든요. 사실 저희가 정확한 실체라든지 사실관계를 모르는 상황인데 대표님이 말씀을 하셨어요. 정치를 오래 한 입장에서 이런 사건 보면 처음에 큰 그림이 보인다. 방향이 보인다라고 하셨는데 어떤 그림이라고 보시는 거예요?
◎ 김성태 > 이 부분에 대해서는 현재 이재명 정부가 자충수죠. 제가 볼 때는 이재명 대통령이 비록 사법리스크를 안고 대통령에 당선됐지만 열두 가지 범죄 혐의에 대해서 5개 재판부가 그래도 대통령 불소추특권에 대한 판단을 해서 법원이 먼저 재판을 다 중지시켜버렸단 말입니다. 5개. 그러면 오로지 외교, 안보, 민생, 국정운영에만 진력해도 되고. 현재 제1야당인 국민의힘이 국회에서 절대 의석을 가지고 대통령의 국정운영이 사법 리스크 때문에 제대로 작동되지 못할 정도로 정치적 압박 행위를 가져갈 수 있는 그런 힘이 없어요. 그럼에도 불구하고 왜 대장동 1심 판결이 나옴으로써 대장동 1심의 가장 핵심이 김만배인데 징역 8년을 포함해서 6년 4년 실형이, 중형이 선고되고 법정 구속까지 됐잖아요. 그러면 앞으로 항소심을 통해서 그러면 김만배가 대장동 개발을 통해서 자기가 취득한 이런 불법부당이득이 수천억인데 1심 재판부는 한 480억 대 정도 인정해 줬는데 검찰은 5천억 대라고 보고는 있지만 이런 계속 다툼이 있는 거거든요. 이런 부분을 통해서 결국은 환수해야 될 입장인데 그걸 없던 일로 만들어버리고 국민들의 현재 정서나 법 감정은 이렇게 해서 감방 생활 몇 년 하고 나면 김만배 같은 사람 재벌이네, 나도 저렇게 몇 년 살고 나면 수천억 안겨주는 그런 일 없나 이런 게 장안에 퍼져 있단 말이에요. 왜 이런 사안을 굳이 법무부에서 이걸 갖다. 안 그러면 대통령실이든지 현재 대통령실은 이걸 차단하기 위해서 블로킹을 제대로 야무지게 하려고 하고 있는데 그렇지만 정성호 법무부 장관 같은 경우는 어제 출근길에 20분 도어스테핑 한 게 내가 참고하고 신중하게 판단해라. 법무부 장관은 검찰총장을 지휘·감독할 수 있는 지위에 있는 거예요. 이번에 대장동 항소 포기 건도 정상적으로 정성호 법무부 장관이 수사지휘권을 발동해서 노만석 대행에게 수사지휘를 한 거라면 논란이 조금 덜 할 수 있겠죠. 그렇지만 그것도 아닌 것 같은데 신중하게 판단하라. 그러면 중앙지검하고 대검의 입장은 항소하겠다는 건데 그걸 신중하게 판단하라는 것은 하지 말라는 이야기거든요.
◎ 진행자 > 그럼 사실상 지휘했다 지시했다, 이렇게 보시는 거예요? 대표님은.
◎ 김성태 > 그렇게 보는 거죠.
◎ 진행자 > 국민의힘에서는 그러잖아요. 이재명 대통령이 몸통이다 이렇게 얘기를 하면서 대통령실을 겨냥을 하고 있는데 일단 대통령실은 전혀 개입한 바 없다고 나오고 있거든요. 그 부분은 어떻게 보세요?
◎ 김성태 > 그렇습니다. 대통령실 입장에서는 만일 개입이 이루어졌다고 그러면 아주 정말 큰 사건으로 비화됩니다. 대통령이 자신의 사법, 대장동을 검찰이 공소를 포기함으로써 항소를 포기함으로써 이루어지는 그 이득은 김만배 1등이거든요. 그리고 이로 인해서 분명히 이재명 대통령의 재판은 별개의 재판이지만 이 판결에 따라서 그대로 영향을 받게 돼요. 앞으로 정진상 씨나 이런 사람들, 그렇기 때문에 대장동 검찰이 항소를 포기함으로써 그러면 이재명 대통령도 가장 큰 특혜를 보네, 이런 사안이 돼 버렸기 때문에 이걸 만일 대통령실에서부터 법무부 장관하고 대통령실 민정실에서 교감이 이루어지고 법무부에서 이걸 검찰을 그런 방향으로 지휘를 했고 그런 분위기를 넣었다, 이렇게 되면 심각한 문제가 되는 거예요.
◎ 진행자 > 대통령실 입장은 그렇습니다. 민정라인에서는 전혀 몰랐고 사후에 보고받았다 이렇게 얘기를 하고 있는 상황인데 대표님 처음 말씀하실 때 그런 말씀하셨어요. 노만석 총장 대행은 파장이 이렇게 될 줄은 몰랐을 것 같다고 말씀을 하셨거든요.
◎ 김성태 > 본인이 처음부터 끝까지 이건 법무부에 보고도 없이 대장동 1심 사건에 대해서는 중앙지검의 결재까지 다 이루어진 그런 항소 결정에 대해서 검찰총장으로서 처음부터 이건 법무부하고 상의 없이 용산과 법무부 정부의 관계를 자기가 고민하지 않을 수 없다고 실토했잖아요. 그런 이야기는 즉 정치적 부담을 가졌다는 겁니다. 형사사법 체계에서 왜 정치적 부담을 갖냐 이거예요. 잘못한 사람은 검찰이 수사하고 기소해서 공소유지 잘해서 사법부에서 이건 법정에서 제대로 된 처벌하면 되는 거거든요. 그 절차에 대해서 대통령실이나 법무부 장관실에서 개입해서 그걸 중단시켜버렸다. 이거야말로 형사사법 체계를 무너뜨리는 아주 중대한 국기문란이 될 수가 있는 거예요. 그래서 심각한 문제가 되는 겁니다.
◎ 진행자 > 노 총장 대행이 오늘 고심에 고심을 거듭하고 있는 것 같은데 그럼 거취 표명까지 갈 거다 이렇게 보십니까?
◎ 김성태 > 이분이 처음에 항소 포기할 때는 자기가 이건 재판도 잘했고 검찰도 기소 잘했고 공소유지 잘했다 다 이렇게 평가했다가 워낙 국민적 반발이나 언론 보도 역시 만만치 않으니까 조금씩 조금씩 실체를 다 이야기를 하잖아요. 법무부 차관 이야기까지 꺼낸 건 자기가 독단적으로 한 거다. 앞으로 법적인 문제까지 야기될 수가 있기 때문에 직권남용이라든지 이런 부분에 대해서 자기가 그 부분에 대해서까지는 난 책임질 이유가 없다 이런 거거든요. 그렇기 때문에 오늘 휴가를 내고 출근하지 않았지만 결국 자기가 검사 생활을 어떻게 마무리해야 될 건지 저는 그런 측면에서 향후 발생될 수 있는 법적인 문제까지도 자기가 피해갈 수 있는 그런 차원에서 판단을 하지 않겠느냐, 이렇게 되면 일정 부분 앞으로 특히 정성호 법무부 장관 이쪽으로는 상당히 정치적 부담이 커질 겁니다.
◎ 진행자 > 그러면 노 총장 대행이 어떤 얘기를 하느냐에 따라서 파장이 더 커질 수 있다고 보시는 게 대표님 시각이신 것 같습니다. 국민의힘에서는 이 이슈에 대해서 총공세를 하고 있는데 국민의힘이 할 수 있는 건 뭡니까?
◎ 김성태 > 사실상 국민의힘 입장에서는 현재 국정조사하자 특검하자
◎ 진행자 > 그렇게 요구하고 있습니다.
◎ 김성태 > 여러 가지 요구를 하고 있지만 현재 법무부 장관을 탄핵하자 이런 이야기까지 다 나오잖아요. 근데 할 수 있는 거의 없어요. 저는 특검 하는 건 맞지 않다고 봐요. 특검을 하려면 특검 법률을 만들어야 되고 엄청난 또 협상을 통해서 수사 기간을 얼마로 할 거면 그러다 보면 차일피일 세월 다 가버립니다. 한 몇 개월 가거든요. 특검은 실익이 없어요. 되지도 않고 그렇다면 저는 가장 현실적인 게 국정조사라고 보고 있습니다. 여야 원내대표 간에 긴밀하게 빨리 협의해서 국정조사 정도는 합의를 해서 현재 항소 포기에 따른 법무부와 대검하고의 어떤 일이 있었는지 그런 부분을 검찰 대응 포함해서 법무부 차관 장관 그리고 법무부 관계자들 이런 분들 다 나와서 소상하게 그 내용을 국민들 앞에 밝히면 되는 거거든요. 그런 측면에서 저는 국정조사는 해야 되지 않겠냐. 법무부 장관 탄핵 같은 경우는 야당이 이건 국민들에게 잘못된 부분에 대해서 강력한 입장을 보이는 차원에서 이해하기는 하지만 현실적으로 불가능합니다. 탄핵할 수 있는 의석이 안 됩니다.
◎ 진행자 > 그렇죠. 의석수가 안 되니까. 근데 민주당에서도 국정조사는 하자고는 해요. 그런데 대상이 다르잖아요. 완전히 다르잖아요.
◎ 김성태 > 그런 식으로 가면 조금 전에 제가 한 이야기는 검찰이 법무부의 지휘를 받아서 항소를 포기했다는 결론을 내린 건데 그렇다면 이 부분에 대해서 법무부는 되레 이 결정에 따라서 반발하는 검사들 검사장들 이 사람들 한마디로 항명 이걸 발본색원하겠다 이런 입장이고 국민의힘은 아니지 않습니까. 어떻게 외압이 행사되어져서 항소 포기라는 엄청난 행정 사법 체계에 혼란을 야기시킨 건지 이걸 제대로 파악해 보자는 것이기 때문에 이게 또 쉽게 합의가 안 됩니다.
◎ 진행자 > 민주당에는 이 이슈가 부담이 되는 이슈다 이렇게 보십니까?
◎ 김성태 > 상당히 큰, 제가 그랬지 않습니까. 이재명 정부로서는 엄청난 자충수예요. APEC 잘 끝내고 한미간 관세협상이 지금 팩트시트는 안 나오고 있지만 이 부분에 대해서 잘 가다듬고 정리를 해서 국민들에게 이 소소한 내용을 가지고 입법적으로 뒷받침해야 될 내용이나 이런 것들이 엄청 많거든요. 이재명 대통령의 국정운영이 사실상 이런 사건 때문에 다 묻혀버리는 겁니다. 지금 현재. 그래서 자충수가 되는 거예요. 이걸 통해서 그러면 얻어지는 이득이 뭐 있을까. 생각을 해봤는데 국정감사도 끝났기 때문에 김현지 부속실장 국정감사 증인 안 나온 것 이것도 그냥 지나가 버렸어요. 그럼 뭘 정치적으로 이런 걸 통해서 얻을 수 있나. 아까 재판부도 법원이 다 재판중지된 사건이고 강훈식 비서실장이 법정에서 재판부가 다시 그런 재판을 재개해서 기미가 보이면 그때 입법 처리를 해도 재판중지법 같은 경우 이야기를 하는 겁니다. 그래서 다 정리정돈 했는데 이게 나와버렸단 말이에요. 당연히 항소해버리면 문제가 없는 거예요. 그럼 왜 그랬겠냐 이 문제가 심각한 게 대장동이라든지 쌍방울, 그리고 위증교사 선거법 관련해서 그 변호인을 맡았던 핵심인물 인사들이 13명이나 이재명 정부의 대통령실 내지는 법무부 장관실에 민정수석실에 법제처장으로서 포진하고 있단 말이에요. 그런 가운데 이게 이루어져 있단 말이에요. 오늘도 아침에 모 방송에 법무부 장관 정책보좌관 하는 사람이 조상호 씨, 이 방송에도 출연했지 않습니까? 그분이 나와서 법무부 장관으로서는 되레 수사 지휘한 것도 없고 이 부분에 대해서 선을 긋는 그런 이야기를 하는데 그게 장관 정책보좌관이 나와서 그런 방송을 한다는 게 상식적으로 쉽지 않은 내용이거든요. 그래서 저는 이 사안은 이재명 대통령의 대장동이라든지 쌍방울 위증교사 선거법 관련 변호인들이 볼 때는 이재명 대통령의 정권 초기에 모든 사법리스크를 다 끊고 가야 된다. 특히 대장동 1심에서 하고 앞으로 항소를 포기하면 고등법원에서 검사가 더 이상 이 부분에 대해서 공소유지를 강하게 할 수가 없는 거예요. 그리고 이 사람들이 법정 증언이나 진술을 이재명 대통령에게 불리하게 할 이유가 없는 거예요.
◎ 진행자 > 지난번 재판중지법 나왔을 때도 그렇고 이재명 대통령은 자신을 정쟁에 끌어들이지 말라라고 계속 얘기를 하고 있거든요.
◎ 김성태 > 그 말이 만일 진정성 있는 진짜 본인 대통령의 뜻이라면 이번 같은 경우는 책임 물어야죠. 왜 정부가 이런 자충수를 두고 그렇지 않아도 정부조직법 개정을 통해서 향후 1년 후에는 검찰이 해체되는데 검찰청 해체와 검찰개혁을 목전에 두고 왜 이런 자충수를 두냐. 왜 이런 정치적 오해를 받을 수 있는 그런 행위를 왜 했냐 되레 문책을 해줘야죠.
◎ 진행자 > 민주당에서 배임죄 폐지도 얘기하고 있는데 이 대통령 입장에서는 그것도 본인하고 관련이 돼 있다고 생각을 하기 때문에 이것도 늦추는 쪽 연기하는 쪽 이렇게도 갈 수 있다고 보세요?
◎ 김성태 > 그렇죠. 배임죄 같은 경우도 진짜 기업하는 사람들이 배임 횡령 때문에 다 족쇄가 채워지고 늘 불이익을 이것 때문에 많이 받는다 생각하면 이렇게 풀어가서는 안 되죠. 지난번 상법개정은 민주당 중심으로 민주당 방식으로 다 해놓고 그리고 기업인들 엄청 반발하니까 그때 딱 그렇게 만들어서 배임죄 폐지 들고 나왔거든요. 사실상 배임죄 폐지함으로써 기업인들한테 혜택이다 이렇게 비춰졌지만 내용적으로는 배임죄 폐지하고 나면 그 법안이 면소법안이 돼서 제일 먼저 큰 특혜를 받을 사람이 이재명 대통령이 된다. 그러면 이재명 대통령의 배임 사건, 즉 이 대장동 사건이나 백현동 사건 이런 것들이 다 배임죄에 해당하는 거예요. 면소법안이 됐기 때문에 없어지는 거예요. 그래서 오해를 받는 겁니다.
◎ 진행자 > 대표님이 보시기에는 지금 여러 가지 이 사안들이 필요성은 알겠다. 필요성은 알겠는데 자꾸 이 대통령하고 연계가 되면서 오해를 받을 소지가 자꾸 생기고 있다 이렇게 보시는 거예요?
◎ 김성태 > 그러니까 이건 친정집인 민주당도 이걸 이재명 대통령한테 과잉 충성하고 싶은 사람이 있으면 하지 마라 이거예요. 법무부도 마찬가지고 검찰에서 대장동 1심 결과가 나왔으면 항소심 가서 검찰하고 또 법원이, 그 당사자들이 피의자들이 다퉈보고서 거기서 나오는 결과 존중하면 되는 거고 이렇게 흘러가도록 해야지. 이걸 인위적으로 지금까지, 물론 민주당이나 대통령이 한 오해를 받는 게 한 2주 전에 항고 상고 남발 통해서 재판기일 비용 이렇게 많이 들어서 엄청난 피해가 크다 그 얘기를 했잖아요. 그러고 나서 지금 이 일이 터진 거예요.
◎ 진행자 > 국무회의 때 기계적 항소는 하지 말라는 얘기하고 나서 이게 나오니까 그래 암시 준 거 아니냐라고 오해를 받을 수 있는 거다.
◎ 김성태 > 그렇게 된 겁니다.
◎ 진행자 > 근데 지금까지 나온 걸로 봐서 이 대통령이 그렇게 국민의힘이 얘기하는 것처럼 지시를 했다거나 대통령실에서 움직였다 이렇게 보기에는 충분하지는 않은 것 같거든요.
◎ 김성태 > 그렇죠. 아직까지 법무부가 항소 포기에 대한 입장을 신중한 지금 현재 검찰총장이 판단해라 그랬지만 사실상 항소를 포기하라는 그런 입장으로 받아들일 수 있기 때문에 평검사에서부터 검사장, 그리고 검찰총장 대행을 모시고 있는 대검의 모든 간부들 몇 사람 빼고는 다 잘못됐고 대검 총장 대행도 용퇴해라 이런 거 아닙니까?
◎ 진행자 > 그럼 이 일의 파장이 계속 더 갈 거다 이렇게 보십니까. 어떻게 보세요?
◎ 김성태 > 저는 그렇게 봅니다, 이 부분은. 이 부분에 대해서는 상당히 국민 법 감정이라든지 국민정서가 대단히 안 좋아지죠. 현재 대장동 특혜로 김만배 일당이 엄청난, 7억 투자하고 7천억의 개발이익이 발생했는데 이번에 검찰이 추징 보전만 해도 한 2천억 넘게 해놨잖아요. 김만배 입장에서는 앞으로 8년만 살고 나가면 추징 보전한 것도 전부 다 자기가 수감생활 중에서 자기 재산이니까. 검찰 입장에서는 풀어줘야 돼요. 실질적으로 1심 판결 끝나고 나서 검찰이 다투는 게 앞으로 김만배 추징 금액을 한 5천억 정도 보고 그리고 남욱 변호사 같은 경우는 한 1천억을 보잖아요. 이런 부분이 대단히 국민들한테 정서상 안 좋은 내용입니다. 그렇기 때문에 여기에 대한 반감이 앞으로 여러 형태로 표출되는 거죠.
◎ 진행자 > 유죄가 확정됐다 하더라도 범죄 수익 추징 부분 때문에 조금 더 파장은 있을 것 같다라고 보시는 것 같습니다.
◎ 김성태 > 그렇습니다. 그렇게 될 수밖에 없습니다.
◎ 진행자 > 다른 거 여쭤보려고 했는데 오늘 여기까지만 듣고 다음 주에 여쭤보도록 하겠습니다. 감사합니다.
◎ 김성태 > 감사합니다.
MBC 뉴스는 24시간 여러분의 제보를 기다립니다.
▷ 전화 02-784-4000
▷ 이메일 mbcjebo@mbc.co.kr
▷ 카카오톡 @mbc제보"
16,"장동혁 ""李대통령 탄핵해야""…정권 출범 첫 명시적 언급","대검찰청 앞 '항소 포기' 규탄대회 중
""정성호 '신중 발언', 조폭 두목 경고처럼 들려""
""국정조사·특검 통해 李대통령 탄핵해야""
국민의힘 장동혁 대표가 11일 오전 서울 서초구 대검찰청 앞에서 검찰의 대장동 개발 비리사건 항소 포기와 관련해 규탄대회를 열고 발언하고 있다. 류영주 기자
국민의힘 장동혁 대표가 11일 이재명 대통령을 탄핵해야 한다고 밝혔다.
그동안 '탄핵 사유'라거나 어떤 전제를 들어 '탄핵 대상'이라고 표현한 적은 있었지만 탄핵해야 한다는 주장을 명시적으로 밝힌 건 정권 교체 후 처음이다.
장 대표는 이날 오전 대검찰청 앞에서 국민의힘이 주최한 검찰의 대장동 사건 항소 포기 규탄대회에서 ""엉망으로 망가지는 대한민국을 구할 방법은 딱 하나""라며 ""이재명 대통령이 자리에서 내려오게 하는 것뿐이다. 국정조사와 특검을 통해 이재명을 탄핵해야 한다""고 말했다.
장 대표는 ""단군 이래 최대의 개발 비리 범죄가 일부 무죄로 선고됐는데도 검찰이 항소를 포기했다""며 ""정성호 법무부 장관의 '신중히 결정하라'는 말은 조폭 두목이 '밤길 조심하라'는 말로 들린다. 이 모든 것은 이재명 (대통령) 때문""이라고 강조했다.
이어 ""민주당 김병기 원내대표도 말한 것처럼 국정조사하고 특검도 하자""며 ""지금 즉시 법원은 이재명 (대통령)에 대한 재판을 재개해야 한다. 그것이 대한민국을 구하는 유일한 길""이라고 주장했다.
장 대표는 전날에도 '탄핵 사유'라는 표현을 썼었지만, 이렇게 직접적이지는 않았다.
그는 전날 충북 청주 충북도당에서 열린 현장 최고위원회의에서 검찰의 항소 포기를 두고 ""단군 이래 최악의 수사 외압이자 재판 외압""이라며 ""명백한 집권 남용이자 탄핵 사유""라고 했었다.
앞서 대통령실 강유정 대변인이 여당의 조희대 대법원장 사퇴 요구에 대해 '원칙적 공감'이라는 표현을 썼을 때도 장 대표는 '탄핵 사유'라는 표현을 썼었다.
지난 9월 15일 기자들을 만난 자리에서 ""대통령이 '대법원장 사퇴하라'를 외치는 민주당의 저열한 목소리에 원칙적 공감을 표현했다면 명백한 탄핵 사유""라고 밝히면서다.
※CBS노컷뉴스는 여러분의 제보로 함께 세상을 바꿉니다. 각종 비리와 부당대우, 사건사고와 미담 등 모든 얘깃거리를 알려주세요.
이메일 :
jebo@cbs.co.kr
카카오톡 :
@노컷뉴스
사이트 :
https://url.kr/b71afn"
17,"송언석 ""정성호, 대장동 범죄자들의 깐부…사퇴하라""","""외압 행사한 윗선 누구인가…국정조사·특검해야""
""李, 항소 포기 사태 전말 진상규명 지시해야""
[서울=뉴시스] 홍효식 기자 = 국민의힘 송언석 원내대표가 11일 오전 서울 서초구 대검찰청 앞에서 검찰의 대장동 개발 비리사건 항소 포기 관련 긴급 현장 규탄대회를 열고 발언하고 있다. 2025.11.11. yesphoto@newsis.com
[서울=뉴시스]하지현 우지은 기자 = 송언석 국민의힘 원내대표는 11일 검찰의 대장동 개발 비리 항소 포기와 관련해 정성호 법무부 장관의 사퇴를 촉구하면서 이재명 대통령을 향해 ""자신이 이 문제와 전혀 관계가 없다면 항소 포기 사태의 전말을 즉각 규명하라고 지시해야 한다""고 했다.
송 원내대표는 이날 오후 경기 과천시 법무부 앞에서 열린 '긴급 현장 규탄대회'에서 ""이 대통령이 끝까지 이 전대미문의 사태에 꿀먹은 벙어리로 계속 간다면 국민은 대장동 7800억 범죄수익의 몸통이 바로 이 대통령이라고 생각할 것""이라며 이같이 말했다.
그는 ""검찰의 대장동 비리 사건 항소 포기는 대한민국 사법 시스템의 자살 선고""라며 ""천문학적인 범죄수익을 가지고 있는 대장동 범죄자들의 형량을 낮출 수 있는 길을 열어줬고 7000억이 넘는 범죄수익의 국고환수를 포기해 대장동 일당들이 자자손손 부귀영화를 누릴 수 있는 재벌로 만들어줬다""고 비판했다.
이어 ""이번 대장동 항소 포기 사건의 핵심은 단 하나다. 누가, 언제, 왜 항소를 포기하도록 (검찰에) 외압을 행사했느냐""라며 ""정 장관은 과거 이 대통령의 최측근이었던 대장동 공범 정진상과 김용의 특별 면회 시에 '이대로 가면 이재명이 대통령이 된다, 마음 단단히 먹어라, 알리바이를 잘 만들어라'라고 조언했다""고 주장했다.
그러면서 ""범죄자들의 친구, 범죄자들의 깐부, 대장동 범죄 일당의 든든한 담벼락, 바로 정성호 법무부 장관""이라며 ""정 장관이 이번에 검찰의 항소 계획을 보고받고는 '신중하게 판단하라'고 지시했다고 한다. 이게 무슨 조폭인가 깡패인가. 그 한마디가 협박이고 외압 아니겠나""라고 반문했다.
또 ""항소 시한 만료를 앞두고 밤늦게 의견을 전달했다는 건 최소한 정 장관보다 윗선에 외압이 있었다는 방증""이라며 ""국정조사와 특검을 해야 하지 않겠나""라고 강조했다.
아울러 ""김현지, 정진상, 김용 세 사람은 성남시 수뇌부 핵심 3인방이다. 현 정권의 실세 3인방에 대해 반드시 진상 조사해야 한다""며 ""현재 여당 법제사법위원, 운영위원, 국회의원이 된 사람도 대장동 비리 변호사 출신이다. 진상 조사를 해야 한다""고 말했다.
송 원내대표는 ""이 정권은 태생부터 단군 이래 최대의 최악 대장동 비리 정권""이라며 ""국민의힘은 이번 대장동 포기 외압 사건의 실체를 국민과 함께 낱낱이 밝히겠다. 반헌법 범죄 세력에 끝까지 맞서서 국민과 함께 투쟁하겠다""고 했다.
의원들은 이날 이 대통령의 사진이 있는 '검찰 항소를 멈추게 한 진짜 윗선 누구입니까' 피켓과 '외압 의혹 직권남용 정성호 법무부 장관 OUT' 플래카드 등을 들고 규탄대회를 진행했다."
18,"野 ""정성호 게이트∙노만석의 난…모든 게 대통령 때문 물러나야""","국민의힘은 11일 대검찰청과 법무부를 연이어 방문해 검찰의 대장동 항소 포기 과정에서의 대통령실 개입 의혹을 정조준했다. 이 과정에서 탄핵을 언급하며 “이재명 대통령이 물러나야 한다”는 주장도 쏟아냈다.
국민의힘 의원 40여 명은 이날 서울 서초동 대검찰청에서 ‘검찰 항소를 멈추게 한 진짜 윗선 누구입니까’라는 문구와 이 대통령 사진이 함께 담긴 피켓을 들고 규탄대회를 열었다. 장동혁 대표는 대통령 호칭을 생략한 채 “단군 이래 최대의 개발 비리 범죄가 일부 무죄가 선고됐는데도 항소를 포기했다. 모든 것은 이재명 때문”이라며 “국정조사와 특검을 통해 이재명을 탄핵해야 한다”고 주장했다.
국민의힘 장동혁 대표와 송언석 원내대표(앞줄 오른쪽 둘째부터) 등 의원들이 11일 오전 서울 서초구 대검찰청에 앞에서 열린 긴급 현장 규탄대회에서 구호를 외치고 있다. 임현동 기자
송언석 원내대표는 “진정한 몸통은 ‘대장동은 내가 설계했다’고 한 이 대통령”이라며 “범죄자를 대통령으로 만들었더니 범죄자가 의인이 되고 수사한 사람은 죄인이 됐다”고 했다. 나경원 의원은 “국가 해체 프로젝트를 멈출 방법은 이 대통령이 물러나는 것”이라고 했다.
장동혁 국민의힘 대표(오른쪽 둘째)와 의원들이 11일 오전 서울 서초구 대검찰청을 항의 방문하고 있다. 오른쪽부터 김도읍 정책위의장, 장 대표, 송언석 원내대표.임현동 기자1
국민의힘 의원들은 규탄 이후 노만석 검찰총장 직무대행과의 면담을 위해 대검 청사 안으로 진입하려 했으나 대검 측이 정문을 봉쇄해 무산됐다. 장 대표 등은 대검 현관 앞에서 약 30분 간 대치하며 “노만석 나와라”, “출근도 포기했나”라고 항의했다. 노 대행은 이날 휴가를 내고 출근하지 않았다.
이날 오후 법무부 규탄대회는 국민의힘 의원들이 “정성호 게이트”, “노만석의 난” 등을 외치며 한층 격앙된 분위기로 진행됐다. 송 원내대표는 정 장관이 항소 포기 결정 직전 검찰에 “신중하게 판단했으면 좋겠다”는 의견을 전했다고 밝힌 것과 관련해 “조폭·깡패인가. 이것이 협박이자 외압”이라고 했다. 그러면서 “용산과 법무부에 아부하느라 70년 검찰 역사의 자존심을 대장동 잡범들에게 팔아먹은 노만석을 강력히 규탄한다”고 했다. 장 대표도 “그 말이 저에게는 조폭 두목이 밤길 조심하라는 말로 들린다”고 했다.
장 대표는 이 대통령과 정 장관, 노 대행을 시위소찬(尸位素餐·자리만 차지한 채 세금을 축낸다)에 비유하며 “세금을 그만 축 내고 내려오라”고 했다. 장 대표는 진보 성향 유튜버가 소음을 내며 발언을 방해하자 “민주당 유튜버들이 발작하는 걸 보니 정권 몰락의 신호탄이라고 똑똑히 아는 것 같다”며 날을 세우기도 했다.
국민의힘은 항소 포기 사건 정점에 이 대통령이 있다고 강하게 의심하고 있다. 원내 지도부 인사는 “대통령실은 사후 보고를 받았다고 하지만 민정수석실에서 개입했다는 의혹이 있다. 사실이라면 대통령 탄핵감”이라고 했다. 진종오 의원은 이날 페이스북에 “이재명 총연출, 정성호 감독, 노만석 총대, 희대의 사기극”이라고 썼다. 성남이 지역구인 김은혜·안철수 의원은 이날 국회에서 기자회견을 열고 정 장관 탄핵을 추진한다고 밝혔다.
장동혁 국민의힘 대표가 11일 오후 경기도 과천시 정부과천종합청사 앞에서 열린 법무부 긴급 현장 규탄대회에서 발언하고 있다. 임현동 기자
그러나 국민의힘 내부에선 고심도 커지고 있다. 여론전을 지속할 카드가 마땅치 않아서다. 검사들의 집단 반발 등 ‘검란’(檢亂)으로 파문이 커지고 있지만 거대 의석을 가진 더불어민주당이 대장동 국정조사와 대정부질문 등 국민의힘 요구에 일절 응하지 않고 있기 때문이다.
이에 지도부를 중심으로 삭발 시위, 장외 투쟁 등 강경 목소리도 나온다. 지도부 관계자는 이날 장 대표와 최고위원들이 모인 텔레그램 채팅방에 “규탄대회에서 삭발이라도 하자”고 제안했다. 다른 지도부 인사는 “언제든지 장외 투쟁에 나설 수 있도록 내부적인 세팅도 다 돼 있다”고 했다.
다만, 국민의힘이 완전한 단일대오로 움직이는 모습은 아니었다. 지도부는 대검·법무부 규탄대회에서 소속 의원 107명 전원 참석을 요청했지만 참가 인원은 40여명에 그쳤다. 송 원내대표는 대검 규탄 대회 직후 “이 정도로는 부족하다. 민주당의 2배, 3배로 절박하게 싸워야 한다. 당의 공식 일정에 함께 임해달라”는 문자를 전 의원에 보냈지만, 오후 법무부 규탄 대회 규모는 더 줄어든 모습이었다. 원내 관계자는 “전날 밤에 급작스럽게 일정이 결정돼 불참하는 경우가 생겼다”고 했다.
2019년 6월 당시 황교안 자유한국당 대표가 16일 오후 청와대 앞 분수대 광장에서 '조국 법무부 장관 파면 촉구' 삭발식을 하고 있다. 연합뉴스
국민의힘은 일단 12일 국회 경내에서 원외위원장 등 수천명을 동원한 규탄대회를 열어 투쟁 동력을 이어갈 방침이다. 지도부 관계자는 “관건은 국민이 얼마나 호응할 지 여부”라며 “현재 20%대인 당 지지율이 반등하고, 이 대통령의 지지율이 떨어지면 투쟁 드라이브를 걸 동력도 생길 것”이라고 했다."
19,'10·15 부동산 대책' 결국 소송전…野 승소시 규제 해제,"개혁신당, 행정소송 및 효력정지신청 제기
소송 대리인단에 최재형 전 감사원장 참여
천하람 ""소송 지면 김윤덕 국토장관 물러나야""
천하람 개혁신당 원내대표가 11일 서울행정법원에 10·15 부동산 대책 취소소송 및 효력정지신청을 제기했다. 정부가 부적절한 집값 통계를 활용해 대책을 마련했기 때문에 효력이 없다는 게 요지다. 소송 대리인단에는 감사원장을 지낸 최재형 전 국민의힘 의원도 참여했다.
개혁신당 천하람 원내대표가 10.15 부동산 대책 행정소송 및 효력정지 신청을 위해 11일 서울 서초구 서울행정법원을 방문하고 있다. 연합뉴스
천 원내대표는 이날 오전 서울 서초구 서울행정법원 앞에서 기자들과 만나 ""9월 통계가 버젓이 존재하는데도 이를 국민들에게 숨긴 채 정치적 의도를 갖고 거짓말하며 불법적으로 10·15 부동산 대책을 남발했다""며 ""이재명 정부의 폭주를 법원을 통해서라도 제어하기 위해 행정소송과 효력정지신청을 제출하러 왔다""고 말했다.
이번 행정소송의 핵심은 정부의 부동산 통계 활용이 적절했는지다. 주택법 시행령에 따르면 해당 지역의 직전 3개월 주택가격 상승률이 물가 상승률의 1.3배(투기과열지구 1.5배)를 초과할 경우 조정대상지역으로 지정할 수 있다.
정부는 10·15 대책을 발표하면서 지난 6~8월 통계를 사용했지만 야당은 국토교통부가 지난달 14일 주거정책심의위원회(주정심) 의결일 전에 9월 통계를 확인한 만큼 7~9월 통계를 활용했어야 한다고 주장 중이다. 7~9월 통계가 사용됐다면 서울 중랑·강북·도봉·금천구, 경기 의왕시, 수원시 장안·팔달구, 성남 중원구 등은 규제지역에 포함되지 않았을 것으로 예상된다.
앞서 김은혜 국민의힘 원내정책수석부대표도 전날 ""국토부는 (10·15 대책 발표 이틀 전인) 지난달 13일 한국부동산원으로부터 9월 주택가격 통계를 받은 것으로 파악됐지만 정책에 반영되지 않았다""며 행정소송에 나서겠다고 밝혔다. 국민의힘은 이달 중 규제 피해자들을 모아 소송을 제기할 것으로 보인다. 천 원내대표는 국민의힘에 대해 ""개혁신당 대의에 공감한다면 언제든지 협력할 수 있다""고 했다.
만약 법원에서 위법 판결이 날 경우 규제 번복에 따른 부동산 시장 혼란이 커질 것으로 예상된다. 김윤덕 국토부 장관은 전날 국회 예산결산특별위원회 전체회의에서 ""행정소송에서 저희가 진다면 (규제 해제는) 당연하다고 생각한다""고 말했다. 천 원내대표는 ""
김 장관이 '소송에 지면 저희 이 (대책) 취소할게요' 수준이 아니라, 물러나야 한다고 생각한다""며 ""국토부 장관으로서 자격이 없는 것""이라고 지적했다.
한편 개혁신당은 이날 행정소송 대리인단에 최 전 의원과 강명훈 법무법인 하정 대표변호사가 합류했다고 밝혔다. 최 전 의원은 판사 출신으로 서울가정법원장과 국민의힘 혁신위원장 등을 지냈다."
20,김민석 “수사역량 획기적 제고할 경찰 개혁방안 마련하라”···긴급지시,"이재명 대통령과 김민석 국무총리가 11일 용산 대통령실에서 열린 국무회의에서 회의 공개 범위에 대해 조율하고 있다. 연합뉴스
김민석 국무총리는 11일 수사 역량 제고를 위한 경찰 개혁방안 마련을 행정안전부와 경찰청에 긴급 지시하고, 경주 아시아·태평양경제협력체(APEC) 정상회의에 파견된 경찰관들에게 사의를 표했다. 이재명 대통령은 혐오·차별에 대한 엄중 처벌 방침을 밝히며 “특히 경찰의 역할이 중요하다”고 말했다. 검찰개혁 후속 입법 추진과 대장동 사건 항소 포기를 두고 검찰이 반발하는 가운데 경찰에 힘을 실어주는 모양새다.
김 총리는 이날 “검찰개혁과 함께 경찰도 수사역량을 획기적으로 제고하고 국민의 민생과 안전을 보다 촘촘하게 보호할 수 있어야 한다”며 이같이 지시했다고 총리실이 보도자료를 통해 전했다.
아울러 김 총리는 APEC 정상회의에 파견된 일부 현장 경찰관들의 열악했던 처우 문제에 대해서도 보고받았다고 총리실은 전했다.
경찰 노조 격인 전국경찰직장협의회는 이날 APEC 정상회의에 경호·관리 등을 위해 투입된 경찰관들이 제보한 사진 20여장을 공개했다. 사진에는 경찰이 대기 장소에서 상자를 이불 삼아 쪽잠을 자는 모습, 야외에서 의자도 없이 식사하는 모습 등이 담겼다. 이에 경찰청은 보도자료를 내고 “실내 공간 확보에 한계가 있었다”고 해명했다.
김 총리는 “지난달 15일 개최한 APEC 치안·안전 관계장관회의에서 대규모 파견된 경찰관들의 처우 문제를 지적한 바 있다”며 “당시 경찰청으로부터 문제없이 준비하고 있다는 보고를 받은 바 있다”고 말했다.
김 총리는 경찰청에 사실관계 등 경위를 정확히 보고할 것을 지시했다. 김 총리는 “APEC 현장에서 일부 경찰관들이 불편을 겪었던 점에 대해 진심으로 위로의 말씀을 드린다”며 “어려운 환경 속에서도 임무를 완수한 현장 경찰관들의 노고에 깊이 감사드린다”고 말했다.
이 대통령도 이날 용산 대통령실에서 국무회의를 주재하며 “일을 자꾸 만들다 보니 경찰 인력이 부족할 수 있다. 경비 인력을 일반 치안 인력으로 전환하는 작업을 하고 있느냐”고 물었고, 윤호중 행안부 장관은 “경찰에 지시 전달했고 계획 중”이라고 답했다. 이 대통령은 인종 혐오나 차별에 대한 엄중 처벌을 주문하며 “특히 경찰의 역할이 중요하다. 잘 챙겨봐 주길 바란다”고 말했다."
21,"대통령 집무실, 다음 달 청와대 복귀…3년 7개월만","관저 이전은 보안 문제 등으로 내년 상반기로 미뤄질듯
[서울=뉴시스] 정병혁 기자 = 11일 서울 종로구 청와대 앞에서 관계자가 이동하고 있다. 대통령실은 다음 달 14일 전후 서울 용산에 있는 대통령 집무실 등을 청와대로 이전할 것으로 전해졌다.  2025.11.11. jhope@newsis.com
[서울=뉴시스] 김지은 기자 = 이재명 대통령이 다음 달 서울 용산 대통령 집무실을 떠나 청와대로 복귀한다. 이로써 2022년 5월 윤석열 정부 출범과 함께 시작된 '용산 시대'는 3년 7개월 만에 막을 내리게 됐다.
대통령실 관계자는 11일 ""아직 구체적인 일정이 모두 확정되진 않았지만 다음 달 중순 대통령 집무실을 비롯해 참모들의 사무실 등 주요 시설을 청와대로 옮길 계획""이라고 밝혔다.
청와대 이전 업무를 담당하는 관리비서관실은 12일 대통령실 직원들을 대상으로 관련 설명회를 열 예정이다.
보안시설 점검 등으로 일정 변동 가능성은 남아 있지만 대통령실은 내부적으로 크리스마스 전까지 이전을 마치는 것을 목표로 세운 것으로 알려졌다.
앞서 강훈식 대통령 비서실장은 지난 6일 국정감사에서 ""대통령실을 청와대로 이전하는 문제는 연내를 목표로 공사가 진행 중""이라고 밝혔다.
다만 대통령 관저 이전은 내년 상반기로 미뤄질 가능성이 크다.
강 실장은 ""보안상의 문제 등으로 관저를 옮기는 문제는 내년 초나 상반기까지 봐야 할 것 같다""고 설명했다.
때문에 이 대통령은 다음 달부터 집무는 청와대에서 보지만 한남동 관저에서 거주할 것으로 전망된다. 대통령실은 새 관저로 삼청동 안가 등 여러 후보지를 검토 중인 것으로 전해졌다．"
22,"나경원, 라디오 진행자에 항의…“앵커님, 정성호 장관 대변인이냐”","국민의힘 나경원 의원이 11일 서울 서초구 대검찰청에서 열린 검찰의 대장동 개발 비리사건 항소 포기와 관련한 규탄대회에서 발언하고 있다. /사진=연합뉴스
[파이낸셜뉴스] 나경원 국민의힘 의원이 라디오 인터뷰 도중 검찰의 대장동 개발 비리 사건 항소 포기 결정과 관련한 진행자의 질문에 ‘편파적’이라며 항의했다.
나 의원은 11일 YTN 라디오 ‘김영수의 더 인터뷰’에서 항소 포기를 묻자 “대통령이 몰랐다고 할 수 있냐? 대통령의 의중이 실리지 않았다고 볼 수 있냐? 손바닥으로 하늘을 가리는 형국이라고 본다”면서 “대한민국의 법치를 무너뜨린 것이기 때문에 당연히 (대통령) 탄핵 사유”라고 설명했다.
나 의원의 항의는 이어 진행자의 발언을 들은 뒤 나왔다.
“어제 정성호 (법무부) 장관이 검찰 수사의 문제점도 지적하면서 (검찰이) 남욱 변호사를 위협했다고 했다”는 말에 나 의원은 “오늘 앵커분의 질문 자체도 정성호 장관 대변인 같다”고 맞받았다.
이어 “(진행자가) 정성호 장관이 뭐라 했다, 뭐라 했다, 뭐라 했다 그걸 자꾸 반박하라고 그런다”라며 “질문하는 게 오늘 굉장히 실망스럽다”고 덧붙였다.
진행자가 “이 질문은 (먼저 인터뷰한 더불어민주당) 박주민 의원에게도 똑같이 했다. 똑같이 해서 여야의 입장을 듣는 것”이라고 말하자 나 의원은 “그러니까 질문 자체가 정성호 장관에 대한 걸 계속 물어본다”고 다시 한번 불편한 심경을 드러냈다.
진행자는 “정 장관이 어떤 말을 했고 이 말이 어떤 의미가 있는 건지 여야 의원한테 들은 거다. 같은 질문이었다”고 또다시 설명했다.
그러자 나 의원은 ""노만석 검찰총장 대행과 함께 정 장관, 이진수 법무부 차관, 박철우 대검 반부패부장 등이 사퇴해야 한다""며 ""(만약 사퇴하지 않으면) 대통령도 탄핵감이고 법무부 장관도 탄핵감이고 검사장급 이상들, 검찰총장 대행부터 탄핵감”이라고 전했다.
나 의원은 또 “안타까운 건 국회에서 우리가 (정족수 부족으로 탄핵소추안 가결) 할 힘이 없다는 것”이라며 ""국민이 탄핵해 주실 것을, 그들이 물러나게 해주실 것을 간곡하게 호소 드린다”고 강조했다."
23,법사위서 '대장동 항소 포기' 공방…내일 정성호 등판,"핵심요약
李 변호인 박균택 ""항소해도 뒤집힐 가능성 없다""
김기표 ""尹 구속취소·김건희 명품백엔 침묵한 정치검찰""
국힘 곽규택 ""의사진행발언 듣자고 회의하는 게 제정신이냐""
추미애 ""협의 거부한 건 국민의힘""…나경원 ""거짓말"" 반박
정성호 법무부 장관이 10일 오전 경기 정부과천청사 법무부로 출근하며 최근 검찰이 대장동 개발비리 의혹 사건에 대한 항소를 포기한 것과 관련해 입장을 밝히고 있다. 과천=류영주 기자
여야는 11일 오후 열린 국회 법제사법위원회 전체회의에서 검찰의 대장동 사건 항소 포기 결정을 두고 정부 측 관계자가 아무도 출석하지 않은 가운데 공방을 벌였다.
대장동 사건에서 이 대통령을 변호했던 더불어민주당 박균택 의원은 ""(야당에서) 유일하게 따지고 드는 것이 '범죄수익을 추징받을 수 있는 기회를 놓치게 했다'는 것""이라며 ""애초에 검찰이 기소를 잘못했고 또 추징 청구 자체가 잘못됐다. 계약 당시 범죄가 성립하는데 얼마 이익이 남을지 어떻게 알겠나. 이 사건은 항소해도 뒤집힐 가능성이 없다""고 말했다.
같은 당 김기표 의원도 ""검찰이 항소하지 않아도 이재명 대통령이 좋아진 것은 없다. 이 대통령이 나중에(임기를 마치고) 재판을 받으면 영향을 안 미친다""며 ""내란 수괴 구속 취소에는 침묵하고, 김건희 명품백 수수 때는 가만히 있다가 난리를 치는 것은 일부 정치 검찰이 세력화하고 있다는 방증이다. 묵과할 수 없다""고 했다.
국민의힘은 항소 포기 결정 자체뿐만 아니라 추 위원장이 이번 결정에 대한 긴급현안질의를 진행하지 않는 일에 대해 공세를 펼쳤다.
조배숙 의원은 ""(검찰의 항소 포기는) 정치적인 외압이 가해진 것이고 그 윗선이 법무부 장관, 대통령이라는 의혹도 제기되고 있다""며 ""이는 굉장히 중요한 사안이고 오늘 법무부 장관이 출석해서 이런 부분을 논의해야 하는데 안건이 '미정'으로 돼 있다""며 유감을 표명했다.
같은 당 곽규택 의원도 ""검찰이 항소를 포기하도록 법무부 장관이 불법적인 지시를 했다는 것이 다 확인된 사항""이라며 ""안건을 정하지도 않은 상태에서 의사진행발언 몇 명 하는 것을 듣자고 회의를 하는 게 제정신인가""라고 말했다.
그러면서 ""민주당의 주장대로 대장동 사건이 조작된 기소라고 주장하려면 법사위를 정상적으로 열어야 한다""며 ""저 자리를 텅 비워놓고 이런 식으로 비정상적인 회의를 진행하는 추 위원장은 역사에 길이길이 이름을 남길 것""이라고 했다.
이에 추 위원장도 ""위원장에 대해 제정신이냐는 말을 상습적으로 하는데, 나가도 너무 나간 것 아닌가""라며 ""어제 간사를 통해 안건 또는 의사 일정 방식에 대해 협의를 해 달라고 정중하게 요청했는데, 협의를 거부한 쪽은 국민의힘""이라고 말했다.
그러자 법사위 야당 간사로 내정된 나경원 의원은 마이크가 꺼진 상태에서 ""또 거짓말을 하느냐. 무슨 얘기인가. 개의요구서에 분명히 안건이 써 있다""고 말했다.
추 위원장은 ""나 의원에게는 의사진행발언 기회를 안 주겠다""며 ""국민의힘 측은 애초부터 국회 증언·감정법 제5조 '증인 등의 출석 요구일은 7일 전에 송달돼야 한다'는 규정을 갖추지도 않은 채 무리한 (개회) 요구를 해왔다""고 말했다.
그러면서 ""현안질의 일정, 대상, 방법 등에 대해 교섭단체 간 협의가 이뤄질 때까지 정회를 하도록 하겠다""며 정회를 선언했다.
나 의원은 직후 기자회견에서 추 위원장의 주장을 반박하고 나섰다.
그는 ""민주당에 긴급 현안질의를 제의했더니 처음에는 월요일에 워크숍이 있어서 어렵고, 화요일로 제안했더니 너무 많은 증인을 요구했다고 거부했다""며 ""그래서 화요일에 정성호 법무부 장관과 이진수 차관, 정진우 서울중앙지검장, 노만석 검찰총장 직무대행 4명과 외압 의혹을 제기한 수사 검사, 공소 유지 검사 4명을 부르자고 역제안을 했더니 김용민 간사가 '수용할 수 없다'는 말만 했다""고 주장했다.
나 의원은 ""역제안을 했고 거부됐다는 통보만 받았는데, 민주당은 저희가 협상을 거부했다는 엉터리 거짓말을 하고 있다. 더군다나 해당 증인들은 민간인도 아니고 매일 국회에 출석하는 공무원들""이라며 ""결국 이재명 대통령의 죄를 면하게 하기 위한 항소 포기의 진실이 밝혀지는 걸 가리고 싶고, 이 대통령과 대통령실, 정성호 법무부 장관과 추미애 법사위원장도 공범이라 할 것""이라고 말했다.
법사위는 법안 심사를 위해 12일 전체회의를 열 예정인데, 정 장관도 참석할 예정이다. 따라서 이 자리에서 항소 포기 관련 공방이 또다시 벌어질 가능성이 높다.
※CBS노컷뉴스는 여러분의 제보로 함께 세상을 바꿉니다. 각종 비리와 부당대우, 사건사고와 미담 등 모든 얘깃거리를 알려주세요.
이메일 :
jebo@cbs.co.kr
카카오톡 :
@노컷뉴스
사이트 :
https://url.kr/b71afn"
24,"尹, 해병특검서 수사외압 부인…""격노는 재발 막으라는 호통""(종합2보)","7시간 조사 후 조서 열람…영상녹화로 진행·호칭은 '피의자'
100쪽 넘는 질문지 소화…이종섭 호주도피 추가 조사 불가피
윤석열 전 대통령
[연합뉴스 자료사진]
(서울=연합뉴스) 이승연 기자 = 채상병 순직 사건 외압·은폐 의혹을 수사하는 이명현 순직해병 특별검사팀이 11일 의혹의 정점인 윤석열 전 대통령을 피의자 신분으로 7시간가량 조사했다.
이날 오전 10시 20분께 시작된 조사는 오후 5시 30분까지 7시간가량 이어졌고 이후 조서 열람이 시작됐다. 윤 전 대통령은 조서 열람을 마치는 대로 서울구치소로 돌아갈 예정이다.
이날 윤 전 대통령 측 변호인단에선 배보윤·채명성 변호사가 입회했고 특검팀에선 천대원 부장검사와 박상현 부부장검사가 조사를 맡았다.
특검팀은 조사 내내 윤 전 대통령을 '피의자'로 칭했다. 영상녹화도 이뤄졌다. 형사소송법에 따르면 수사기관은 피의자의 진술을 영상녹화할 수 있고 이 경우 미리 그 사실을 알려줘야 한다.
윤 전 대통령은 채상병 수사 외압 의혹의 출발점인 'VIP 격노'의 당사자로, 임성근 전 해병대 1사단장을 혐의자에서 제외하도록 압력을 가했다는 혐의(직권남용)를 받는다.
이종섭 전 국방부 장관이 외압 의혹으로 고위공직자범죄수사처(공수처) 수사선상에 오르자 호주 대사로 임명해 도피시키려 했다는 혐의(직권남용·범인도피)도 있다.
이날 특검팀은 윤 전 대통령을 상대로 수사외압 의혹을 먼저 캐물었다. 준비한 질문지는 100쪽이 넘는다고 한다.
2023년 7월 31일 대통령실 외교안보회의에서 격노했던 이유가 무엇인지, 사건 기록 회수 및 박정훈 대령에 대한 항명 수사를 지시했는지 등 사건 전후 상황 전반에 대해 추궁한 것으로 전해졌다.
윤 전 대통령은 진술거부권을 행사하지 않고 대부분 답한 것으로 알려졌다. 다만 혐의를 부인하는 취지의 진술이 주를 이뤘다고 한다.
윤 전 대통령 측 변호인은 연합뉴스와의 통화에서 ""외교안보회의 당시 격노는 '조사한 기록을 가지고 왜 재발 방지 대책을 마련하지 않느냐', '이러면 부모들이 어떻게 자식들을 군대에 보내겠느냐'는 취지의 호통이었다""고 설명했다.
해병대 수사단이 경찰로 넘긴 채상병 사건 기록을 회수하라는 지시도 하지 않았다고 진술한 것으로 전해졌다.
특검팀은 수사외압 의혹에 대한 조사를 마무리하고 호주 도피 의혹 조사를 위한 2차 출석 일정을 변호인단과 조율할 계획이다. 변호인단의 재판 일정 등을 고려해 오는 15일이 검토되고 있는 것으로 전해졌다.
해병특검 들어서는 호송차
(서울=연합뉴스) 이진욱 기자 = 윤석열 전 대통령이 탑승한 호송차가 11일 서울 서초구 이명현 순직해병 특별검사팀 사무실 지하주차장으로 들어서고 있다. 2025.11.11 cityboy@yna.co.kr
윤 전 대통령이 해병특검에 출석한 것은 이번이 처음이다.
현재 가동 중인 3개 특검팀 중에선 조은석 내란·외환 특별검사팀에 이어 두 번째 조사다. 내란특검팀에선 지난달 15일 조사받았다.
윤 전 대통령은 이날 여느 주요 피의자와 달리 지하주차장을 통해 비공개로 조사실에 입실했다.
그동안 주요 피의자의 경우 1층 로비로 출입하는 게 원칙이었으나 윤 전 대통령에 대해 안전 등을 이유로 예외를 허용한 것이다.
이에 대해 정 특검보는 오전 정례 브리핑에서 ""수사팀 입장에서는 원만하게 조사를 진행해야 하는 것이 더 중요했고, 윤 전 대통령 측에서도 강하게 요구한 부분""이라고 설명했다.
winkite@yna.co.kr"
25,"李대통령 ""혐오 묵과 안 돼…저질 정당 현수막은 철거도 못 해""(종합2보)","정당 현수막 제도 개정 주문…""법 악용되면 고치거나 없애야""
""온라인 모욕성 표현 방치, 배상 사유""…혐오발언자 공직 제한에 공감도
이재명 대통령, 국무회의 주재
(서울=연합뉴스) 한상균 기자 = 이재명 대통령이 11일 용산 대통령실에서 열린 국무회의를 주재하고 있다. 2025.11.11 xyz@yna.co.kr
(서울=연합뉴스) 설승은 황윤기 기자 = 이재명 대통령은 11일 ""인종 혐오나 차별, 사실관계를 왜곡·조작하는 잘못된 정보 유통은 민주주의와 일상을 위협하는 행위로 추방해야 할 범죄""라며 엄중 처벌 방침을 밝혔다.
이 대통령은 대통령실에서 주재한 국무회의에서 ""우리 사회 일부에서 인종, 출신, 국가 등을 두고 시대착오적 차별과 혐오가 횡행하고 있다""며 이같이 말했다.
이 대통령은 ""사회가 점차 양극화하는 와중에 이런 극단적 표현들이 사회 불안을 확대시키고 있다""며 ""정치권에서도 혐오 범죄, 허위 조작 정보 근절에 함께해 달라""고 당부했다.
특히 같은 맥락에서 이 대통령은 각 정당의 현수막이 혐오를 부추기고 있다는 점을 지적하면서 이에 대한 대책을 주문하기도 했다.
지난 2022년 정당의 활동 자유를 보장하자는 취지에서 옥외광고물법이 개정되면서, 현재 일반 현수막은 지자체의 허가를 받아서만 내걸 수 있는 것과 달리 정당의 현수막은 장소의 제약이 거의 없이 게시되고 있다.
이 탓에 시민들이 정당 현수막에 담긴 혐오 표현에 더 많이 노출될 수밖에 없다는 게 이 대통령의 문제 인식이다.
정당 현수막
[연합뉴스 자료사진]
이 대통령은 ""길바닥에 저질스럽고 수치스러운 내용의 현수막이 달려도 정당이 게시한 것이어서 철거 못 하는 일도 있다고 한다""며 ""사실인지 모르겠으나 현수막을 달기 위한 정당인 '현수막 정당'을 만들기도 한다더라. 일부에 의하면 무슨 종교단체와 관계가 있다는 설도 있다""고 지적했다.
이어 ""정당이라고 해서 지정된 곳이 아닌 아무 곳에나 현수막을 달게 하는 것이 옳은 일인지 모르겠다""며 ""(정당 현수막 규제를 완화하는 법은) 제가 더불어민주당 대표로 있을 때 만든 법이긴 하나, 악용이 심하면 법을 개정하든 없애든 해야 하는 것 아니냐""고 말했다.
그러면서 ""정당이 국고보조금을 받으면서 현수막까지 동네에 너저분하게 걸 수 있게 하고 있는데, 일종의 특혜 법이 될 수도 있다""며 ""옛날대로 돌아가는 방안을 정당과 협의를 해달라""고 지시했다.
아울러 온라인에서의 혐오 표현이 방치돼 있는 것에 대해서도 조치가 필요하다고 강조했다.
이 대통령은 ""누군가에 대한 명예 훼손이나 모욕은 당연히 배상 사유이자 처벌 사유인데, 포털 등에서는 거의 방치하고 있다. 유튜브도 보면 눈 뜨고 못 볼 지경""이라며 '삭제 의무' 조항 및 과징금 제도 도입 필요성을 언급했다.
고위공직자나 공공단체장의 혐오 발언도 도마 위에 올랐다.
이 대통령은 ""얼마 전 어떤 기관장이 '하얀 얼굴, 까만 얼굴' 이런 얘기를 했다. 있을 수 없는 일을 하고도 멀쩡히 살아있더라""며 이에 대한 제재 강화 방안을 신속하게 추진해달라고 촉구했다.
앞서 김철수 대한적십자사 회장이 주한 외교사절 행사를 소화한 뒤 직원들에게 '외국 대사들 별 볼 일 없는 사람들이더라', '얼굴이 새까만 사람들만 모였더라' 등의 발언을 해 논란을 일으킨 점을 염두에 둔 발언으로 풀이된다.
최동석 인사혁신처장이 ""혐오 발언자에 대해서는 공직 임용을 엄격히 제한할 수 있도록 하는 방안을 마련하겠다""고 보고하자, 이 대통령은 ""좋은 생각이다. 꼭 필요한 일인 것 같다""고 힘을 싣기도 했다.
ses@yna.co.kr"
26,“100만원 가방이 무슨 뇌물?” 김건희·김기현 옹호한 국힘 중진,"아크로비스타에서 나온 ‘로저비비에’ 클러치백
김기현 의원 “배우자가 전달” 인정…특검 주목하자
성일종 “100만원 가방이 뇌물? 보편적인 백” 옹호
[이데일리 강소영 기자] 김기현 국민의힘 의원 배우자가 김건희 여사에 ‘로저비비에’의 클러치백을 선물한 것에 대해 성일종 국민의힘 의원이 “100만 원 정도는 보편적인 백”이라며 옹호하고 나섰다.
성일종 국민의힘 의원. (사진=연합뉴스)
성 의원은 11일 KBS 라디오 ‘전격시사’와 인터뷰에서 김 의원의 배우자가 김 여사에 선물한 백과 관련 “우리 직원들에게 이 백이 얼마인가 물어봤다”며 “돈 100만 원 정도라고 하더라”라면서 이같이 밝혔다.
그는 “그냥 인사를 가야 되니까 아마 (김 의원 측) 사모님께서 그 정도 사셔서 가신 것 같은데”라며 “돈 100만 원 정도 되는 그냥 보편적인 백(가방)인 것 같은데”라고 말했다.
이어 “그걸 갖고 뇌물로 연결한다고 하는 게 그게 특검이 할 일일까?”라며 “야당 대표를 하신 분이지 않는가. 저는 그 격에 맞지 않는 일을 지금 망신주기를 하고 있다고 생각이 된다”고 덧붙였다.
앞서 조은석 특별검사팀은 인테리어업체 21그램에 대한 의혹을 수사하는 과정에서 윤석열 전 대통령과 김 여사의 아크로비스타 자택을 압수수색하며 김 의원 배우자가 선물한 클러치백과 감사 편지를 발견했다.
김 의원은 2023년 3월 8일 국민의힘 전당대회에서 당대표로 선출됐고, 발견된 편지는 전당대회 직후 작성된 것으로 알려졌다.
이와 관련 김 의원은 지난 8일 입장문을 내고 “제 아내가 2023년 3월 국민의힘 전당대회에서 제가 당 대표로 당선된 후 김 여사에게 클러치백(손가방) 1개를 선물한 사실이 있다고 한다”고 인정하며 “사회적 예의 차원의 선물이지 ‘대가성’이나 ‘청탁용’은 아니”라고 밝혔다.
하지만 이로 인해 윤 전 대통령 부부의 ‘당무 개입’ 논란이 다시 수면 위로 떠오르자 국민의힘 내부에서도 비난의 목소리가 나오고 있다.
김건희 여사가 2022년 주요 20개국(G20) 환영 만찬(왼쪽)과 2023년 1월 4일 서울 예술의전당에서 열린 문화예술인 신년인사회(오른쪽)에서 로저 비비에 브랜드의 클러치백을 들고 있다. (사진=연합뉴스)
신지호 전 국민의힘 전략기획부총장은 지난 8일 유튜브 ‘어벤저스 전략회의’에서 김 의원의 해명에 대해 “그러면 돈 없는 사람은 예의도 못 지킨다는 거냐. 김기현? 답을 해봐라”라고 지적했다.
이후 박정하 국민의힘도 MBC 라디오에서 “(김 여사가) 어떤 브랜드를 좋아한다는 소문을 확인하고 ‘전당대회 도와줘서 고맙다’는 말까지 하면서 해당 가방을 찾아 전달한 것, 그 과정 자체가 국민들께 죄송스럽고 부끄럽다”고 언급했다.
당내 분위기를 묻는 질문에는 “다들 불편한 건 말씀을 안 하시는 분위기가 굉장히 오래됐다”며“”의원들이 이런저런 생각들을 하고 있는데 그걸 겉으로 표출을 안 하는 상황“임을 전했다.
한편 특검팀은 김 의원의 당대표 선출과 가방 선물과 대가성이 있는지 검토하고 이에 대한 처벌이 가능한지 들여다보고 있다."
27,"野 ""秋 제정신인가"" 與 ""입 다물라""…법사위 '대장동 항소' 격돌","법사위, 긴급현안 질의…정성호·노만석은 참석 안해
野 ""대장동 일당에 막대한 이익"" 與 ""檢개혁 집단 반발""
11일 서울 여의도 국회에서 열린 제429회국회(정기회) 법제사법위원회 제13차 전체회의 국민의힘 법사위원들이 의사진행 발언권을 신청하고 있다. 2025.11.11/뉴스1 ⓒ News1 이승배 기자
(서울=뉴스1) 김일창 손승환 기자 = 국회 법제사법위원회 소속 여야 의원들이 11일 검찰의 대장동 사건의 항소 포기 논란을 두고 격돌했다.
법사위는 이날 오후 4시 30분쯤 국회 법사위 회의실에서 긴급현안질의를 위한 전체회의를 개최했다. 정성호 법무부 장관과 노만석 검찰총장 대행 등 정부 관계자는 참석하지 않았다.
국민의힘은 검찰의 항소 '포기'에 윗선의 지시가 있었다는 의혹을 집중적으로 제기했다.
곽규택 의원은 ""78년 된 검찰 역사 이래 이렇게 온 국민의 관심이 집중된 초대형 비리 사건에서 1심 판결에 대해 검찰이 항소를 포기하도록 법무부 장관이 불법적인 지시했다는 것은 다 확인된 상황""이라고 말했다.
그러면서 ""7800억 원은 대장동 일당 수중에 들어가고, 정진상은 똑같은 구조로 재판이 진행될 것이고, 재판중지된 이재명 대통령 대장동 사건은 특정경제범죄가중처벌법(특경법)상 배임죄를 적용 못 할 것""이라며 ""이런 것들을 다 고려해서 장관이 총대 메고 (항소 포기를) 진행한 것을 국민은 다 안다""고 주장했다.
송석준 의원도 ""국가가 범죄 이익을 환수하려고 조사한 사안인데 항소를 포기해 이를 범죄자에게 돌려주겠다는 것""이라며 ""이재명 당시 성남시장은 시장의 권한으로 대장동 일당에게 각종 특혜를 준 것이다""라고 목소리를 높였다.
더불어민주당은 검찰의 선택적 '항명'과 '조작 기소'를 고리로 반박했다.
서영교 의원은 ""윤석열 구속취소 됐을 때 즉시항고 포기한 검찰총장에게 아무 말 못 했던 검사들 지금 뭐 하는 짓인가""라며 ""김건희 도이치모터스 주가조작 사건 조사한다고 불려 가서 휴대전화 반납하고 수사한 후 무혐의 친 검사들 지금 뭐 하는 짓인가""라고 말했다.
이어 ""다 윤석열 검사들이었다""라며 ""그 검사들이 남아서 수사·기소 분리에 저항하면서 집단행동을 하는 것이다""라고 했다.
법제사법위원회 소속 더불어민주당 의원들이 11일 서울 여의도 국회 법제사법위원회 전체회의가 정회된 후 기자회견을 하고 있다. 2025.11.11/뉴스1 ⓒ News1 신웅수 기자
김기표 의원은 ""검찰이 항소하지 않아도 이 대통령이 (나중에 재판이 재개됐을 때) 좋아지는 건 없다""며 ""추징금도 국가가 보유하는 것이 아니고 추징해서 성남도시개발공사에 돌려주는 것인데, 성남도개공은 손해배상 청구를 이미 했다""고 말했다.
그러면서 ""장동혁 국민의힘 대표가 공직선거법 위반 혐의로 기소돼 검찰이 벌금 100만 원 구형했는데 무죄났다. 그런데 검찰이 항소 포기했다""며 ""장동혁 의원이 대표로 있는 국민의힘 의원들은 이 사건에 대해 입을 다물어야 한다""고 꼬집었다.
국민의힘은 민주당 소속 추미애 법사위원장을 향한 비판에도 열을 올렸다.
곽 의원은 ""제대로 된 법사위이고 위원장이라면 장관과 차관, 검찰총장 직무대행 등을 불러 긴급현안질의를 하는 것이 당연하다""며 ""안건도 정하지 않은 상황에서 회의를 열어서 의사진행발언 몇 명 듣자고 회의하는 것이 제정신인가""라고 비판했다.
그러자 추 위원장은 ""상습적으로 위원장에게 '제 정신인가'라고 하는데 나가도 너무 나간 거 아닌가""라며 ""위원장이 회의 진행할 때마다 말 같지도 않은 발언을 하고 개입하고 끼어드는 분은 발언 기회를 드리지 않겠다""고 했다.
추 위원장은 실제로 발언 중간 나경원 국민의힘 의원이 항의하자 나 의원에게 의사진행발언 기회를 주지 않았다.
추 위원장은 ""회의 소집을 요구한 국민의힘은 신청한 증인이 참석하지 않으면 협의에 응하지 않겠다고 했다""며 ""대장동 사건과 관련 없는 대통령실 부속실장(김현지 제1부속실장)을 뒤늦게 증인으로 신청하기도 했다""고 말했다.
그러면서 ""검찰권 남용 사태를 가리기 위한 정쟁을 기도하는 것이 매우 유감이다""라고 국민의힘을 비판했다. 추 위원장은 회의 안건과 진행 등을 여야가 협의하라며 정회를 선포했다.
나경원 국민의힘 의원을 비롯한 법사위원들이 11일 서울 여의도 국회에서 열린 제429회국회(정기회) 법제사법위원회 제13차 전체회의 정회 후 대장동 사건 항소 포기 관련 현안질의 및 증인 채택 등에 대해 입장을 밝히고 있다. 2025.11.11/뉴스1 ⓒ News1 이승배 기자"
28,"李, 정성호에 ""사실적시 명예훼손죄 폐지 검토하라"" 돌연 지시, 왜","이재명 대통령이 11일 오전 서울 용산 대통령실에서 열린 제49회 국무회의에서 발언을 하고 있다. 대통령실사진기자단
이재명 대통령은 11일 대통령실에서 주재한 국무회의에서 “이번 기회에 사실적시 명예훼손죄 폐지하는 걸 검토하라”고 정성호 법무부 장관에게 지시했다. 이 대통령은 “있는 사실을 얘기한 거 가지고 명예훼손이라고….(하는 것 맞지 않는다.) 민사로 해결해야할  것 같다. 형사 처벌이 아니라”라고 했다. 특히 “독일이나 해외 입법례를 참고해서 시간 걸리지 말고 빨리 했으면 좋겠다”며 신속한 폐지를 주문했다.
이 대통령이 언급한 법 조항은 형법 307조 1항(‘공연히 사실을 적시하여 사람의 명예를 훼손한 자는 2년 이하의 징역이나 금고 또는 500만원 이하의 벌금에 처한다’)이다. 사실을 말해도 명예훼손으로 처벌하는 이 조항은 오랫동안 논란이 됐다. 2021년 국가인권위원회가 폐지를 권고했고, 이듬해 유엔(UN) 자유권규약위원회도 같은 입장을 냈다. 이 대통령이 언급한 독일은 적시된 내용이 사실로 증명되면, 공익·사익 여부에 상관없이 형법 대상에서 제외한다. 국회에선 박주민 더불어민주당 의원이 폐지 법안을 냈다.
대통령이 사실적시 명예훼손죄 폐지를 언급한 건 처음이다. 이 대통령도 과거 공식적인 자리에서 이 문제를 언급한 적이 없다. 이 대통령의 이번 발언 배경에 대해 대통령실 관계자는 “이 대통령은 법률가 출신으로 오랫동안 이 문제에 대한 문제의식이 있었다”며 “우리나라의 형사처벌 과잉 문제를 시정해야 한다는 측면에서 사실적시 명예훼손은 형법이 아닌 민사로 해결하는 것이 맞다고 보는 것”이라고 설명했다.
이재명 대통령이 11일 용산 대통령실에서 열린 국무회의를 주재하고 있다. 연합뉴스
대통령실 고위 관계자 등에 따르면 이 대통령의 발언은 갑작스러운 건 아니라고 한다. 민정수석실은 지난 9월부터 형법 체계 개편을 추진하며, 그 과정 중 하나로 사실적시 명예훼손죄 폐지를 검토했다고 한다. 또 다른 수석실에서도 ‘가짜뉴스 처벌법’으로 불리는 정보통신망법 개정안을 검토하면서 표현의 자유 균형을 맞추기 위해 사실적시 명예훼손죄 폐지의 필요성도 함께 검토해왔다.
이 대통령은 혐오·차별에 대한 엄중 처벌 방침도 밝혔다. 이 대통령은 “우리 사회 일부에서 인종, 출신, 국가 이런 것들을 가지고 정말로 시대착오적인 차별, 혐오가 횡행하고 있다”고 지적했다. 최근 김철수 대한적십자사 회장이 주한 외교사절 행사를 소화한 뒤 직원들에게 “얼굴이 새까만 사람들만 모였더라”고 말해 논란이 됐었다. 이 대통령은 “혐오 표현에 대한 처벌장치를 속히 마련하라”고 지시했다.
이와 관련해 정치 현수막이 혐오를 부추기고 있다는 점도 지적했다. 이 대통령은 “길바닥에 저질스럽고 수치스러운 내용의 현수막이 달려도 정당이 게시한 것이어서 철거 못 하는 일도 있다고 한다”며 “정당이라고 해서 지정된 곳이 아닌 아무 곳에나 현수막을 달게 하는 것이 옳은 일인지 모르겠다”고 지적했다. 그러면서 “악용이 심하면 법을 개정하든 없애든 해야 하는 것 아니냐”며 제도 개선을 주문했다.
코스피가 33.15p(0.81%) 오른 4,106.39에 거래를 마친 11일 서울 중구 우리은행 본점 딜링룸에서딜러들이 대화하고 있다. 연합뉴스
이 대통령은 국내 주식 장기 투자 시 세제 인센티브를 주는 방안을 검토하라고 구윤철 경제부총리에게 지시했다. 현재 국내엔 장기 보유 공제 등 장기 투자 인센티브가 사실상 없다. 이런 세제가 단기 매매 중심의 시장을 만든다는 지적이 있다. 미국의 경우엔 주식 매입 후 1년 이상 지나 매각한 주식 양도차익에 대해선 저율로 분리과세하는 제도가 있다.
이 대통령은 “장기 투자 인센티브 부여 제도에 대해 결국 대주주들이 혜택을 보는 게 아니냐는 반론이 있다”며 “부자 감세 논란이 있을 수 있으니 일반 투자자에게 장기투자에 대한 혜택이 있을 수 있도록 방안을 세부적으로 만들어달라”고 당부했다.
이날 국무회의에선 ‘2035 국가 온실가스 감축 목표’가 의결됐다. 2035년까지 국가 온실가스를 2018년 대비 53∼61% 감축한다는 내용이다. 이 대통령은 “탄소중립사회로의 전환은 일부 고통이 따르더라도 지속가능한 성장, 글로벌 경제 강국으로의 도약을 위해서는 반드시 가야 할, 정말로 피할 수 없는 길”이라고 했다."
29,김병기 “검찰 이래도 되나…전부 다 징계 처리해야”,"김병기 더불어민주당 원내대표가 11일 서울 여의도 국회에서 송언석 국민의힘 원내대표와 회동을 하기 위해 이동하고 있다. 2025.11.11 [서울=뉴시스]
더불어민주당 김병기 원내대표가 ‘대장동 사건’ 항소 포기 논란과 검찰의 반발에 대해 “검찰이 이래도 되나. 전부 다 징계 처리해야 된다“고 말했다.
김 원내대표는 11일 오후 여야 원내대표단 회동 전 기자들과 만난 자리에서 “(반발 검사들을) 가만 안둘 것”이라며 “민주당 정권을 호구로 아나 봐”라고 말했다. 김 원내대표는 “이 건이 문제 있다고 치고 그걸 내부에서 얘기를 해야지 어떤 공무원이 외부에 이렇게 얘기를 하냐”며 “밖에서 보라고 하는 거 아니냐”고 했다.
이어 “자기네들 밖에다가 얘기하는 수단 아니냐”며 “그 머리 좀 좋은 데다 좀 쓰지”라고 했다. 그러면서 “검사장 지청장 또 평검사까지 이렇게 이제 대놓고 해보자는 거냐”며 “(징계 처리하고) 그 자리에 할 사람들 많다”고 했다.
김 원내대표는 “법무부 정성호 장관한테 다 징계하라 그럴 것”이라며 “그런데 통화가 안 돼”라고 했다.
김 원내대표는 항소 포기 결정에 대해 야당이 국정조사, 청문회 등을 요구하자 “하자는 거 다 (할 수 있다)”며 “그리고 하지 말자는 것도 할 것”이라고 했다. ‘하지 말자는 것이 무엇이냐’는 물음에 김 원내대표는 “일단 특검을 안 하려고 하겠지”라고 했다."
30,"李 ""국내주식 장기 투자에 稅혜택 확대""","'개미 투자자'로 대상 제한 지시
산업계 우려에도 NDC 강행
""고통 따라도 피할 수 없는 길""
정부가 국내 증시에 장기 투자하면 세제 혜택을 확대하는 방안을 추진한다. 지금도 개인종합자산관리계좌(ISA)로 3년 이상 투자하면 비과세·분리과세 혜택을 주지만 충분하지 않다는 게 정부 판단이다.
이재명 대통령은 11일 용산 대통령실에서 국무회의를 주재하며 “일반 투자자가 장기 투자할 경우 (세제) 혜택을 주는 세부 방안을 만들어달라”고 구윤철 부총리 겸 기획재정부 장관에게 지시했다. 구 부총리는 “장기 투자자에 대한 세제 혜택이 부족하다”며 “장기 투자하면 인센티브를 많이 받는 쪽으로 제도를 바꾸도록 하겠다”고 했다.
최근 당정대가 배당소득 분리과세 최고세율을 당초 정부안인 35%가 아니라 25%로 추진하기로 공감대를 이룬 데 이어 장기 투자자를 우대해 국내 증시 자금 유입을 확대하려는 취지다. 이 대통령은 다만 “경영권을 유지하려는 대주주에게까지 장기 투자 세제 혜택을 주면 부자 감세 논란이 있을 수 있다”며 ‘개미 투자자’로 대상을 제한할 것을 지시했다.
정부는 이날 국무회의에서 2035년까지 국가 탄소배출량을 2018년 대비 최소 53%, 최대 61% 줄이는 내용의 국가온실가스 감축목표(NDC)를 확정해 의결했다. 이 대통령은 “일부 고통이 따르더라도 지속 가능한 성장과 글로벌 경제 강국이 되기 위해서는 피할 수 없는 길”이라고 했다.
정부는 12·3 비상계엄에 가담하거나 협조한 공직자를 조사해 책임을 추궁하는 ‘헌법존중정부혁신 태스크포스(TF)’를 국무총리실 내에 설치하기로 했다. 내란특검 수사·기소와 별개로 정부 차원에서 조사하겠다는 것이다.
ISA 비과세 한도 확대되나…국내주식 장기투자자에 稅혜택
소액주주 양도세는 이미 면제…IRP 세액공제 확대할 가능성도
이재명 대통령이 11일 국내 주식 장기 보유 투자자에 대한 세제 혜택 마련을 지시하면서 정부도 현실적 방안을 도출하기 위한 검토 작업에 나섰다. 다만 이미 소액주주에게는 양도소득세를 물리지 않는 등 적지 않은 혜택이 존재하는 게 고민이다. 개인종합자산관리계좌(ISA) 비과세 한도를 높이는 방안 등이 현실적인 대안으로 거론된다.
기획재정부에 따르면 주식 관련 세금은 크게 양도소득세와 배당소득세로 나뉜다. 상장 주식을 매도한 소액주주는 현재도 양도세가 면제된다. 한 개 종목을 50억원어치 이상 보유한 대주주만 최대 25%의 양도세가 부과된다.
현재 추진 중인 배당소득 분리과세 혜택을 장기 투자자에게만 적용하는 것도 방법이지만, 인센티브가 아니라 단기 투자자에 대한 페널티라는 점에서 증시에 악영향을 줄 수 있다. 단기 투자자에게 양도세를 부과하는 방안은 금융투자소득세 도입이 전제돼야 하는 만큼 역시 고려 대상이 아니라는 게 정부 안팎의 평가다.
결국 3년간 계좌를 유지하면 세금을 깎아주는 ISA 비과세 한도를 상향 조정하는 방안이 유력하게 거론된다. ISA 계좌는 만 3년을 유지하면 200만원(서민·농어민 400만원)까지 비과세되고, 이를 초과하는 수익은 분리과세(9%)된다.
일반 금융소득 원천세율(14%)보다 낮다. 여당에서는 매년 100만원씩 비과세 한도를 추가해주는 내용의 조세특례제한법 개정안을 발의했다. 5년 보유하면 비과세 한도가 400만원으로 늘고, 10년 보유하면 900만원까지 확대되는 식이다.
은퇴 이후를 대비해 목돈을 장기 투자하는 개인형퇴직연금(IRP) 납입 한도를 높이는 것도 방법이다. IRP는 연금저축 납입금과 합쳐 최대 900만원까지 세액공제(총급여 5500만원 이하 16.5%, 초과자는 13.2%)가 적용되는데, 이 한도를 올리는 것이다. 기재부 관계자는 “추가로 가능한 지원책이 있는지 살펴보겠다”고 했다.
이날 국무회의에서는 산업계 우려에도 불구하고 2035년 국가온실가스 감축목표(NDC)가 확정됐다. 이 대통령은 “반드시 해야 할 일을 회피하면 더 큰 피해를 보게 된다”며 “재생에너지 전환과 온실가스 감축 과정에서 나타날 수 있는 국민과 기업의 어려움을 다방면에서 살펴봐달라”고 했다.
NDC 확정 안건을 두고 주무 부처인 기후에너지환경부 김성환 장관 외에 유일한 토론자로 나선 김정관 산업통상부 장관은 “재정 재원 등 산업 경쟁력도 강화하는 각별한 지원이 필요하다”고 했다."
31,"관가 덮친 내란發 인사폭풍 … 李 ""계엄 가담자 형사처벌까지""","국무회의서 헌법존중TF 승인
49개부처 공무원 계엄가담 조사
李 ""특검 의존 말고 독자조사를""
혐오 정당현수막 근절책 지시
사실적시 명예훼손 폐지 검토
암표상에 30배 과징금 물릴것
金총리 ""경찰개혁안 마련을""
이재명 대통령이 11일 오전 용산 대통령실에서 열린 국무회의에서 발언하고 있다. 김호영 기자
이재명 대통령 지시로 12·3 비상계엄에 동조한 공직자들을 솎아내는 적폐 청산 작업이 개시되면서 공직사회에 인사 폭풍이 몰아칠 전망이다.
대통령실은 정부 내 소위 '내란세력'이 여전히 주요 보직에서 근무하면서 새 정부 국정과제를 추진하는 데 저해 요인으로 작용한다고 보고 있다. 이에 따라 그동안 군 수뇌부와 검찰 등 계엄에 적극 동조한 기관에 집중됐던 인사 조치가 전 부처 고위 공직자들을 상대로 확대되는 것이다.
여기에서 한발 더 나아가 이번 계엄 동조 조사가 새 정부의 국정 기조에 맞지 않는 공직자들에 대한 대대적인 물갈이로 이어질 수 있다는 전망도 나온다.
김민석 국무총리는 11일 용산 대통령실에서 열린 국무회의에서 계엄 동조 공직자들을 가려내기 위한 '헌법존중 정부혁신 태스크포스(TF)' 발족을 건의하면서 ""이를 통해 비상계엄 등 내란에 참여하거나 협조한 공직자를 대상으로 신속한 내부 조사를 하고, 합당한 인사 조치를 내릴 수 있는 근거를 확보할 것""이라고 말했다. 김 총리는 또 ""내란에 가담한 사람이 승진 명부에 이름을 올리는 것에 대한 문제 제기도 있었다""며 ""내년 1월까지 신속하고 질서 있게 조사를 마친 뒤 설 연휴 전에 후속 조치를 할 수 있도록 하겠다""고 말했다.
이 대통령은 이에 ""특검이 수사를 통해 형사처벌을 하고는 있지만, 내란에 대한 관여 정도에 따라 행정책임을 묻거나 문책이나 인사 조치를 하는 등 낮은 수준으로 대응해야 할 사안도 있다""며 정부 내 자체 조사의 필요성을 강조했다.
3특검(내란·김건희·채상병) 조사 기간이 2주~한 달여 남은 상황에서 정부 내 조사 TF가 발족하면서 내란 세력을 가려내기 위한 적폐 청산 작업이 내년 초까지 이어지게 되는 것이다.
국무총리실에 따르면 헌법존중 정부혁신 TF는 대통령 직속기관과 독립기관을 제외한 49개 전 중앙행정기관을 대상으로 내란 관련 행위자 색출 작업에 나선다. 특히 여러 의혹이 제기된 합동참모본부, 검찰, 경찰, 총리실, 기획재정부, 외교부, 법무부, 국방부, 행정안전부, 문화체육관광부, 소방청, 해양경찰청 등 12개 기관에 대해서는 '집중 점검기관'으로 정해 더욱 철저히 조사한다는 방침이다.
대통령실은 이들 부처에 새 정부의 국정 기조에 동조하지 않는 공직자가 다수 포진한 것으로 보고 있다. 계엄 당시에도 이들 부처 인사 상당수가 동조한 것으로 파악하고 있다.
이번주 군 수뇌부 물갈이는 물론 조만간 단행될 외교부 1급 및 재외공관장 인선에서도 이 같은 내란 세력 솎아내기 기조가 반영될 것으로 보인다. 재외공관장(대사 및 총영사 등) 173명 중 최대 40%를 외교부 출신이 아닌 외부 인사로 수혈하는 방안이 추진되고 있다. 대통령실 관계자는 ""윤석열 정부에 대한 충성도가 높았던 일부 공무원이 이재명 정부의 국정 과제를 두고는 태업에 가까운 태도를 보이고 있다""며 ""이들이 언론에도 주요 현안 관련 기밀사항을 흘리는 것으로 파악하고 있다""고 말했다.
조사 범위는 12·3 비상계엄 전 6개월부터 비상계엄 후 4개월까지 약 10개월로 정했다. 사전모의 기간과 탄핵 선고 시점인 올해 4월을 고려했다고 한다. 다만 비상계엄과 관련해 명백하고 직접적인 행위에 대해서는 계엄 당일과 상당한 시간적 차이가 있어도 조사 후 책임을 묻겠다는 게 총리실 방침이다.
TF는 인터뷰 심문, 서면조사, 디지털 포렌식 등 조사를 종합적으로 하고 앞서 실시된 내부조사나 수사·재판 자료까지 모두 활용해 공직자의 내란 가담 행위를 규명할 계획이다. 개인 휴대전화는 자발적 제출을 유도하되, 조사에 협조하지 않으면 대기발령 또는 직위해제 후 수사 의뢰까지 검토한다.
TF는 총리실 총괄 TF와 함께 기관별로 10명 이상으로 구성된 조사 TF를 각각 구성하기로 했다. 기관별 조사 TF에는 제보센터를 의무적으로 설치하고, 총리실 총괄 TF에도 '내란행위 제보센터'를 운영할 예정이다.
조사 대상은 언론·미디어, 국정조사·감사, 내부 제보, 자진 신고 등을 통해 의혹이 제기된 내란 행위다. 조사 범위와 대상, 기간 모두 상당히 광범위한 데다 공직자의 내란 위법성 인지 여부도 상관하지 않겠다는 방침이어서 공직사회에 상당한 후폭풍이 예상된다.
총리실은 ""공직사회의 동요 방지를 위해 대상을 한정해 단기간에 마무리하는 방안을 추진할 것""이라고 밝혔다. 또 김 총리는 ""국민의 민생과 안전을 보다 촘촘하게 보호할 수 있도록 종합적인 경찰 개혁안을 조속히 마련하라""고 지시했다. 김 총리는 경찰개혁이 현재 진행되는 검찰개혁과 병행해 이뤄져야 한다면서 경찰의 수사 역량 제고를 강조했다.
한편 이 대통령은 이날 국무회의에서 ""인종 혐오나 차별, 사실관계를 왜곡·조작하는 잘못된 정보 유통은 민주주의와 일상을 위협하는 행위로 추방해야 할 범죄""라며 엄중 처벌하겠다는 방침을 밝혔다.
이 대통령은 ""사회가 점차 양극화하는 와중에 이런 극단적 표현들이 사회 불안을 확대시키고 있다""며 ""정치권에서도 혐오 범죄, 허위 조작 정보 근절에 함께해달라""고 당부했다.
같은 맥락에서 각 정당의 현수막이 혐오를 부추기고 있다는 점을 지적하면서 이에 대한 대책을 주문하기도 했다. 이는 지난 경주 아시아태평양경제협력체(APEC) 계기 한중 정상회담을 앞두고 불거진 혐중 정서를 염두에 둔 발언으로도 해석됐다.
또 이 대통령은 공연·스포츠 경기 암표 거래 근절 방안과 관련해 ""과징금을 세게 (부과)하는 것을 검토하라""고 지시했다. 이 대통령은 ""처벌보다 과징금 효과가 훨씬 크다""며 암표 판매 총액의 10∼30배를 과징금으로 징수하는 방안을 사례로 들기도 했다.
[오수현 기자 / 류영욱 기자]"
32,"국힘 ""권력비리 항소포기 없었다"" vs 민주당 ""장동혁 무죄도 항소포기""","[the300]
(서울=뉴스1) 이승배 기자 = 11일 서울 여의도 국회에서 열린 제429회국회(정기회) 법제사법위원회 제13차 전체회의 국민의힘 법사위원들이 의사진행 발언권을 신청하고 있다. 2025.11.11/뉴스1  Copyright (C) 뉴스1. All rights reserved. 무단 전재 및 재배포,  AI학습 이용 금지. /사진=(서울=뉴스1) 이승배 기자
국회 법제사법위원회 여야 의원들이 대장동 사건 항소 포기 사태를 놓고 충돌했다. 국민의힘은 항소포기의 윗선을 밝혀야 한다며 관련자들을 국회로 불러 사실관계를 따져봐야 한다고 주장했고 더불어민주당은 항소의 실익이 없는데 왜 항소를 해야 했느냐고 반박했다.
법사위는 11일 오후 서울 여의도 국회에서 전체회의를 개최했다. 이날 전체회의는 안건은 상정되지 않은 채 여야 의원들의 의사진행발언으로 진행됐다.
조배숙 국민의힘 의원은 ""검찰 역사상 권력형 비리 사건의 항소포기는 없었다. 그리고 검찰이 내부적으로 항소를 하기로 했다가 마감 7분 전에 뒤집혔다""며 ""이 부분에 대해 정치적인 외압이 가해진 것이다, 윗선이 법무부장관 그리고 대통령이라는 의혹도 제기되고 있다""고 밝혔다.
조 의원은 ""오늘 법무부장관이 출석해서 이런 부분을 논의를 해야 하는데 안건이 미정""이라며 ""추미애 법사위원장에게 심히 유감을 표한다""고 했다.
이같은 주장에 박지원 더불어민주당 의원은 ""법무부장관 지시 의혹은 이미 해명이 됐다. 장관이 신중하게 하라고 하는 것은 당연한 것 아니냐""라며 ""그렇게 정의로운 검찰이라고 하면 왜 윤석열 전 대통령이 석방됐을 때 즉시항고하지 않았고, 김건희의 비리에 대해서는 말하지 않았나""라고 목소리를 높였다.
박 의원은 ""선택적 항명을 하고 있는 내란세력, 검찰에 대해서 법무부장관은 단호한 인사 조치로 공직기강의 모습을 보이고 내란청산을 해야 한다""고 주장했다.
박균택 민주당 의원도 ""유일하게 따지고 드는 것이 범죄수익을 추징받을 수 있는 기회를 놓치게 했다는 것인데 검찰은 애초에 추징을 잘못했다""며 ""성남도시공사는 이미 소송을 제기했고 소송이 유지되고 있다. 그런데 어떻게 추징을 청구한다는 말인가""라고 했다.
김기표 민주당 의원은 ""검찰의 항소 포기로 이 대통령이 유리해졌다고 주장하는데 뭐가 유리해졌나""라며 ""이 사건 피고인에는 이 대통령이 없다. 검찰이 항소하지 않아도 이 대통령이 좋아진 것은 없다""고 밝혔다. 이어 ""무죄에 대해 항소포기한 적이 없다고 하는데 장동혁 국민의힘 대표가 올해 1월21일 공직선거법 위반 사건 무죄가 나자 검찰이 항소 포기했다""며 ""국민의힘 의원들은 똑같은 잣대를 들이대야 한다""고 했다.
추미애 법사위원장은 ""국민의힘은 애초부터 무리한 요구를 해왔다. 신청 증인의 명단에는 대장동 재판과 아무 관련 없는 대통령실 부속실장을 뒤늦게 포함시킨 것도 사실""이라며 ""검찰권 남용 사태를 가리기 위한 정쟁을 기도하는 것으로 매우 유감""이라고 말했다. 추 위원장은 ""내일 전체회의가 소집되고 법무부 장관도 나온다""며 현안질의 일정 등과 관련한 교섭단체간 협의가 이뤄질때 까지 정회를 선포했다."
33,"법사위 '대장동 항소 포기' 충돌…여 ""정치 검찰 항명"" 야 ""7800억 범죄자에게 줘""","여 ""애초에 잘못된 기소…항소해도 뒤집힐 가능성 없어""
야 ""정치적 외압 가해진 것…긴급현안질의 안건 미정 유감""
[서울=뉴시스] 김명년 기자 = 11일 서울 여의도 국회에서 열린 법제사법위원회 전체회의에서 의원들이 대장동 사건 항소 포기 관련 의사진행 발언을 하고 있다. 2025.11.11. kmn@newsis.com
[서울=뉴시스] 이승재 이창환 한재혁 기자 = 여야는 11일 국회 법제사법위원회 전체회의에서 검찰의 대장동 사건 항소 포기 결정을 두고 공방을 벌였다.
더불어민주당은 이재명 정부의 항소 포기 지시 의혹은 이미 해명됐다면서, 선택적 항명을 하고 있는 일부 정치 검찰에 대한 조치가 필요하다는 주장을 폈다. 국민의힘은 이재명 대통령과 정성호 법무부 장관 등 외압 의혹에 대한 진상 규명을 촉구하면서 법사위 차원의 긴급현안질의를 진행할 것을 재차 요구했다.
박지원 민주당 의원은 이날 오후 국회에서 열린 법사위 전체회의에서 ""(항소 포기는) 사법부 판결에 의해 검찰이 결정한 것이다. 법무부 장관의 지시 의혹에 대해서는 이미 해명됐다""고 말했다.
박 의원은 ""선택적 항명을 하고 있는 내란 세력 검찰에 대해서는 단호한 인사 조치로 공직 기강의 모습을 보이고 내란 청산의 모습을 보여야 된다""고 했다.
박균택 민주당 의원은 ""(야당에서) 유일하게 따지고 드는 것이 '범죄수익을 추징받을 수 있는 기회를 놓치게 했다'는 것""이라며 ""애초에 검찰이 기소를 잘못했고 또 추징 청구 자체가 잘못됐다. 계약 당시 범죄가 성립하는데 얼마 이익이 남을지 어떻게 알겠나. 이 사건 항소해도 뒤집힐 가능성이 없다""고 말했다.
같은 당 김기표 의원은 ""검찰이 항소하지 않아도 이재명 대통령이 좋아진 것은 없다. 이 대통령이 나중에 재판 받으면 영향을 안 미친다""며 "" 내란 수괴 구속 취소에는 침묵하고, 김건희 명품백 수수 때는 가만히 있다가 지금 난리 치는 것은 일부 정치 검찰이 세력화하고 있다는 방증이다. 이 집단행동은 묵과할 수 없다""고 했다.
국민의힘은 추 위원장이 검찰의 대장동 사건 항소 포기 결정에 관한 긴급현안질의를 진행하지 않는 데 대한 불만을 제기했다.
조배숙 국민의힘 의원은 ""(검찰의 항소 포기는) 정치적인 외압이 가해진 것이고 그 윗선이 법무부 장관, 대통령이라는 의혹도 제기되고 있다""고 말했다.
조 의원은 ""이는 굉장히 중요한 사안이고 오늘 법무부 장관이 출석해서 이런 부분을 논의해야 하는데 안건이 미정으로 돼 있다""며 유감을 표명했다.
송석준 국민의힘 의원은 ""(대장동 사건은) 특혜 비리 개발 사건이고 7800억원의 특혜액이 발생했다. 관계자들도 실형이 났고, 막대한 7800억원을 검찰이 확보했다. 왜 항소를 포기하겠나""라고 말했다.
송 의원은 ""이 대통령과 (대장동 사건) 수뇌부에 대한 면죄부를 주는 것이고, 7800억원 국민들의 이익을 범죄자들에게 주는 폭거 아닌가. 이를 논의하기 위해 현안질의를 하자고 요청했더니 이게 뭔가""라고 했다.
같은 당 곽규택 의원은 ""검찰이 항소를 포기하도록 법무부 장관이 불법적인 지시했다는 것이 다 확인된 사항""이라며 ""안건을 정하지도 않은 상태에서 의사진행발언 몇 명 하는 것을 듣자고 회의를 하는 게 제정신인가""라고 말했다.
곽 의원은 ""민주당의 주장대로 대장동 사건이 조작된 기소라고 주장하려면 법사위를 정상적으로 열어야 한다""며 ""저 자리를 텅 비워놓고 이런 식으로 비정상적인 회의를 진행하는 추 위원장은 역사에 길이길이 이름을 남길 것""이라고 했다.
이에 추 위원장은 ""위원장에 대해 제정신이냐는 말을 상습적으로 하는데, 나가도 너무 나간 것 아닌가""라며 ""어제 간사를 통해 안건 또는 의사 일정 방식에 대해 협의를 해달라고 정중하게 요청했는데, 협의를 거부한 쪽은 국민의힘""이라고 말했다.
법사위 야당 간사로 내정된 나경원 의원은 추 위원장의 발언에 대해 마이크가 꺼진 상태에서 ""또 거짓말을 하느냐. 무슨 얘기인가. 개의요구서에 분명히 안건이 써 있다""고 목소리를 높였다.
추 위원장은 ""나 의원에게는 의사진행발언 기회를 안 주겠다""고 했다.
법사위는 의원들의 의사진행발언 만으로 40분가량 진행된 이후 정회됐다.
추 위원장은 ""국민의힘 측은 애초부터 국회 증언·감정법 제5조 '증인 등의 출석 요구일은 7일 전에 송달돼야 한다'는 규정을 갖추지도 않은 채 무리한 (개회) 요구를 해왔다""며 ""신청 증인 명단에는 대장동 재판과 아무 관련 없는 대통령실 부속실장을 뒤늦게 신청한 것도 사실""이라고 했다.
그러면서 ""현안질의 일정, 대상, 방법 등에 대해 교섭단체 간 협의가 이뤄질 때까지 정회를 하도록 하겠다""고 선언했다.
법사위는 기존에 공지된 일정대로 오는 12일 전체회의를 연다. 이 자리에는 정 장관도 참석할 예정이다."
34,"대통령 호칭 뺀 국힘 “이재명, 특검으로 탄핵해야”","법무부-대검찰청 앞 장외집회…‘항소 포기’ 규탄
국민의힘 장동혁 대표와 송언석 원내대표를 비롯한 의원들이 11일 오후 경기도 과천 법무부 청사 앞에서 ‘대장동 사건 1심 항소 포기’ 긴급 현장 규탄대회를 열고 있다. 이한결 기자 always@donga.com
국민의힘은 11일 대검찰청과 법무부 앞에서 연달아 규탄대회를 열고 검찰의 대장동 사건 항소 포기에 대해 총공세를 펼쳤다. 국민의힘은 노만석 검찰총장 권한대행이 ‘윗선’의 외압 없이 항소 포기를 지시했을 리 없다며 이재명 대통령에 대한 탄핵론까지 꺼내들었다.
국민의힘 장동혁 대표는 이날 서울 서초구 대검 청사 앞에서 “지금 대한민국에서는 일어날 수 없는 일들이 일어나고 있다. 오직 이재명이라는 사람이 대통령의 자리에 앉아 있기 때문에 일어나는 일들”이라며 “국정조사와 특검을 통해 이재명을 탄핵해야 한다”고 주장했다. 송언석 원내대표는 “용산과 법무부에 아부하느라 70년 검찰 역사의 자존심을 대장동 잡범들에게 팔아먹은 노만석을 강력히 규탄한다”고 했고, 국회 법제사법위원인 나경원 의원은 “노 대행은 용산과 법무부를 고려했다며 단군 이래 최대의 정치 부역을 자백했다”며 즉각 사퇴를 요구했다. 이날 규탄대회는 지도부와 법사위 소속 의원 등 40여 명이 참석했다.
국민의힘 장동혁 대표가 11일 정부 과천청사 법무를 방문해 검찰의 대장동 사건 항소 포기 관련 규탄대회를 열고 노만석 검찰총장 직무대행의 사퇴와 국정조사 및 특검을 통한 진상 규명을 촉구하고 있다. 과천=홍진환 기자 jean@donga.com
국민의힘 의원들은 오후엔 법무부가 있는 정부과천청사 앞으로 옮겨 규탄대회를 열었다. 이들은 검찰의 항소 포기를 ‘정성호 게이트’로 규정하면서 “대장동 몸통이 이재명이라는 걸 다시 한 번 확인시켜준 것”이라고 목소리를 높였다. 장 대표는 “정 장관이 (항소를) ‘신중하게 결정하라’고 했다는 말이 나에겐 조폭 두목이 ‘밤길 조심하라’고 하는 말로 들린다”고 했고, 송 원내대표는 “범죄자들의 깐부, 대장동 범죄 일당의 든든한 담벼락”이라고 정 장관을 정면으로 비판했다. 이어 “우리는 7800억 원에 달하는 어마어마한 비리자금 속에 대장동 ‘그 분(이 대통령)’의 몫이 있다는 것을 이미 알고 있다”고 했다.
국민의힘 장동혁 대표와 송언석 원내대표를 비롯한 의원들이 11일 오후 경기도 과천 법무부 청사 앞에서 ‘대장동 사건 1심 항소 포기’ 긴급 현장 규탄대회를 열고 있다. 이한결 기자 always@donga.com
국민의힘은 검찰이 항소 포기를 결정하게 된 경위와 외압 의혹의 실체를 밝히기 위해 국정조사와 특검 등 가용한 모든 수단을 추진해야 한다는 입장이다. 다만 당내에선 특검이 출범하더라도 특검 임명권이 이 대통령에게 있는 만큼, 특검 수사가 여권이 주장하는 ‘조작 기소’ 의혹에 초점이 맞춰질 거란 우려도 제기된다. 국민의힘 원내 핵심 당직을 맡은 의원은 “일단 국정조사가 진상규명의 중심이 될 것”이라고 했다.
야당은 장외투쟁의 판을 키워 공세 수위를 끌어올린다는 방침이다. 12일엔 국회 본청 앞 계단에서 당원들을 모아 규탄대회를 벌인다. 송 원내대표는 11일 의원들에게 보낸 공지에서 “번지르르한 말의 성찬으로는 결코 파렴치하고 극악무도한 독재정권을 이겨낼 수 없다. 107명 의원들이 모두 하나 되어 처절한 마음으로 한 목소리를 내야 한다”며 참석을 독려했다."
35,"野 “항소 포기 윗선은 대통령·법무”... 추미애, 법사위 40분 만에 정회","野 “정치적 외압 드러나...장관 불러야”
與 “검찰, 선택적 항명...단호히 조치”
검찰의 대장동 항소 포기 외압 의혹과 관련해 소집된 국회 법제사법위원회 전체회의가 개의 40분 만에 정회했다. 국민의힘은 “법무부와 대통령실이 항소 포기에 관여했을 것”이라며 긴급 현안 질의를 요구했지만, 추미애 법사위원장은 여야 합의가 이뤄지지 않았다며 받아들이지 않았다.
11일 서울 여의도 국회에서 열린 법제사법위원회 전체회의서 추미애 위원장이 국민의힘 의원들의 항의 속에 정회를 선포하고 있다. /뉴스1
국민의힘 조배숙 의원은 이날 의사진행발언에서 “78년 검찰 역사상 권력형 대형 비리 사건에서 일부 무죄가 나왔는데 항소 포기한 경우는 없었다”면서 “정치적 외압이 가해진 것이고, 그 윗선이 법무부 장관과 대통령이라는 의혹도 제기되고 있다”고 했다. 그러면서 “위원장께서 (긴급 현안 질의) 안건을 상정해주시고 논의할 기회를 달라”고 했다.
같은 당 곽규택 의원도 “법무부 장관, 검찰총장 직무대행, 법무부 차관, 서울중앙지검장 등 다 나오라고 해서 정상적인 긴급 현안 질의를 하는 게 당연한 것”이라면서 “법무부 장관이 불법 지시를 했다는 게 다 확인된 상황인데 안건을 정하지도 않은 상태에서 회의를 열어 몇 명 의사진행발언 듣자고 회의하는 게 제정신이냐”고 했다.
추 위원장은 “간사를 통해 안건, 의사 일정과 방식 등을 협의해 달라고 요청드렸다. 협의를 거부한 쪽은 국민의힘”이라면서 “어제 민주당 전체 지역위원장 워크숍이 있어 오후에 회의를 연 것”이라고 했다.
앞서 국민의힘은 정성호 법무부 장관, 노만석 검찰총장 직무대행 등을 증인으로 불러 긴급 현안 질의를 열자고 했으나 추 위원장은 “증인 등에게 출석 요구일 7일 전에 출석 요구서가 송달돼야 한다”는 국회 증언감정법 등을 이유로 거부했다. 이 때문에 이날 법사위는 증인과 참고인이 한 명도 출석하지 않은 ‘맹탕 회의’가 됐다.
박지원 민주당 의원은 “그렇게 정의로운 검찰이라면 왜 윤석열 구속 취소 즉시 항고, 김건희 비리에 대해선 말하지 않느냐”면서 “선택적 항명을 하는 내란 세력 검찰에 대해 법무부 장관은 단호한 인사 조치로 공직 기강과 내란 청산의 모습을 보여야 한다”고 했다.
같은 당 김기표 의원은 “무죄에 대해서 (항소 안 한) 예가 없다고 하는데, 올해 1월 장동혁 국민의힘 대표 사건에서 검찰이 100만원 구형했다가 무죄가 나오자 항소를 포기했다”면서 “국민의힘 의원들은 이 사건에 대해 조용히 하라”고 하기도 했다.
의사진행 발언이 끝나자 추 위원장은 “내일 전체 회의가 소집되고 법무부 장관께서도 나오시는 것을 잘 알고 계실 것”이라면서 개의 약 40분 만에 일방적으로 회의를 정회했다.
국민의힘 의원들은 이에 반발해 정회 직후 기자회견을 열었다. 나경원 의원은 “(출석을 요구한) 증인은 여야가 합의하고 위원장이 명하면 출석을 하게 돼 있는 공직자”라며 “(민주당이 증인 채택을 하지 않아) 오늘 이렇게 (회의장을) 텅 비워놓는 건 ‘맹탕’ 아니냐”고 했다. 이어 “국회법에 따른 회의 개의 요구에 대해서 억지로 회의를 여는 시늉만 하고 있다”며 “추미애 위원장이 진실을 가리고 싶어하는 것”이라고 했다. 그러면서 “이재명 대통령 죄 면하게 하는 항소 포기의 진실을 덮으려는 대통령과 대통령실, 그리고 법무장관과 추미애 위원장은 공범”이라며 “내일 전체회의 비롯해서 앞으로 국회에서 항소포기 진실 반드시 밝혀내겠다”고 했다."
36,"장외로 판 키운 野 ""국조·특검"" 총공세…노만석, 휴가 내고 거취 고심","■더 커지는 검란 파장
장동혁 등 대검·법무부 항의 방문
""민사소송 통해 7000억 환수는 궤변""
노 대행 ""많이 지쳤다"" 사퇴 시사
대통령실 ""공식입장 없다"" 관망
장동혁(오른쪽) 국민의힘 대표와 송언석 원내대표 등 의원들이 11일 서울 서초구 대검찰청 앞에서 열린 검찰의 대장동 개발 비리 사건 항소 포기와 관련한 규탄대회를 열고 청사 진입을 시도하며 검찰청 관계자와 대치하고 있다. 성형주 기자
[서울경제]
국민의힘이 검찰의 ‘대장동 개발 비리 사건’ 항소 포기 결정을 계기로 대여 투쟁의 판을 키우고 있다. 특히 검찰의 항소 포기에 대통령실과 법무부 등 윗선의 개입이 있었다는 의혹에 불을 지피며 장외투쟁도 불사하는 상황이다. 이런 가운데 노만석 검찰총장 직무대행(대검 차장검사)은 검찰 내부의 사퇴 압박 속에 사의 표명이 임박했다는 관측이 나오고 있다.
11일 국민의힘은 지도부, 상임위원회, 성남시 국회의원 등을 총동원해 여론전에 돌입했다. 노 대행과 정성호 법무부 장관에 대한 사퇴 촉구와 함께 검찰의 항소 포기와 관련한 국정조사 실시와 특검 설치까지 요구하며 전방위 압박을 가했다. 장동혁 국민의힘 대표는 대검찰청 앞에서 열린 규탄대회에서 “정 장관이 ‘신중하게 결정하라고 했다’는 말은 조폭 두목이 ‘밤길 조심하라’는 말로 들린다”며 “이 모든 것은 이재명 대통령 때문인 만큼 대통령을 탄핵하는 것이 대한민국을 구하는 유일한 길”이라고 직격했다. 그러면서 “더불어민주당에 다시 한번 말한다. 국정조사와 특검에 협조하라”고 덧붙였다.법무부를 항의 방문한 송언석 국민의힘 원내대표도 “대장동 범죄 집단의 변호사 정성호는 사퇴하라”고 목소리 높였다. 장 대표 등 국민의힘 의원들은 이날 노 대행과 정 장관에게 면담을 요청했지만 성사되지 않았다.
성남시를 지역구로 둔 김은혜·안철수 국민의힘 의원은 기자회견을 열고 공세를 폈다. 김 의원은 “대장동 주민과 성남 시민의 피눈물이 서려 있는 7000억 원을 이재명 정부는 국가 귀속이 아닌 대장동 범죄자 일당에 귀속시켰다”며 “민사소송을 통해 환수가 가능하다는 민주당과 정 장관의 궤변은 대장동 주민들을 두 번 죽이는 말”이라고 지적했다.
검찰의 항소 포기를 두고 국회 법제사법위원회에서도 여야의 강 대 강 대치가 이어졌다. 당초 이날 법사위 전체회의가 예정돼 있지 않았으나 야당이 대장동 사건 항소 포기와 관련한 긴급 현안 질의 실시를 거듭 촉구하면서 개의했다. 하지만 실제 법사위 전체회의는 긴급 현안 질의 실시 안건이 상정조차 되지 않고 파행했다. 나경원 국민의힘 의원은 “추미애 위원장은 회의 개회 시늉만 하며 진실을 가리고자 하는 것”이라며 “내일 전체회의를 비롯해 국회에서 항소 포기의 진실을 밝혀내겠다”고 강조했다.
노 대행의 거취에도 이목이 집중되고 있다. 이날 법조계에 따르면 노 대행은 연가를 내고 대검 청사에 출근하지 않았다. 검찰 내부에서도 항소 포기 결정의 경위와 법리적 근거가 불투명하다는 비판이 잇따르고 있는 만큼 ‘사퇴 고심 모드’에 돌입했다는 관측이다.
노 대행은 전날 대검 검사장급 간부와 과장·평검사들로부터 사퇴를 요구받았다. 일선 지검장과 지청장들도 내부망에 “항소 포기 경위를 설명하라”며 반발했다. 일각에서는 노 대행이 대통령실과 법무부의 입장을 의식해 수사 관행과 검찰 예규에 맞지 않는 결정을 내렸다는 지적도 나온다. 노 대행은 잇따르는 사퇴 요구에 “시간을 달라” “많이 지쳤다”며 사퇴를 암시하는 발언을 한 것으로 전해졌다. 만약 노 대행이 사퇴할 경우 초유의 검찰총장 대대행 체제가 된다.
검찰의 항소 포기와 관련한 언급을 자제하고 있던 대통령실은 이날도 관망 모드로 일관했다. 한 대통령실 관계자는 “공식 입장이 없다”며 구체적인 언급을 피했다.
앞서 서울중앙지검은 1심에서 중형이 선고된 ‘대장동 일당’ 사건의 항소 시한인 7일 밤 12시까지 항소장을 내지 않았다. 논란이 커지자 노 대행은 9일 “법무부의 의견도 참고한 후 종합적으로 고려해 항소를 제기하지 않기로 판단했다”며 “서울중앙지검장과 협의를 거쳐 숙고 끝에 내린 결정”이라고 했다. 그러나 불과 2시간여 뒤 정진우 서울중앙지검장은 사의를 표명하며 “(항소 포기는) 중앙지검 의견과 달랐다”고 반발했다."
37,"민주당, 오세훈 ‘종묘 앞 고층빌딩’ 반발 “대권 놀음”","이원종 더불어민주당 문화예술특별위원회 공동위원장과 의원 등 참석자들이 11일 서울 여의도 국회 소통관에서 종묘 앞 고층 건물 개발을 반대하는 기자회견을 하고 있다. 2025.11.11. 뉴시스
서울시가 최근 유네스코 세계문화유산인 서울 종묘(宗廟) 맞은편에 높이 145m 건물이 들어설 수 있도록 재정비촉진계획을 변경한 것을 두고 더불어민주당은 “독단적이고 일방적으로 서울을 훼손하는 행태를 지금 당장 멈추라”고 11일 촉구했다.
민주당 문화예술특별위원회는 이날 오후 국회에서 오세훈 서울시장의 세운4구역 재개발 계획을 비판하는 기자회견을 열었다. 이 자리에는 전현희 손명수 서영교 박주민 김영배 박홍근 의원과 배우 이원종, 이기영 등이 참석했다. 앞서 서울시는 지난달 30일 세운4구역 건물 높이를 종로변 55m, 청계천변 71.9m에서 각각 98.7m, 141.9m로 완화하는 내용의 재정비 계획을 고시했다. 이를 두고 민주당은 “종묘의 앞마당을 훼손하는 일”이라며 연일 비판하고 있다.
박주민 의원은 “유네스코는 이미 종묘를 세계유산으로 등재할 당시에 고층 건물 허가 금지라는 것을 조건으로 명시했다. 이 부분에 대한 고려와 검토가 필요하다”고 말했다. 그는 “개발 자체를 반대하지 않지만 도시마다 그리고 도시의 지역마다 맥락이 있고 스토리가 있고 가치가 있다”며 “개발을 하더라도 이러한 부분이 고려돼야 하고 판단돼야 한다”고 강조했다. 이어 “서울은 시장 혼자만의 것이 아니다”며 “독단적이고 일방적 훼손 행태를 당장 멈추라”고 했다.
손명수 의원은 “재개발은 필요하지만 북촌이나 종묘 같은 문화유산은 보존이 생명이고 경쟁력”이라며 “콘크리트 수직을 덧대어 유네스코가 인정해준 수평의 장중함을 훼손하지 마라. 그런 콘크리트 고층 건물은 종묘 앞이 아닌 다른 곳에서도 얼마든지 구현 가능하다”고 했다.  박홍근 의원은 “세계는 모두 다 역사 문화 유적지를 발굴하고 보존하는 데 앞다투고 있는데 자신의 차기 시장 그리고 대권 놀음을 위해서 종묘를 제물로 바치겠다는 것이냐”며 “도저히 용납할 수 없다”고 비판했다. 오 시장의 종묘 앞 초고층 개발계획이 ‘선거용’이라는 주장이다.
이원종 더불어민주당 문화예술특별위원회 공동위원장과 의원 등 참석자들이 11일 서울 여의도 국회 소통관에서 종묘 앞 고층 건물 개발을 반대하는 기자회견을 하고 있다. 2025.11.11. 뉴시스
김영배 의원은 “도시 계획은 철학을 반영한 것인데 지금 오세훈 시장이 갑작스럽게 들고 나온 종묘 앞 초고층 개발 계획은 선거용일 뿐만 아니라 본인의 도시 철학의 빈곤을 그대로 드러내고 있는 무분별한 개발”이라며 “업자만 배를 불릴 뿐”이라고 주장했다. 이어 “약자와의 동행을 말씀하시는데 업자와의 동행임을 명백히 보여주는 그런 사례라고 할 수 있고, 도시를 선거용 치적으로 뒤덮겠다는 선언에 다름 없다”고 했다. 그러면서 “오 시장께서 떡 주무르듯이 도시를 주무를 생각을 하신다면 당장 시민들에게 해고당하실 것이라는 점을 분명히 말씀드린다”며 “경고드린다”고 말했다.
김 의원은 또 “논란을 의도적으로 유발하는 방식으로 지금 이 선거용 치적 쌓기 그리고 어찌 보면 명태균 게이트의 화살을 피해가려고 하는 의도적인 도발”이라며 “사실은 아무런 철학도 비전도 없고 백그라운드가 되는 세계적 추세에 대한 그 어떤 설명도 없지 않느냐”고 따져물었다. 그는 “그냥 높이 올라가는데 뭐가 문제냐 이렇게 얘기하고 있다”며 “제가 볼 때 너무 급조됐을 뿐만 아니고 아주 의도적이면서 그리고 아주 나쁜 업자와의 동행의 전형적 사례를 보여주는 것”이라고 말했다. 김 의원은 “저는 그렇게 본다”며 “당장 철회해야 된다”고 했다.
앞서 김민석 국무총리도 전날 자신의 페이스북에 “기존 계획보다 두 배 높게 짓겠다는 서울시의 발상은 세계유산특별법이 정한 ‘탁월한 보편적 가치’를 훼손할 우려가 있다”며 “K관광 부흥에 역행하는 근시안적 단견”이라고 비판했었다. 이를 두고 오 시장은 “남산부터 종묘까지 쭉 뻗은 녹지축이 생기면 흉물스러운 세운상가가 종묘를 가로막을 일이 없다”며 “종묘를 가로막는 고층빌딩숲이라는 주장 또한 왜곡된 정치 프레임”이라고 했다. 그러면서 “역사와 미래가 공존하는 서울은 어떤 모습이어야 하는지, 국무총리와 공개토론을 제안한다”며 “이른 시일 내에 만나서 대화하자”고 했다."
38,"진중권 ""대장동 항소 포기, 사실상 불법 재판 개입…李 탄핵 사유 될 수도""","[박성의 기자 sos@sisajournal.com]
""대통령이 임명한 장관이 대통령이 공범한 사건에 개입한 것""
""전말 밝혀지면 대통령 탄핵 사유…공적 권력 사적으로 남용한 셈""
이재명 대통령이 4일 내년도 정부 예산안에 대한 시정연설을 하기 위해 서울 여의도 국회에 도착해 침묵시위를 하는 국민의힘 의원들 앞을 지나고 있다. 국민의힘 의원들은 추경호 전 원내대표에 대한 내란특검팀의 영장청구를 규탄하는 피켓을 들고서 침묵시위를 했다. ⓒ 연합뉴스
진중권 광운대 특임교수가 11일 검찰의 '대장동 항소 포기' 결정을 두고 ""사실상 법무부 장관이 수사 지휘를 한 셈""이라며 ""대통령이 임명한 장관이 대통령이 공범으로 연루된 사건에 개입한 것""이라고 비판했다.
진 교수는 이날 시사저널TV 《시사끝짱》에 출연해 ""이번 항소 포기 결정은 '진주만 공습'처럼 깜깜이 과정으로 이뤄졌다""며 ""장관의 수사지휘권 발동은 없었지만, 다른 방식으로 항소 포기 지휘가 이뤄진 셈이다. 어떤 의미에선 불법 재판 개입""이라고 주장했다.
그는 ""비공식적으로 지휘가 이뤄졌다면 대검 관계자들이 책임져야 한다""며 ""항소를 해야 한다던 검찰의 입장이 뒤집혔다면 외압을 받은 것""이라고 지적했다.
일각의 '검찰이 내부 규정에 따라 항소를 포기한 것'이라는 주장에 대해서도 ""이번 사안은 전혀 다르다""고 반박했다. 진 교수는 ""구형량의 3분의 1 이상 형이 선고되면 항소를 포기한다는 내부 기준이 있다고 하지만 이번엔 (1심에서) 다 유죄가 나온 게 아니다. 몇 천억 원이 걸려 있는 사안이라 2심, 3심에서 다퉈야 할 사안""이라며 ""원래 검찰은 (1심에서) 일부 무죄가 나오면 거의 예외 없이 항소를 한다""고 했다.
그는 ""이번 항소 포기로 드러나지 않은 범죄 피해액을 환수할 길이 사라졌다""며 ""국민들의 염장을 지르는 건 부당이익 수천억 원을 범죄자들로부터 환수할 수 없게 됐다는 점""이라고 강조했다.
진 교수는 노만석 검찰총장 대행이 항소 포기 결정 과정을 설명하며 '용산과 법무부의 관계를 고려했다'고 발언했다는 보도가 나온 것을 언급하며 ""법리적 판단이 아닌 정치적 판단이라는 자백""이라고 비판했다. 이어 ""정성호 법무부 장관이 '용산'의 지시 없이 나섰겠느냐. 노만석 검찰총장 대행에게 외압이 이어진 것""이라고 말했다.
이어 ""대장동 항소 포기는 이재명 대통령과 무관하지 않다""며 ""이 결정이 (이 대통령) 재판에 영향을 미칠 수 있다""며 ""대장동 피의자들이 무죄가 나오면 이재명 대통령이 안전해지는 구조""라고 했다. 또 ""항소 포기로 천화동인 4·5호 실소유주인 남욱 변호사와 정영학 회계사의 추징금 '0원'이 사실상 확정됐다""며 ""결국 '우리가 이 정도 해줬다'며 이들의 입을 막는 효과가 생긴 셈""이라고 말했다.
정성호 장관의 '민사로 피해 회복 가능' 발언에 대해서도 진 교수는 ""형사 재판 결과를 보고 민사소송을 진행하는 게 통상 절차""라며 ""이번 사건은 국가가 몰수·추징할 수 없는 사건이 아니다""라고 반박했다. 그는 1심 판결문을 인용하며 ""법원은 피해 회복 과정에 국가가 개입해 범죄피해재산을 추징한 다음 이를 다시 피해자에게 환부하는 조치를 취함으로써 신속한 피해 회복을 도모할 필요성이 크다고 판시했다""고 했다.
진 교수는 ""이 사건에 왜 정부가 개입하느냐. 대통령이 연루돼 있기 때문""이라며 ""국가 권력을 이용해 개입한 것이다. 대통령이 피의자인데, 검찰 개혁한다며 수사를 막고 배임죄를 폐지하려 하며 재판 자체를 안 받게 된다면 그게 법치냐. 대통령이 법 위에 있는 셈""이라고 했다.
또 ""대통령실이 재판중지법엔 입장을 내면서 항소 포기엔 침묵하는 이유는 이해관계 때문""이라며 ""재판중지법은 어차피 재판이 멈춰 있어서 실익이 없지만, 대장동 항소 포기에는 (대통령 재판과) 직접적 이해가 걸려 있으니 침묵으로 일관하는 것""이라고 주장했다.
진 교수는 ""이번 항소 포기의 전말이 밝혀진다면 대통령의 탄핵 사유가 될 수 있다""며 ""권력을 이용해 정상적인 사법 절차를 무력화시키고 공범을 보호한 것, 공적 권력을 사적으로 남용한 것""이라고 주장했다.
다만 ""국민의힘이 (친윤계) 장동혁 대표 체제라 이들의 '특검·탄핵' 주장은 힘을 받기 어렵다. 여론도 야당 편이 아니라 결국 '말로만' 끝날 가능성이 크다""고 전망했다.
진 교수 발언 전문은 유튜브 채널 '시사저널TV'에서 확인할 수 있다."
39,"""차관이 선택지 제시"" vs ""대검 결정""…법무부·검찰 진실공방","노만석 ""항소에 대한 우려 전달받아…어쩔 수 없었다""
이진수 ""항소 포기 지시한 적 없어…대검이 알아서 한 것""
◆…노만석 검찰총장 직무대행이 10일 서울 대검찰청으로 출근하고 있다. 2025.11.10 [사진=연합뉴스]
대장동 개발비리 사건 '항소 포기' 사태로 검찰 내부로부터 사퇴 압박을 받는 노만석 검찰총장 권한대행이 법무부로부터 ""항소에 대한 우려를 전달받았다""며 항소 포기와 관련한 의견을 전달받았음을 밝히면서 논란이 일고 있다.
반면 노 대행과 전화통화를 한 것으로 알려진 이진수 법무부 차관은 ""항소 포기 의견을 전달한 적 없다""는 입장을 밝히면서 법무부와 검찰간 진실공방으로 이어지는 모습이다.
이날 법조계에 따르면 노 대행은 10일 대검 과장들과의 비공개 면담 자리에서 ""이진수 법무부 차관이 항소에 대한 우려를 전달하며 몇 개의 선택지를 제시했다. 모두 사실상 항소 포기를 요구하는 내용이라 어쩔 수 없었다""고 언급한 것으로 알려졌다.
그는 검찰연구관 10여명이 집무실을 찾아 항소 포기 경위 설명을 요구하는 자리에서 ""검찰이 처한 어려운 상황이나 용산·법무부와의 관계를 따라야 했다""고 했다. 다만 정성호 법무장관이나 대통령실의 지시 여부에 대해선 명확한 설명을 내놓지 않은 것으로 알려졌다.
당초 노 대행은 9일 ""검찰총장 대행인 저의 책임하에 서울중앙지검장과의 협의를 거쳐 숙고 끝에 내린 결정""이라고 밝힌 바 있다. 하지만 정진우 서울중앙지검장이 전격 사의를 표명하는 데 이어 전국의 일선 검사장, 지청장을 비롯해 평검사들까지 항소 포기에 따른 노 대행의 책임론을 거론하며 거취 압박이 이어지는 가운데 결이 다른 입장이 나오고 있다.
반면 검찰의 항소 마감 시한인 7일 노 대행과 통화한 것으로 알려진 이진수 법무부 차관은 ""항소 포기를 하라고 한 적 없다"", ""대검이 알아서 정리한 것""이라며 입장차를 드러냈다. 채널 A에 따르면 그는 최근 법무부 소속 검사들에게 이 같은 취지의 입장을 내부적으로 밝힌 것으로 파악됐다.
앞서 서울중앙지검은 대장동 사건 1심 판결에 대한 항소 시한인 지난 7일 자정까지 항소장을 제출하지 않아 항소 포기를 했다. 그러나 항소 포기 결정 과정이 급박하게 진행된 것으로 드러나며 법무부의 외압이 있던 게 아니냐는 의혹이 확산됐다.
한편 정성호 법무부 장관은 전날 도어스테핑(약식문답)에서 ""검찰에 직접 지시한 바는 없다""고 선을 그으면서도 '신중하게 판단하면 좋겠다'는 취지의 말을 했다고 밝혔다. 또 노 직무대행과 직접 통화한 적은 없다고 덧붙였다."
40,"법무부 달려간 국힘 ""이재명 대통령 책임 있는지 특검해야""","대장동 항소 포기를 '정성호 게이트'로 규정하고 맹비난... ""정성호·노만석, 자리에서 즉시 내려와라""
▲ 발언하는 장동혁 대표
국민의힘 장동혁 대표가 11일 경기 과천시 법무부 청사 앞에서 열린 대장동 항소 포기 규탄대회에서 발언하고 있다.
ⓒ 연합뉴스
""이번 항소 포기는 정성호 게이트이다.""
장동혁 국민의힘 당 대표가 정성호 법무부장관을 정조준했다. 11일 오후, 대검찰청에 이어 법무부 앞으로 달려간 국민의힘 국회의원들은 굳게 닫혀 있는 법무부 문 앞에서 정성호 장관의 사퇴를 요구했다. 법무부 앞에 모인 30여 명의 국민의힘 의원들은 ""단군이래 최대최악 비리범죄 대장동 사건 항소포기"" ""외압 의혹! 직권남용! 정성호 법무장관 OUT!""이라고 쓰인 펼침막을 들었다.
'대장동 항소 포기'가 다른 이슈들을 집어삼키며 정국의 핵이 되는 모양새이다. 특히 보수 야당은 이번 사건에 대여 공세를 집중하며 당력을 총동원하고 있다.
""정성호 법무부장관, 대장동 범죄 일당의 든든한 담벼락""
▲ 규탄발언하는 송언석 원내대표
국민의힘 송언석 원내대표가 11일 경기 과천시 법무부 청사 앞에서 열린 대장동 항소 포기 비판 규탄대회에서 발언하고 있다.
ⓒ 연합뉴스
먼저 마이크를 잡은 송언석 국민의힘 원내대표는 ""검찰의 대장동 비리 사건 항소 포기는 대한민국 사법 시스템의 자살 선고""라며 ""상식과 정의가 무너지고 범죄자들이 떵떵거리는 '범죄자 주권 국가'를 만들고야 말았다""라고 날을 세웠다.
그는 ""이번 대장동 항소 포기 사건의 핵심은 단 하나""라며 ""'누가, 언제, 왜' 항소를 포기하도록 외압을 행사했느냐이다""라고 꼬집었다. 특히 ""정성호 법무부 장관은 이재명 대통령의 연수원 동기이다. 오랜 친구 이자 친명 좌장이라고 알려진 분""이라며 ""범죄자들의 친구, 범죄자들의 깐부, 대장동 범죄 일당의 든든한 담벼락, 그가 바로 정성호 법무부 장관""이라고 공격했다.
송 원내대표는 ""정성호 장관이 이번에 검찰의 항소 계획을 보고받고는 '신중하게 판단하라'라고 지시했다고 한다""라며 ""이게 무슨 조폭인가. 깡패인가?""라고 따져 물었다. ""'신중하게 잘 판단하라'라는 그 한마디, 이것이 바로 '협박'이고, 이것이 바로 '외압'이 아니겠는가?""라는 지적이었다.
그는 ""대한민국 사법 시스템을 파괴 시킨 장본인은 결코 대한민국의 법무부 장관으로 자리를 지킬 수가 없다는 점을 분명히 지적한다""라며 ""대장동 범죄 집단의 친구, 대장동 범죄 집단의 변호사, 정성호 법무부 장관은 사퇴하라""라고 목소리를 높였다.
또한 ""전대미문의 정치 권력 사법 개입 사건인 이번 대장동 사건 항소 포기 외압에 대해서는 왜 꿀 먹은 벙어리처럼 한마디도 하지 않는 것인가?""라며 ""대통령 자신이 이 문제와 전혀 관계가 없다면, 항소 포기 사태의 전말을 즉각 규명하라고 대통령이 지시해야 되지 않겠는가?""라고도 비난했다.
""이재명 대통령이 끝까지 항소 포기 외압 사태의 진상을 조사하라는 지시를 하지 않는다면, 끝까지 이 전대미문의 사태에 대해서 꿀 먹은 벙어리로 계속한다면, 국민들께서는 항소 포기 외압의 몸통, 대장동 7800억 범죄 수익의 몸통, 그것은 바로 대장동 그분, '이재명 대통령'이라고 국민들은 생각할 것이다.""
""이재명·정성호·노만석, 즉시 그 자리에서 내려와라""
▲ 국민의힘, 법무부 앞 대장동 항소 포기 규탄대회
국민의힘 장동혁 대표와 송언석 원내대표를 비롯한 의원들이 11일 경기 과천시 법무부 청사 앞에서 대장동 항소 포기 규탄대회를 하고 있다.
ⓒ 연합뉴스
장동혁 국민의힘 당 대표는 이어서 ""저희들이 그동안 했던 장외 규탄대회 중에서는 오늘이 가장 성공한 것 같다""라며 ""여태껏 저희들이 규탄대회 할 때, 그 어떤 방해 세력도 없었다""라고 입을 열었다.
그는 ""오늘은 민주당 측 유튜버들이 붙어서 발작을 하는 것을 보니, 민주당도, 이재명도, 정성호도, 이것이 정권몰락의 신호탄이라고 하는 것을 똑똑히 알고 있는 것 같다""라며 ""뒤에서 계속 떠들어주면, 이 정권몰락의 신호가 더 확실해질 것이다""라며 민주당 지지 성향의 유튜버들을 조롱했다.
장 대표는 ""11월 7일 노만석의 난이 벌어졌다. 검찰총장 직무대행이, 용산과 법무부의 눈치를 보면서, 항소를 포기했다고 했다""라며 ""검찰청 폐지로, 검찰이 죽을까 봐 검찰을 살리려고, 항소를 포기했다고 했다. 이재명 한 번 살려주면, 검찰 살려줄까 봐, 항소를 포기했다고 했다""라고 꼬집었다.
또한 ""결국, 검찰총장 직무대행의 항소포기는, 대장동의 몸통이 이재명이라고 하는 것을 다시 한번 확인시켜준 것이다. 그리고 아무 이유 없이, 이재명을 위한 항소포기 라는 자백도 한 것""이라며 ""검찰총장 직무대행 노만석의 난, 국민들이 기억할 것""이라고 경고했다. ""일부 무죄가 났는데, 양형을 거들먹거리는 것은, 콩밥을 보리밥이라고 우기는 것과 마찬가지""라고도 덧붙였다.
""'시위소찬(尸位素餐)'이라는 말이 있다. 공직자가 그 자리를 감당할 능력이 안 되면, 아까운 국민의 세금을 그만 축 내고 그 자리를 내려놓으라는 말이다. '시위소찬' 이재명 대통령, 정성호 법무부 장관, 노만석 검찰총장 대행은 즉시 그 자리에서 내려오기 바란다. 지금 뒤에서 유튜버가 떠들고 있지 않은가. 그 자리에서 즉시 내려오라고.""
""정성호 탄핵 추진... 국정조사와 특검도 실시해야""
▲ 대장동 항소 포기 규탄대회
국민의힘 장동혁 대표와 송언석 원내대표를 비롯한 의원들이 11일 경기 과천시 법무부 청사 앞에서 대장동 항소 포기 규탄대회를 하고 있다.
ⓒ 연합뉴스
자리에 모인 의원들은 ""직무유기 직권남용 항소포기 규탄한다"" ""정권방탄 정의파괴 법무장관 사퇴하라"" 등의 구호를 외쳤다.
긴급 현장 규탄대회를 마친 장동혁 대표는 기자들과 만나 ""항소가 필요하다는 보고가 두 번 올라왔는데 '신중하게 판단하라'는 말이 뭐겠느냐?""라고 따져 물었다. ""수사 검사들의 결정을 존중할 것이었으면 '알아서 하라'고 했으면 된다. 항소가 필요하다는 보고(를 받고) 두 번이나 '신중하게 판단하라'고 한 것은 법무부 장관이 명백하게 수사 외압을 한 것""이라는 주장이었다.
그는 ""따라서 이번 사건은 노만석의 난, 그리고 그 노만석의 난을 함께 만들어낸 정성호 게이트""라며 ""법무부 장관 반드시 책임져야 한다""라고 목소리를 높였다. ""그런데 지금 저희들이 규탄하기 위해서 법무부 앞에 왔지만 법무부 장관은 자리에 없다""라며 ""오늘 총장 대행도 법무부 장관도 자리를 비웠다. 그래 놓고 민주당 측 유튜버만 보냈다""라고도 꼬집었다.
장 대표는 ""검찰총장 대행, 법무부 장관 피할 것이 아니라 국민 앞에 나서서 당당히 밝히고 본인들의 책임을 지기 바란다""라며 ""법무부 장관이 직접 나서서 본인이 해명하고 책임져야 된다. 다시 말씀드리지만 이것은 노만석의 난에 이은 정성호 게이트""라고 재차 목소리를 높였다.
국민의힘은 탄핵 소추 카드도 꺼내 들고 있다. 관련 질문이 나오자 그는 ""스스로 물러나지 않는다면 누군가는 반드시 이에 대해서 책임을 져야 할 것""이라며 ""노만석 총장 대행, 법무부 장관의 책임은 이미 본인들 스스로 자백했기 때문에 밝혀졌다고 생각한다""라고 강조했다. 다만 ""대통령의 책임이 있는지 여부에 대해서는 국정조사, 특검을 실시해야 될 것""이라며 ""만약에 스스로 물러나지 않는다면 이미 책임이 밝혀진 사람들에 대해서는 탄핵을 추진할 것""이라고 경고했다."
41,"""尹에 침묵한 검사들, 갑자기 힘 솟나""…항명 검사와 전쟁 나선 與","정청래 더불어민주당 대표가 11일 오전 경기 광주시 곤리암리조트에서 열린 '2025 더불어민주당 전국 지역위원장 워크숍'에서 발언을 하고 있다. 뉴스1
‘대장동 항소 포기 논란’으로 수세에 몰린 더불어민주당이 11일 일제히 꺼낸 든 키워드는 역시 ‘내란 종식’과 ‘검찰 개혁’이었다.
정청래 민주당 대표는 이날 페이스북에 “내란범들은 최고 형량으로 뿌리째 뽑아야 한다”며 “내란에 동조하거나 내란을 옹호하는 자들은 무관용 원칙으로 처벌해야 한다”고 썼다. 지난 2일 ‘대통령 재판중지법’ 급발진 소동 이후 취임 100일 기자회견도 건너뛴 채 저공비행을 이어온 지 일주일 여 만에 낸 대외적 메시지였다.
이날 끝난 전국 지역위원장 워크숍 결의문에도 민주당은 “완전한 정권 교체, 완전한 내란 청산, 완전한 국가 정상화를 이루겠다”는 내용을 담아 참석한 254명 원내외 인사가 함께 외쳤다.
민주당은 노만석 검찰총장 대리 등의 항소 포기 책임론을 제기하는 일군 검사들의 목소리를 ‘집단 항명’으로 규정하고 조사 필요성을 강조하고 있다. 정 대표는 “김건희, ‘그대 앞에만 서면 나는 왜 작아지는가’란 노래 가사처럼 초라하고 볼품없던 검사들. 갑자기 힘이 솟았나. 조작 기소, 집단 항명한 검사들은 국정조사 등 강력한 조치가 필요함”이라는 별도의 글을 올렸다.
김병기 원내대표도 국회에서 “검사장, 검사, 지청장, 평검사 다 해보자는 것이냐. (항명한) 검사 전부 다 징계 처리해야 한다”고 말했다. 당 핵심 관계자는 통화에서 “검찰과의 전쟁은 이제 시작”이라며 “노무현 때도, 문재인 때도, 우리를 만만하게 보는 건가. 이번에는 절대 못 넘어간다”고 말했다. 민주당에선 “검찰 개혁의 마지막 과제는 정치 검사 청산”(전현희) “집단행동은 있을 수 없는 일이고, 검란”(서영교)이라는 비난도 쏟아졌다.
이를 위해 민주당은 국정조사·청문회 등 가용 수단을 총동원하겠다는 방침이다. 국정조사는 ▶대장동·대북송금 조작 기소 ▶대장동 피고인 남욱 변호사에 대한 회유·협박 ▶항소 포기에 대한 검찰의 집단적 반발을 중심으로 추진할 계획이다. 일각에서 거론했던 ‘상설특검’은 “재판 중인 사항은 특검 대상으로 삼을 수 없어 오히려 국정조사보다 범위가 좁아진다”(원내 관계자)는 이유로 일단 보류 중이다.
정청래 더불어민주당 대표가 11일 오전 경기 광주시 곤리암리조트에서 열린 '2025 더불어민주당 전국 지역위원장 워크숍'에서 결의문을 낭독하고 있다. 뉴스1
항소 포기의 역풍을 막기 위해선 맞불이 불가피하다는 게 민주당의 판단이다. 당 지도부 의원은 통화에서 “(항소 포기로)사실 굉장히 곤혹스러운 상황”이라며 “선제적으로 방어하지 않으면 프레임을 선점당해 밀릴 수밖에 없다”고 말했다. 그러면서 “현재로선 항명 단죄가 유효한 카드”라고 말했다.
강성 지지층의 온라인 여론도 맞불 대응의 배경으로 작용하고 있다. 특정 이슈가 발생할 때마다 이재명 대통령과 여당의 온도 차에 따라 분화하던 여권 지지층의 게시판 여론은 ‘반(反) 검찰’ 노선으로 재합류하고 있다. 정 대표 등에게 유리한 프레임을 제공해 온 ‘딴지일보 게시판’에선 이날 “검찰 바퀴벌레들 이때다 하고 기어 나오니 이번 기회에 때려잡아야 한다”는 등의 글이, 정 대표에게 반감을 표출하던 ‘이재명은 합니다 갤러리’에서도 “조작 수사 검사들 반란죄는 사형”이라는 글이 주종을 이뤘다"
42,"한동훈, '추징 불가' 조국 주장에 ""무식한 티, 판결문 읽었나""","국민의힘 한동훈 전 대표는 조국혁신당 조국 전 비대위원장이 '대장동은 국가가 몰수·추징할 수 없는 사건'이라고 언급한 것에 대해, 해당 주장이 헛소리라는 게 대장동 일당 판결문에 나와 있다고 반박했습니다.
한 전 대표는 오늘(11일) 자신의 SNS에, 조 전 위원장이 전직 교수 티를 내겠다고 허세를 부렸던데, 의도와 다르게 무식한 티만 난다고 지적했습니다.
그러면서 부패재산몰수법은 피해 회복이 심히 곤란하다고 인정되는 경우에는 몰수·추징할 수 있다고 규정하고 있고, 피해자 성남도시개발공사는 '피해 회복이 심히 곤란하다'는 것이 법원의 판단이라고 설명했습니다.
이어 전직 교수 조국 씨는 도망가지 말고 판결문을 읽어봤는지, 계속 우길 것인지 답하라면서, 모르면서 대충 우기는 걸 국민이 언제까지 들어줘야 하느냐고 비판했습니다.
※ '당신의 제보가 뉴스가 됩니다'
[카카오톡] YTN 검색해 채널 추가
[전화] 02-398-8585
[메일] social@ytn.co.kr"
43,[6·3 지방선거] 대구 동구청장 누가 뛰나… 여야 막론 10여명 도전,"현역 윤석준 청장에 도전하는 국힘 주자 10명… 민주당 양자 경쟁 구도, 정의당에서도 후보 등판
대구 동구청장 선거는 대구에서 가장 뜨거운 경쟁이 펼쳐질 것으로 보인다. 여야를 막론하고 10여 명의 이름이 거론되고, 실제로도 많은 인물들이 출마 준비를 하고 있다. 국민의힘은 재선에 오르려는 윤석준 현 청장과 도전자 간 공천 경쟁이 가열될 것으로 전망되며, 더불어민주당과 정의당에서도 후보가 나올 것으로 보여 본선 '라인업'이 형성될 것으로 보인다. (국민의힘·민주당·기타 순, 가나다 순)
권기일 국민의힘 대구시당 부위원장
권기일 국민의힘 대구시당 부위원장(61)은 경북 청송에서 태어나 대구에서 초·중·고교를 다녔다. 경북대 무역학과 졸업 후 같은 대학 경영대학원에서 경영학 석사 학위를 취득했다. 한나라당 후보로 시의회 선거에 출마해 5·6대 대구시의원을 지냈다.
권기훈 대구시의원
경북 영덕 출신인 권기훈 대구시의원(59)은 경운대 경호학과 졸업 후 경북대 정책정보대학원에 진학해 도시개발학 석사 학위를 받았다. 2022년 지방선거에서 국민의힘 후보로 동구 시의원 선거에 출마해 당선된 후 경제환경위원회 부위원장 등으로 활동 중이다. 대구경북경제자유구역청 조합회의 의장을 맡고 있다.
배기철 대구행복진흥원 이사장
배기철 대구행복진흥원 이사장(68)은 경북 김천 출생으로 한국방송통신대 법학과를 졸업했다. 1982년 총무처 7급 공무원 공채에 합격해 총무처·행정안전부 서기관, 대구시 동구 부구청장 등을 역임했다. 퇴직 후 자유한국당에 입당해 2018년 지선에서 동구청장 선거에 출마해 당선됐다. 현재는 대구시행복진흥사회서비스원에 이사장을 맡고 있다.
서호영 전 대구시의원
대구 군위군에서 태어난 서호영 전 대구시의원(56)은 지역에서 고교를 졸업한 뒤 영남대 공법학과에 진학했다. 2018년 지선에서 자유한국당 후보로 시의원 선거에 출마해 당선됐다. 현재 대구동화사 신도회 부회장, 대구동구 바르게살기협의회 산악회장, 대구동구 팔공문화원 이사 등을 지내고 있다.
송대호 동구체육회장
송대호 동구체육회장(55)은 경북 김천 출신으로, 대구에서 초·중·고교를 졸업한 뒤 영남대 경영행정대학원에 진학해 경영학 석사 학위를 취득했다. 삼성중공업에서 근무하기도 했으며 법무부법사랑 대구경북지역지구협의회장, 법무부 청소년 범죄예방위원, 동구 배드민턴협회장 등을 거쳐 현재는 동구체육회 회장직을 수행하고 있다.
우성진 국민의힘 대구시당 부위원장
우성진 국민의힘 대구시당 부위원장(66)은 대구 달성군에서 태어나 지역에서 초·중·고교를 다녔다. 이후 가야대 국제통상학부를 졸업하고 영남대 대학원으로 진학해 사회학 박사 학위를 취득했다. ㈜메가젠 임플란트 부사장을 지냈으며 현재는 동서미래포럼 공동대표, 대구통합신공항 대구시민추진단 부위원장 등을 맡고 있다.
윤석준 동구청장
재선에 도전하는 윤석준 동구청장(57)은 대구 동구에서 태어나 지역에서 초·중·고교를 다니고 대구대 법학과를 졸업했다. 6·7대 대구시의원으로 활동하며 교육위원장을 지냈다. 2022년 지선에서 국민의힘 후보로 동구청장 선거에 출마해 당선됐다. 동구 장애인협회 자문위원, K-2 통합이전시민추진단 자문위원 등으로 활동하기도 했다.
이재혁 ㈔대구경북녹색연합 이사장
이재혁 ㈔대구경북녹색연합 이사장(53)은 대구 동구에서 태어나 대구에서 초·중·고교를 졸업했다. 경북대 대학원 사회학 석사 학위를 취득했고, 영남대 대학원에서 사회학 박사 과정을 수료했다. 2002년에 대구경북녹색연합을 창립했고 이외에도 생명존중시민회의 공동대표, 대구지방변호사회 분쟁조정위원 등으로 활동해 왔다.
정장수 전 대구시 경제부시장
정장수 전 대구시 경제부시장(59)은 경남 김해 출신으로 부산대 공과대학을 졸업했다. 이후 1993년 LG전자에 입사해 연구원으로 근무했다. 홍준표 자유한국당 대표 당시 공보특별보좌관을 지냈으며, 2022년 홍준표 대구시장 시절 시정혁신단장으로 시에 입성했다. 이후 정책혁신본부장을 거쳐 경제부시장직을 수행했다.
정해용 전 대구시 경제부시장
정해용 전 대구시 경제부시장(54)은 경북 영천 출생으로, 경북대 사회학과 졸업 후 같은 대학 대학원에서 사회학 석사 학위를 취득했다. 한나라당 후보로 시의원 선거에 출마해 동구에서 5·6대 시의원으로 활동했다. 2014년 권영진 대구시장 시절 정무직으로 대구시에 입성해 정무조정실장, 정무특보를 거쳐 경제부시장을 지냈다.
차수환 국민의힘 대구시당 부위원장
차수환 국민의힘 대구시당 부위원장(65)은 대구 동구에서 태어나 지역에서 초·중·고교를 나왔으며 최근 경일대 ICT경영학부를 졸업했다. 2006년 지선 때부터 한나라당, 새누리당, 바른미래당 후보로 동구의원 선거에 출마해 모두 당선되면서 4선 구의원을 지냈다. 동구의회 도시건설위원장, 운영행정위원장, 7·8대 후반기 의장을 역임했다.
신효철 더불어민주당 대구시당 동구군위갑지역위원장
신효철 더불어민주당 대구시당 동구군위갑지역위원장(56)은 경북 봉화군에서 태어나 영진전문대 전기과와 글로벌사이버대 문화스토리텔링학과를 졸업했다. 경북대 행정대학원에 진학해 도시정책학 석사 학위를 취득했다. 2018년 지선에서 민주당 후보로 동구의원 선거에 출마해 당선됐다. 현재 노무현재단 대구경북지역위원회 운영위원을 맡고 있다.
이승천 더불어민주당 대구시당 동구군위을지역위원장
경북 청도에서 태어난 이승천 민주당 대구시당 동구군위을지역위원장(63)은 대구에서 초·중·고교를 다녔다. 이후 계명대 법학과를 졸업한 뒤 같은 대학 대학원에서 법학 석사 학위를 취득하고 박사 과정을 수료했다. 한국법학회 부회장, 국회의장 정무수석비서관, 한국장학재단 상임감사 등을 지냈으며 현재 대구대 초빙교수로 활동 중이다.
양희 정의당 대구시당 동구위원장
경북 의성에서 태어난 양희 정의당 대구시당 동구위원장(62)은 대구에서 고교를 다녔다. 이후 대구대 산업복지학과를 졸업했다. 대구 참여연대 동구주민회 운영위원장, 저지대 대책위 공동대표, 대구민간공항지키기본부 상임대표, 분권과자치동구사람들 공동대표 등의 활동을 해왔다."
44,'득'보다 '실'이 크다?…이재명 정부 '대장동 항소 포기' 손익계산서,"[강윤서 기자 kys.ss@sisajournal.com]
'검찰 불신' '정부 개입설' 모두 키워…'항소 필요' 법리 해석도 논란
피고인에게만 돌아간 '항소 포기' 이익…'李 방탄 정부' 프레임 부활
민주당, 검사의 난에 '친윤 검사들' 맹폭…대통령실은 여전히 침묵
이재명 전 더불어민주당 대표가 22일 서울 서초구 서울중앙지법에서 열린 '대장동 배임·성남FC 뇌물' 1심 속행 공판에 출석하고 있다. ⓒ 연합뉴스
검찰의 자책골일까, 외압의 신호탄일까. 대장동 사건에 대해 검찰이 이례적으로 항소를 포기한 배경을 놓고 정국이 새로운 뇌관에 빠졌다. 서울중앙지검 수사·공판팀은 만장일치로 '항소 제기' 결정을 내렸지만, 항소 기한 약 7분 전에 이를 뒤엎은 대검찰청 판단의 중심에는 법무부가 있다는 의혹이 나온다. 반면 '항소 포기' 개입설을 부인한 정성호 법무부 장관은 검찰의 항소 필요 의견에 대해 ""신중하게 판단하라""는 입장을 전했을 뿐이라며, 모든 과정이 적법하게 진행됐다고 말한다. 다만 이를 두고 정치권에서는 정무적으로도 법리적으로도 '득'보다 '실'이 많은 결정이었다는 비판이 지속되고 있다.
일각에선 이번 항소 포기 사태로 이재명 정부가 되레 세 가지 리스크를 껴안게 됐다는 관측이 나온다. 이는 ①정부가 검찰개혁을 앞세우는 동시에 '정치 검찰' 논란을 키워 검찰 조직에 대한 불신을 증폭시킨 점과 ②항소 제기에 대한 법리적 관행을 깨트렸다는 점, 그리고 ③이 모든 의구심이 하필 이재명 대통령과 연관된 대장동 사건에서 시작된다는 데 따라 '이재명 방탄' 프레임이 부활했다는 점이다.
정성호 법무부 장관이 11월10일 오전 정부과천청사 법무부로 출근하며 검찰의 '대장동 항소 포기' 결정과 관련한 입장을 밝히고 있다. ⓒ 연합뉴스
'정치 검찰 없애자'라더니…검찰개혁 명분에 치명적 모순점?
검찰 조직에 대한 불신은 오래 전부터 이어졌으나 이번 사태로 더 증폭됐다는 지적이 나온다. 과거부터 여러 정권에 걸쳐 '정치의 사법화'와 '검찰의 정치화'가 동시에 악화하면서 검찰개혁에 대한 국민적 관심도 커졌다. 이에 따라 이재명 정부는 출범과 동시에 진보 정권의 오랜 염원을 담아 검찰청 폐지를 비롯한 검찰개혁 추진에 속도를 내왔다. 그러나 이번 항소 포기 사태 과정에서 법무부 장·차관 등의 압박이 존재했다는 의혹이 야권과 법조계를 중심으로 확산하자, '정치 검찰을 없애자'는 취지로 시작된 검찰개혁 자체에 치명적 모순점이 생겼다는 비판이 나온다.
검찰이 중대 사건에 항소하는 법리적 관행이 깨졌다는 관측도 있다. 정성호 장관은 지난 10일 도어스테핑을 통해 ""(대장동 1심 재판부가) 검찰의 구형보다도 높은 형을, 매우 예외적으로 선고했고 나머지 피고인에 대해서도 절반 이상 선고했다""면서 ""통상적 일반적 사건은 구형의 절반 이상 선고되면 항소하지 않으니까 그런 기준 하에 (항소 포기가) 크게 문제없다고 봤기 때문에 (검찰이) 신중히 판단한 것""이라고 밝혔다.
다만 5명의 피고인 중 검찰 구형보다 높은 형을 받은 사람은 2명 뿐이다. 이 두 명은 유동규 전 성남도시개발공사 기획본부장과 정민용 변호사이다. 유 전 본부장은 징역 7년을 구형했지만 8년을 선고받았고, 정 변호사는 징역 5년을 구형했지만 6년을 선고받았다. 반면 대장동 민간업자인 화천대유 자산관리 대주주인 김만배씨, 남욱 변호사, 정영학 회계사는 각각 구형량은 12년, 7년, 10년이었고 실제 선고는 각각 징역 8년, 4년, 5년으로 검찰의 구형보다 적었다.
특히 대검 비공개 예규인 '검사 구형 및 상소 등에 관한 업무 처리 지침'에도 선고 형량으로 항소 여부를 결정하진 않는다. 해당 지침에선 선고 형량이 구형량의 2분의 1 미만인 경우 항소한다고 됐지만, 2분의 1을 넘긴다고 항소를 못 하는 것은 아니다.
관련해 김준일 시사평론가는 지난 10일 시사저널TV 《정품쇼》에서 ""(해당 지침에서) 더 중요한 대목은 중대 범죄 등의 경우 선고 형량이 구형량의 3분의 2 미만인 경우에는 항소한다는 점이다. 그런데 유 전 본부장과 정 변호사를 제외하면 나머지 3명은 다 3분의 2 미만이다""라고 짚었다. 그는 ""법리적으로 봐도 검찰이 항소를 안 할 이유가 없는 상황이기에 이번 항소 포기는 납득할 수가 없다""며 ""정성호 장관이든 검찰총장이든 명확하게 경위를 밝혀야 한다""고 지적했다.
노만석 검찰총장 직무대행(대검찰청 차장검사)이 27일 서울 여의도 국회 법제사법위원회 국정감사에 출석해 질의에 답하고 있다. ⓒ연합뉴스
'범죄 수익' 7341억원과 '무죄 확정' 뇌물 혐의
아울러 항소 포기로 인해 대장동 사건이 더 미궁 속으로 빠졌다는 비판도 제기된다. 대장동 개발 비리 사건의 일당이 얻은 이른바 범죄 수익 가운데 7341억원은 돌려받을 수도 없는 실정이 됐다. 1심 재판부가 검찰의 구형량인 추징금 7814억원 중 약 473억원만 추징을 선고한 가운데 검찰이 항소까지 포기하면서 나머지 돈은 환수받지 못하게 되면서다. 검찰이 더 이상 유·무죄를 다툴 수 없는 혐의도 있다. 대장동 일당 5인방을 둘러싼 특정경제범죄가중처벌법상 배임이나 일부 뇌물 혐의는 1심에서 무죄로 결정되고 검찰이 항소하지 않으면서 2심에서부턴 재판장에서 형량을 따질 수도 없게 됐다.
이에 김 평론가는 이번 사태로 이익을 보게 될 대상을 크게 세 집단으로 꼽았다. 그는 ""첫 번째는 대장동 일당 5인방 중에서도 남욱 변호사와 정영학 회계사가 가장 큰 이익을 봤고, 두 번째는 이 대통령 최측근인 정진상 전 성남시 정책실장, 세 번째는 이재명 대통령에게도 이익이 돌아갈 가능성을 배제할 수 없게 됐다""고 꼬집었다.
김종혁 전 국민의힘 최고위원도 같은 방송에서 이번 사태는 이 대통령과 직접적으로 연계됐다고 지적했다. 김 전 최고위원은 ""정성호 장관은 이번 사건은 이 대통령과 무관하다고 하는데 말도 안 되는 논리""라며 ""이 대통령은 성남시장 시절 대장동 사업이 단군 이래 최대 치적 사업이라고 말한 장본인이며, 이 사건의 배후이자 1심 재판부가 지적한 '성남시 수뇌부'라는 의혹이 난무하고 있다""고 짚었다. 이어 ""정부가 이런 식으로 꼬리 자르기를 딱 해주면 이 대통령은 본인의 도덕성에 대한 역사적 평가에서 결코 자유로울 수 없을 것""이라고 비판했다.
반면 여당인 더불어민주당은 현재 제기되고 있는 각종 '개입설'을 두고 정치 공세라고 반발하고 있다. 민주당은 대장동 사건에 대한 검찰의 기소 자체를 조작으로 규정하며 정치 검찰의 실체를 규명하기 위해 국정조사와 상설특검, 청문회 등을 적극 추진하겠다고도 밝혔다. 또한 이번 항소 포기 결정을 두고 반발 중인 검찰 내부 일부 검사들에 대해선 ""친윤(윤석열)계 정치검찰의 항명""이라며 맹폭을 이어갔다. 항소 포기가 정권의 외압이라며 이 대통령 탄핵까지 거론하는 국민의힘을 향해선 '내란 정당' 공세로 맞불을 놨다.
다만 이번 사태를 두고 대통령실은 아직까지 뚜렷한 공식 입장을 내놓지 않고 있다. 이는 최근 민주당이 대통령 관련 재판중지법을 추진하겠다고 밝힌 데 대해 강훈식 대통령실 비서실장이 곧바로 제동을 걸었던 점과 대조되는 모습이기도 하다."
45,"이재명 ""주식 장기투자 혜택 마련""","[앵커]
코스피 지수가 4천을 다시 돌파한 가운데, 이재명 대통령이 장기투자 세제혜택을 점검하라고 지시했습니다.
배당소득 분리과세 최고세율을 25%로 낮추는 방안이 유력 검토되는 가운데 추가 대책이 나올 것인지 기대감이 커지고 있습니다.
자세한 내용 취재기자 연결합니다. 유오성 기자, 이 대통령이 장기투자 문화를 정착시킬 추가 인센티브를 마련하라고 했죠?
[기자]
이재명 대통령은 우리 증시에 장기 투자 세제 혜택이 충분한지 점검하고, 장기투자 문화를 정착시킬 정책을 마련해달라고 지시했습니다.
다만 이같은 장기투자 인센티브가 대주주만 혜택을 보는 구조가 되서는 안된다고 강조했습니다.
이 대통령은 ""장기투자 인센티브 제도가 결국 대주주 혜택이라는 반론이 있다""며 ""그것과는 분리해서 일반 투자자에게 장기투자자 혜택을 주는 걸로 잘 만들어 달라""고 당부했습니다. 발언 들어보시죠.
[이재명 : 대주주들은 경영권 확보를 위해 그냥 원래 가지고 있는 거잖아요. 거기에 해주면 부자감세 논란이 있을 수 있어서 일반 투자자들을 장기 투자에 대해 혜택 주는 방식으로 세부적으로 잘 만들어 주시길..]
배당소득 분리과세 최고세율을 25%로 인하하는 방안이 유력하게 검토되는 가운데, 코스피 지수도 4천선을 재돌파하며 다시 기대감이 높아지는 분위기 입니다.
이런 가운데 증시 부양책의 다음 수순으로 자사주 소각 의무화에 대한 기대감이 커지는 상황입니다.
정부와 여당은 자사주 소각 의무화를 골자로 한 3차 상법 개정안을 연내 처리한다는 계획입니다.
또 일각에선 부자 감세 논란에 지난 정부에서 좌초됐던 개인종합자산관리계좌의 비과세 한도 등 혜택 확대도 다시 추진돼야 한다는 목소리가 나오고 있습니다.
[앵커]
내년 잠재성장률을 반등시킬 수 있도록 정책적 역량을 집중해달라는 주문도 나왔다고요?
[기자]
이 대통령은 오늘 국무회의 모두발언에서 ""대내외 파고에 맞서 경제 기초 체력을 보다 강화하고 국민경제의 지속적 발전을 위한 토대를 더욱 튼튼히 구축해야 한다""고 밝혔습니다.
이어 ""내년이 더 중요하다""며 ""경제와 민생회복의 불씨를 더 키워서 잠재성장률을 반등시킬 수 있도록 정책적인 역량을 집중해 달라""고 당부했습니다.
물가 안정 노력에도 만전을 기해야 한다면서 독과점 폐해를 바로잡는 것이 중요하다고 강조했습니다.
이 대통령은 ""독점, 과점적 지위를 악용해 부당이익을 취하려는 경우가 있다""며 ""쌀 속의 이 같은 것이라 반드시 골라내야 한다""고 말했습니다.
그러면서 공정거래위원회를 향해 ""부당히 물가를 올리고, 서민 부담을 가중시키는 행위를 철저히 과징권한을 발휘해 통제해야 한다""고 당부했습니다.
앞서 이 대통령은 식품 물가 상승 주요 원인으로 유통구조와 함께 밀가루 등 원재료 공급 대기업의 가격 정책을 문제 삼으며 공정위와 관계부처에 강도높은 조사를 지시한 바 있습니다.
이에 공정위는 주요 밀가루 업체에 대한 현장조사에 나섰고, 현재 담합 여부를 들여다보고 있는 것으로 파악됩니다.
[앵커]
한미 관세협상 팩트시트 발표와 관련해서 언급도 있었다고요?
[기자]
대통령실 고위 관계자는 이날 기자들과 만나 ""오늘 내일 중으로 팩트시트 발표 시점에 대해 이야기 할 수 있을 것""이라고 말했습니다.
다만 결과 발표는 아니라고 못박았는데요.
장기화 가능성에 대해선 ""가봐야 알 수 있다""며 즉답을 피했습니다.
당초 지난달 29일 한미 정상회담 이후 일주일 내로 발표될 것이라던 한미 관세협상 팩트시트는 원자력 추진 잠수함 등 안보 분야에서 이견을 보이며 2주 가량 발표가 지연되고 있습니다.
지금까지 대통령실에서 한국경제TV 유오성입니다."
46,"결국 '대통령' 호칭 뺀 국힘 ""이재명, 특검으로 탄핵해야.. 정권 몰락  신호탄""","국민의힘, 대장동 항소포기 두고 화력 최고조
장동혁 ""모든 게 이재명 때문"" 대통령 호칭 생략
송언석 ""범죄지가 의인, 수사한 사람은 죄인 됐다""
나경원 ""국가 해체 프로젝트 멈추려면 李 물러나야""
장동혁 국민의힘 대표
검찰이 대장동 개발 비리 혐의로 실형을 선고 받은 민간업자에 대한 항소를 포기한 것을 두고 국민의힘이 이재명 대통령을 향해 모든 화력을 쏟아 부으며 총공세에 나섰습니다.
국민의힘 의원 40여 명은 오늘(11일) 서울 서초동 대검찰청 앞에서 규탄 대회를 열고 검찰의 항소 포기 과정에서의 대통령실 개입 의혹을 꺼내들었습니다.
장동혁 국민의힘 대표는 ""단군 이래 최대의 개발 비리 범죄가 일부 무죄가 선고됐는데도 항소를 포기했다""며 ""모든 것은 이재명 때문이며 국정조사와 특검을 통해 이재명을 탄핵해야 한다""며 대통령 호칭을 생략했습니다.
송언석 국민의힘 원내대표는 ""진정한 몸통은 '대장동은 내가 설계했다'고 한 이 대통령""이라며 ""범죄자를 대통령으로 만들었더니 범죄자가 의인이 되고 수사한 사람은 죄인이 됐다""고 비판했습니다.
나경원 국민의힘 의원은 ""국가 해체 프로젝트를 멈출 방법은 이 대통령이 물러나는 것""이라고 주장했습니다.
국민의힘 의원들은 이후 노만석 검찰총장 직무대행을 만나기 위해 청사 안으로 진입을 시도했지만 대검 측이 정문을 봉쇄해 무산됐습니다. 노 대행은 휴가를 내고 출근하지 않은 상태였습니다.
노만석 검찰총장 직무대행
이어진 집회에서도 송언석 원내대표는 ""용산과 법무부에 아부하느라 70년 검찰 역사의 자존심을 대장동 잡범들에게 팔아먹은 노만석을 강력히 규탄한다""고 강도 높은 비판을 쏟아냈습니다.
한편 장 대표는 또 주변에서 친여 성향 유튜버가 소음을 내자 ""민주당 유튜버들이 발작하는 걸 보니 정권 몰락의 신호탄이라고 똑똑히 아는 것 같다""고 물러서지 않았습니다."
47,평양 류경호텔 인근 건물서 큰 불…北 보도는 없어,"정부, 화재로 인한 건물 소실 추정
北, 그간 건물 화재 건은 보도 안 해
북한 평양 중심부 류경호텔 인근에서 건물 한 개 동이 화재로 인해 소실된 흔적이 식별됐다. 통일부에 따르면 화재가 발생한 건물 크기는 가로 50m·세로 50m로 약 756평이다. /SI-Analytics, NK 뉴스에서 재인용
북한 평양 중심부 류경호텔 인근에서 건물 한 개 동이 화재로 인해 소실된 흔적이 식별됐다. 이번 화재와 관련된 북한 보도는 현재까지 파악되지 않아 정확한 피해 상황은 확인되지 않는다.
통일부 당국자는 11일 정부서울청사에서 기자들과 만나 ""화재 추정 날짜가 지난 2일로 (보도)돼 있는데, 그 전후로 위성을 확인해 보니 화재 흔적 건물이 한 개 동으로 식별했다""고 밝혔다.
앞서 지난 10일(현지시간) 미국의 북한 전문 매체 NK 뉴스(NK NEWS)는 평양 보통강변 류경호텔과 전쟁 박물관 인근 건물에서 화재가 발생했다고 보도했다. 보도된 사진을 보면 검은 연기 기둥이 크게 솟아오르고 있어 화재 규모가 상당했을 것으로 관측된다.
실제로 NK 뉴스는 플래닛랩스(Planet Labs) 위성 사진을 근거로 화재 발생 시점을 지난 2일 오전 11시 50분쯤이라고 전했다. 미 항공우주국(NASA)의 화재정보자원관리시스템(FIRMS)은 지난 2일 오전 10시 34분에 해당 지역 일대에서 화재가 감지됐다고 공개했다.
두 자료의 시간차를 고려해 보면 불길은 최소 1시간 이상 지속됐을 것으로 분석된다.
통일부에 따르면 화재가 발생한 건물 크기는 가로 50m·세로 50m로 약 756평이다. 위치는 기존 보도대로 류경호텔 인근 지역으로 파악된다. 화재가 발생한 건물은 전소한 것으로 전해지는데, 해당 건물이 인화성 물질을 취급하는 공장이나 창고일 가능성이 제기된다.
다만 통일부는 화재 원인이나 피해 규모, 건물용도 등에 대해선 추가 분석이 필요하다고 전했다.
현재까지 화재와 관련한 북한 보도는 확인되지 않는다. 그간 북한은 건물 화재에 대해서는 별도로 보도하지 않은 만큼, 이번 화재 역시 언급하지 않을 가능성이 제기된다.
파악되는 북한의 화재 보도는 지난 2022년 4월 9일 강원도 고성군 일대에서 발생한 산불이다. 당시 북한은 관영매체를 통해 해당 산불로 금강산지구가 피해를 입었다고 보도했다.
발로 뛰는 더팩트는 24시간 여러분의 제보를 기다립니다.
▶카카오톡: '더팩트제보' 검색
▶이메일: jebo@tf.co.kr
▶뉴스 홈페이지: http://talk.tf.co.kr/bbs/report/write"
48,"‘실세’ 약화되고, 여권 파워 세지고… 울산 국힘 ‘내우외환’","친윤 핵심, 김기현 부인 김건희 백 선물 건으로 내상
‘언더 친윤’ 구심 박성민도 탄핵 이후 영항력 저하
22대 총선, 탄핵 거치면서 보수 우위도 ‘여야 분점’ 구도
울산시와 울산국회의원협의회기 지난 3일 서울 여의도 켄싱턴호텔에서 2026년도 국가 예산 국회 증액 사업과 지역 현안 협력 방안을 논의하는 모습. 왼쪽부터 윤종오 의원, 박성민 의원, 김두겸 시장, 김기현 의원, 서범수 의원. 연합뉴스
윤석열 정부 시절 친윤(친윤석열) 실세들이 포진해 당내 영향력이 막강했던 울산 국민의힘이 최근 ‘내우외환’으로 급격히 위축된 모습이다.
울산 국민의힘은 전임 정부 시절 5선의 김기현(남을) 의원이 대통령실과 친윤의 전폭적인 지원을 등에 업고 당 대표를 역임했고, 윤 전 대통령의 검사 시절부터 친분을 쌓은 박성민(중구) 의원은 21대 국회에서 초선에 불과했지만 막후 실세로 당내 주요 사안에 상당한 영향력을 행사한 것으로 알려졌다. 당시(21대) 울산의 국민의힘 국회의원 수는 울산 총 의석 6석 중 5석. 타 지역 의석 수에 비하면 의석 수 자체는 적지만 당내 파워로는 여타 광역시 못지 않다는 평가가 나온 배경이다.
그러나 비상계엄과 탄핵으로 윤 전 대통령이 추락하면서 울산 국민의힘 내부도 급격히 위축되고 있다. 윤 전 대통령 탄핵 반대의 최전선에 섰던 김 의원은 과거 당 대표 당선 직후 배우자가 김건희 여사에게 고가의 가방을 선물한 사실이 최근 특검 수사 과정에서 드러나면서 입길에 올랐다. 특검의 언론플레이라는 비판도 있지만, 한 때 차기 대권까지 꿈꿨던 김 의원으로서는 정치적 내상이 적지 않을 것으로 보인다.
박 의원 역시 초선임에도 소규모의 ‘계파’를 형성할 정도로 친윤계 내부의 영향력이 상당했다. 친한동훈계에서 소위 ‘언더 친윤’의 구심으로 거론될 정도였다. 박 의원 스스로도 지역구에서 해외 순방 중인 윤 전 대통령이 자신에게 수 차례 전화를 건 사실을 자랑했다가 구설에 오르기도 했다. 그런 박 의원 역시 탄핵 이후에는 당내 ‘그립’이 현저히 떨어졌다는 평가가 나온다.
22대 총선으로 울산의 정치 지형이 여야 동등한 구도로 바뀌면서 국민의힘의 위상은 더 약화됐다. 동구와 북구를 민주당 김태선, 진보당 윤종오 의원이 각각 차지하고, 국민의힘 소속이던 김상욱(남갑) 의원이 탄핵 과정에서 더불어민주당으로 당적을 옮기면서 보수 절대 우위였던 울산 국회의원 의석은 정확하게 3대 3 여야 분점 구도로 전환됐다. 게다가 남은 국민의힘 의원 3명도 각각 친윤, 친한계로 나눠져 단일대오가 쉽지 않은 상황이다.
여기에 최근 벌어진 울산화력발전소 보일러타워 붕괴 사고도 지역 정치권에 적잖은 파장을 일으킨다. 이 발전소를 운영하는 한국동서발전 사장이 21대 동구 지역구에서 활동한 권명호 전 의원이기 때문이다. 정치권에서는 중대 재해에 강력한 책임을 묻는 현 정부에서 권 사장에 대해 해임 가능성이 거론되고 있다.
현역 의원들이 영향력이 약화되면서 국민의힘 소속인 김두겸 시장으로 야권 내 힘의 무게추가 쏠리는 양상도 보인다. 당장 국민의힘이 공모 중인 남갑 당협위원장과 관련, 중앙당과 김 시장 측이 지원하는 인사가 달라 힘 겨루기 양상이 나타나고 있다는 얘기도 들린다. 울산의 여권 관계자는 “지역 내 당의 위상이 크게 떨어졌음에도 내부 주도권 다툼에 골몰하다 지방선거마저 망칠 경우, 총선에서 대대적인 물갈이 여론이 일어날 수 있다”고 지적했다."
49,대통령 관련 재판만 유독 ‘이례적 결정’…일관성 없이 공세 바꾸는 여야,"정성호 법무부 장관이 11일 용산 대통령실에서 열린 국무회의에서 업무 보고를 하고 있다. 대통령실사진기자단
대통령이 직간접적으로 연루된 형사 재판에서 검찰·법원의 이례적 결정이 나오고 여야가 유불리에 따라 공수 교대하는 상황이 벌어지고 있다. 법원의 윤석열 전 대통령 구속취소와 이재명 대통령 신속 파기환송을 전례없다고 비판한 더불어민주당이 이 대통령 관련 사건에서 검찰의 이례적인 항소 포기를 옹호한 것이 대표적이다. 여야가 정치적 이해관계에 따라 일관성 없는 태도를 보이며 정치 불신을 자초하고 있다는 지적이 나온다.
올해 민주당과 국민의힘은 현직 대통령 관련 형사 사건에서 이해관계에 따라 ‘사법적 원칙’과 ‘정치적 의도’를 번갈아 주장하며 공방을 벌여왔다. 이 대통령이 기소된 대장동 사건의 민간업자들 1심 판결에 검찰이 지난 7일 항소 포기한 건에서 민주당과 국민의힘은 각각 방어·공세 입장이다. 민주당은 검찰이 내부 항소 기준에 맞게 원칙적으로 대응했다며 두둔했고, 국민의힘은 항소 포기 배경에 이 대통령 혐의를 면제하려는 의도가 있다고 주장했다.
이 대통령이 대선 후보였던 지난 5월 대법원의 유죄 취지 파기환송 판결을 두고는 정반대 입장이었다. 민주당은 전례없이 빠른 속도로 판결이 이뤄졌다며 대법원이 대선에 개입하려는 의도였다고 주장했다. 국민의힘은 공직선거법 재판을 1심 6개월, 2·3심 각각 3개월 안에 끝내라는 법상 ‘6·3·3 원칙’에 따른 판결이라며 옹호했다.
법원이 지난 3월 당시 현직 신분이던 윤석열 대통령의 구속을 취소하고 검찰이 즉시항고를 포기했을 때도 비슷한 장면이 연출됐다. 민주당은 지귀연 재판부가 전례없는 구속일수 산정 기준을 적용했다며 특혜라고 비판했고, 즉시항고를 포기한 심우정 당시 검찰총장을 “내란의 공범”이라고 주장했다. 국민의힘은 대통령도 방어권 보장 원칙이 지켜져야 한다며 지귀연 재판부와 검찰 결정을 감쌌다.
법원 상급심 판단이 필요하다는 주장도 사안에 따라 갈렸다. 민주당은 대장동 항소 포기 사건에서는 불필요하다고 주장했지만 윤 전 대통령 구속취소 건에서는 필요하다고 했다. 국민의힘은 구속취소 사건과 달리 대장동 항소 포기 건에서 상급심 판단을 강조하고 있다.
지난 10일 서울 서초구 서울중앙지검 모습. 성동훈 기자
항소 자제와 신속한 재판, 방어권 보장 등 형사 사법체계의 주요 원칙이 유독 대통령 사건에서 이례적으로 적용되고 있다는 지적이 제기돼왔다. 이에 대해 거대 양당이 일관된 기준 없이 이해관계에 따라 견해를 바꿔가며 정치 불신을 자초하고 있다는 평가가 나온다.
이준한 인천대 정치외교학과 교수는 11일 기자와 통화에서 “시민들 관점에서 윤 전 대통령 구속취소 사건과 이 대통령 관련 재판에서 항소를 안 한 사건에서 느끼는 감정은 비슷할 것”이라며 “양당이 원칙을 말하지만 똑같이 표리부동하고 내로남불이라는 인상을 줄 수 있다”고 말했다. 조진만 덕성여대 정치외교학과 교수도 “법치 영역의 원칙과 기준이 정치적 입장에 따라 흔들리는 상황이 우려된다”고 말했다.
여권 관계자는 “지귀연 판사의 이례적인 구속취소도 논란이 됐는데, 실익도 없는 항소 포기 건에 민주당이 반응하는 방식이 아쉽다”고 말했다. 한 민주당 의원은 “민감한 사안이기 때문에 항소하는 게 오해를 사지 않았을 것”이라고 말했다.
민주당에서는 항소 포기 결정에 대한 검찰 내 조직적 반대가 더 문제라는 의견이 나온다. 윤 전 대통령 구속취소 즉시항고 포기와 김건희 여사 무혐의 처분 등에 반발하지 않았던 검사들이 민주당 정부에서 항명성 행동을 반복한다는 지적이다.
정청래 대표는 이날 페이스북에 해당 사건들을 거론하며 “집단 항명한 검사들은 국정조사 등 강력한 조치가 필요하다”고 적었다. 김병기 원내대표는 이날 국회에서 기자들과 만나 “검찰이 이래도 되나. 가만 안 둘 것”이라며 “민주당 정권을 호구로 안다”고 말했다."
50,"고용부 차관 ""정년 연장, 특정층 혜택없는 상생안 찾을 것""","[the300]
(서울=뉴스1) 이승배 기자 = 권창준 고용노동부 차관이 11일 서울 여의도 국회에서 열린 제429회국회(정기회) 예산결산특별위원회 제6차 전체회의에 출석해 의원 질의에 답변하고 있다. 2025.11.11/뉴스1  Copyright (C) 뉴스1. All rights reserved. 무단 전재 및 재배포,  AI학습 이용 금지. /사진=(서울=뉴스1) 이승배 기자
이재명 정부가 법정 정년 연장을 국정과제로 추진하고 있는 가운데 권창준 고용노동부 차관이 ""획일적 접근보다는 다양한 의견을 듣고 있어 (세대와 각 계층이) 조화롭게 상생할 수 있는 방안을 찾을 수 있을 것이라고 본다""고 밝혔다.
권 차관은 11일 오후 서울 여의도 국회 본관에서 열린 예산결산특별위원회 경제부처 예산 심사에서 우재준 국민의힘 의원의 관련 질문을 받고 이같이 답했다.
우 의원은 정년 연장이 대기업 근로자와 공무원 등 특정 층에만 유리하게 작용할 수 있다고 지적했다. 그는 ""국회 입법조사처에서 최근에 조사한 내용에 따르면 정년으로 퇴직하는 사람이 16% 정도이고 84%는 정년퇴직 이외의 방법으로 퇴직하고 있다""며 ""16%에 속하는 사람들 대부분은 대기업 근로자와 공공기관 직원이었다""고 했다.
또 60대 이상 근로자의 특성을 고려할 때 일률적으로 정년을 연장하기보다는 재고용을 의무화해 적정한 직급과 임금 수준에 맞춰 근로조건을 조정하는 것이 바람직하다고 주장했다.
우 의원은 ""입법조사처의 같은 조사를 보면 60대 이상 근로자는 조금 여유롭게 일하는 특성을 보인다""며 ""이 특성을 무시하고 일괄적으로 정년을 연장하면 기업 경쟁력과 생산성 저하에 영향을 미칠 수 있을 뿐 아니라 청년 고용 악화와도 연결될 것""이라고 했다. 이어 ""재고용 의무화로 다시 한번 근로조건을 맞추도록 하는 게 적정하다고 본다""고 덧붙였다.
[서울=뉴시스] 김금보 기자 = 우재준 국민의힘 청년최고위원이 27일 오전 서울 여의도 국회에서 열린 최고위원회의에서 발언을 하고 있다. 2025.08.27. kgb@newsis.com /사진=김금보
권 차관은 ""미시적 차원에서 개인 노동과 관련한 수요의 다양성을 잘 말씀해주셨다고 생각한다""면서도 ""다만 정년 연장의 맥락 속에는 (법적 정년과) 국민연금 수급 개시 연령과의 차이, 저출생 고령화로 인해 (60대 이상의) 노동시장 참여를 좀 더 촉진해야 하는 측면 등이 복합적으로 있다""고 했다.
그러면서 ""현장에서 경영계가 제기하는 우려를 균형 있게 듣고 있고 청년 세대와 상생을 이루는 방안을 강구하고 있기 때문에 (정년 연장이 이뤄지면) 특정 층에 혜택이 간다고 볼 수는 없을 것 같다""며 ""조화롭게 상생할 수 있는 방안을 찾을 수 있을 것""이라고 말했다.
우 의원은 ""장년층·노인 일자리 사업을 복지사업이 아닌 고용사업으로 챙겨야 한다""고 제안하기도 했다. 그는 ""보건복지부 공무원들이 훌륭하지만 복지 관점으로 접근하면 지원이 우선이 되지 (대상자가) 어떤 능력이 있고 어떤 직장에서 (채용을) 원하는지에 대해 소홀해질 수 있다""며 ""반대로 고용 사업이 되면 그 부분을 더 고려해서 여러 정책이 짜일 것""이라고 했다.
이에 구윤철 부총리 겸 기획재정부 장관은 ""말씀에 공감한다""며 ""노인 일자리를 단순한 일자리가 아니라 보람도 느끼고 사회에 기여도 할 수 있는 방향으로 바꾸려고 점차 노력해오고 있다""고 답했다.
한편 이재명 대통령은 대선 공약에 이어 국정과제에도 현행 60세인 법정 정년을 단계적으로 65세까지 높이는 방안을 담았다. 이후 더불어민주당은 지난 4월 당내에 '정년연장특별위원회'를 설치하고 연내 입법을 추진하겠다고 밝힌 바 있다. 다만 정년연장 완성 시점과 재고용 제도 병행 여부, 임금 조정 문제 등을 둘러싼 노사 간 이견이 커 논의는 별다른 진전을 보지 못하고 있는 것으로 알려졌다."
51,"항소 포기한 대장동 항소심, 정말 배상 길은 막혔나? [이슈 분석]","1심 판결·항소심 쟁점 총정리
“배임 유죄 근거 손배 가능…혹세무민 말아야”
11일 서울 서초구 서울중앙지방검찰청에 검사 선서가 걸려 있다. 연합뉴스
검찰은 대장동 개발 비리 민간업자들의 범죄수익을 7886억원으로 판단했다. 1심 재판부는 뇌물로 판단한 473억원을 추징했다. 이 사건 항소 포기 이후 국민의힘 등은 ‘김만배 일당이 7800억원을 고스란히 가져가게 됐다’고 주장한다. 더불어민주당과 정성호 법무부 장관은 민사소송을 통해 피해액 환수가 가능한데 검찰과 국민의힘이 거짓 여론을 편다고 주장한다.
검찰이 추징하려는 ‘7866억원’은 어떻게 나왔나?
7886억원부터 따져봐야 한다. 이는 기소된 대장동 일당 및 투자자들이 벌어들인 수익을 모두 합친 금액이다. 대장동 택지분양 배당금(4054억원), 아파트 분양 수익(3690억원), 자산관리위탁수수료(140억원) 등이다.
일단 검찰이 특정경제범죄가중처벌법의 배임 혐의로 기소한 액수는 7886억원이 아닌 4895억원이다. 택지분양 총 배당금은 대장동 일당이 받아간 4054억원과 성남도시개발공사(공사)가 받은 1830억원 등 모두 5917억원이다. 여기에 아파트 분양 수익까지 합하면 9607억원인데, 검찰은 이 가운데 70%에 해당하는 6725억원이 공사가 받아갈 정당한 이익으로 판단했다. 여기서 공사가 이미 받은 배당금 1830억원을 뺀 4895억원을 배임으로 발생한 공사 피해액으로 계산한 것이다.
검찰은 70%라는 숫자에 대해 “피해자인 성남도시개발공사가 확보했어야 하는 적정 배당권”이라고 했지만, 1심 재판부는 이를 인정하지 않았다. “공사가 최소한 확보했어야 할 적정 배당 비율이 70%라는 점에 관해 검사가 제출한 증거들만으로는 인정하기 부족하고, 이를 인정할 증거가 없다”는 것이다. 재판부는 “검찰의 공소사실을 전체적으로 보더라도 70%를 전제로 했어야 한다는 취지만 나타날 뿐”이라고 했다.
고법 부장판사 출신 변호사는 “70%는 검찰이 임의로 정한 것으로 봐야 한다”고 했다. 부패범죄 수사 경험이 많은 검찰 출신 법조인은 “이 사건 공소장을 대대적으로 변경하기 전 검찰이 기소했던 구체적 배임액수는 최소 651억원이었다. 배임액 등 피해액 특정을 검찰도 어려워했다는 방증”이라고 했다. 결국 검찰이 임의로 정한 70% 배당 비율을 기준으로 배임 피해액이 많이 늘어났다는 얘기다.
게다가 1심 재판부는 대장동 일당 등이 가져간 아파트 분양수익 3690억원은 아예 범죄수익 판단에서 제외했다. 애초 성남도시개발공사가 분양 사업을 직접 할 생각이 없었는데, 이를 공사의 배임 피해액으로 계산하는 것은 잘못됐다는 것이다.
대신 1심 재판부는 대장동 일당이 업무상 배임을 통해 ‘최소 1128억원’의 이득을 챙겼다고 판단했다. 대장동 택지분양 총 배당금 5917억원의 절반인 2958억원에서 공사가 배당받은 1830억원을 뺀 금액이다. 재판부는 배임이 없었다면 공사가 가져갈 수 있었던 이익을 택지분양 배당금의 50% 정도로 판단한 셈이다.
“업무상 배임죄 적용…대법원 확립된 태도”
1심 재판부는 “공사가 받은 배당액의 최소 2배를 넘는 이익 발생이 충분히 예상됐는데도 배임으로 이러한 기회와 권리를 상실했다“면서도 검찰이 적용한 특경가법 배임이 아닌 형법의 업무상 배임으로 변경해 유죄를 선고했다. 대장동 개발 사업협약 체결 당시를 기준으로 할 때 민간업자들이 앞으로 얻게 될 재산상 이익을 ‘최소 ㅇㅇㅇ억원’ 따위로 추정할 순 있지만, 구체적으로 특정할 수는 없기 때문이다.
1심 재판부 판단은 대법원 판례를 따른 것이다. 형법의 업무상 배임죄는 이득액이 얼마인지가 범죄 성립에 영향을 주지 않는다. 반면 특경가법 배임죄는 이득액(5억원 이상 또는 50억원 이상) 자체가 범죄 구성요건으로 돼 있다. 이득액에 따라 형량이 정해지고 가중 처벌하기 때문에, 대법원은 특경가법 배임죄를 적용할 때는 구체적으로 금액을 산정할 것을 요구한다.
3대 로펌에서 일하는 판사 출신 변호사는 “대표적으로 부동산은 미래 가치를 확정하기 어렵다. 나중에 보니 가격이 크게 올랐다고 해도, 행위 시점(협약 체결 시점)에 미래 가격을 구체적으로 산정하는 것은 어렵다. 대장동 사건 1심 재판부가 특경가법 배임이 아닌 업무상 배임을 적용한 것은 법리적으로 옳다”고 했다.
고법 부장판사 출신 변호사는 “1심 재판부가 ‘최소 2배 이익이 예상됐다’고 했는데, 특경가법 배임죄 적용을 위해서는 손에 잡힐 만큼 구체적 금액이 나와야 한다. 수사기록에 다른 내용이 있는지 모르겠지만, 1심 판결문 자체로 보면 항소하더라도 뒤집힐 일은 없다”고 했다.
지법 부장판사 출신 변호사는 “정무적 시각에서 보면 도대체 왜 항소를 포기했는지 이해가 안 간다. 다만 특경가법 배임죄를 받아내겠다며 항소하는 것은 판례와 법리를 볼 때 항소 이득이 없다. 대법원까지 가도 깨질 것”이라고 했다.
노태악 대법관 등 현직 법관들이 집필한 ‘형법 각칙’(2024)은 “재산상 이익의 취득은 인정할 수 있으나 그 가액을 구체적으로 산정할 수 없는 경우가 있는데, 이때 재산상 이득액을 기준으로 가중처벌하는 특경가법의 배임죄로 의율할 수 없고, 단순 배임죄나 업무상 배임죄로 처벌할 수 있을 뿐”이라며 관련 판례를 소개하고 있다. 1심 재판부도 같은 판례를 인용했다.
무죄 선고된 ‘이해충돌방지법’, 항소했다면 가능성은?
검찰은 2023년 1월 대장동 일당을 부패방지법(현 공직자의 이해충돌방지법) 위반 혐의로 추가 기소했다. 이 법에 따라 범죄수익으로 판단한 7886억원 전부를 몰수 또는 추징하겠다는 것이다. 항소 포기 논란 이후 검찰은 이해충돌방지법으로 추가 기소한 이유가 ‘범죄수익 환수 안전판’을 만들려는 의도였다고 설명한다. 그러면서 1심에서 이해충돌방지법 위반에 무죄가 선고됐는데, 이 부분을 항소심에서 더는 다툴 수 없게 되면서 김만배 일당이 고스란히 범죄수익을 가져가게 됐다고 주장한다.
이해충돌방지법은 직무를 통해 공직자 또는 제3자가 얻은 재산상 이익을 환수하게 돼 있다. 배임죄보다 입증이 덜 까다롭다.
다만 검찰 의도는 따져봐야 한다. 대장동 일당을 이해충돌방지법 위반 혐의로 추가 기소할 당시 법조계에서는 당시 이재명 민주당 대표를 겨냥한 지렛대 기소라는 평가가 많았다. 실제 김만배 등의 추가 기소 공소장에 “이재명 대표가 김만배의 대장동 지분 절반을 받는 계획을 승인했다”며 배임 주체 가장 꼭대기에 처음으로 ‘이재명’을 못 박았다. 검찰은 두 달 뒤 이 대표를 특경가법 배임 혐의로 기소하며 이해충돌방지법 위반 혐의도 함께 적용했다. 그해 6월에는 공소장 변경을 통해 배임액을 최소 651억원에서 4895억원으로 끌어올렸다.
1심 재판부는 일단 이해충돌방지법 위반 판단에 앞서 “피고인들의 반대신문권 보장은 물론 변호인 참여도 이뤄지지 못한 상황에서 작성된 조서”를 증거에서 배제했다. 이어진 판단에서는 검찰이 제기한 이해충돌방지법 위반 혐의를 떠받치는 ‘비밀 이용행위’ 자체가 없었으며, 비밀을 이용했더라도 공소시효가 지났다고 밝혔다.
도로·터널 개통은 사전에 알려질 경우 토지보상·부동산 가격에 큰 영향을 미친다. 검찰은 대장동과 판교를 연결하는 서판교 터널 위치와 개통 정보 등은 업무상 비밀에 해당하는데, 대장동 일당이 이를 사전에 누설하고 이용했다고 주장했다. 그러면서 서판교 터널 비밀 이용행위 및 이후 발생한 대장동 개발 이익 7886억원 모두를 범죄수익으로 판단했다.
1심 재판부는 검찰 기소의 핵심이 되는 사실관계부터 틀렸다고 했다.
“서판교 터널 위치와 개통 정보는 이미 공지의 사실로 비밀에 해당한다고 보기 어렵다”는 것이다. 재판부는 대장동 민간업자와의 협약 체결 전인 2014년 공고된 개발계획안과 성남시가 인터넷에 배포한 자료를 보면, 현재 서판교 터널 위치에 산악 지형을 관통하는 터널이 실선으로 표시돼 있다고 했다. 담당 공무원도 해당 실선이 서판교 터널이라고 증언했다. 재판부는 판결문에 서판교 터널 개통 전 도로 사진을 첨부하기도 했다.
재판부는 서판교 터널 정보 외에 대장동 개발 사업방식과 일정, 공모지침서 주요 내용 등의 비밀을 이용해 막대한 재산상 이익을 얻은 것은 맞는다며, 대장동 일당이 사업시행자로 지정된 2015년 8월부터 이해충돌방지법 위반죄 공소시효(7년)가 시작된다고 판단했다. 다만 재판부는 “배임 범행은 별론으로 하고, 사업시행자 지정 후에는 비밀을 이용했다고 볼 수 없다. 따라서 비밀 이용행위와 인과관계가 있는 재산상 이익은 사업자지위 취득에 한정돼야 한다”고 했다.
검찰은 대장동 일당이 사업시행자로 지정된 뒤 벌어들인 모든 이익을 불법 비밀 이용에서 파생한 이익으로 봤는데, 재판부는 “최종적 이익을 취득한 시점으로 범죄 성립 시기를 늦추면, 이해충돌방지법에는 미수범 처벌 규정이 없기 때문에 수익이 발생하지 못한 경우 처벌할 수 없게 되는 등 법적 안정성을 해하게 된다”고 했다. 즉 공소시효가 지나 처벌할 수 없다는 것이다.
항소심에서 피해액 못 다툰다?
대장동 개발 비리 민간사업자들 사건은 11일 오후 서울고법 형사3부(재판장 이승한)에 배당됐다. 검찰과 국민의힘은 법무부에 의해 검찰이 항소를 포기하게 되면서 성남도시개발공사가 민사소송을 통해 피해액을 환수할 방법이 사실상 막혔다고 주장한다. 형사재판에서 유죄가 나오면 이를 민사재판에서 증거로 삼아 손해배상을 받아내는데, 특경가법 배임 무죄 등을 다툴 수 없게 되면서 손해배상도 불가능해졌다는 주장이다.
부패범죄 수사 경험이 많은 검찰 출신 법조인은 “1심 재판부는 배임에 대해 무죄가 아닌 유죄를 선고했다. 항소심에서 검사는 김만배 등에 대한 유죄 양형사유를 입증하기 위해 배임죄 피해액 등을 주장해야 한다. 이를 바탕으로 향후 성남도시개발공사가 입은 손해배상을 요구할 수 있다. ‘검사는 아무것도 못한다’, ‘손가락만 빨아야 한다’, ‘배상 길이 막혔다’ 주장하는 것은 혹세무민”이라고 했다.
부장판사 출신 변호사는 “이 사건에서 민사소송을 통한 손해배상이 어려운 상황이 된 것은 맞지만, 검찰 등이 주장하는 것처럼 불가능한 것은 아니다. 항소심이나 민사소송에서 하남 개발사업 등 비슷한 시기·지역에서 진행된 사업의 이익 배당구조를 통해 성남도시개발공사가 입은 피해액을 간접적으로 산정할 수도 있다”고 했다. 고법 부장판사 출신 변호사는 “피해액이 산정이 어려우면 민사소송법에 따라 법원이 재량으로 손해액을 산정할 수도 있다”고 했다. 2016년 개정된 민사소송법은 ‘손해 발생 사실은 인정되나 구체적 손해 액수를 증명하는 것이 어려운 경우 법원은 증거 등을 종합해 손해배상 액수를 정할 수 있다‘고 규정한다.
송언석 국민의힘 원내대표가 11일 서울 서초구 대검찰청에서 열린 검찰의 대장동 개발 비리사건 항소 포기와 관련한 규탄대회에서 발언하고 있다. 연합뉴스
재산 몰수 특별법도 가능
국민 법 감정은 형사재판의 딱딱한 법리보다는 대장동 일당이 벌어들인 모든 범죄수익 환수에 더 가까울 것이다. 성남도시개발공사가 입은 피해액뿐만 아니라 재판에서 인정되지 않은 재산상 이익까지 모두 몰수·추징해 향후 개발 비리를 단죄해야 한다는 여론이 강하다.
대장동 개발 비리 의혹이 불거진 2021년 국민의힘 의원 103명은 대장동 개발 부정이익 환수 등을 담은 특별법안을 발의한 바 있다. 이듬해 대선을 앞두고 당시 이재명 민주당 후보를 겨냥한 성격이 짙은 법안이었다. 개발 비리 단죄와 범죄수익 환수라는 법 감정과 정의 실현을 위해서라면, 국회에서 여야가 이를 다시 추진하지 못할 이유는 없어 보인다. 당시 국회 검토보고서는 “헌재는 심히 중대한 공익상의 사유 등 특단의 사정이 있는 경우에는 소급입법에 의한 재산권 침해가 가능하다고 판시하고 있다”고 밝혔다."
52,"中대사 ""미국 촉발 관세전쟁, 오히려 중국 '자주 발전' 계기""","""시진핑, 한국서 미중회담 열어 양국 안전 관계 구축""
""한국과는 이익 공동체…안정적 장기적 발전해야""
다이빙 주한 중국대사가 11일 오전 서울 중구 프레지던트호텔에서 '한중 전략적 협력동반자관계의 신 도약'을 주제로 열린 글로벌전략협력연구원 한중 싱크탱크 대화에 참석해 축사하고 있다. 뉴스1
다이빙 주한중국대사가 11일 ""미국이 촉발한 관세전·무역전·기술전은 중국을 약화시키지 못했고, 오히려 중국이 자주 발전과 개방 확대를 이룩하는 계기가 됐다""고 주장했다.
다이 대사는 이날 중구 프레지던트 호텔에서 글로벌전략협력연구원과 중국 글로벌거버넌스연구원이 공동 주최한 포럼에서 ""시진핑 국가주석이 경주 아시아태평양경제협력체(APEC) 정상회의 참석차 방한해 미·중 관계 안전에 기여했다""며 이같이 말했다.
""미
·
중관계 안정은 한국에 좋은 일""
미국과 중국은 상호 보복관세 부과를 지난 10일(현지 시간) 0시 1분부터 1년간 유예하기로 했다. 이는 지난달 30일 부산에서 열린 도널드 트럼프 미국 대통령과 시진핑 중국 국가주석과의 정상회담 합의에 따른 조치다.
중국은 희토류 등 전량 광물의 수출통제 유예, 미국 반도체 기업에 대한 보복 철회, 미국산 대두 등 농산물 수입 확대, 미국 농산물 관세 유예 등을 약속했다. 미국은 이에 맞춰 중국에 부과한 20%의 펜타닐 관세를 10%로 인하하기로 했다.
다이 대사는 ""시 주석과 도널드 트럼프 미국 대통령의 부산 회담은 전 세계 주목을 받았다""며 ""미국이 중국과 함께 책임 있는 강대국으로서의 자세를 보이고, 말과 행동을 일치시키며, 두 정상 간 합의를 충실히 이행함으로써, 미·중 관계가 건전하고 안정적이며 지속가능한 방향으로 발전하기를 바란다""고 강조했다.
특히 ""미·중 관계가 안정될수록 한국에도 좋은 일이 될 것""이라고도 강조했다. 앞서 중국 상무부 전날 미·중 정상회담 합의에 따라 '마스가(MASGA·미국 조선업을 다시 위대하게)' 프로젝트의 상징인 한화그룹 조선·해운 자회사 5곳(한화필리조선소·한화쉬핑·한화오션USA인터내셔널·한화쉬핑홀딩스·HS USA홀딩스)에 대한 제재를 앞으로 1년 동안 유예하기로 했다.
""한국과 중국, '강대 강 연합' 추진해야""
한편 다이 대사는 한중 관계와 관련해선 ""이재명 대통령과 시 주석의 전략적 지도하에 '새로운 국면'을 맞이했다""고 평가했다. 이어 ""앞으로 양국은 정상 간 합의를 철저히 이행하고, 정당한 것을 바로 세우며, 한중 관계가 안정적이고 장기적으로 발전하도록 힘써야 한다""고 말했다.
다이 대사는 ""한중은 서로 떨어질 수 없는 중요한 이웃이자 분리될 수 없는 협력 파트너""라며 ""전략적 소통을 강화하고 객관적으로 상대를 인식하며 상호 신뢰를 심화해야 한다""고 했다. 그러면서 ""한중은 이미 사실상의 이익 공동체""라며 ""전통 분야 협력을 강화하고 신흥 산업에서 '강대 강의 연합'을 추진해야 할 것""이라고 주장했다.
노재헌 주중한국대사는 이날 온라인 축사를 통해 ""1992년 수교 이래 33년간 양국은 모든 분야에서 괄목한 발전 이뤘다""며 ""양국이 함께 이룬 성과는 단순한 협력 넘어 양국이 함께 글로벌 변화 대응하고 지속가능한 발전을 위한 기조가 될 것""이라고 했다."
53,"오세훈, 김민석 향해 ""지금 신경 써야할 건 10·15 대책으로 비롯된 부동산 값""","""종묘 앞 재개발 사업, 김 총리가 나서면서부터 순수성 훼손""
""집값 상승 원인을 '토허제 번복'으로 돌리는 건 매우 비겁""
지난 8월1일 서울 용산 대통령실 청사에서 열린 전국 시도지사 간담회에 오세훈 서울시장(왼쪽)과 김민석 국무총리가 참석했다.ⓒ뉴시스
[데일리안 = 허찬영 기자] 오세훈 서울시장은 유네스코 세계유산인 종묘(宗廟) 앞 세운4구역 재개발 사업을 두고 갈등을 빚고 있는 김민석 국무총리를 향해 ""지금 총리께서 신경 쓰셔야 될 일은 10·15 대책으로 비롯된 부동산 값""이라고 지적했다.
오 시장은 11일 CBS '김현정의 뉴스쇼'에 출연해 ""종묘 앞 세운4구역 재개발 사업이 김 총리가 나서면서부터 순수성이 훼손됐다""며 이같이 밝혔다.
그는 ""종묘 앞을 꽉 막고 있는 세운상가가 사라지는데, 그것도 세금이 아니라 개발하는 사람들의 이익으로 하겠다는데 이렇게 합리적인 계획을 무조건 반대하는 건 이해할 수 없다""며 ""정부라면 이걸 깊이 있게 들여다 보고 개발과 문화재 보호의 논리가 양립하는 것이라면 오히려 서울시를 도와주는 게 중앙정부가 해야 될 일""이라고 말했다.
그러면서 ""10·15 부동산 대책 때문에 생긴 현장의 혼란을 수습하시는 게 총리로서는 가장 급선무라고 생각한다""고 덧붙였다.
서울 집값 상승 원인에 오 시장의 '토지거래허가제' 번복이 영향이 있었던 것이 아니냐는 진행자의 질문에 오 시장은 ""이 정부 들어서 세 번 내놓았던 부동산 대책이 제대로 된 공급 대책은 빠져 있는 미비한 대책이었기 때문에 시장에서 불안감이 생겨 패닉바잉이 시작된 것""이라며 ""많은 전문가들이 얘기하는데 그걸 굳이 원인을 다른 데로 돌리는 것도 매우 비겁한 것""이라고 주장했다.
지난 9일 특검에 출석해 명태균씨와 대질 조사를 받은 것에 대해서는 ""제가 그 사람에게 그런 부탁(여론조사)을 한 것은 전혀 없다. 유일한 입증 자료가 명태균씨 말 뿐""이라며 ""특검이 만에 하나 기소를 하더라도 공정한 처사라고 볼 수 없다""고 했다.
앞서 오 시장은 지난 10일 페이스북에 ""역사와 미래가 공존하는 서울은 어떤 모습이어야 하는지 국무총리와 공개토론을 제안한다""며 ""종묘를 가로막는 고층빌딩숲이라는 주장 또한 왜곡된 정치 프레임""이라고 말했다."
54,"당정 집결한 與지역위원장 워크숍…""찰떡 공조로 지방선거 승리""(종합)","정청래 ""가장 민주적인 경선제도 발표할 것""…공천 4대 방향 제시
""1년 지났다고 고개 쳐들고 내란 옹호…잔재 청산 책임 방기 안 돼""
민주당 지도부와 대화하는 강훈식 비서실장
(경기 광주=연합뉴스) 김주성 기자 = 더불어민주당 정청래 대표와 김병기 원내대표가 10일 경기 광주시 곤지암리조트에서 열린 '2025 전국지역위원장 워크숍'에서 강훈식 대통령실 비서실장과 대화하고 있다. 왼쪽부터 김병욱 대통령실 정무비서관, 강훈식 비서실장, 정청래 대표, 김병기 원내대표. 2025.11.10 utzza@yna.co.kr
(서울=연합뉴스) 곽민서 오규진 기자 = 더불어민주당은 10일 경기 광주 곤지암리조트에서 1박 2일 일정으로 전국 지역위원장 워크숍을 갖고 6개월여 앞으로 다가온 지방선거를 겨냥한 대열 정비에 나섰다.
정청래 대표는 당 지도부와 지역위원장 254명, 대통령실 강훈식 비서실장 등이 참석한 가운데 열린 워크숍에 참석, 인사말에서 ""이재명 정부 성공을 위해 당·정·대가 차돌같이 딴딴하게 뭉쳐서 찰떡같은 공조로 지방선거에서 승리하고 한마음 한뜻으로 합심 단결해 헤쳐 나가겠다""고 말했다.
정 대표는 ""우리의 목표는 첫째도 이재명 정부의 성공, 둘째도 이재명 정부의 성공, 셋째도 이재명 정부의 성공""이라며 ""당장 우리 앞에 주어진 각종 개혁 작업, 그리고 지방선거 승리, 모든 초점은 정부의 성공과 맞닿아 있다""고 강조했다.
그러면서 ""당원 주권 시대에 맞는 가장 공정하고 투명한, 지방선거 승리에 가장 든든한 뒷받침이 될, 가장 민주적인 경선 제도를 마련해서 발표하겠다""고 밝혔다.
이어 ""다시 한번 내란 잔재 청산에 대한 역사적 책임을 방기하면 안 될 시기""라며 ""(비상계엄 이후) 1년쯤 지나니까 고개를 쳐들고 내란을 옹호하거나 동조, 정당화하는 움직임이 있다""고 지적했다.
그러면서 ""만약 추경호 전 원내대표의 국회 계엄 해제 표결 방해가 사실로 인정돼 처벌받게 된다면 국민의힘은 위헌 정당 해산 대상이 될지도 모른다는 사실을 자각하고 자중해야 할 것""이라고 덧붙였다.
김병기 원내대표는 ""다가오는 지방선거는 민주당의 책임과 기회의 시험대""라며 ""이재명 정부의 성과를 지역에서 꽃피우고, 국민의 신뢰로 다시 보답해야 한다""고 말했다.
이어 정 대표는 '더 큰 민주당, 더 가까운 민주당'이란 주제의 비공개 강연을 했다.
조승래 사무총장과 장경태 서울시당위원장은 내년 지방선거 등과 관련한 주요 당무 추진사항을 보고했다.
내년 지방선거 공천과 관련해선 ▲ 당원 민주주의 실현 ▲ 완전한 민주적 경선 ▲ 유능하고 깨끗한 후보 선출 ▲ 여성·청년·장애인 기회 확대 등 4대 방향을 제시했다.
경선 부적격자를 가리기 위한 정밀 심사 방안도 논의됐다. 적격, 예외 없는 부적격, 예외가 있는 부적격 등 심사 기준을 두고 예외 없는 부적격에 해당할 경우 공천을 원천 배제(컷오프)한다는 방침이다.
가령 과거 교제 폭력으로 처벌받은 이력이 있는 경우 예외가 있는 부적격 기준에 포함하는 방안을 검토한다. 주식 투자 등 과정에서 자본시장법 위반으로 집행유예 이상을 받은 경우도 부적격 심사 대상에 들어갈 전망이다.
구체적인 공천 심사 기준 및 방식은 이번 달 최고위·당무위·중앙위 등 의결 절차를 밟아 확정한다.
정 대표가 당원 주권 강화 차원에서 추진하는 '1인 1표제'에 대해서는 대구·경북 등 민주당 험지를 중심으로 일부 반대 의견도 나온 것으로 전해졌다.
정 대표는 지난 전당대회 당시 대의원 표 가치가 권리당원보다 높게 산정되는 현행 제도를 고쳐 모든 당원이 똑같이 한 표를 행사하도록 바꾸겠다고 공약했는데, 원활한 의사결정을 위해서는 일부 가중치를 유지할 필요가 있다는 취지에서다.
한편 민주당은 비상계엄 선포 1년을 맞는 다음 달 3일 시민사회와 함께 행사를 진행하기로 했다.
윤석열 전 대통령 탄핵 1주년인 12월 14일에는 '당원의 날' 행사를 연다.
mskwak@yna.co.kr"
55,"'종묘 앞 빌딩' 논란…金 ""세계유산 훼손"" 吳 ""세운상가 방치 안돼""","세운4구역 재개발 놓고 충돌
김민석 ""서울시가 결정할 일 아냐""
오세훈 ""매도유감…공개 토론을""
< 제2세종문화회관 모형 살핀 오세훈 > 오세훈 서울시장이 10일 서울 종로 세종라운지에서 열린 제2세종문화회관 건립 설계공모 시상식에서 당선작과 입상작에 관한 설명을 듣고 있다.  연합뉴스
서울시가 유네스코 세계유산 종묘(宗廟) 맞은편인 세운4구역에 최고 높이 141.9m 건물이 들어설 수 있도록 규제를 완화한 것을 두고 오세훈 서울시장과 김민석 국무총리가 정면충돌했다. 김 총리는 10일 종묘를 찾아 “국익 관점에서 근시안적 단견이 될 수 있다”며 오 시장을 비판했고, 오 시장은 “역사와 미래가 공존하는 서울은 어떤 모습이어야 하는지 공개토론을 제안한다”고 응수했다.
< 종묘 현장점검 나선 김민석 > 김민석 국무총리가 10일 종묘 정전을 살펴보고 있다. 왼쪽부터 유홍준 국립중앙박물관장, 김경민 서울대 도시계획학과 교수, 김 총리, 허민 국가유산청장.  청사사진기자단
김 총리는 이날 유홍준 국립중앙박물관장, 허민 국가유산청장, 김경민 서울대 도시계획학과 교수 등과 함께 종묘를 방문해 외부 조망 등을 점검했다. 김 총리는 “서울시에서 일방적으로 밀어붙일 사안이 아니다”며 “종묘 인근을 개발할 것인가는 국민적 토론을 거쳐야 하는 문제”라고 말했다. 종묘를 방문하기 전 SNS에 “기존 계획보다 두 배 높게 짓겠다는 서울시의 발상은 세계유산특별법이 정한 ‘탁월한 보편적 가치’를 훼손할 우려가 있다”는 글을 남기기도 했다.
오 시장은 “중앙정부가 나서서 일방적으로 서울시를 매도해 유감”이라며 김 총리의 주장을 반박했다. 그는 SNS에 쓴 글을 통해 “수도 서울의 중심이라 할 종로가 현재 어떤 모습인지, 이대로 방치하는 것이 과연 종묘를 위한 일인지 냉정한 눈으로 봐주길 요청한다”며 “60년이 다 되도록 판잣집 지붕으로 뒤덮여 폐허처럼 방치된 세운상가 일대는 말 그대로 처참한 상황”이라고 주장했다. 이어 “세운4구역 재정비촉진사업은 종묘를 훼손할 일이 결단코 없고, 오히려 세계문화유산인 종묘의 생태·문화적 가치를 높여 더 많은 분이 종묘를 찾게 하는 일”이라며 “녹지 축 양옆으로 종묘에서 멀어질수록 아주 낮은 건물부터 높은 건물까지 단계적으로 조성해 종묘와 멋지게 어우러지는 새로운 랜드마크가 탄생할 것”이라고 강조했다.
김 총리와 오 시장의 정면충돌은 지난달 30일 서울시가 세운4구역 높이 계획 변경을 골자로 한 ‘세운재정비촉진지구 및 4구역 재정비촉진계획 결정’을 고시하며 시작됐다. 서울시 결정에 따라 세운4구역의 건물 최고 높이는 당초 종로변 55m, 청계천변 71.9m에서 각각 101m, 145m로 변경됐다. 대법원은 지난 6일 문화재 주변의 건설 개발 규제를 완화한 서울시의회 조례 개정에 대해 “적법하다”고 판결했다."
56,"'내란가담' 공무원 솎아내기 본격화...국힘 ""숙청, 정치보복""","金총리 '헌법존중 정부혁신 TF' 제안...李대통령 ""당연히 해야""
내년 2월까지 활동...계엄 모의·실행·정당화·은폐 등 각 부처 자체 조사
국힘 ""내란특검 빈손 끝나자 '정부 버전' 우회 시도...망상의 내란 프레임""
◆…이재명 대통령이 11일 용산 대통령실에서 열린 국무회의에서 국기에 경례하고 있다. [사진=연합뉴스]
국민의힘은 정부가 11일 12·3 비상계엄 관련 공직자들의 불법행위 가담 여부를 조사할 태스크포스(TF) 가동을 공식화 한 것에 ""도대체 언제까지 '내란 타령'만 할 작정인가""라고 비판했다.
최보윤 수석대변인은 이날 오후 논평을 통해 ""정권이 바뀔 때마다 공직자를 죄인으로 몰아붙이는 정치보복의 반복은 이제 국민 피로를 넘어 분노로 치닫고 있다""면서 이같이 밝혔다.
앞서 김민석 국무총리는 용산 대통령실 국무회의에서 ""12·3 비상계엄에 참여하거나 협조한 공직자들을 대상으로 신속한 내부 조사를 거쳐 합당한 인사 조치를 할 수 있는 근거를 확보하겠다""며 '헌법존중 정부혁신 TF'를 공개 제안했다.
이재명 대통령은 ""당연히 해야 될 일 같다""며 ""특검에 의존할 게 아니고 (정부가) 독자적으로 해야 될 일 같다""고 공감했다.
그러나 최 수석대변인은 ""그야말로 '정치보복 TF', '공직자 색출 TF' 구성을 공식화한 셈""이라며 ""내란특검이 사실상 빈손으로 끝나고, 내란특별재판부가 여론에 막혀 좌초되자 이번에는 '정부 버전 내란청산'으로 우회하려는 그야말로 '신박한 시도'""라고 비판했다.
그는 ""문재인 정부 때는 '적폐청산' 지금은 '내란청산', 이름만 바꿔 달았을 뿐 본질은 똑같다""며 ""정권에 불편했던 공무원을 골라내고 다른 생각을 가졌던 사람을 '숙청'하겠다는 '정치보복'의 칼날이 다시 번뜩이고 있다""고 주장했다.
최 수석대변인은 ""(이 대통령의) '모두의 대통령이 되겠다'던 약속은 어디로 갔나""라며 ""대장동 항소 포기로 정국이 불리해지자, 국민의 시선을 또다시 '망상의 내란 프레임'으로 돌리려는 것 아닌가""라고 의혹을 제기했다.
그러면서 ""국정 동력을 찾고 싶다면 허깨비 같은 내란 프레임에 매달릴 게 아니라, 대통령 스스로의 사법 리스크부터 마주하길 바란다""며 ""선량한 공무원을 괴롭히지 말고, '대장동 재판'부터 받는 것이 국민에 대한 최소한의 도리""라고 일침했다.
이와 관련해 국무총리실은 김 총리가 국무회의에서 제안한 TF가 내년 2월까지 가동된다고 밝혔다.
조사 대상은 대통령 직속 기관 및 독립기관을 제외한 49개 전체 중앙행정기관이며, 특히 군(합동참모본부)과 검찰·경찰, 국무총리실, 기획재정부·외교부·법무부·국방부·행정안전부·문화체육관광부, 소방청·해경청 등 12개 기관은 집중점검 대상으로 지정됐다.
조사 범위는 윤석열 전 대통령이 비상계엄을 선포한 지난해 12월 3일을 기점으로 직전 6개월부터 직후 4개월까지 총 10개월간 비상계엄을 모의·실행·정당화·은폐한 행위다.
각 기관은 오는 21일까지 내부 자체 조사 TF를 구성하고 다음 달 12일까지 기관별 조사 대상 행위를 확정해야 한다. 조사는 내년 1월 31일까지 이뤄진다. 이후 총괄 TF가 조사 결과를 검토한 뒤 설 연휴 직전인 2월 13일까지 인사 조치를 마무리하게 된다."
57,평양 중심부서 대규모 화재…“건물 한 채 전소된 듯”,"북한 평양 도심에서 지난 2일 큰 화재가 발생해 검은 연기가 피어오르는 모습의 위성영상. 출처=SI-Analytics, NK 뉴스에서 재인용
통일부가 11일 북한 평양 중심부의 건물 한 개동에서 화재 흔적을 발견했다고 밝혔다. 10일(현지 시간) 미국의 북한 전문 매체 NK뉴스(NK NEWS)도 지난 2일 평양에서 큰 화재가 발생해 공장 또는 창고로 보이는 건물이 전소했다고 보도했다.
통일부 관계자는 이날 “11월 2일경 (평양 화재가) 발생한 것으로 파악되고 위성 기반 분석을 하고 있다”고 말했다. 그는 “위성 영상을 확인해보니까 화재 흔적이 있는 건물이 1개동 있었다”며 “가로 세로 50m 크기의 건물이고, 어떤 용도인지는 확인이 필요하다”고 전했다.
이와 관련해 NK뉴스는 평양 중심부의 류경호텔과 한국전쟁박물관 근처에서 2일 오전 11시 50분경 화재가 발생해 검은 연기가 치솟는 모습이 플래닛랩스 위성 영상에 포착됐다고 보도했다.
3일과 4일의 위성 영상에는 검은 연기와 바닥이 드러나 있는 건물의 모습이 포착됐다. 전문가들은 이 건물이 소규모 공장 또는 창고 였을 것으로 추측하고 있다. 특히 인화성 물질을 취급하는 공간으로 정부 기관 건물은 아니라는 예상도 나오고 있다."
58,"李대통령 ""차별·혐오 묵과 안돼…저질 정당 현수막은 철거도 못해""","이재명 대통령이 11일 용산 대통령실에서 열린 국무회의를 주재하고 있다. /연합뉴스
이재명 대통령은 오늘(11일) ""인종 혐오나 차별, 사실관계를 왜곡·조작하는 잘못된 정보 유통은 민주주의와 일상을 위협하는 행위로 추방해야 할 범죄""라며 엄중 처벌 방침을 밝혔다.
이 대통령은 대통령실에서 주재한 국무회의에서 ""우리 사회 일부에서 인종, 출신, 국가 등을 두고 시대착오적 차별과 혐오가 횡행하고 있다""며 이같이 말했다.
또 ""사회가 점차 양극화하는 와중에 이런 극단적 표현들이 사회 불안을 확대시키고 있다""며 ""정치권에서도 혐오 범죄, 허위 조작 정보 근절에 함께해 달라""고 당부했다.
특히, 같은 맥락에서 이 대통령은 각 정당의 현수막이 혐오를 부추기고 있다는 점을 지적하면서 이에 대한 대책을 주문하기도 했다.
지난 2022년 정당의 활동 자유를 보장하자는 취지에서 옥외광고물법이 개정되면서, 현재 일반 현수막은 지자체의 허가를 받아서만 내걸 수 있는 것과 달리 정당의 현수막은 장소의 제약이 거의 없이 게시되고 있다.
이 탓에 시민들이 정당 현수막에 담긴 혐오 표현에 더 많이 노출될 수밖에 없다는 게 이 대통령의 문제 인식이다.
이 대통령은 ""길바닥에 저질스럽고 수치스러운 내용의 현수막이 달려도 정당이 게시한 것이어서 철거 못 하는 일도 있다고 한다""며 ""사실인지 모르겠으나 현수막을 달기 위한 정당인 '현수막 정당'을 만들기도 한다더라. 일부에 의하면 무슨 종교단체와 관계가 있다는 설도 있다""고 지적했다.
이어 ""정당이라고 해서 지정된 곳이 아닌 아무 곳에나 현수막을 달게 하는 것이 옳은 일인지 모르겠다""며 ""(정당 현수막 규제를 완화하는 법은) 제가 더불어민주당 대표로 있을 때 만든 법이긴 하나, 악용이 심하면 법을 개정하든 없애든 해야 하는 것 아니냐""고 말했다.
그러면서 ""정당이 국고보조금을 받으면서 현수막까지 동네에 너저분하게 걸 수 있게 하고 있는데, 일종의 특혜 법이 될 수도 있다""며 ""옛날대로 돌아가는 방안을 정당과 협의를 해달라""고 지시했다.
고위공직자나 공공단체장의 혐오 발언도 도마 위에 올랐다.
이 대통령은 ""얼마 전 어떤 기관장이 '하얀 얼굴, 까만 얼굴' 이런 얘기를 했다. 있을 수 없는 일을 하고도 멀쩡히 살아있더라""며 이에 대한 제재 강화 방안을 신속하게 추진해달라고 촉구했다.
앞서 김철수 대한적십자사 회장이 주한 외교사절 행사를 소화한 뒤 직원들에게 '외국 대사들 별 볼 일 없는 사람들이더라', '얼굴이 새까만 사람들만 모였더라' 등의 발언을 해 논란을 일으킨 점을 염두에 둔 발언으로 풀이된다.
한편, 이 대통령은 해당 과정에서 정성호 법무부 장관을 향해 ""혐오 발언 처벌을 위해 형법을 개정할 때 '사실 적시에 의한 명예훼손죄'를 폐지하는 방안을 검토해달라""고 말했다.
또 ""(허위사실이 아닌) 실제로 있는 사실에 관해서 얘기한 것은 형사로 처벌할 일이 아니라 민사로 해결할 일인 것 같다""고 덧붙였다."
59,"이 대통령 ""혐오 범죄·허위 정보 차단에 총력…경찰 역할 중요""(종합2보)","""정당 현수막도 혐오 부추겨…당과 법 개정 협의""
'사실적시 명예훼손죄' 폐지 검토도 지시…""민사로 해결""
""개인 주식 장기투자자엔 세제 등 혜택 강화해야""
""암표 팔다 걸리면 10~30배 과징금…신고자 포상도""
NDC 산업계 반발엔 ""고통 있어도 경제 강국 위해 필요""
[서울=뉴시스] 최동준 기자 = 이재명 대통령이 11일 서울 용산 대통령실 청사에서 열린 국무회의에서 발언하고 있다. (대통령실통신사진기자단) 2025.11.11. photocdj@newsis.com
[서울=뉴시스] 김지은 조재완 기자 = 이재명 대통령은 11일 혐오 범죄와 허위 조작 정보를 차단하기 위해 총력을 기울여달라고 당부했다. 특히 혐오·차별에 대한 엄중 처벌 방침을 밝히며 ""경찰의 역할이 중요하다""고 말했다.
이 대통령은 이날 용산 대통령실에서 국무회의를 주재하며 ""소셜미디어(SNS) 등에서 특정 대상을 향한 혐오 표현이 무차별적으로 유포되고 허위정보와 조작정보가 범람하고 있다""며 ""인종 혐오나 차별, 사실관계를 왜곡하는 잘못된 정보 유통은 민주주의를 위협하는 행위다. 이는 표현의 자유 한계를 넘어서는 명백한 범죄행위""라고 지적했다.
그러면서 ""더는 묵과해선 안 된다""며 ""혐오 표현에 대한 처벌장치를 속히 마련하고 허위·조작 정보 유포 행위를 근본적으로 차단 및 처벌하는 데 총력을 기울여야 한다""고 강조했다.
이와 관련 각 정당의 현수막이 혐오를 부추기고 있다며 이에 대한 대책 마련도 주문했다.
이 대통령은 ""길바닥에 저질스럽고 수치스러운 내용의 현수막이 달려도 정당이 게시한 것이어서 철거 못 하는 일도 있다고 한다""며 ""사실인지 모르겠으나 현수막을 달기 위한 '현수막 정당'을 만들기도 하더라. 일부에 의하면 무슨 종교단체와 관계가 있다는 설도 있다""고 말했다.
이어 ""정당이라고 해서 지정된 곳이 아닌 아무 곳에나 현수막을 달게 하는 것이 옳은 일인지 모르겠다""며 ""악용이 심하면 법을 개정하든 없애든 해야 하는 것 아니냐. 옛날대로 돌아가는 방안을 정당과 협의를 해달고""고 했다.
고위공직자나 공공단체장의 혐오 발언에 대해서는 강도 높은 징계를 시사했다. 이 대통령은 ""얼마 전 어떤 기관장이 '하얀 얼굴, 까만 얼굴' 이런 얘기를 했다. 있을 수 없는 일을 하고도 멀쩡히 살아있더라""라며 이에 대한 제재 방안을 신속하게 추진해달라고 주문했다.
이는 과거 주한 외교사절을 상대로 인종차별성 발언을 한 것으로 알려진 김철수 전 대한적십자사 회장을 겨냥한 것으로 보인다. 김 전 회장은 2023년 행사에서 ""외국 대사들 별 볼 일 없는 사람들이더라"", ""얼굴이 새까만 사람들만 모였더라"" 등의 발언을 한 것으로 드러나며 지난 7일 사의를 밝혔다.
아울러 정성호 법무부 장관을 향해 ""혐오 발언 처벌을 위한 형법 개정 시 '사실 적시에 의한 명예훼손죄'를 폐지하는 방안도 검토해 달라""고 지시했다.
이 대통령은 ""(허위사실이 아닌) 실제로 있는 사실에 관해서 얘기한 것은 형사로 처벌할 일이 아니라 민사로 해결할 일인 것 같다""고 했다.
[서울=뉴시스] 최동준 기자 = 이재명 대통령이 11일 서울 용산 대통령실 청사에서 열린 국무회의에서 발언하고 있다. (대통령실통신사진기자단) 2025.11.11. photocdj@newsis.com
이 대통령은 이날 국무회의에서 국내 주식을 장기간 보유하고 있는 개인 투자자들에 대해서는 세제 등 인센티브 방안을 마련해달라고도 했다.
이 대통령은 구윤철 부총리 겸 기획재정부 장관에게 ""장기 투자에 대한 세제 혜택이 충분한가""라고 물었고, 구 장관은 ""많이 부족하다""고 답했다.
이 대통령은 이에 ""장기 투자 인센티브 부여 제도에 대해 결국 대주주들이 혜택을 보는 게 아니냐는 반론이 있다""며 ""부자 감세 논란이 있을 수 있으니 일반 투자자에게 장기투자에 대한 혜택이 있을 수 있도록 방안을 세부적으로 만들어달라""고 당부했다.
공연·스포츠 경기 암표 거래 근절 방안과 관련해서는 형벌 강화 대신 과징금을 대폭 높이고, 신고 포상금 제도 도입을 검토하라고 지시했다.
이 대통령은 ""형사처벌 강화는 반대다. 야구장 암표 판매에 법원이 징역형을 선고할 리도 없고, 괜히 수사와 재판에 돈만 들고 역량을 낭비하게 된다""며 ""차라리 과징금을 총액에서 10배에서 30배까지 높이는 식으로 상향하는 것이 낫다""고 했다. 아울러 ""신고자에게도 과징금 부과액의 10%를 포상금으로 지급하는 방안을 검토하라""고 말했다.
2035년까지의 국가 온실가스 감축 목표'(2035 NDC)도 이날 국무회의에서 의결돼 최종 확정됐다. 정부는 '온실가스 배출량을 2035년까지 2018년 대비 53%에서 61% 감축한다'는 목표를 세웠다.
이 대통령은 회의에서 ""NDC와 관련해 요즘 논란이 있지만, 탄소중립사회로의 전환은 일부 고통이 따르더라도 지속가능한 성장과 글로벌 경제 강국으로의 도약을 위해서는 반드시 가야 할 피할 수 없는 길""이라고 강조했다．"
60,"李대통령 ""내란 조사 TF 구성, 당연한 일...특검에만 의존할 일 아냐""","이재명 대통령이 11일 용산 대통령실에서 열린 국무회의를 주재하고 있다. 연합뉴스
국무회의에서 12·3 비상계엄 사태와 관련한 공직자 불법행위 가담 여부를 확인하기 위해 정부 내 TF를 꾸리자는 제안이 제기됐다. 이재명 대통령은 “당연히 해야 할 일”이라며 정부의 자체 조사 필요성에 힘을 실었다.
김민석 국무총리는 국무회의 모두발언에서 “'헌법존중 정부혁신 TF'를 정부 내에 구성할 것을 제안한다”고 했다. 이어 “이를 통해 비상계엄 등 내란에 참여하거나 협조한 공직자를 대상으로 신속한 내부 조사를 하고, 합당한 인사 조치를 할 수 있는 근거를 확보할 것”이라고 설명했다.
그는 “우리 정부의 최우선 과제는 국민주권 및 민주주의의 확립”이라고 전제하고 “그런데 현재 내란혐의 수사와 재판이 장기화하면서 내란 극복이 지지부진한 상황”이라고 진단했다.
또 “그 사이에 내란에 가담한 사람이 승진 명부에 이름을 올리는 것에 대한 문제 제기도 있었고, 이런 일들이 결과적으로 공직사회 내부의 반목을 일으키면서 국정 동력을 저하한다는 지적도 나왔다”고 밝혔다.
김 총리는 “내년 1월까지 신속하고 질서 있게 조사를 마치고 설 연휴 전에 후속 조치를 할 수 있도록 준비하겠다. 이 과정에서 공직사회의 동요를 최소화할 방법을 찾으려 한다”며 “이 대통령과 국무위원들이 동의해준다면 총리의 책임 아래 총리실에서 상세한 추진 지침을 만들겠다”고 했다.
이 대통령은 “당연히 해야 할 일인 것 같다. 내란에 관한 문제는 특검에만 의존할 일이 아니고, 독자적으로 (조사할) 일”이라며, “특검이 수사를 통해 형사처벌을 하고는 있지만, 내란에 대한 관여 정도에 따라 행정책임을 묻거나 문책이나 인사 조치를 하는 등 낮은 수준의 대응을 해야 할 사안도 있다”고 밝혔다."
61,"다이빙 中대사 ""시진핑, 李대통령과 공감대 형성""..극우 반중시위는 우려","다이빙 주한중국대사(왼쪽 첫번째)와 이창용 한국은행 총재가 '원-위안 통화스왑 계약'을 지난 1일 경북 국립경주박물관에서 체결하고 있다. 이재명 대통령과 시진핑 중국 국가주석이 박수를 치고 있다. 뉴시스
[파이낸셜뉴스] 이달 초 11년만에 성사된 한중정상회담으로 이재명 대통령과 시진핑 중국국가 주석간의 공감대가 형성됐다고 중국 정부 인사가 평가했다.
다이빙 주한중국대사는 ""시진핑 주석의 한국 국빈 방문과 양국 정상의 첫 대면회담에서 양국 발전에 대체 불가능한 전략적 리더십이 발휘됐다""고 이같이 평가했다.
다이빙 대사는 11일 '한중 전략적 협력 동반자관계의 신도약'이라는 주제로 서울 중구 프레지던트호텔에서 열린 양국 싱크탱크 대화에서 ""시 주석이 아시아태평양경제협력체(APEC) 정상회의에 참석한 자체가 회의를 개최한 한국에 대한 소중한 지지였다""고 설명했다.
그는 이어 ""(이 대통령이 발표한) 경주선언 협의과정에서도 중국측은 한국측에 매우 강력한 지지를 보냈다""면서 ""만약 한국이 주최국이 아니었다면 중국도 그렇게 강력하게 지지하지 못했을 것""이라고 강조했다.
다만 일부 국가가 경주 선언문에 세계무역기구(WTO), 국제통화기금(IMF) 내용을 포함 시키는 것을 반대했다고 아쉬움도 보였다.
그는 ""한중정상회담은 원래 1시간이었지만 실제는 100분간 진행됐다""면서 ""이번 회담으로 일련의 중요한 공감대를 형성했고 전략적 협력 동반자 관계를 재확인했다""고 말했다.
다이빙 대사는 ""경제, 무역, 금융, 사법 집행 등 10여건 이상의 협력 문서를 체결했고 이 성과는 양국 협력이 활력을 넘치는 것을 충분히 보여줬다""고 평가했다.
중국 정부의 향후 5년간 발전계획에 한국 기업들의 참여도 기대했다. 다이빙 대사는 ""중국 공산당 제 20기 중앙위원회의 제 4차 전체 회의에서 심의 통과된 계획은 중국의 향후 5년간 발전의 청사진을 제시했다. 이는 양국간의 실질적인 협력에 더 많은 기회를 가져다 줄 것""이라며 ""한국의 일부 기업인들이 이미 행동을 시작했다""고 주목했다.
양국간 민간 교류의 활성화에 대한 기대감도 보였다. 중국 정부가 한국에 대한 비자면제 정책을 2026년 말까지 연장한 것을 계기로 양국 국민들간 교류도 활발해져야 한다고 밝혔다. 하지만 한국 내 혐중 시위에 대한 우려감도 피력했다.
다이빙 대사는 ""한국의 일부 극우세력들이 중국 관련 악성루머를 조작하고 반중시위를 여는 것은 양국의 우호관계를 해칠 뿐만 아니라 한국의 국가 이미지에도 손상을 입히는 행위다. 한국측이 적절한 조치를 통해 근본적으로 해결해 나가길 바란다""고 촉구했다.
그는 이어 ""양국은 가까운 이웃이자 긴밀한 협력 파트너로서 일부 이견이 발생하는 것은 피하기 어렵다. 중요한 것은 이런 문제들을 이성적으로 바라보고 큰 그림을 파악하면서 소통을 통해서 해결해야 한다""고 말했다.
다이빙 대사는 이날 미국과 일본을 향한 견제 발언도 이어갔다. 그는 ""양국 관계는 제3자 외부 간섭에 저항해야 한다""면서 ""일방적인 보호주의, 패권주의, 디커플링(탈동조화)은 양국 공동이익을 해칠 수 있다. 함께 반대하고 국제적 공정과 정의를 수호해야 한다""고 강조했다.
그는 이어 ""이번 회의 기간에 중일, 한일, 정상간에도 양자 회담이 이뤄졌지만 아쉽게도 일본 신임 (다카이치 사나에) 총리가 최근 중국과 관련된 부정적인 발언을 하고 있다. 이는 중국으로서 받아들이기 어렵다. 중일 관계 발전에도 심각한 부정적인 영향을 미친다""고 우려했다.
다이빙 주한 중국대사(앞줄 왼쪽 세번째)가 11일 오전 서울 중구 프레지던트호텔에서 열린 '한중 전략적 협력동반자관계의 신도약' 주제로 열린 한중싱크탱크 대화에 참석해 기념촬영을 하고 있다. 사진=김경수 기자"
62,“100만원 백이 무슨 뇌물이냐”는 국힘 성일종···‘김건희에 선물’ 김기현 공개 옹호,"“돈 100만원 정도 되는 보편적인 백
뇌물로 연결하는 게 특검 할 일인가”
이 대통령 겨냥 “격에 맞지 않는 망신주기”
성일종 국민의힘 의원. 국회사진기자단
성일종 국민의힘 의원이 11일 김기현 국민의힘 의원 배우자가 김건희 여사에게 100만원대 로저비비에 명품 가방을 선물한 것에 대해 “100만원 정도 되는 백이 무슨 뇌물이냐”고 말했다. 국민의힘 의원 중 김 의원을 옹호하는 공개 발언이 나온 건 이번이 처음이다.
성 의원은 이날 KBS 라디오에서 김 여사가 받은 가방에 대해 “우리 직원들한테 물어보니 돈 100만원 정도(라고) 그러더라”며 “그게 무슨 뇌물일 것이며 (김 여사가) 보신 적도 없으신 것 같다”고 주장했다.
그는 “인사를 가야 되니까 아마 (김 의원) 사모님께서 그 정도 사셔서 가신 것 같다”며 “돈 100만원 정도 되는 보편적인 백인 것 같은데 그걸 뇌물로 연결하는 게 특검이 할 일일까”라고 말했다. 그는 이재명 대통령을 겨냥해 “야당 대표를 하신 분이지 않나”라며 “그 격에 맞지 않는 망신 주기를 하고 있다고 생각이 된다”고 말했다.
반면 박정하 국민의힘 의원은 이날 김 의원이 “사회적 예의 차원의 선물”이라고 해명한 데 대해 “있을 수 없는 일”이라고 비판했다. 그는 “김건희씨와 관련한 것들이 너무 많지 않나”라며 “(김 여사가) 로저비비에란 브랜드를 좋아한다는 소문을 확인하고 그걸 찾아 전당대회를 도와줘서 고맙다는 말까지 했다는 것 자체가 국민께 죄송스럽고 부끄러운 일”이라고 말했다.
앞서 민중기 특별검사팀은 지난 6일 김 여사 자택을 압수수색하면서 로저비비에 가방과 함께 김 의원 배우자가 김 여사에게 보낸 편지를 확보했다. 김 의원은 8일 입장을 내고 “제 아내가 신임 여당 대표의 배우자로서 대통령의 부인에게 사회적 예의 차원에서 선물한 것”이라며 “여당 대표와 대통령이 서로 원만히 업무 협력을 하는 것이 필요하다는 생각으로 덕담 차원의 간단한 인사말을 기재한 메모를 동봉했다고 한다”라고 말했다.
김 여사는 공식석상에서 로저비비에 가방을 즐겨 드는 모습을 보였다. 그는 2022년 11월 인도네시아 발리 가루다 위스누 끈짜나 문화공원에서 열린 주요 20개국(G20) 환영 만찬에서 이 브랜드 가방을 들고나왔다. 같은 제품을 이듬해 1월 서울 서초구 예술의전당에서 열린 문화예술인 신년인사회 때도 들었다."
63,‘대장동 항소포기’ 법사위 격돌 “정치 외압” vs “내란세력 검찰” [지금뉴스],"11일 국회 법제사법위원회 전체회의에서는, 검찰의 대장동 1심 판결 항소 포기를 두고 여야가 충돌했습니다.
국민의힘은 정성호 법무부 장관 등의 정치적 외압이 있었다고 주장했고, 더불어민주당은 검찰이 선택적 항명을 하고 있다고 비판했습니다.
조배숙 국민의힘 의원은 “78년 검찰 역사상 권력형 대형 비리 사건에 있어서 일부 무죄가 나온 사건의 항소 포기라는 것은 없었다”며 “항소 포기는 정치적인 외압이 가해진 것”이라고 지적했습니다.
박지원 더불어민주당 의원은 “그렇게 정의로운 검찰이라고 하면 왜 윤석열 즉시항고, 김건희의 비리에 대해서는 말하지 않고 있었나”라며 “선택적 항명을 하는 내란 세력 검찰에 대해 법무부 장관은 단호한 인사 조치로 공직 기강과 내란 청산의 모습을 보여야 한다”고 말했습니다.
이날 회의는 국민의힘이 항소 포기 관련 현안 질의를 요구해 열렸지만, 추미애 법사위원장은 여야 협의가 이뤄지지 않았다며 약 40분 만에 정회를 선포했습니다.
양측 공방 영상에 담았습니다.
(영상편집: 박준서)
■ 제보하기
▷ 전화 : 02-781-1234, 4444
▷ 이메일 : kbs1234@kbs.co.kr
▷ 카카오톡 : 'KBS제보' 검색, 채널 추가
▷ 네이버, 유튜브에서 KBS뉴스를 구독해주세요!"
64,조국 “국가가 대장동 추징 못해…항소 포기로 李 이익 없다”,"조국 전 조국혁신당 비상대책위원장이 10일 서울 여의도 국회 소통관에서 당대표 출마 기자회견을 하고 있다. 2025.11.10/뉴스1
조국 조국혁신당 전 비상대책위원장은 검찰의 대장동 사건 1심 항소 포기 논란에 대해 “이번 사건은 국가가 몰수·추징할 수 없는 사건”이라며 “이재명 대통령은 이번 항소 포기로 얻는 이익이 없다”고 주장했다.
조 전 위원장은 11일 자신의 페이스북에 “정치인이 된 후 법학 교수 출신 티를 안내려고 하는데 이번 건은 할 수 없다. 많은 언론에서 대장동 재판 항소 포기 관련하여 한동훈 등 국민의힘 정치인들의 주장을 점검 없이 그대로 싣고 있다”며 이같이 말했다.
그는 “부패 재산 몰수·추징은 언제 가능한지는 ‘부패 재산의 몰수 및 회복에 관한 특례법’ 제6조가 규정하고 있다”고 강조했다. 해당 조항은 ‘부패재산이 범죄피해재산으로서 범죄 피해자가 그 재산에 관해 범인에 대한 재산반환청구권 또는 손해배상청구권 등을 행사할 수 없는 등 피해회복이 심히 곤란하다고 인정되는 경우에는 몰수·추징할 수 있다’는 취지로 규정하고 있다.
조 전 위원장은 “이 사건의 피해자는 국가가 아니라 성남시(정확히는 성남도시개발공사)다. 성남시가 민사소송을 제기할 수 없는 경우에만 몰수·추징이 가능하다. 그런데 성남시는 이미 민사소송을 제기했고, 이번 검찰의 항소 포기 이후 손해배상액을 증대할 것이라고 공표했다”고 했다.
이어 “검찰의 항소 포기로 민사소송의 손해액 산정에 부정적 영향을 줄 수 있다고 주장할 수는 있으나, 이번 사건은 국가가 몰수·추징할 수 없는 사건”이라며 “국민의힘이나 보수언론은 이번 항소 포기를 이재명 대통령과 연결시키는 프레임을 구사하는데, 이 대통령은 이번 항소 포기로 얻는 이익이 없다”고 덧붙였다.
끝으로 그는 “법조계에 회자되는 유명한 농담성 문구가 있다. ‘검사 10년에 민사를 모르고, 검사 15년에 형사를 모르고, 검사 20년에 법 자체를 모른다’. 검사 생활 10년을 하면 민사사건을 다루지 않으니 모르게 되고, 15년이 되어 부장검사가 되면 결재만 하니 형사도 모르게 되고, 20년이 되면 자신이 법 위에 있다고 생각하거나 법을 마음대로 쥐락펴락할 수 있다고 생각하게 되어 법을 신경 쓰지 않고 살게 된다는 것”이라고 꼬집었다."
65,홍준표 “尹·韓이 검찰 망친 탓” 한동훈 “탈영병은 입 다물라”,"한동훈 전 국민의힘 대표와 홍준표 전 대구시장. /뉴시스
홍준표 전 대구시장이 검찰의 대장동 개발 비리 사건 항소 포기와 관련, “윤석열·한동훈 같은 정치 검사들의 탓”이라고 주장하자, 한동훈 전 국민의힘 대표는 “‘탈영병 홍준표’는 입 좀 다물라”라고 맞받았다.
홍 전 시장은 11일 페이스북을 통해 “요즘 검사들은 월급 받는 샐러리맨에 불과하지 기개라는 건 찾아보려야 찾아볼 수가 없다”며 “검찰의 사명은 거악의 척결인데 거악의 인질이 되어 헤매다가 해체당하는 검찰은 도대체 뭐 하는 조직인가”라고 했다.
이어 “검사들이 저 지경이 되고 검찰 조직이 해체되었는데도 아무런 저항도 하지 않고 각자도생에 급급한 모습을 보이는 건 아무래도 윤석열·한동훈 같은 검찰을 망친 정치 검사들의 탓이 아닌가”라며 “정의를 향한 일념으로 검찰에 평생을 바친 훌륭한 선배들이 그리 많았는데도 어쩌다가 검사와 검찰이 저 지경까지 몰락하고 타락했을까”라고 했다.
홍 전 시장은 “결국 검찰의 정치화가 초래한 비극이지만 그 피해는 고스란히 국민에게 돌아갈 것”이라며 “안타깝고 답답하다”라고 덧붙였다.
이에 한 전 대표는 같은 날 페이스북을 통해 “이재명 정권에 겁먹고 탈당해 도망간 ‘탈영병 홍준표’는 입 좀 다물라”라고 했다. 앞서 홍 전 시장은 지난 4월 국민의힘 대선 후보 경선에서 탈락하자 정계 은퇴 및 탈당을 선언한 바 있다.
한 전 대표는 홍 전 시장이 이재명 대통령과 악수하고 있는 사진 등을 함께 공유하며 “지금 다들 싸우고 있는데, 이재명 정권에는 찍소리도 못 하면서”라고도 했다."
66,"조국, 당 대표 출마 공식화","조국혁신당 조국(사진) 전 비상대책위원장이 10일 당대표 선거 출마를 선언했다.
조 전 위원장은 이날 국회에서 기자회견을 열고 ""지금까지의 조국을 과거의 조국으로 남기고 '다른 조국', '새로운 조국'으로 국민과 다시 시작하겠다""며 당대표 도전을 공식화 했다. 이어 ""과감한 혁신으로 국민 신뢰를 회복하고 당 위기를 돌파하겠다""며 ""설익고 무례한 흡수합당론에 흔들리지 않게 강철처럼 단단한 정당을 만들겠다""고 말했다. 또, 그는 내년 치러질 6월 지방선거의 의미를 '내란·극우 세력 척결'로 규정하면서 ""국민의힘 소속 광역단체장 제로를 만들고 기초단체장들을 반토막 내 내란세력의 뿌리를 뽑겠다""고 강조했다. 이세훈 기자
#공식화 #당대표 #조국혁신당 #비상대책위원장 #위원장"
67,"성일종 “김건희 로저비비에백 100만원 정도, 그게 무슨 뇌물이냐…특검이 할 일이냐”","KBS라디오 ‘전격 시사’에서 발언
“100만원 정도 되는 그냥 보편적인 백”
윤석열 전 대통령 부인 김건희 여사가 지난 2023년 1월 문화예술인 신년인사회에서 로저비비에 클러치백을 손에 쥔 모습. [연합]
[헤럴드경제=한지숙 기자] 성일종 국민의힘 의원은 김기현 의원 부인이 윤석열 전 대통령 부인 김건희 여사에게 로저비비에 클러치백을 준 것에 대해 “그냥 보편적인 백인 것 같다”면서 특검을 겨냥해 “전직 야당 대표 망신주기”라고 반발했다.
성 의원은 11일 KBS라디오 ‘전격 시사’에서 김건희특검이 ‘김기현 의원이 당대표로 밀어준 것에 대한 감사의 표시로 로저비비에 백을 준 것 아닌가’ 의심하고, 수사를 준비 중인 데 대해서 ‘의례적, 예의 차원의 선물이었을 뿐’이라고 한 김 의원의 주장을 지지했다.
국민의힘 성일종 의원 [연합]
성 의원은 “우리 직원들에게 ‘이 백 얼마나 하냐’고 물었더니 ‘100만 원 정도 한다’고 그러더라”며 “그게 무슨 뇌물일 것이며, 그냥 인사를 가야 되니까 아마 사모님께서 그 정도 사셔서 가신 거 같다”고 했다. 이어 “제가 백을 잘 모르지만 돈 100만원 정도 되는 그냥 보편적인 백인 것 같은데 그것을 갖고 뇌물로 연결한다고 하는 게 그게 특검이 할 일이냐”고 했다.
그러면서 “야당 대표를 하신 분 아니냐. 그 격에 맞지 않는 일을 지금 망신주기를 하고 있다고 생각된다”고 했다.
앞서 김재원 국민의힘 최고위원도 “백 하나 정도로 영향을 미쳤겠냐”고 김 의원 측을 감쌌다.
김 최고위원은 전날 오후 YTN과 인터뷰에서 “(2023년 3월 8일 전당대회 때) 나경원 의원을 못 나오게 만들고 김기현 의원이 당선되는 과정에서 조금 세몰이가 있었던 건 틀림없지만 백 하나 정도로 영향을 미쳤겠냐”며 “(그 정도 백을 준 것을) 부끄럽게 보지 않는다”라며 김 여사를 정당법 위반(50조 당대표 경선 등의 매수 및 이해유도죄) 혐의로 추가 기소한 특검이 로저비비에 손가방을 그 증거로 보고 있는 것을 막아섰다.
이준우 국민의힘 대변인도 같은 방송에서 “민주당 최민희 의원의 경우 축의금을 받았다가 돌려준 것만 거의 천만 원에 가깝다. 그럼 100만 원짜리 축의금을 대여섯 개 정도 받았지 않았겠냐”라며 그에 비하면 김기현 의원 부인의 선물은 규모가 작은 것인데 “김 의원 사퇴까지 이야기하는 건 좀 지나치다”고 주장했다.
앞서 김건희 특검은 지난 6일 윤 전 대통령 부부 서초동 자택에서 명품 브랜드 로저비비에 클러치백 등을 압수했고, 감사 편지도 발견한 것으로 파악됐다.
이에 김기현 의원은 8일 입장문을 내고 “제가 2023년 3월 당 대표로 당선된 후 아내가 김건희 여사에게 클러치백 1개를 선물한 사실이 있다”며 “신임 여당 대표의 배우자로서 대통령 부인에게 사회적 예의 차원에서 선물한 것”이라고 해명했다.
그는 “여당 대표와 대통령이 서로 원만히 업무 협력을 하는 것이 필요하다는 생각으로 덕담 차원의 간단한 인사말을 기재한 메모를 동봉했다고 한다”고 덧붙였다.
김 의원은 “이미 여당 대표로 당선된 저나 저의 아내가 윤 전 대통령 부부에게 청탁할 내용도 없었고, 그럴 이유도 없었다”며 “제 아내가 김 여사에게 했던 선물은 배우자끼리 사인 간의 의례적인 예의 차원의 인사였을 뿐 그 이상 그 이하의 의미도 없다”고 강조했다."
68,"中 ""미국의 관세·무역·기술전쟁, 중국에 어떤 충격도 없어…오히려 강인하게 성장""","다이빙 주한 중국대사 ""중한 관계, 제3자 겨냥하지 않고 제3자로부터 간섭도 안돼"" 미국 견제
다이빙 주한 중국대사가 미국이 중국을 상대로 추진했던 관세 및 무역 전쟁이 실제 중국에 어떠한 영향도 미치지 못했다면서, 중국은 오히려 이를 통해 더 많은 발전을 이뤘다고 주장했다. 한중관계에 대해서는 제3자의 간섭이 없어야 한다며 미국의 견제를 우려하는 듯한 모습을 보였다.
11일 한국의 싱크탱크인 글로벌전략협력연구원(원장 황재호)과 중국의 글로벌거버넌스연구원(텐스천 원장)이 '한중 전략적 협력동반자관계의 신(新) 도약'을 주제로 공동 개최한 한중싱크탱크대화에 참석한 다이빙 대사는 에이펙(APEC) 정상회의를 계기로 열린 시진핑 중국 국가 주석과 도널드 트럼프 미국 대통령의 정상회담을 평가하면서 이같이 말했다.
그는 ""미국이 일으키는 관세전쟁, 무역전쟁, 기술전쟁은 중국에 그 어떤 충격도 주지 않았다. 중국이 더 많은 제도적 발전을 이룰 수 있도록 했다. 오히려 중국은 강인하고 자신감 넘치게 성장했다. 이는 이미 사실로 증명됐다""고 주장했다.
다이빙 대사는 ""미 측도 중국과 같은 방향으로 나아가며 강대국으로서 책임감을 보이고 언행일치를 통해 양국 정상 간 합의를 충실히 이행하길 바란다""며 ""중미 관계가 건강하고 안정적으로 발전하는 것을 한국도 바랄 것""이라고 말했다.
다이빙 대사는 시 주석의 에이펙 참석이 ""아시아-태평양 지역의 개방적 협력을 선도하고 있는 것""이라며 ""현재 다자무역 체제가 심각한 충격을 받고 있는데, 시 주석은 두 차례 주요 연설을 통해 에이펙 창설 취지를 견지하고 포용적 경제 세계화를 강조했다. 이는 반(反)세계화 담론에 강력히 대응한 것""이라고 평가했다.
이어 그는 한중 관계와 관련해 ""글로벌 정세 격변 속에서 중한 간 우호협력 강화는 그 어느 때보다 중요하다""라며 ""전략적 소통을 강화하고 상호신뢰를 심화""하면서도 ""일시적 일 때문에 흔들리면 안 된다""고 강조했다.
다이빙 대사는 ""중한관계는 제3자를 겨냥하지 않고 제3자로부터 간섭받아도 안 된다""라며 반도체를 비롯한 첨단산업에서 한중 간 협력을 견제하려는 미국의 움직임을 경계하기도 했다.
그는 ""양측은 외교 불간섭이라는 확고한 전략적 원칙을 고수하고 보호무역에 반대해야 한다. 디커플링(decoupling, 탈동조화)은 중한 양국의 공동 이익을 해치는 것""이라고 덧붙였다.
다이빙 대사는 이어 ""한국의 극우세력이 악성루머를 조작하고 반중시위를 여는 것은 중한 간의 호혜관계를 해치고 한국의 국가 이미지를 해치는 것""이라며 ""한국 측이 근본적으로 해결하길 바란다""는 주문을 하기도 했다.
▲도널드 트럼프(왼쪽) 미국 대통령과 시진핑 중국 국가주석이 지난달 30일 부산 공군 제5공중기동비행단 내 나래마루에서 미중 정상회담을 마친 뒤 회담장을 나서며 대화하고 있다. ⓒ연합뉴스
다이빙 대사는 시 주석이 에이펙 정상회의 기간에 다카이치 사나에 일본 총리와도 회담을 가졌지만, 다카이치 총리가 최근 대만 유사시 자위대가 개입할 수 있다는 식의 발언을 하는 등 양국관계의 긴장을 높이고 있다고 지적했다.
그는 ""중일 정상 간에도 양자회담이 있었지만 아쉽게도 일본의 신임 총리는 최근 들어 중국 관련 부정적 발언을 하고 있는데 이는 중국으로서 받아들이기 어렵다""며 ""중일관계의 건전한 발전에도 심각한 영향을 미쳤다""고 평가했다.
앞서 7일 다카이치 총리는 중의원 예산위원회에 출석해 대만의 유사시가 일본의 안보관련법에 명시된 '존립위기상태'에 해당한다고 밝혀 파장이 일었다. '존립위기상태'는 일본이 공격을 받지 않은 상황에서도 일본과 밀접한 다른 국가가 공격을 받아 일본의 영토가 국민 생명에 위협이 되는 경우 규정할 수 있는데, 이럴 경우 일본은 집단적 자위권을 행사하여 자위대를 출동시킬 수 있다.
다카이치 총리는 또 지난달 31일 열린 에이펙 계기 중일 정상회담에서 센카쿠 열도(尖角列島, 중국명 댜오위다오·釣魚島)를 포함한 동중국해와 남중국해 문제, 홍콩과 신장 위구르 자치구의 상황을 포함한 지역 정세에 대해 문제를 제기했다면서 중국에 강경한 입장을 드러내기도 했다.
한편 이날 행사에는 한중의원연맹 사무총장을 맡고 있는 더불어민주당 홍기원 의원도 참석했다. 그는 축사에서 ""사드 사태와 미중 전략경쟁이라는 국제 정세 속에서 어려운 시간을 보내왔지만, 이재명 정부 출범 이후 양국 관계는 새로운 발전의 전기를 맞이하고 있다""며 ""한중 양국은 떼려야 뗄 수 없는 관계이며 싫다고 이사 갈 수 없는 영원한 이웃이다. 지난 몇 년 간의 비가 양국 관계의 단비가 되도록 함께 노력하자""라고 말했다.
텐스천 글로벌거버넌스연구원장은 이날 개회사에서 ""미중 경쟁과 같은 외부적 도전이나 극단적 민족주의와 같은 내부적 장애물에도 불구하고 흔들림 없이 나아가야 한다""라고 당부했다.
황재호 원장은 이날 개회사에서 ""오늘 황남빵을 준비하려고 했는데 경주에 여러 번 전화했는데 한 달 이상 기다려야 한다고 한다""라며 ""한중관계에 대한 양국 국민의 기대가 높아졌다고 생각하게 됐다""고 화답하기도 했다. 황남빵은 시 주석이 이재명 대통령과 정상회담에서 극찬하면서 화제가 되기도 했다."
69,“10·15 대책 하루 미룰 수 없었나”…끼워 맞추기에 부동산 정책 신뢰도 하락,"주택 가격 통계 나오는 15일에 대책 발표…9월 통계 못 넣어
국힘 “수도권 10곳, 부당하게 규제지역 포함”, 행정소송 예고
서울 외곽지역 중심 규제지역 해제 ‘아우성’…“거래 올스톱”
ⓒ뉴시스
[데일리안 = 임정희 기자] 10·15 부동산 대책과 관련해 통계 조작·배제 논란이 확산되고 있는 가운데 서울 외곽과 경기 일부 지역에선 규제지역(조정대상지역·투기과열지구) 지정을 해제하라는 요구가 나오고 있다.
11일 부동산 업계에 따르면 국민의힘은 전날인 10일 규제지역 지정과 관련해 서울과 경기 10개 지역을 대상으로 규제지역 지정 해제를 위해 행정처분 취소 소송을 예고했다.
앞서 국민의힘은 최신 자료인 9월 주택가격 통계가 10·15 대책에 반영됐다면 서울 은평·중랑·금천·강북·도봉구와 성남 수정·중원구, 수원 팔달·장안구, 의왕시 등은 규제지역 요건을 충족하지 못했을 것이라고 지적했다.
국민의힘 “행정소송 불사” vs 국토부 “법적 근거 명확”
이번 논란에서 쟁점이 되는 부분은 규제지역을 지정하기 위한 기준 시점이다. 한국부동산원에선 매달 15일 직전월에 대한 전국주택가격동향조사를 발표하는데 정부는 지난달 15일 부동산 대책을 발표하면서 9월 주택가격 통계 발표 전 주거정책심의위원회(주정심)가 열렸다는 이유로 6~8월에 대한 통계를 토대로 규제지역 논의를 진행했다.
특히 주정심이 열린 지난 13일에 국토부는 9월 주택가격 통계를 먼저 전달받았지만 통계 공표 전 사용은 통계법을 위반할 수 있어 활용이 불가능했다는 입장이다.
사실상 정부가 10·15 대책이 아닌 10·16 대책을 내놨다면 주정심에서도 7~9월 통계를 기준으로 규제지역 지정에 대한 판단을 내놨을 것이고 이에 따라 규제지역 지정 범위도 달리 결정됐을 가능성도 배제할 수 없다.
이에 국민의힘은 정부가 의도적으로 7~9월 주택가격 통계가 아닌 6~8월 통계를 사용해 서울 전 지역과 경기 12지역에 대한 규제지역 지정을 밀어붙였다고 지적하며 규제지역 해제를 위한 행정소송을 진행하기로 했다. 앞서 개혁신당에서도 행정소송을 예고한 바 있다.
전날 김은혜 국민의힘 원내정책수석부대표는 국회에서 기자회견을 열고 “10·15 부동산 대책은 9월 주택 동향 통계를 제외한 위법적 폭력적 행정 처분”이라며 “서울과 경기 10개 지역이 부당하게 규제 대상에 포함됐다”고 비판했다.
이어 “정부의 위법 행정으로 애꿎은 주민들이 규제대상이 됐고 안 내도 될 세금을 납부하게 됐다”며 “국민의힘은 피해 지역 주민들의 의견을 모아 행정처분 취소 소송에 돌입하겠다”고 했다.
10·15 대책 발표가 소송전으로 확산될 조짐이 보이자 김윤덕 국토부 장관도 전날 국회 예산결산특별위원회 전체회의에 출석해 “명확한 법적 근거에 대해 얼마든지 설명할 수 있다”며 이를 반박했다.
김 장관은 “주거정책심의위원회가 9월 13일에 이미 회의 절차에 들어갔기에 다음 달 통계를 활용할 수 없다는 법적 근거를 갖고 그 전 월인 8월 통계로 심의를 진행해 그 결론에 따라 대책을 발표했다”고 부연했다.
그러면서 “(야권이) 행정소송을 한다고 했기에 저희는 법적으로 어떤 것이 분명하게 옳은지 판결이 나올 것으로 생각한다”며 “행정소송에서 진다면 (규제 해제)는 당연하다고 생각한다”고 말했다.
ⓒ뉴시스
“규제지역 풀어달라…부동산 시장 얼어 붙어”
9월 통계 반영 시 규제지역 지정 요건을 채우지 못했을 것으로 예상되는 서울 외곽과 경기 일부 지역에선 규제를 풀어야 한다는 목소리가 나온다.
이들 지역은 강남권과 한강벨트, 경기 과천·성남 분당구 등과 달리 거래 가격이 급등한 곳은 아니었기 때문이다. 당초 10·15 대책 발표 때에도 풍선효과를 우려한 정부가 무리하게 규제지역을 확장했다는 지적이 나오기도 했다.
하지만 부동산 대책 효력이 발생한 이후 경기 구리·화성 등을 중심으로 또 다른 풍선효과가 나타나고 있어 규제 영향권 아래 있는 서울 외곽과 경기 일부지역에선 역차별이란 불만도 큰 분위기다.
서울 노원구 한 중개업소 관계자는 “규제를 해도 실수요가 사라지는 것이 아니기 때문에 집을 구해야 하는 사람들은 매물을 보러 온다”며 “오히려 이번 대책으로 실수요자들이 집을 사는 절차가 복잡해져 피해를 입게 된 것”이라고 말했다.
이어 “노원쪽은 노후화된 아파트가 많아서 집을 팔고 의정부 신축으로 넘어가려는 수요도 많다”며 “젊은 실수요자들은 서울 외곽에 집을 못 구해서 문제며 고령의 집주인들은 집을 팔 수가 없어 경기 외곽으로 이동이 불가능한 것이 문제”라고 지적했다.
중랑구 중개업소 관계자도 “풍선효과를 차단한다고 무리하게 규제했지만 결국 (규제를 적용받지 않는) 남양주와 구리로 수요가 퍼졌다”며 “결국 규제가 중요한 게 아니라 집을 당장 사야 한다는 불안심리를 해소하는 것이 필요하다”고 꼬집었다.
또 “오히려 규제 때문에 불안함이 커지는 것 아니냐”며 “서울에 집 판다는 사람이 있어야 공급이 유지되는 건데 지금은 시장 자체가 멈췄다”고 진단했다.
실제로 한국부동산원에 따르면 동탄신도시가 위치한 화성과 구리, 남양주 등은 아파트값이 2주 연속 상승했다.
조주현 건국대 부동산학과 교수는 “정부는 급하게 오르는 부동산 가격을 진정시켜야 한다고 판단한 거 같다”며 “다만 광범위하게 규제지역이 지정되면서 일부 억울한 지역도 있을 것”이라고 주장했다.
그러면서 “풍선효과를 선제적으로 대응하고자 했지만 부동산 시장에 대해 앞을 내다보기가 쉽지 않다”며 “이번 대책의 강력한 규제는 거래를 단시간 동결한 것이기 때문에 근본적인 대책이 될 수 없고 정부도 오래 끌고 갈 수는 없을 것”이라고 덧붙였다."
70,"한동훈 ""조국 '교수 티'? 무식한 티 난다""…대장동 몰수 놓고 기싸움","조국혁신당 대표 후보로 단독 출마한 조국 전 비상대책위원장이 11일 검찰의 대장동 항소 포기로 수천억원대의 범죄 수익 환수가 어려워졌다는 지적에 “국가가 몰수·추징할 수 없는 사건”이라고 주장했다. “정치인이 된 후로 법학 교수 출신 티를 안 내려고 하는데, 이번 건은 할 수 없다”면서다.
조국 전 조국혁신당 비상대책위원장이 10일 서울 여의도 국회 소통관에서 당대표 출마 기자회견을 하고 있다. 뉴스1
조 전 위원장은 이날 페이스북에 부패 재산의 몰수 및 회복에 관한 특례법 제6조를 인용하며 “제3조(부패 재산)의 재산이 범죄 피해 재산으로서 범죄 피해자가 그 재산에 관해 범인에 대한 재산반환청구권 또는 손해배상청구권 등을 행사할 수 없는 등 피해회복이 심히 곤란하다고 인정되는 경우에는 몰수·추징할 수 있다”고 적었다. 이어 “이 사건의 피해자는 국가가 아니라 성남시(정확히는 성남도시개발공사)”라며 “성남시가 민사소송을 제기할 수 없는 경우에만 몰수·추징이 가능하다”고 덧붙였다.
조 전 위원장은 “성남시는 이미 민사소송을 제기했고, 검찰의 항소 포기 이후 손해배상액을 증대할 것이라고 공표했다”며 “검찰의 항소 포기로 민사소송의 손해액 산정에 부정적 영향을 줄 수 있다고 주장할 수는 있으나, 이번 사건은 국가가 몰수·추징할 수 없는 사건”이라고 강조했다. 그러면서 “법조계에서 회자되는 유명한 농담성 문구가 있다. ‘검사 10년에 민사를 모르고, 검사 15년에 형사를 모르고, 검사 20년에 법 자체를 모른다’(는 문구다)”며 검찰을 비꼬았다.
서울대 법학전문대학원 교수 출신으로, 문재인 정부에서 민정수석과 법무부 장관을 지낸 조 전 위원장은 검찰의 대장동 항소 포기 사건 후 적극적으로 목소리를 내왔다. 특히 윤석열 정부에서 법무부 장관을 지낸 한동훈 전 국민의힘 대표와 날 선 공방을 벌이고 있다.
조 전 위원장은 전날엔 MBC 라디오에서 “(항소 포기 결정에 대한 검찰 내 반발의) 실제 속내는 검찰의 보완수사권을 확보하기 위한 것”이라며 “검찰도 그렇고 한동훈씨도 신난 것 같다”고 말했다.
한동훈 국민의힘 대선 경선 후보가 22일 오전 서울 여의도 국회 소통관에서 정책 비전발표를 하고 있다. 뉴스1
한 전 대표가 항소 포기를 “검찰의 자살”로 표현한 것에 대해선 “가소롭다. 검찰을 죽도록 만든 사람이 바로 윤석열·한동훈 같은 정치 검사들”이라며 “한동훈씨가 지금 국민의힘 안에서 장동혁 대표에게 밀려 아무 일도 못 하고 있지 않나. 이번 기회에 당권 경쟁을 하고 존재감을 부각하려고 이슈 파이팅을 하는 것 같다”고 했다.
이와 관련, 한 전 대표는 이날 페이스북에서 “조국이 전직 교수 티를 내겠다고 말했던데, 의도와 다르게 무식한 티만 난다. 모르면서 대충 우기는 거로 교수 때부터 지금까지 도대체 몇십년을 버티는 거냐”고 직격했다. 이어 한 전 대표는 “조국 말이 헛소리라는 게 대장동 일당 판결문에 친절하게 나와 있다”며 “피해자 성남도시개발공사는 ‘민사소송을 제기했더라도’ 부패자산몰수법 제6조 제1항 피해회복이 심히 곤란하다고 인정되는 경우라는 게 법원의 판단”이라고 적었다.
앞서 1심 법원은 대장동 개발사업 진행 과정에 있던 업무상 배임 혐의와 관련한 이재명 대통령의 재판이 중단된 점 등을 이유로 “(성남도시개발)공사가 대장동 관련 형사소송 결과가 모두 나온 뒤에 민사소송 절차를 통해 피해를 회복하는 건 심히 곤란하게 되었다고 봄이 상당하다”고 판시했다. 이에 한 전 대표는 “전직 교수 조국씨, 도망가지 말고 판결문 읽어봤는지, 계속 우길건지 답해보라”고 물었다.
한편, 조 전 위원장은 전날 국회에서 기자회견을 열고 조국혁신당 대표 선거 출마를 공식 선언했다. 조국혁신당은 23일 전당대회에서 대의원 및 당원 투표를 통해 지도부를 선출할 계획이다."
71,"'용산→청와대' 대통령실 다시 옮긴다…""12월 계획…시설 정비 막바지""","[사진 연합뉴스]
[이코노미스트 김기론 기자] 대통령집무실이 다음달 청와대로 다시 이전한다. 12월 14일쯤 서울 용산에 있는 춘추관 등 일부 시설부터 옮길 계획으로 알려져 화제다.
11일 뉴스1 보도 등에 따르면 지난 2022년 5월 윤석열 정부 출범과 함께 용산으로 이전한 춘추관 등 대통령실 일부 시설은 이 시기를 전후로 청와대로 옮겨진다.
대통령집무실 등 시설 대부분은 연내 이전을 마무리할 계획이고, 대통령 관저는 내년 상반기 중 이전할 것으로 예상된다.
앞서 강훈식 대통령비서실장은 지난 6일 국회 운영위원회 국정감사에서 ""용산 대통령실을 청와대로 이전하는 문제는 연내를 목표로 공사가 진행 중""이라면서도 보안상의 문제 등으로 관저를 옮기는 문제는 내년 초나 상반기까지 봐야 할 것 같다고 밝힌 바 있다.
관계기관의 청와대 이전도 차차 진행될 것으로 보인다. 대통령경호처는 시설 정비 작업 막바지인 것으로 알려졌으며, 청와대 경호·경비를 맡는 서울경찰청 101·202경비단도 건물 수리 등 이전 작업을 마무리 중으로 전해졌다.
청와대 인근 통의파출소와 옥인파출소는 현재는 평일 오전 9시부터 오후 6시까지 운영하며 간단한 민원 접수 등을 담당하는 '주간 파출소'로 운영 중이지만, 경찰은 24시간 체제로 전환하는 방안을 검토 중이다.
청와대 복귀는 이재명 대통령의 공약이자 초기 국정 설계 구상에 포함돼 있었던 과제다. 이 대통령은 ""대통령 당선 직후에는 용산 대통령실을 사용하고, 청와대를 빠르게 보수해 최대한 이른 시일 내에 청와대로 들어가겠다""고 말한 바 있다. 이에 민간에 전면 개방된 청와대의 일반 개방을 지난 8월부터 종료하고, 복귀 작업을 이어왔다.
다만 대통령 관저는 내년 상반기에 이전될 가능성이 높다. 강훈식 대통령비서실장은 지난 6일 국회 운영위원회 국정감사에서 “대통령 관저를 옮기는 문제는 보안 상의 문제 때문에 연말까지 옮기는 것은 가능하지 않을 수 있다”고 언급한 바 있었다.
중앙일보 보도에 따르면 대통령실은 관저를 어디로 이동할지도 아직 여러 후보를 검토하고 있다고 한다.
또, 유홍준 국립중앙박물관장은 지난달 22일 국회 문화체육관광위원회 국정감사에 출석해 “(청와대 내 관저는) 음습한 자리여서 풍수 문제뿐 아니라 건축가들의 입장에서도 생활공간으로 부적격하다는 의견이 있다”고 말했다. 유 관장은 대통령실에 삼청동 안가를 관저로 사용하는 방안을 건의했다고 밝혔다."
72,"오세훈 “김민석 총리, 종묘 두고 국민 선동…정부 할 일 아냐” [현장영상]","오세훈 서울시장이 정부와 김민석 국무총리를 향해 종묘 문제로 국민감정을 자극하면서 선동을 하고 있다고 비판했습니다.
서울 종로구 세운4구역 재개발사업을 두고 일각에서 제기된 유네스코 세계유산 지정 해제 우려에 대해서도 ‘기우’라고 일축했습니다."
73,'한미 팩트시트' 내주로 연기되나,"조현 장관 이번주 해외 출장
한미정상회담의 세부 협의 내용을 담은 '팩트시트' 공개가 일주일 더 연기되는 것이 아니냐는 조심스런 전망이 나오고 있다. 조현 외교부 장관이 이번주 내내 해외 출장을 이어가면서 팩트시트 최종 공개 시기도 더 미뤄질 수 있다는 것이다. 외교부는 미국 정부에서 보내온 팩트시트 협의 내용을 수신해 대통령실과 각 부처와 공유해왔다.
조 장관은 9~11일 2박 3일간 캄보디아 출장에 이어 11~14일까지 캐나다에서 3박 4일간 열리는 주요7개국(G7) 외교장관 회의에 연이어 참석한다. 조 장관이 이번주 한주간 국내에 부재하면서 한미정상회담 팩트시트 조율을 위한 업무도 영향이 불가피해졌다.
조 장관의 이번주 캄보디아 출장은 우리 국민 대상 취업사기 및 납치감금 피해에 대응하기 위한 후속 조치의 일환이다. 뒤이어 캐나다에서 열리는 G7 회원국 외교장관 회의에는 마코 루비오 미 국무장관도 참석할 예정이다. 한미 외교수장들의 만남이 성사되면 자연스럽게 팩트시트 관련 대화가 이뤄질 수도 있다. 정부 당국자는 ""한미간의 만남시 중요한 협의가 생길 수도 있다""며 가능성을 배제하지 않았다."
74,"김 총리, '경찰개혁' 방안 마련 긴급지시…""수사역량 획기적 제고하라""","[서울=뉴시스] 김명원 기자 = 김민석 국무총리이 10일 서울 종로구 정부서울청사에서 열린 탄소중립녹색성장위원회 전체회의에 참석해 발언하고 있다. 2025.11.10. kmx1105@newsis.com
[서울=뉴시스]조재완 기자 = 김민석 국무총리는 11일 경찰 수사역량을 강화하는 '경찰개혁' 방안을 마련하라고 행정안전부와 경찰청에 긴급 지시했다.
국무총리실에 따르면, 김 총리는 정부가 추진 중인 검찰개혁과 관련해 ""경찰도 수사역량을 획기적으로 제고하고, 국민의 민생과 안전을 보다 촘촘하게 보호할 수 있는 종합적인 경찰개혁 방안을 조속히 마련하라""고 주문했다.
김 총리는 최근 폐막한 경주 APEC(아시아태평양경제협력체) 정상회의에 파견된 일부 현장 경찰관들의 열악한 근무 여건 문제가 보고되자, 이들의 노고를 위로하는 메시지도 전달했다고 총리실은 밝혔다.
총리실은 ""경찰청은 사실관계 등 경위를 정확히 보고하고, 합리적인 대책을 수립해 보고할 것""이라고 설명했다．"
75,"""질문이 정성호 대변인 같다""...나경원, 라디오 인터뷰 중 설전","나경원 국민의힘 의원이 31일 서울 여의도 국회 소통관에서 법제사법위원회 국정감사 총평 기자회견을 하고 있다. photo 뉴스1
나경원 국민의힘 의원이 검찰의 '대장동 항소 포기' 논란과 관련한 라디오 인터뷰에서 진행자의 질문이 ""정성호 법무부 장관 대변인 같다""고 발언해 논란이 일었다.
나 의원은 11일 YTN 라디오 '김영수의 더 인터뷰'에 출연해 ""어제 정 장관이 검찰 수사의 문제점도 지적하면서 (검찰이) 남욱 변호사를 위협했다고 했다""는 진행자의 말에 ""앵커분의 질문 자체가 정 장관 대변인 같다""며 ""정 장관이 '뭐라고 했다'며 그걸 자꾸 반박하라고 한다""라고 꼬집었다.
이에 진행자가 ""이 질문은 (앞서 인터뷰한) 박주민 더불어민주당 의원에게도 똑같이 했다""며 ""똑같이 해서 여야의 입장을 듣는 것""이라 해명하자 나 의원은 ""그러니까 질문 자체가 정성호 장관에 대한 걸 계속 물어본다""며 날을 세웠다.
나 의원은 이날 인터뷰에서 노만석 검찰총장 대행, 정성호 법무부 장관, 이진수 법무부 차관, 박철우 대검 반부패부장 등 주요 인사들이 사퇴해야 한다고 주장했다. 그는 ""대통령도 탄핵감이고 법무부 장관도 탄핵감이고 검사장급 이상들, 검찰총장 대행부터 탄핵감이다""라고 말했다.
아울러 정 장관이 전날 '검찰의 항소 포기는 문제없다'는 입장을 밝힌 것을 두고는 ""궤변 중 궤변""이라며 강하게 비판했다. 나 의원은 ""예전에 이재명 대통령이 당 대표 시절에 (정 장관에 대해) '끝까지 같이 갈 사람, 배신하지 않을 사람이다'라고 했다""며 ""이 대통령의 사법연수원 18기 동기인 정 장관의 눈물겨운 대통령 지키기이고 실질적으로 이것은 외압을 자백한 것""이라 지적했다.
※주간조선 온라인 기사입니다."
76,"盧·鄭 모두 못 만난 국힘 ""자진 사퇴 안 하면 탄핵""","서초·과천 찾아가서 '대장동 항소포기 외압' 규탄
노만석 연가·정성호 면담 거부…장동혁 ""안 물러나면 탄핵""
내일 全당원 규탄대회…오후 여야 '국정조사 합의' 주목
국민의힘 장동혁 대표와 송언석 원내대표를 비롯한 의원들이 11일 경기 과천시 법무부 청사 앞에서 대장동 항소 포기 규탄대회를 하고 있다. [사진=연합뉴스]
국민의힘이 11일 국회 일정을 제쳐두고 대검찰청과 법무부를 잇달아 방문했지만, '대장동 사건 항소 포기 외압 의혹'의 핵심 책임자로 지목한 노만석 검찰총장 직무대행과 정성호 법무부장관 모두를 만나지 못했다.
야권과 검찰 내부의 거취 압박에도 노 대행과 정 장관 모두 별다른 입장을 밝히고 있지 않은 가운데, 국민의힘은 결국 두 사람에 대한 탄핵소추안 제출 계획을 공개적으로 언급하며 압박 수위를 한층 끌어올렸다.
장동혁 대표는 이날 오후 경기 과천 법무부 청사 앞에서 열린 당 규탄대회 직후 기자들과 만나 ""스스로 물러나지 않으면 누군가는 반드시 책임을 져야 한다""며 ""노 대행과 정 장관의 책임은 이미 스스로 자백해서 밝혀졌다고 생각한다""고 말했다.
이는 노 대행이 전날 대검 연구관들과 만난 자리에서 '검찰도 어려운 상황이라 용산과 법무부와의 관계를 고려해야 했다'는 취지로 설명한 게 사실상 법무부-대검의 외압 의혹을 자백한 것이란 해석에서 비롯된 것이다.
장 대표는 ""대통령의 책임은 국정조사와 특검을 실시해 밝혀야 한다""며 ""스스로 물러나지 않으면 책임이 스스로 밝혀진 사람에 대해선 탄핵을 추진하겠다""고 말했다.
국민의힘이 탄핵소추안 발의 가능성이 아닌 '탄핵 추진 계획'을 명시적으로 언급한 것은 이번이 처음이다. 헌법상 탄핵소추안 발의는 국회 재적 의원 3분의 1 이상 동의로 가능해, 국민의힘 단독 발의도 절차상 가능하다. 다만 가결에는 재적 의원 과반의 동의가 필요한 만큼, 표결 가능 의석 106석을 보유한 국민의힘이 단독으로 처리하기는 어렵다. 당은 그럼에도 탄핵안 발의 자체가 여론전과 대정부 압박의 상징적 의미를 지닌다고 보고 있다.
국민의힘은 이제까지 검찰과 정부 대응을 지켜보며 노 대행과 정 장관에 대한 탄핵소추안 발의 등 추가 압박 카드를 빼들지 여부를 고심 중이었다. 자력 가결이 불가능해 실익이 없는 탄핵 카드를 섣불리 꺼냈다가는 중도층으로부터 역풍에 휩싸일 위험도 있기 때문이다.
이에 당은 당초 이날 노 대행과 정 장관 면담을 통해 외압 의혹 경위를 파악하고 자진 사퇴를 거듭 요구할 방침이었다. 그러나 노 대행은 연가를 내고 출근하지 않았고, 대검은 반부패부장을 대신 내보내 달라는 당의 요구도 거부했다. 정 장관 역시 면담 요청에 응하지 않으면서, 당은 ""기다릴 수 있는 한계를 넘었다""고 판단한 것으로 보인다. 이날 출근하지 않은 노 대행도 법조계 일각에서 오후 중 자진 사퇴를 표명할 것이란 관측이 나왔지만 아직까지 별다른 입장이 없는 상황이다.
장 대표는 ""규탄을 위해 법무부에 왔지만 정 장관도 자리에 없고, 총장 대행도 자리를 비웠다. 그래놓고 민주당 측 유튜버를 (방해를 위해 현장에) 보냈다""며 ""여지껏 장외집회에 한번도 나오지 않은 유튜버를 보낸 것을 보면 그만큼 이 사건이 정권을 무너뜨릴 만큼 중대한 사건임을 스스로 아는 것""이라고 지적했다.
당은 법무부 앞에서도 오전 대검 규탄대회 때와 마찬가지로, '대장동 항소 포기 외압 의혹'의 지휘 라인으로 지목한 노 대행–정 장관–이재명 대통령을 향한 전방위 공세를 이어갔다.
장 대표는 마무리 발언에서 ""노 대행이 용산과 법무부의 눈치를 보며 항소를 포기했다고 하지 않았느냐""며 ""결국 그의 항소 포기는 대장동 사건의 몸통이 이재명이라는 사실을 다시 확인시킨 것""이라고 주장했다. 그는 또 ""공직자가 그 자리를 감당할 능력이 없다면 국민 세금을 축내지 말고 내려오라는 말이 있다""며 ""세 사람은 즉시 자리에서 물러나라""고 목소리를 높였다. 송언석 원내대표도 규탄사에서 ""국정조사와 특검 수사를 통해 반드시 항소 포기 외압 진상규명에 나서야 한다""고 강조했다.
국민의힘은 내일(12일) 국회에서 전당원이 참석하는 규탄대회를 열고 정부를 향한 공세를 이어갈 계획이다. 한편, 여야는 이날 오후 원내대표 회동에서 해당 사안 관련 국정조사 실시 여부를 최종 논의하기로 했다."
77,"다이빙 中 대사, 반중 시위에 “한국 이미지 손상...해결책 마련을”","다이빙 주한 중국대사가 11일 오전 서울 중구 프레지던트호텔에서 '한중 전략적 협력동반자관계의 신 도약'을 주제로 열린 글로벌전략협력연구원 한중 싱크탱크 대화에 참석해 축사하고 있다. 뉴스1
다이빙(戴兵) 주한 중국대사가 11일 반중 시위와 관련해 “한국 측이 근본적인 해결책을 마련하길 바란다”고 말했다.
다이 대사는 이날 서울 프레지던트 호텔에서 글로벌전략협력연구원과 중국 글로벌거버넌스연구원이 공동 개최한 ‘한·중 전략적 협력동반자관계의 신도약’ 포럼 축사에서 “한국 내 극우세력이 중국 관련 허위 정보를 유포하고 반중 시위를 조직하는 것은 한·중 우호뿐 아니라 한국의 국가 이미지에도 손해를 끼친다”며 이같이 말했다. 양국 국민 간 우호 감정을 높여야 한다고 강조하는 과정에서 나온 발언이었다.
이는 ‘국민 간 감정 개선’과 관련해 “여론과 민의에 대한 인도를 강화하고, 긍정적 메시지를 확산하며, 부정적 동향을 억제해야 한다”(지난 1일 한·중정상회담)는 시진핑(習近平) 중국 국가주석의 발언과 맥이 닿은 것으로 읽힌다. 시진핑이 11년만에 국빈방한하며 양국 관계 개선을 위한 여건이 조성된 만큼 한국 내 혐중 감정 등으로 인한 부정적 여파가 미치지 않도록 해야 한다는 취지인 셈이다.
이와 관련, 이재명 대통령도 이날 국무회의에서 “SNS 등에서 특정 대상을 향한 혐오 표현이 무차별적으로 유포되고, 허위 조작 정보가 범람하고 있다”며 “인종 혐오나 차별, 사실관계를 왜곡·조작하는 잘못된 정보의 유통은 민주주의를 위협하는 행위이자 추방해야 할 범죄”라고 말했다. 최근 일부 보수단체의 반(反)중 집회 등 혐중 관련 행위를 염두에 둔 것이라는 해석이 나왔다.
다이빙 주한 중국대사(앞줄 왼쪽 세번째)와 홍기원 한중의원연맹 사무총장(앞줄 왼쪽 네번째) 등이 11일 오전 서울 중구 프레지던트호텔에서 '한중 전략적 협력동반자관계의 신 도약'을 주제로 열린 글로벌전략협력연구원 한중 싱크탱크 대화에 참석해 기념촬영을 하고 있다. 뉴스1
다이 대사는 이날 한·중 관계가 외부 영향을 받지 말아야 한다고도 주장했다. 다이 대사는 “중·한 관계는 제삼자를 겨냥하지 않고 제삼자의 영향도 안 받아야 한다”며 “일방적 패권주의, 보호주의, 디커플링은 중·한의 공동 이익을 해치므로 공동으로 반대하고 국제적 공정과 정의를 수호해야 한다”고 말했다. 도널드 트럼프 미 대통령의 보호무역주의 기조에 함께 대응하자는 대미 견제 메시지로 읽힌다.
다이 대사는 “일부 국가가 (경주 선언에) WTO(세계무역기구)와 IMF(국제통화기금) 같은 내용을 포함하는 걸 반대했다”며 “한국이 주최국이 아니었다면 중국도 그리 강력히 지지하지 못했을 것이다. 한국도 내년 중국 선전 APEC을 지지할 것으로 믿는다”라고 했다. 미국이 이견을 보였다는 취지로, 한국과 중국은 같은 입장임을 강조하려 한 것으로 보인다.
한편 그는 “아쉽게도 일본의 신임 총리께서 최근 들어 중국과 관련한 부정적 발언을 하는데, 이는 중국으로서 받아들이기 어렵고 중·일 관계의 발전에도 부정적 영향을 미친다”고 말했다. 다카이치 사나에(高市早苗) 일본 총리가 지난 7일 중의원 예산위원회에서 ‘대만 유사시’는 일본의 집단 자위권을 행사할 수 있는 ‘존립 위기 사태’로 볼 수 있다고 밝힌 것을 지칭한 것으로 보인다."
78,"조국, 혁신당 대표 선거 단독 입후보…과반 찬성 시 당선","[the300]최고위원 후보에 4명…임형택·정춘생·정경호·신장식
(서울=뉴스1) 신웅수 기자 = 조국 전 조국혁신당 비상대책위원장이 10일 서울 여의도 국회 소통관에서 당대표 출마 기자회견을 하고 있다. 2025.11.10/뉴스1  Copyright (C) 뉴스1. All rights reserved. 무단 전재 및 재배포,  AI학습 이용 금지. /사진=(서울=뉴스1) 신웅수 기자
조국 전 조국혁신당 비상대책위원장이 혁신당 당대표 경선에 단독으로 입후보했다.
혁신당은 10일 언론에 ""전국당원대회(전당대회)에 출마하는 후보자 등록이 이날 오후 6시 마감됐다""며 이같이 밝혔다.
조 전 위원장의 단독 출마로 선거는 찬반 투표로 치러지게 됐다. 혁신당에 따르면 조 전 위원장은 투표율과 관계없이 대의원·권리당원 찬성표가 절반을 넘기면 당선된다.
총 2인을 뽑는 최고위원 후보로는 임형택 혁신당 익산시공동지역위원장, 정춘생 혁신당 정책위의장, 정경호 전 한국로슈 노동조합위원장, 신장식 혁신당 의원(기호순) 등 4명이 입후보했다.
이번 전당대회는 오는 23일 오후 2시 청주 오스코에서 '진심으로 다시, 혁신으로 전진'이라는 슬로건 아래 열린다.
혁신당은 오는 11일 국회에서 2025 전당대회 출발식을 열고 공식 선거 일정에 돌입한다. 이후 후보자 인터뷰 영상과 혁신 검증 간담회, 지역별 간담회, 온라인 공개 토론회 등 일정이 이어진다.
김형연 혁신당 전당대회준비위원장은 ""이번 전당대회는 단순한 지도부 선출을 넘어 당의 혁신적 체질 개선과 조직문화 쇄신을 완성하는 역사적 출발점이 될 것""이라며 ""국민과 함께하는 정당, 실천하는 민주주의의 모델로 나아가겠다""고 밝혔다.
한편 조 전 위원장은 10일 오전 국회에서 기자회견을 열고 ""거대 양당의 독점정치를 종식하고 민주주의 다수 연합 시대를 여는 정치 개혁의 항해를 하겠다""며 당대표 출마를 선언했다."
79,"홍준표, 항소 포기 논란에 ""尹·韓 같은 정치검사 탓""→한동훈 ""그 입 좀""","홍준표 전 대구시장.  2025.4.29/뉴스1 ⓒ News1 국회사진취재단
(서울=뉴스1) 박태훈 선임기자 = 대표적 검사 출신 정치인 중 한명인 홍준표 전 대구시장이 대장동 사건 항소 포기 논란이 결국 윤석열 전 대통령· 한동훈 전 국민의힘 대표 등이 검찰을 정치화해 빚어진 비극이라고 주장했다.
그러자 한 전 대표는 ""왜 이재명 정권엔 찍소리 못하냐, 그 입 좀 다무시라""고 되받아쳤다.
홍 전 시장은 11일 오후 SNS를 통해 ""검찰 사명은 거악 척결인데 오히려 거악의 인질이 돼 헤메다가 해체 당하는 검찰은 도대체 뭐냐""며 ""요즘 검사들은 월급받는 샐러리맨에 불과하지, 기개를 찾아 볼래야 찾아볼 수 없다""며 항소 포기 논란도 기개를 잃어버린 때문이라고 했다.
이어 ""검사들이 저 지경이 되고 검찰조직이 해체되었는데도 아무런 저항도 하지 않고 각자도생에 급급한 모습을 보이고 있다""며 ""아무래도 윤석열·한동훈 같은 검찰을 망친 정치 검사들 탓이 아닌가 싶다""고 강조했다.
홍 전 시장은 ""정의를 향한 일념으로 검찰에 평생을 바친 훌륭한 선배들이 그리 많았는데도 어쩌다가 검사와 검찰이 저 지경까지 몰락하고 타락했을까""라며 장탄식 한 뒤 ""이는 결국 검찰의 정치화가 초래한 비극이지만 그러나 그 피해가 고스란히 국민들에게 돌아갈 것 같아 안타깝다""고 했다.
이 말을 접한 한 전 대표 역시 SNS를 통해 ""지금 이재명 정권과 다들 싸우고 있다""며 ""이재명 정권에 겁먹고 탈당해 도망간 '탈영병 홍준표'는 입 좀 다물라""고 요구했다.
그러면서 ""왜 이재명 정권에는 찍소리도 못하냐""며 홍 전 시장 총구가 아군을 향하고 있다고 불편해했다.
홍 전 시장은 1993년 서울지검 강력부 검사 시절 '슬롯머신 업계 비호세력' 사건과 관련해 6공황태자로 불렸던 노태우 전 대통령 처남 박철언 전 의원을 전격 구속하면서 이른바 '모래 시계' 검사로 주목받은 바 있다."
80,"국힘, '대장동 항소 포기' 대검·법무부 항의 방문…""이 대통령 탄핵 사안""","""정성호·노만석 사퇴해야""…국정조사 실시 요구도
""이 대통령 보고 받고 묵인했다면 탄핵 사유""
나경원 등 법사위원들, 법사위 긴급현안질의 요구
[서울=뉴시스] 김금보 기자 = 송언석 국민의힘 원내대표를 비롯한 의원들이 10일 오후 서울 여의도 국회에서 열린 의원총회에서 대장동 사건 항소 포기를 규탄하는 손피켓을 들고 구호를 외치고 있다. 2025.11.10. kgb@newsis.com
[서울=뉴시스] 이승재 기자 = 국민의힘이 검찰의 대장동 사건 항소 포기와 관련해 대통령실·법무부 등 윗선의 외압 의혹을 제기하면서 공세를 펴고 있다.
국민의힘 소속 의원들은 11일 오전 서울 서초구 대검찰청을 찾아 검찰의 대장동 사건 항소 포기에 대한 규탄대회를 진행한다. 오후에는 정부과천청사 법무부 앞에서 규탄대회를 이어간다.
이번 검찰의 항소 포기 외압 의혹의 핵심 인물을 정성호 법무부 장관과 노만석 검찰총장 직무대행으로 보고, 이들에 대한 압박 수위를 높이려는 것이다. 이번 주 안으로 국회 내에서 당원들과 함께 대규모 규탄대회를 여는 방안도 검토 중이다.
송언석 원내대표는 전날 의원총회를 마친 뒤 기자들과 만나 ""정 장관과 노 직무대행을 비롯한 항소 포기 외압과 관련된 관계자들이 전원 즉각 사퇴해야 한다는 점에 의견을 모았다""고 말했다.
국민의힘은 정 장관과 노 직무대행을 압박하는 동시에 이번 사태에 대한 국정조사를 요구하는 중이다. 이에 대한 여야 원내 지도부 간 물밑 협의도 이뤄지는 중이라고 한다.
당내에서는 조만간 국정조사를 추진할 수 있다는 말도 나온다. 여야 모두 이번 사태에 대한 국정조사의 필요성을 언급했기 때문이다. 실제로 김병기 더불어민주당 원내대표가 국정조사와 청문회, 특검 등 모든 수단을 동원해 이번 사태를 살펴보겠다고 했다.
다만 양측이 겨누고 있는 수사의 대상이 엇갈린다는 점에서 합의까지 진통이 있을 수 있다는 시각도 존재한다.
현재 민주당은 검찰의 대장동 사건 기소 자체에 문제가 있다고 보고 있다. 또한 대장동 수사팀 일부가 항소 포기에 반발한 것을 항명으로 보고 책임을 묻겠다고 주장하고 있다.
국민의힘은 이번 항소 포기 과정에 윗선의 외압이 있었는지를 규명해야 한다는 입장이다. 정 장관과 노 직무대행뿐 아니라 이재명 대통령도 해당 절차에 관여했을 경우 탄핵 사유가 될 수 있다고 주장하고 있다.
장동혁 대표는 전날 청주국제공항에서 기자들과 만나 ""법무부 장관, 검찰총장 직무대행이 관여돼있다고 하면 명백한 탄핵 사유""라며 ""거기에 대통령까지 보고 받고 묵인했다면 탄핵 사유""라고 말했다.
송 원내대표는 ""(여당과 국조 대상이) 충돌한다고 생각하지 않는다""라며 ""항명이라고 하더라도 수사 담당자와 이를 최종 결재를 해야 하는 대검찰청 차장, 검찰총장 직무대행, 반부패부장 그리고 '신중하게 검토하라'라고 지시했던 정 장관은 당연히 국정조사 대상이 될 것""이라고 했다.
또 ""봉욱 민정수석도 관련 전화를 했다는 기사가 있었던 것으로 기억하는데 관련 사항을 확인하기 위해 국정조사 대상이 돼야 한다""고 덧붙였다.
나경원 의원 등 국회 법제사법위원회 소속 국민의힘 의원들은 이날 오후 예정된 법사위 전체회의에서 이번 항소 포기 사태에 대한 긴급현안질의를 요구하고 있다. 여기에 강백신 검사 등 수사·공판 관여 검사 4명에 대한 증인 채택의 필요성도 주장하는 중이다.
다만 민주당 소속 추미애 위원장이 해당 안건을 상정하고 증인을 채택할지는 미지수다.
나 의원은 전날 국회에서 기자회견을 열고 ""회의를 통보했는데 안건은 미정""이라며 ""저희가 요구하는 항소 포기의 진실을 밝히는 긴급현안질의에 관한 안건은 상정하지 않겠다는 것이고, 회의 개시 요구에 대해 시늉만 하는 껍데기 회의를 하겠다는 것""이라고 비판했다．"
81,몰수 불가 vs 무식 조국-한동훈 충돌,"조국, 국힘·검 출신 정치인 반격
한동훈 “무식한 티만 난다” 반박
조국 전 조국혁신당 비상대책위원장(왼쪽)과 한동훈 전 국민의힘 대표. 연합뉴스, 부산일보DB
조국혁신당 조국 전 비상대책위원장과 국민의힘 한동훈 전 대표가 대장동 사건을 두고 정면 충돌했다. 조 전 위원장이 “대장동은 국가가 몰수·추징할 수 없는 사건”이라고 주장하자, 한 전 대표는 “무식한 티만 난다”며 공개적으로 맞받았다.
조 전 위원장은 11일 페이스북에서 대장동 사건을 두고 “이 사건의 피해자는 국가가 아니라 성남시, 정확히는 성남도시개발공사”라며 “부패재산몰수법에 따라 성남시가 민사소송을 제기할 수 없는 경우에만 몰수·추징이 가능하다”고 주장했다. 그는 “성남시는 이미 민사소송을 제기했고, 이번 검찰의 항소 포기 이후 손해배상액을 증대할 것이라고 공표했다”며 “검찰의 항소 포기로 민사소송에 부정적 영향을 줄 수는 있어도, 이번 사건이 국가가 몰수·추징할 수 없는 사건임은 분명하다”고 강조했다.
이에 국민의힘 한동훈 전 대표는 즉각 반박에 나섰다. 그는 자신의 페이스북을 통해 “의도와 다르게 무식한 티만 난다”고 비판하며 “조국이 법을 말하는 것, 교수 조국을 알던 사람들은 헛웃음 나올 것 같다”고 비꼬았다. 한 전 대표는 “조국은 부패재산몰수법 제6조 제1항을 인용하면서도 ‘성남시가 민사소송을 제기할 수 없는 경우에만 몰수·추징이 가능하다’고 우겼다”며 “조국이 판결문을 못 봤거나, 봐도 무슨 말인지 몰랐을 수도 있다”고 지적했다.
그는 조 전 위원장이 1심 판결에서 이미 국가 추징의 필요성이 명시됐음에도 판결문을 제대로 읽지 않은 것 아니냐는 의문을 제기했다. 한 전 대표는 대장동 1심 판결문 일부를 인용하며 “피해자 성남도시개발공사는 민사소송을 제기했더라도 부패재산몰수법 제6조 제1항이 규정한 ‘피해 회복이 심히 곤란하다고 인정되는 경우’에 해당한다는 것이 법원의 판단”이라고 반박했다. 이어 “전직 교수 조국 씨, 도망가지 말고 판결문 읽어 봤는지, 계속 우길 것인지 답하라”고 덧붙였다."
82,"李대통령, 암표거래 지적…“과징금 세게 부과해야”","“처벌보다 효과 좋아”…‘과징금, 판매 총액의 10∼30배’ 언급도
이재명 대통령이 11일 용산 대통령실에서 열린 국무회의에서 발언하고 있다. 연합뉴스
이재명 대통령은 11일 공연·스포츠 경기 암표 거래 근절 방안과 관련해 ""과징금을 세게 (부과)하는 것을 검토하라""고 지시했다.
이 대통령은 서울 용산 대통령실에서 주재한 국무회의에서 최휘영 문화체육관광부 장관이 처벌 강화 및 암표 판매 신고자 포상금 지급을 골자로 하는 공연·스포츠 분야 암표근절 방안을 보고하자 ""처벌보다 과징금의 효과가 훨씬 크다""면서 이같이 말했다.
이 대통령은 ""다 좋은데 형사처벌 강화는 반대""라며 ""야구장 암표 판매에 법원이 징역형을 선고할 리도 없고, 괜히 수사와 재판에 돈만 들고 역량을 낭비하게 된다""고 설명했다.
이어 암표 판매 총액의 10∼30배를 과징금으로 징수하는 방안을 사례로 들기도 했다.
그러면서 ""실효성도 없는 형벌(형사 처벌) 조항을 없애야 한다. 지난번 1000원짜리 초코파이 (절도) 사건 갖고 재판하느라 얼마나 인력을 낭비했느냐""며 ""과징금 조항을 넣고 형벌 조항은 빼는 게 어떠냐""고 제안하기도 했다.
아울러 ""과징금은 정부 수입이 된다. (암표 판매) 신고자에게도 과징금 부과액의 10%를 지급하는 등의 방안도 검토하면 좋겠다""고도 언급했다."
83,"김민석 총리 ""헌법존중 정부혁신TF 제안"" 이재명 대통령 ""당연히 할 일""","[the300]
[서울=뉴시스] 최동준 기자 = 이재명 대통령이 11일 서울 용산 대통령실 청사에서 열린 국무회의에서 발언하고 있다. (대통령실통신사진기자단) 2025.11.11. photocdj@newsis.com /사진=
비상계엄 선포 1주년을 앞두고 김민석 총리가 '헌법존중 정부혁신 TF(태스크포스)' 구성을 제안했다. 이재명 대통령은 ""당연히 해야 할 일""이라며 TF 추진에 힘을 실었다.
김 총리는 11일 오전 서울 용산 대통령실에서 국무회의에 참석해 ""헌법존중 정부혁신 TF를 정부 내 구성했으면 좋겠다는 제안을 드린다""며 ""TF는 12·3 비상계엄 등 내란에 참여하거나 협조한 공직자를 대상으로 신속한 내부조사를 거쳐 합당한 인사조치를 할 수 있는 근거를 확보하는 것을 임무로 하려 한다""고 말했다.
김 총리는 ""우리 정부의 최우선 과제 중 하나가 국민주권과 민주주의 확립""이라며 ""내란 재판과 수사를 장기화하면서 내란 극복이 지지부진한 것이 현실""이라고 말했다.
이어 ""가령 경찰의 국회출입 통제, 계엄의 정당성을 옹호한 전문 발송, 이런 것들이 정부 내부에서 내란에 동조한 행태들인데 이런 게 국정감사와 언론을 통해 문제제기가 돼 왔다""며 ""내란 가담자들이 승진 명부에 이름을 올리는 등 문제점도 제기되고 있고 이런 것이 헌법 가치를 훼손하는 행위아니냐는 지적도 있다""고 주장했다.
김 총리는 또 ""이런 행위들이 공직사회 내부의 반목을 일으키고 궁극적으로 국정추진 동력을 저하시킨다""며 ""종합적으로 판단 끝에 TF 구성 제안을 드린다""고 말했다.
그러면서 ""TF를 제안드린 것은 공직자 개인을 처벌하는 차원이 아니라 정부의 헌법 수호 의지를 바로 세워 공직 내부의 갈등을 조속히 해결하고 국민 신뢰를 찾겠다는 취지""라며 ""정부 각 부처와 각 기관별로 공정한 TF를 구성해 내년 1월까지 신속히 조사를 마치고 설 전에 후속조치를 마련해 민생에 집중하는 방법을 찾을 것""이라고 했다.
이에 이 대통령은 ""당연히 해야 할 일 같다""며 ""내란에 관한 문제는 특검에서 수사를 통해 형사 처벌을 하게 돼 있다. 내란에 대한 책임은 관여 정도에 따라 형사처벌을 할 것도 있고 행정 책임을 물을 것도 있고 인사상 문책이나 낮은 수준의 인사조치가 있을 수도 있다. 특검에 의존할 것이 아니라 독자적으로 해야 할 일 같다""고 했다."
84,"이재명 대통령, 12월 청와대 복귀…3년 7개월만에 막 내리는 ‘용산 시대’","서울 종로구 청와대. [연합뉴스]
대통령실이 다음 달 청와대로 돌아간다. 윤석열 정부 출범으로 시작된 용산 시대가 저물고 종로 시대가 다시 열린다.
11일 대통령실에 따르면 오는 12월 14일을 전후해 대통령실을 청와대로 옮긴다. 집무실과 춘추관 등 대부분의 시설은 연내에 이동을 완료하고, 관저는 내년 상반기 이전할 계획이다. 지난 2022년 5월 윤석열 전 대통령이 용산에서 업무를 시작한 지 3년 7개월 만이다.
강훈식 대통령비서실장은 지난 6일 국회 운영위원회 국정감사에서 “용산 대통령실을 청와대로 이전하는 문제는 연내를 목표로 공사가 진행 중”이라면서도 “보안상의 문제 등으로 관저를 옮기는 문제는 내년 초나 상반기까지 봐야 할 것 같다”고 말했다.
관계기관의 복귀도 순차적으로 진행된다. 대통령경호처는 시설 정비 막바지 단계이고, 청와대 경호·경비를 담당하는 서울경찰청 101·202경비단도 건물 수리와 인력 배치 준비를 마무리 중인 것으로 알려졌다. 이 건물은 비어 있던 동안 노후화가 급격히 진행돼 수리가 필요했다.
종로경찰서는 경복궁과 청와대 인근 파출소를 상시 운영 체제로 전환하는 방안을 검토하고 있다. 현재 통의파출소와 옥인파출소는 평일 오전 9시부터 오후 6시까지만 배치하는데, 인력을 보강해 24시간 교대 근무하는 일반적 근무체계로 바꾸겠다는 계획이다.
청와대 복귀는 이재명 대통령의 주요 공약이자 초기 국정 설계 구상에 포함된 과제였다. 이 대통령은 대통령에 당선되면 청와대를 보수해 최대한 빨리 청와대로 들어가겠다고 발언했다. 이에 따라 청와대 민간 개방도 지난 8월 종료됐다."
85,"국토장관 ""9월 통계 누락? 법적근거 명확...패소하면 도봉·중랑 등 규제 해제""","김윤덕 국토장관 ""주정심에 9월 통계는 활용 불가""
""대책 늦춰 발표하면 어땠을까 하는 의견도 합리적""
행정소송 예고에…""패소하면 규제 해제하는 게 답""
[앵커]
정부가 10·15 대책을 내면서 최신 '9월 통계'를 일부러 누락했다는 의혹과 관련해, 김윤덕 국토교통부 장관은 명확한 법적 근거가 있다고 강조했습니다.
하지만 행정소송에서 만약 패소한다면, 서울 도봉·중랑 등의 지역은 규제를 해제할 수 있다고 언급했습니다.
박희재 기자가 보도합니다.
[기자]
서울 전역을 규제지역으로 묶기 위해 불리한 9월 부동산 통계는 쏙 뺐다는 혐의로 경찰에 고발된 국토부 김윤덕 장관이 조목조목 입장을 밝혔습니다.
주거정책심의위원회 회의 절차가 이미 들어갔기 때문에 9월 통계는 있어도 활용할 수 없었다는 겁니다.
[김윤덕 / 국토교통부 장관 : 9월 13일 날 주거정책심의위원회가 이미 회의 절차에 들어갔기 때문에 다음 달 통계를 활용할 수 없다는 법적 근거를 가지고….]
[임미애 / 더불어민주당 의원 : 아니면 말고? 조작, 위법, 이런 선동적인 말들로 대중을 선동하고 그리고 내년 지방선거를 앞두고서 매우 전략적으로….]
국토부는 9월 통계를 지난달 13일에 받았는데, 그 통계까지 반영해 대책을 늦춰 발표하면 어땠을까 하는 의견도 합리적인 부분이 있다고 자세를 낮췄습니다.
[조배숙 / 국민의힘 의원 : 결국은 서울시 전역을 다 묶기 위해서 그런 거 아니냐, 너무 조급했다, 왜냐하면 딱 하루 (차이)니까….]
[김윤덕 / 국토교통부 장관 : 꼭 틀린 의견이라고 생각하지는 않습니다. 그런 주장이 저는 가능하다, 저는 이렇게 생각하고 있고요.]
국민의힘과 개혁신당은 통계 누락 의혹 등에 대해 정부에 행정소송을 예고했는데, 김 장관은 옳은 판결이 나올 거라면서도 만약 패소한다면 규제를 일부 해제하는 게 답이라고 언급했습니다.
9월 통계가 반영됐다면 규제지역으로 묶이지 않았을, 서울 도봉과 중랑 등 모두 8곳이 대상입니다.
야권은 대통령실로도 전선을 넓혔습니다.
[김용범 / 대통령실 정책실장(지난 6일, 운영위 국감) : 규제지역을 결정한 주정심이 열렸던 10월 14일엔 9월 통계가 존재하지 않았습니다.]
10·15대책을 발표할 때 했던 정책실장의 이 발언이 위증이라며 고발을 예고한 건데, 국민의힘 김은혜 의원은 규제지 선정 전에 국토부가 통계를 받아본 정황을 확인했다고 지적했습니다.
보수 야권의 총공세에도 민주당은 눈에 띄는 입장 표명은 없었는데, 여론 추이를 보면서 구체적인 대응 방향을 모색할 것으로 보입니다.
YTN 박희재입니다.
촬영기자 : 이상은 이승창
영상편집 : 김희정
보도디자인 : 신소정
※ '당신의 제보가 뉴스가 됩니다'
[카카오톡] YTN 검색해 채널 추가
[전화] 02-398-8585
[메일] social@ytn.co.kr"
86,"오세훈 ""金총리, 종묘 정치적 이슈로 만들어…지선 겨냥 의심""","오 시장 ""총리 가야할 곳은 부동산 현장""
명태균 의혹 관련 ""특검, 기소 못할 것""
종묘 앞 세운상가 고층 재개발을 추진하는 오세훈 서울시장이 이를 반대하는 정부·여당을 향해 ""국내적으로 정치적인 이슈를 만들고 있다""고 비판했다.
오 시장은 11일 CBS 라디오 '김현정의 뉴스쇼'에 출연해 세운상가 초고층 재개발 관련 ""김 총리가 나서면서부터 순수성이 훼손되기 시작했다""며 이같이 말했다.
연합뉴스
앞서 김 총리는 전날 종묘를 직접 방문해 ""종묘 인근을 개발할 것인가 하는 문제는 국민적 토론을 거쳐야 하는 문제""라며 ""최근 김건희 씨가 종묘를 마구 드나든 것 때문에 국민께서 모욕감을 느끼셨을 텐데 지금 또 이 논란으로 국민 걱정이 크신 것 같다""고 했다.
이같은 발언에 대해 오 시장은 ""이게 김건희 씨와 무슨 상관이 있냐""며 ""자꾸 국민 감정을 자극하려고 하시는데 (이것은) 선동""이라고 지적했다.
이어 오 시장은 김 총리를 향해 ""지금 총리께서 신경쓰셔야 할 일은 10·15 대책으로 비롯된 부동산 값 같은 걸 위해 동분서주 하는 것""이라며 ""그런 곳은 제가 기억하기로 한 번도 안 가셨지 않나 싶다""고 전했다.
이날 오 시장은 세운상가 고층 재개발이 오히려 종묘의 가치를 살리는 방안이라고 강조했다. 그는 ""세운상가를 허물고 녹지를 만드는데 최대 수혜자가 있다면 종묘""라며 ""종묘 앞을 꽉 막는 세운상가가 사라지고, 이주비 등을 시민 세금이 아닌 주변 개발 이익으로 하겠다고 하는 것""이라고 했다.
종묘 앞 초고층 건물이 들어서 경관을 해칠 것이라는 지적에 대해서는 ""건물들이 종묘의 정면으로 세워지는 것이 아니고 양 옆으로 지어지는 것""이라며 ""서울시의 안이 문화와 경제를 다 챙기는 안""이라고 했다.
지난 8일 이뤄진 명태균 씨와의 특검 대질조사에 대한 질문에 오 시장은 ""유일한 입증자료는 명 씨의 말 뿐이고 녹취, 녹음은 아무것도 없다""며 특검이 기소하지 못할 확률이 '100%'라고 확신했다. 그는 ""명 씨의 말과 정황증거 밖에 없다""며 ""만에 하나 기소를 하게 되더라도 법원에서 공소 유지가 불가능할 거라고 생각한다""고 덧붙였다.
서울시장 5선 도전 여부에는 확답을 내리지 않았다. 오 시장은 ""정치인의 행보는 발 끝을 보면 안다""며 ""일정 시점이 되면 거취를 결정하겠지만, 지금 제가 시작해 놓은 일이 참 많고 하고 싶은 일이 많다. 거기까지만 말씀드리겠다""고 했다."
87,10년 넘게 끊긴 장투 세제 부활…단기매매 막을 인센티브는?,"[서울=뉴시스] 조성우 기자 = 코스피가 전 거래일(4073.24)보다 33.15포인트(0.81%) 상승한 4106.39에 장을 마감한 11일 오후 서울 중구 하나은행 딜링룸 전광판에 지수가 표시되고 있다.  코스닥 지수는 전 거래일(888.35)보다 4.08포인트(0.46%) 하락한 884.27에 거래를 종료했다. 원·달러 환율은 전 거래일(1451.4원)보다 11.9원 오른 1463.3원에 주간 거래를 마감했다. 2025.11.11.
2009년 장기주식형펀드의 세제 혜택이 일몰된 이후 국내 투자자들은 10년 넘게 단기 매매 중심의 시장에서 세금상 불이익을 감수해야 했다. 정부가 다시 '장기투자자 인센티브' 카드를 꺼낸 것은 자본시장의 성격을 단기투기형에서 장기자본시장으로 바꾸겠다는 신호로 풀이된다.
이재명 대통령은 11일 용산 대통령실에서 열린 국무회의에서 ""일반 투자자들의 장기투자에 혜택을 주는 방식을 세부적으로 잘 만들어달라""고 지시했다. 구윤철 부총리 겸 기획재정부 장관이 내년도 경제성장전략을 보고한 직후였다.
이 대통령이 내세운 '코스피 5000 시대'의 구상 속에서, 이번 조치는 단기투자 중심의 시장을 장기자본시장으로 전환하기 위한 신호탄으로 해석된다. 한국거래소에 따르면 국내 유가증권시장의 거래회전율은 외국인 투자자의 약 2배 수준으로 단기 매매 중심의 행태가 고착화돼 있다.
정부는 주가 변동성 완화와 기업 자금조달 안정성을 위해 장기투자 유인을 강화하는 방안을 검토 중이다. 특히 내년 경제성장전략을 '민간 중심 성장동력 확충'에 초점을 맞춘 만큼 가계의 장기 금융투자를 통한 내수 및 자본시장 활성화가 목표로 꼽힌다.
그동안 세제 혜택이 적용된 장기 상품은 청약통장이나 연금저축처럼 '원금보존형 저축'에 한정됐다. 물론 장기 투자에 대한 세제 지원 사례도 없지 않다.
2008~2009년 시행된 적립식 장기주식형펀드와 장기회사채형펀드가 대표 사례다. 당시 정부는 글로벌 금융위기 직후 주가 폭락으로 인한 '펀드런(fund run)'을 막기 위해 긴급 처방을 했다.
2008년 10월 정부는 적립식 장기주식형펀드와 장기회사채형펀드에 대해 세제지원 방안을 내놓았다. 3년 이상 적립식으로 투자하면 연간 1200만원 한도 내에서 불입금 일부에 소득공제와 배당소득 비과세 혜택을 제공했다. 회사채형펀드 역시 3000만원 한도 내 배당소득을 비과세했다.
당시 정부는 이 조치로 주식형·채권형 펀드에 약 10조원의 자금이 유입되고, 2013년까지 총 1조3000억원 규모의 소득세 감세 효과가 발생할 것으로 예상했다. 그러나 재정 부담과 '고소득층 감세' 논란으로 제도는 2009년 일몰됐다.
이후엔 주식을 장기 보유하더라도 세제상 인센티브가 사라졌다. 정부가 장기투자자 세제 지원책을 마련하면 사실상 10여년만의 부활인 셈이다.
다만 세제 혜택의 범위와 대상, 재원 부담이 핵심 변수로 꼽힌다. 이 대통령은 ""장기투자 인센티브에 대한 반론이 있다. 결국 대주주가 혜택을 받는 것 아니냐는 우려가 있다""며 ""대주주들은 경영권 확보 목적의 지분을 가진 경우가 많아 부자 감세 논란이 있을 수 있다""고 선을 그었다. 이에 따라 장기투자 혜택은 소액 개인투자자 중심으로 설계될 전망이다.
일정 기간 이상 주식을 보유하면 양도소득세·배당소득세를 감면하는 '비과세·소득공제형 장기투자계좌', 퇴직연금의 기금화 추진과 맞물려 연금자산 일부를 국내 장기투자펀드로 편입하는 방안, 기존 ISA·IRP·연금저축 계좌의 세제 한도와 기간을 늘려 장기보유 자산에 추가 공제를 부여하는 방안 등이 검토될 것으로 보인다."
88,"내란 협조 공직자 조사 TF 가동에 술렁인 공직사회 ""올 것이 왔다""","'최상목 쪽지' 관련된 기재부와
'전공의 처단' 계엄령 복지부 등
조사 범위 놓고 직원들 불안감
""윗선 지시 따랐을 뿐"" 불만도
이재명(오른쪽) 대통령과 김민석 국무총리가 11일 서울 용산 대통령실에서 열린 국무회의에서 회의 공개 범위에 대해 조율하고 있다. 연합뉴스
12·3 불법계엄에 협조한 공직자를 조사하는 정부 조직 출범이 예고되자 관가는 술렁였다. 어디까지를 계엄 가담으로 볼 것인지 가늠할 수 없어 불안감이 팽배했다. 공무원들 사이에선 ""윗선의 지시를 따랐을 뿐인데 내란범으로 몰리는 것은 억울하다""는 볼멘소리도 나온다.
이재명 대통령이 국무회의에서 '헌법존중 정부혁신 태스크포스(TF)' 설치를 승인한 11일 공직 사회는 ""올 것이 왔다""는 반응을 보였다. 정부 관계자는 ""
윤석열 전 대통령이 탄핵되고 소속 부처로 복귀한 대통령실 파견 직원이 승진하거나 주요 보직을 맡는 사례가 생기면서 다른 직원들의 불만이 있었던 게 사실
""이라고 말했다. 이날 김민석 국무총리도 TF 구성을 제안하며 ""내란에 가담한 사람이 승진 명부에 이름을 올리는 것에 대한 문제 제기가 있었다""고 전했다.
전임 장관이 내란 특별검사팀의 조사를 받은 기획재정부 직원들은 ""당분간 숨죽이며 살아야겠지만 어떤 기준으로 조사할지 궁금하다""며 착잡한 심정과 함께 경계감을 감추지 못했다. 계엄 당시 최상목 부총리 겸 기재부 장관은 국가비상입법기구 예산 편성 등 내용이 적힌 쪽지를 받은 것으로 알려졌다. 최 전 부총리는 계엄 당일 1급 직원들을 소집해 회의를 개최하기도 했다. 기재부 관계자는 ""회의 참석이 문제가 될 수 있을 거란 생각이 없진 않았다""면서도 ""다만 회의 참석을 이유로 직원들을 내란 협조자로 본다는 것은 말이 안 된다""고 말했다.
계엄 포고령에 '전공의 처단' 문구가 들어간 탓에 곤욕을 치렀던 보건복지부도 뒤숭숭한 분위기다. 복지부 관계자는 ""부처 털기가 시작되면 가뜩이나 지체된 조직개편, 인사 등이 더 지연되지 않을까 하는  우려가 있다""며 ""직원들 사이에서 '일을 하란 거냐 말란 거냐'는 불만도 적잖다""고 귀띔했다.
계엄에 연루되는 일을 피한 부처들은 안도했다. 교육부 관계자는 ""교육부 장관이 국무회의에 안 갔기 때문에 전기를 끊는다든지 하는 계엄 후속 조치들이 전달이 안 됐을 것""이라고 말했다. 고용노동부 관계자도 ""아직 구체적 지시가 내려온 것은 없고 담당 부서도 뉴스를 보고 알았다""고 전했다.
정권이 바뀔 때마다 이뤄지는 '적폐 청산'에 대한 불만도 터져나왔다. 문재인 정부 초기에도 부처별 적폐청산 태스크포스(TF)가 가동되면서 공직 사회의 불안이 커진 점이 연상된다는 것. 중앙부처 과장급 공무원은 ""이 대통령도 '공직사회는 로보트 태권V'
1
라며 공무원들에게 정권의 철학과 정책에 보조를 맞출 것을 주문하지 않았느냐""며 ""과거 정부의 정책과 지침에 따라 일을 한 공무원들을 골라내겠다는 이번 발상은 공직사회를 더욱 더 복지부동하게 할 것""이라 우려했다. 국장급 공무원도 ""비상계엄에 소극적으로라도 동참한 이들은 트라우마를 앓고 있다""며 ""그런 공무원들을 보듬는 게 아니라, 몰아내겠다고 하니 참담하다""며 한숨을 내쉬었다.
김 총리는 이날 국무회의에서 TF 역할에 대해 ""비상계엄 등 내란에 참여하거나 협조한 공직자를 대상으로 신속한 내부 조사를 하고, 합당한 인사 조치를 할 수 있는 근거를 확보할 것""이라고 밝혔다. 특검 수사와 별개로 정부가 자체 조사를 실시하겠다는 뜻이다. 이 대통령은 ""당연히 해야 할 일""이라며 TF 필요성에 힘을 실었다.
1
'공직사회는 로보트 태권V'
이 대통령은 7월 3일 취임 30일 기자회견('대통령의 30일, 언론이 묻고 국민에게 답하다')에서 공직사회를 로보트 태권V에 빗대 ""조종석에 철수가 타면 철수처럼 행동하고 영희가 타면 영희처럼 행동하죠""라고 밝힌 바 있다. 기존 관료 체계에 대해 '주도성이 부족하다'는 지적으로 해석하기도 했지만 많은 공무원들은 대통령의 의중에 따라 움직이라는 지시로 받아들였다."
89,또 맞붙은 조국 vs 한동훈···“대장동 피해자는 국가 아닌 성남시” vs “판결문은 읽어 봤나”,"대장동 개발 비리 사건의 범죄수익 환수 문제를 두고 조국(사진 오른쪽) 전 조국혁신당 비상대책위원장과 한동훈(사진 왼쪽) 전 국민의힘 대표가 충돌했다. 조 전 비대위원장이 성남시가 민사 소송을 통해서 피해액을 돌려받아야 한다고 주장했고, 한 전 대표는 “‘민사소송을 제기했더라도’ 부패재산몰수법 제6조 제1항 피해회복이 심히 곤란하다고 인정되는 경우라는 것이 법원의 판단”이라고 지적했다.
조 전 비대위원장은 11일 페이스북에 올린 글에서 “국가가 몰수·추징할 수 없는 사건”이라고 밝혔다. 그는 대장동 사건으로 기소된 민간업자들의 1심 재판 결과에 검찰이 항소 포기 결정을 내림에 따라 범죄수익 몰수·추징이 어려워졌다는 국민의힘 일각의 주장과 관련해 “이 사건의 피해자는 국가가 아니라 성남시, 정확히는 성남도시개발공사”라며 부패재산몰수법에 따라 성남시가 민사소송을 제기할 수 없는 경우에만 몰수·추징이 가능하다고 설명했다.
부패재산몰수법 제6조는 피해자가 범죄수익과 관련해 재산반환청구권이나 손해배상청구권 등을 행사할 수 없는 경우 등에 한해 몰수·추징을 할 수 있다고 규정한다.
조 전 위원장은 “성남시는 이미 민사소송을 제기했고 이번 검찰의 항소 포기 이후 손해배상액을 증대할 것이라고 공표했다”며 “검찰의 항소 포기로 민사소송의 손해액 산정에 부정적 영향을 줄 수 있다고 주장할 수는 있으나 이번 사건이 국가가 몰수·추징할 수 없는 사건임은 분명하다”고 강조했다. 이어 “법조계에 회자하는 유명한 농담성 문구”라며 ‘검사 10년에 민사를 모르고 검사 15년에 형사를 모르고 검사 20년에 법 자체를 모른다’는 말을 소개했다.
검찰 내부를 비롯해 한 전 대표 등 검찰 출신 정치인 일부가 ‘항소 포기로 범죄수익 환수를 할 수 없게 됐다’는 취지로 주장한 데 대한 비판으로 해석된다.
그러자 한 전 대표도 페이스북에 글을 올려 반박했다. 한 전 대표는 “피해자 성남도시개발공사는 ‘민사소송을 제기했더라도’ 부패재산몰수법 제6조 제1항 피해회복이 심히 곤란하다고 인정되는 경우라는 것이 법원의 판단”이라고 밝혔다. 그는 “조국이 판결문을 못봤을 수도 있고, 봐도 무슨 말인지 몰랐을 수도 있습니다만, 그 둘은 전혀 다른 말이라는 것이, 즉 조국 말이 헛소리라는 것이 대장동 일당 판결문에 친절하게 나와 있다”고 설명했다.
한 전 대표는 “조국이 법을 말하는 것, 교수 조국을 알던 사람들은 헛웃음나올 것 같다”며 “조국이 자기 입으로 전직 교수 티를 내겠다고 오글거리는 허세부렸던데, 의도와 다르게 무식한 티만 난다”고 힐난했다. 그러면서 “모르면서 대충 우기는 걸로 교수 때부터 지금까지 도대체 몇십년을 버티는 건가”라며 “국민이 언제까지 들어줘야 하나”라고 했다."
90,"예고된 '도로 조국당'…조국, 지지율 타개·지선 전략 고심 [정국 기상대]","조국, 전당대회 당대표 단독 입후보
수개월째 한자리수 박스권 지지율
성비위 사태 등 지방선거 채비 미흡
""새로운 조국으로 재시작"" 변화 다짐
조국 조국혁신당 전 비상대책위원장이 10일 오전 국회 소통관 기자회견장에서 당대표 출마 선언 기자회견을 하고 있다. ⓒ데일리안 홍금표 기자
[데일리안 = 김찬주 기자] 조국 조국혁신당 전 비상대책위원장이 오는 23일 열리는 전당대회 당대표 선거에 단독으로 입후보했다. 당권경쟁 없이 '추대대회'와 유사하게 치러질 이번 전당대회로 혁신당 1기에 이어 2기 체제도 조 전 위원장이 이끌어 갈 전망이다. 다만 광복절 특별사면 이후 기대와 달리 한 자릿수로 저조했던 지지율은 반등의 기미가 없었던 점, 촉박한 내년 6·3 지방선거 전략 수립 등은 해결해야 할 난제로 남아있다.
10일 정치권에 따르면 조 전 위원장은 이날 국회에서 전당대회 출마 기자회견을 열어 ""혁신당은 '3년은 너무 길다'를 외치며 윤석열·김건희 정권을 무너뜨렸고 정치검찰의 간판도 내렸다. 창당 때 국민이 부여한 시대적 과제를 완수했다""며 ""지금까지의 조국을 과거의 조국으로 남기고 다른 조국, 새로운 조국으로 국민과 다시 시작하겠다""며 변화의 의지를 다짐했다.
앞서 조 전 위원장은 당대표 출마를 위해 지난 6일 비대위원장직을 사퇴했다. 그는 지난 8월 광복절 특별사면·복권으로 형기의 절반만 채우고 출소했다. 그러나 출소에 앞서 당내 성비위 사태가 불거지며 지도부가 총사퇴해 비상대책위원장으로 정계에 복귀했다. 당시 정치권에서는 조 전 위원장이 이 사건을 인지하고 있었음에도 사실상 묵과했다는 지적이 일었다.
더불어민주당과의 '합당설'엔 선을 긋고, 국민의힘의 '대항마' 역할도 자처했다. 조 전 위원장은 ""(민주당 일각의) 설익고 무례한 흡수합당론에 흔들리지 않도록 강철처럼 단단한 정당을 만들겠다""며 ""혁신당을 개혁에 강하고, 민생에 강하고, 선거에 강한 이기는 강소정당으로 만들겠다. 총선에서 국민이 주셨던 마음을 되찾겠다""고 약속했다.
국민의힘을 향해서는 ""내란 세력, 극우 세력인 국민의힘을 심판해야 한다. 내란옹호, 극우본당 국민의힘을 정치적 파산정당으로 퇴출하겠다""며 ""지방선거에서 국민의힘 소속 광역단체장 제로를 만들고, 기초단체장들을 반 토막 내서 내란세력의 뿌리를 뽑겠다""고도 했다.
양당을 싸잡아 '기득권'으로 규정하고 내년 지방선거에서 혁신당이 이를 종식하겠다는 다짐도 했다. 조 전 위원장은 ""양당 독점 지역에서 혁신당이 '정치적 메기'가 되어 양당의 나눠먹기 정치시장에 혁신과 경쟁의 바람을 불어넣겠다""며 ""거대 양당의 독점정치를 종식하고 민주주의 다수 연합 시대를 여는 정치개혁의 항해를 하겠다""고 말했다.
조국 조국혁신당 전 비상대책위원장이 10일 오전 국회 소통관 기자회견장에서 당대표 출마 선언 기자회견에 입장하고 있다. ⓒ데일리안 홍금표 기자
그러나 혁신당을 다시 이끌게 될 조 전 위원장 앞에 놓인 현실은 녹록지 않다. 대표적 난제로 꼽히는 지점은 '한 자릿수' 박스권 지지율과 촉박한 '지방선거 전략수립'이다. 비대위원장으로 복귀한 지난 두 달여간 민주당이 추진하는 사법개혁 등 선명성 이슈에 도태돼 있었고, 이 기간 동안 지방선거 관련 논의나 공식 메시지는 사실상 전무했다는 평가다.
리얼미터가 에너지경제신문 의뢰로 지난 3~7일 ARS 100%방식으로 조사한 정당지지도 조사 결과, 혁신당 지지율은 2.5%로 나타났다. 의석수 총 12석으로 '원내 3당' 입지를 갖고 있음에도, 의석수 3석에 불과한 개혁신당 지지율(4.2%)보다 낮은 지지율을 보인 것이다.
또 한국갤럽이 지난 4~6일 전화조사원 인터뷰(CATI) 방식으로 실시한 정당 지지도 조사에서도 혁신당은 개혁신당과 함께 4%를 기록했다. 이는 5월(2%), 7월(3~4%), 9월(2~4%) 등 지난 6개월간 흐름과 대동소이하다. 자세한 내용은 중앙선거여론조사심의위원회 홈페이지에서 확인할 수 있다.
조 전 위원장은 출마 회견 직후 기자들과 만나 저조한 지지율과 관련 ""아직 까마득하게 멀었다고 본다""면서도 ""이제 바닥을 다진 상태라고 평가한다. 하나하나 좌고우면 않고 허둥댈 생각은 없다. 한칸 한칸 하나 하나 내년 6월까지 (지지율을) 올려가야 한다고 생각하고 있다""고 했다.
당장 7개월도 남지 않은 6·3 지방선거 전략수립 향방도 조 전 위원장의 고심거리다. 지방선거는 당이 평소 닦아온 지역을 기반으로 한 '풀뿌리 조직' 선거의 영역이다.
그러나 △2024년 3월 3일 창당 이후 9개월여만의 당대표 구속 △김선민 권한대행 체제로의 전환 △조 전 위원장 출소 전후 당내 성비위 사건으로 인한 비대위체제로의 전환 등 여러 사건이 일던 탓에 혁신당이 선거를 준비할 시간이 사실상 부족했다는 평가다. 나아가 '내란 척결'만을 앞세워 선거에 임하는 게 유권자의 표심에 얼마나 영향력을 미칠 수 있겠느냐는 회의론도 나온다.
조 전 위원장은 선거를 위한 '인재발굴' 방식에 대해 ""당대표로 당선되면 바로 인재영입위원장을 맡아 기초의원 후보든, 단체장 후보든 지방선거에 뛸 분들을 만나고 영입할 생각""이라며 ""영·호남을 가리지 않고 전국 다인선거구에 우리가 한 명씩 진출시키는 게 목표고, 그분들이 '정치 메기'가 될 것""이라고 말했다.
아울러 자신의 거취에 대해서는 ""당의 지방선거 후보들이 다 결정되고 나서 맨 뒤에, 가장 마지막에 결정할 것""이라며 ""어디서는 서울시장 나간다고 여론조사를 돌리고 부산에선 부산시장 또는 북구 (여론조사를) 돌리고 있던데 내 고향이 부산이고 부산에도 각별한 관심을 갖고 있지만, 지금 개인 거취를 말할 상황이 아니다""라고 말을 아꼈다.
한편 혁신당은 오는 23일 청주에서 신임 지도부 선출을 위한 전당대회를 개최한다. 혁신당에 따르면 10일 오후 6시를 기해 조 전 위원장이 당대표 선거에 단독 입후보 했고, 최종 2인을 선출하는 최고위원 후보로는 임형택 익산 공동지역위원장, 정춘생 혁신당 정책위의장, 정경호 전 한국로슈 노동조합 위원장, 신장식 의원(기호 순)까지 4명이 입후보했다."
91,"이 대통령 ""내란, 독자 조사도 해야""...협조 공직자 조사 'TF' 구성","이 대통령 ""특검, 내란에 관한 형사 처벌만 해""
""행정적 책임·인사 조치 사안도 있어…독자 조사""
김 총리 ""내란 재판·수사 장기화…극복 지지부진""
헌법 존중 정부혁신TF 제안…공직자 계엄 협조 조사
[앵커]
이재명 대통령이 오늘(11일) 국무회의에서 지난 12·3 비상계엄에 대해 형사 처벌을 하는 특검 수사 외에 독자적인 조사도 필요하다고 강조했습니다.
김민석 총리는 총리실 주도로 계엄에 관여한 공직자들을 조사하는 '테스크포스'를 구성하겠다고 제안했습니다.
취재기자 연결합니다. 정인용 기자!
국무회의 내용 자세히 전해주시죠.
[기자]
네, 이재명 대통령이 오늘 오전 국무회의에서 12·3 비상계엄 문제를 다시 꺼내 들었습니다.
특검에서 관련 수사를 하고 있지만, 이는 내란에 대해 '형사 처벌'을 하는 거라고 언급했습니다.
그러면서 행정적 책임이나 인사 조치를 할 사안도 있다며 특검에 의존하지 말고 독자적으로 조사해야 한다고 강조했습니다.
계엄 관여 정도에 따라 공직 사회 전반의 책임 소재를 가리겠단 건데, 이 대통령 이 같은 언급은 김민석 총리가 국무회의에서 먼저 관련 보고를 진행하면서 나왔습니다.
김 총리는 정부의 최우선 과제 중 하나가 국민주권과 민주주의 확립인데 현재 내란 재판과 수사가 장기화해 내란 극복이 지지부진하다고 지적했습니다.
이어 경찰의 국회 출입 통제와 계엄 옹호 전문 발송 등을 정부 내에서 계엄에 동조한 사례로 들며 공직자들의 계엄 협조 여부를 조사하는 이른바 '헌법 존중 정부혁신TF' 구성을 제안했습니다.
김 총리는 정부의 헌법 수호 의지를 세워 국민 신뢰를 회복하겠단 취지라며 내년 1월 정도까지 계엄 가담 공직자들을 신속히 조사해 합당한 인사 조치를 하겠다고 덧붙였습니다.
앞서 지난 6일 국회 운영위원회 국정감사에서도 비상계엄 당시 전 부처 공무원들이 모종의 역할을 한 것에 대해 조사가 필요하단 지적이 나왔는데요.
당시 강훈식 대통령비서실장은 관련 내용을 확인할 별도의 조직이 필요하면 발족하는 방안을 검토하겠다고 밝혔는데, 닷새 만에 가시화한 겁니다.
특히 이 대통령이 김 총리의 TF 구성 제안에 당연히 해야 할 일이라고 호응한 만큼, 후속 조치에 속도가 붙을 거로 보입니다.
지금까지 용산 대통령실에서 전해드렸습니다.
※ '당신의 제보가 뉴스가 됩니다'
[카카오톡] YTN 검색해 채널 추가
[전화] 02-398-8585
[메일] social@ytn.co.kr"
92,떨어진 9월 집값은 왜 빠졌나...불붙은 '통계 왜곡' 논란,"<앵커>
서울 전역과 수도권 핵심 지역이 모두 규제지역으로 지정된 가운데 정부가 의도적으로 통계를 왜곡한 채 부동산 대책을 발표한 것 아니냐는 논란이 커지고 있습니다.
통계 왜곡이 아니라는 국토교통부의 해명에도 불구하고 통계에 대한 신뢰도 문제로 이어질 조짐을 보이고 있습니다.
건설사회부 신재근 기자와 짚어보겠습니다. 신 기자, 통계 왜곡 논란이 나오는 이유가 뭔가요?
<기자>
정부가 서울 전역을 규제지역으로 지정하면서 9월 주택 가격 통계를 의도적으로 빼고 발표한 것 아니냐는 이유에서입니다.
조정대상지역은 최근 3개월간 주택가격상승률이 물가상승률의 1.3배, 투기과열지구는 주택가격상승률이 물가상승률의 1.5배 이상이면 각각 지정할 수 있는데요.
이번 10·15 대책에는 6~8월 통계가 적용됐습니다.
하지만 9월 주택 통계를 포함할 경우 다시 말해 6~8월이 아닌 7~9월 주택가격상승률과 물가상승률을 비교하면 중랑과 강북, 도봉, 금천구 등은 규제지역에서 빠지게 됩니다. 수원과 의왕, 성남 일부 지역도 제외됩니다.
국토부가 이런 결과를 인지하고도 입맛에 맞는 통계를 골라 대책을 발표했다는 지적이 나옵니다.
<앵커>
국토부가 9월 주택 통계를 사전에 인지하고 있었나요?
<기자>
국토부는 대책 발표 전부터 9월 주택 통계를 인지하고 있던 걸로 드러났습니다.
통계를 조사하고 작성하는 한국부동산원은 10월 13일 오후 4시 국토교통부로 자료를 보냈습니다.
부동산 대책이 발표되기 이틀 전입니다.
대통령실도 해당 자료를 사전 보고 받은 걸로 전해졌습니다.
<앵커>
국토부가 9월 통계를 알고도 대책에 적용하지 않은 이유가 뭔가요?
<기자>
대책 발표 전 9월 주택 통계가 공표되지 않아 적용할 수 없었다는 입장입니다.
국토부는 지난 달 13일과 14일 이틀 동안 규제지역 지정을 위한 '주거정책심의위원회의'를 개최했는데, 이 자리에서 9월 통계를 공유할 수 없었다는 겁니다.
국토교통부 장관의 얘기 들어보시겠습니다.
[천하람 / 개혁신당 원내대표(7일 국회 예산결산특별위원회): 장관님 10월 16일 기준으로 그때 당시에 9월 통계가 있었습니까? 없었습니까?]
[김윤덕 / 국토교통부 장관(7일 예산결산특별위원회): 9월 통계가 행정상으로는 없다고 볼 수밖에 없습니다. 회의에 들어갈 때에는 주거정책 심의위원들에게 그걸 공표할 수가 없습니다. 우리 입장에서는.]
또 추석 전부터 대책을 준비해 왔기 때문에 13일 오전에 이미 행정 절차를 위한 준비에 착수한 상황이라고도 했습니다.
<앵커>
집값 상승률이 높지 않았던 지역은 다소 억울할 수 있겠습니다. 현장의 분위기는 어떤가요?
<기자>
중랑구와 도봉구 주민의 얘기를 들어봤는데요.
이들 지역은 최근 몇 년 간 집값이 떨어졌다며 강남과 같은 규제를 하는 것에 대해 분통을 터뜨렸습니다.
[임귀자 / 중랑구 주민: 저는 부동산 정책은 (지역별로) 조금 규제를 달리해야 된다고 봐요. 데이터가 있는데 왜 그걸 일괄적으로 해요? 데이터가 없으면 몰라. 우리 거래 신고 다 하잖아요. 3년 전 가격보다 내렸어요. 지금도 전혀 안 올랐어요.]
[허미정 / 중랑구 주민: 강남이랑 여기는 다르잖아요. 똑같이 (규제)한다는 것은 형평성에 맞지 않다고 생각해요. 규제는 필요하니까 하는데 (상황에) 맞게 해야 하지 않을까…]
전문가들은 9월 통계를 적용하지 않은 점은 규제지역 확대에 대한 정부의 욕심을 지울 수 없는 사건이라고 평가했습니다.
한 부동산 업계 관계자는 ""어떤 선을 간신히 넘었느냐 말았느냐 가지고 과도하게 규제지역을 지정하는 건 기본적으로 바람직하지 않은 선택""이라고 지적했습니다.
<앵커>
통계 왜곡 논란과 관련해 소송 움직임도 제기되고 있다고요?
<기자>
개혁신당 법률자문위원회는 이달 중 행정소송을 제기하기 위해 소송인단을 모집 중입니다.
소송인단이 10~20명 정도 모이면 소송을 접수할 예정입니다.
[천하람 / 개혁신당 원내대표: 늦어도 11월 중에 소송을 개시할 생각입니다. 이미 소송 당사자들 모집을 개시하고 있고요. 9월 통계를 의도적으로 배제한 것은 위법이 명확하기 때문에 저는 법원에서도 당연히 행정처분을 취소하는 승소 판결을 할 수 있을 거다 그렇게 전망하고 있습니다.]
김윤덕 국토부 장관은 이미 야권으로부터 9월 주택가격 통계를 의도적으로 배제했다는 의혹으로 경찰에 고발됐습니다.
이번 논란이 부동산 정책에 대한 신뢰 문제로 이어질 수 있다는 점에서 향후 정부의 부동산 대책에도 영향을 줄 걸로 보입니다.
<앵커>
여기까지 듣겠습니다. 건설사회부 신재근 기자였습니다.
영상취재: 채상균, 김재원, 김성오
영상편집: 김정은
CG: 배예지"
93,"李대통령, 내란 협조 공직자 처벌에 ""특검 의존 아니고 독자적으로 해야""","(출처=연합뉴스)
[파이낸셜뉴스] 이재명 대통령은 11일 김민석 국무총리의 헌법존중정부혁신TF 구성 제안에 ""특검에 의존할 것이 아니고 독자적으로 해야 될 일""이라고 했다.
이 대통령은 이날 용산 대통령실에서 국무회의를 주재하고 ""그것은 당연히 해야 될 일 같다""며 이같이 말했다.
김 총리는 앞서 ""헌법존중정부혁신TF를 정부 내에 구성하면 좋겠다""며 ""12.3 비상계엄 등 내란에 참여하거나 협조한 공직자를 대상으로 신속한 내부 조사를 거쳐 합당한 인사조치를 할 수 있는 근거를 확보할 수 있는 것을 하려 한다""고 밝혔다.
이 대통령은 ""내란에 관한 문제는 이제 특검에서 수사를 통해 형사처벌을 하고 있는 것인데, 내란에 관한 책임은 관여 정도에 따라서 형사 처벌을 할 사안도 있겠고 행정 책임을 물을 사안도 있고 인사상 문책이나 인사 조치를 할 정도의 낮은 수준도 있기 때문에 꼭 필요할 것 같다""고 짚었다."
94,"조국, 당대표 출마 공식 선언 ""새로운 조국으로 다시 시작…정치적 메기될 것""","[조국/전 조국혁신당 비상대책위원장]
""저는 지금까지의 조국을 과거의 조국으로 남기겠습니다. 다른 조국, 새로운 조국으로 국민과 다시 시작하겠습니다.""
조국 전 조국혁신당 비상대책위원장이 당대표 출마를 공식 선언했습니다.
'혁신'을 재차 강조하면서도 더불어민주당과의 합당론과 거리를 뒀고, 최우선 과제는 ""국민의 신뢰 회복""이라고 했습니다.
[조국/전 조국혁신당 비상대책위원장]
""설익고 무례한 흡수합당론에 흔들리지 않도록 강철처럼 단단한 정당을 만들겠습니다.""
검찰개혁·사법개혁 완수를 비롯해 차별금지법 도입 등의 개혁을 약속했습니다.
지방선거에서 ""국민의힘을 심판해야 한다""고도 강조했습니다.
[조국/전 조국혁신당 비상대책위원장]
""내년 6.3 지방선거에서 내란 세력, 극우 세력, 국민의힘을 심판해야 합니다. 내란옹호 극우본당 국민의힘을 정치적 파산정당으로 퇴출하겠습니다.""
그러면서 조국혁신당이 '정치적 메기'가 되어 양당 독점을 깨겠다고 강조했습니다.
자녀 입시 비리와 감찰 무마 혐의 등으로 수감됐던 조 전 위원장은 지난 8월 광복절 특별사면으로 풀려났습니다.
이후 당내 성추행 사태로 지도부가 총사퇴하면서 비상대책위원장으로 복귀한 바 있습니다.
조 전 위원장이 오는 23일 전당대회에서 당대표에 취임할 것이 확실시되고 있지만, 한 자릿수 초중반 박스권에 갇혀있는 당 지지율에 대한 우려도 나옵니다.
저조한 지지율에 대해 조 전 위원장은 ""좌고우면하지 않고 허둥댈 생각은 없다""고 했습니다.
영상취재 : 박재현 이지수
영상편집 : 백경화"
95,한강버스 이어 종묘 재개발까지…與 “오세훈 때리기” 총공세,"민주당 권향엽 ""종묘 앞마당 훼손, 손떼라""
정원오 성동구청당도 ""자칫 등재 해제될 수""
오세훈 ""세운상가 허물면 종묘 최대 수혜""
[이데일리 하지나 기자] 내년 6·3 지방선거를 앞두고 최대 격전지로 꼽히는 서울시장 자리를 둘러싼 여야의 신경전이 한층 달아오르고 있다. 더불어민주당은 한강버스 사업에 이어 종묘 인근 세운4구역 재개발 계획을 문제 삼으며 오세훈 서울시장에 대한 공세 수위를 높이고 있다. 이에 대해 오 시장은 “전혀 이치에 맞지 않는 억지 주장”이라며 김민석 국무총리에게 거듭 공개 토론을 제안했다.
권향엽 더불어민주당 대변인은 11일 서면브리핑을 통해 “오 시장은 대한민국 역사 앞에 죄를 짓는 일을 멈추라”면서 “즉각 초고층 건물 개발계획을 철회하고, 유네스코 세계유산 제1호 종묘의 앞마당을 훼손하는 일에서 손 떼라“고 비판했다.
그는 그러면서 “유네스코의 권고를 받아들이지 않으면 세계유산 지위를 잃을 수 있다”면서 “독일의 엘베 계곡, 영국의 리버풀 해양 상업 도시가 개발 논리를 앞세우다 세계유산 지위를 박탈당한 전례가 있다”고 지적했다.
이번 논란은 전날 김민석 총리의 종묘를 방문하면서 촉발됐다. 김 총리는 “국익과 국부를 해치는 근시안적 단견”이라고 공개 비판했다. 그러자 오 시장은 “역사와 미래가 공존하는 서울은 어떤 모습이어야 하는지 국무총리와 공개 토론을 제안한다”고 맞받았다.
오세훈 서울시장이 7일 서울 종로구 세운상가 옥상에서 열린 세운4구역 재개발 관련 현장 브리핑에서 주변 전망을 살펴보고 있다. (사진=서울시 제공)
오 시장은 이날 라디오 인터뷰에서도 “세운상가를 허물고 폭 100m의 녹지축을 종로, 청계천, 을지로, 퇴계로, 남산까지 생긴다”면서 “세운상가를 허물고 녹지를 만들면 최대 수혜자는 종묘”라고 반박했다. 이어 세운상가는 현재 58년 된 노후 건물로 콘크리트가 떨어지는 등 위험한 상태이며, 개발이 지연되고 있는 세운상가의 경제성을 확보하기 위해서는 높이 제한 완화가 불가피하다고 설명했다.
또한 그는 “종묘가 세계유산으로 지정된 것은 정전이라고 하는 건축물과 그다음에 종묘 재래, 종묘 재래악 등을 묶어서 문화유산으로 지정한 것“이라면서 ”건축물 하나만 보고 하는 게 아닌데, 오히려 문화유산으로 지정하는 쪽은 관심조차 없는 이슈를 가지고 지금 국내적으로 정치적인 이슈를 만들고 있는 것“이라고 비판했다.
서울시는 지난달 30일 ‘세운재정비촉진지구 및 4구역 재정비촉진계획 결정’을 고시했다. 이에 따라 세운4구역의 건물 최고 높이는 종로변 101m, 청계천변 145m로 기존 기준(55m·71.9m)보다 두 배 이상 높아졌다. 또한 최근 대법원은 서울시가 종묘 경계 100미터 밖 건축 규제 조항을 삭제한 것은 위법이 아니라고 판단하면서 서울시는 재개발 추진을 위한 법적 근거를 확보했다.
정부는 이번 계획이 유네스코 세계문화유산인 종묘의 조망권과 주변 경관을 훼손할 수 있다고 우려하고 있다. 반면 서울시는 정비지구가 종묘로부터 180m 떨어져 ‘역사문화환경 보존지역’(경계 100m) 밖에 있어 국가유산청과의 협의 대상이 아니라는 입장을 고수하고 있다.
하지만 여당은 잇따라 오 시장을 겨냥하며 공세를 이어가고 있다. 여권 내 서울시장 유력 후보자로 꼽히는 정원오 성동구청장은 이날 한 유튜브 방송에서 “세계유산 등재 당시 서울시는 종묘 경관에 악영향을 미칠 수 있는 고층 건물 인허가를 내주지 않겠다고 확약했다”며 “이를 어기면 세계유산 관리·운영 지침에 위배돼 자칫 등재가 해제될 수 있다”고 지적했다."
96,"이재명 대통령 ""개인 주식 장기투자에 세제혜택 잘 만들어 달라""","[the300]
[서울=뉴시스] 최동준 기자 = 이재명 대통령이 11일 서울 용산 대통령실 청사에서 열린 국무회의에서 의사봉을 두드리며 개회 선언을 하고 있다. (대통령실통신사진기자단) 2025.11.11. photocdj@newsis.com /사진=
이재명 대통령이 ""일반 (주식) 투자자들의 장기 투자에 혜택을 주는 방식을 세부적으로 잘 만들어주시길 바란다""고 밝혔다.
이 대통령은 11일 오전 서울 용산 대통령실에서 열린 국무회의에서 구윤철 부총리 겸 기획재정부 장관에게 ""장기 투자에 대한 세제 혜택 등이 충분한가""라며 이같이 말했다.
그러면서 이 대통령은 ""장기 투자에 대한 인센티브 부여 제도에 대해선 반론이 좀 있다""며 ""결국 대주주들이 혜택 보는 것 아니냐는 것""이라고 했다.
이 대통령은 ""대주주들은 경영권 확보를 위해 (주식을) 원래 가지고 있는 것이지 않느냐""며 ""거기에 (인센티브를) 해주면 부자 감세 논란이 있을 수 있다""고 말했다."
97,"나경원, 생방송 인터뷰 도중 ""앵커님, 법무부 장관 대변인이세요?""","나경원 국민의힘 의원(왼쪽)과 정성호 법무부 장관 / 사진=연합뉴스
나경원 국민의힘 의원이 검찰의 대장동 개발 비리사건 항소 포기와 관련한 생방송 인터뷰 도중 진행자의 질문 방식에 ""정성호 법무부 장관 대변인 같다""며 반발했습니다.
나 의원은 오늘(11일) YTN라디오 '김영수의 더 인터뷰'에서 항소 포기에 대해 ""대통령실에서는 처음에는 아무 말 안 하다가 보고는 받았다고 인정했다. 대통령이 몰랐다고 할 수 있겠나? 대통령의 의중이 실리지 않았다고 볼 수 있겠나?""라며 ""대한민국 법치를 무너뜨린 것이기 때문에 당연히 (대통령) 탄핵 사유""라고 주장했습니다.
진행자가 ""어제 정성호 장관이 검찰 수사의 문제점도 지적하면서 (검찰이) 남욱 변호사를 위협했다고 했다""고 말하자 나 의원은 ""오늘 앵커분의 질문 자체도 정성호 장관 대변인 같다""고 불만을 표출했습니다.
사진=YTN라디오 유튜브 채널 캡처
이어 나 의원은 ""(진행자가) 정성호 장관이 뭐라 했다, 그걸 자꾸 반박하라고 그러신다. (남욱 위협은) 거짓말이라는 것이 검찰 측 얘기""라면서 ""오늘 질문하시는 게 굉장히 실망스럽다""고 지적했습니다.
진행자가 ""이 질문은 (앞서 인터뷰한 더불어민주당) 박주민 의원에게도 똑같이 했다. 똑같이 해서 여야의 입장을 듣는 것""이라며 ""정성호 장관이 어떤 말을 했고, 이 말이 어떤 의미가 있는 건지 여야 의원한테 들은 것이다""라고 해명했습니다.
나 의원은 정 장관이 전날 ""검찰의 항소 포기는 문제없다""는 입장을 밝힌 것에 대해선 ""궤변 중 궤변""이라고 꼬집었습니다.
그는 ""예전에 이재명 대통령이 (정 장관에 대해) '끝까지 같이 갈 사람, 배신하지 않을 사람'이라고 했다""면서 ""대통령과 사법연수원 18기 동기인 정성호 장관의 눈물겨운 대통령 지키기일 뿐이며, 사실상의 외압을 자백한 것이라고 본다""고 주장했습니다.
이어 ""수사와 공판에 관여하고 있는 검찰에서는 만장일치로 항소하기로 했다. 그런데 법무부 의견을 구하는 과정에서 (정 장관이) 항소 불허를 말한 것 아닌가""라면서 ""어제 노만석 검찰총장 대행이 '용산과 법무부 의견을 고려했다'고 이야기했다. 이것이 바로 외압을 말하는 것""이라고 덧붙였습니다.
#나경원 #국민의힘 #국힘 #YTN #라디오 #박주민 #더불어민주당 #민주당 #검찰 #대장동 #대장동항소포기 #정성호 #정성호법무부장관 #이재명 #이재명대통령 #대통령"
98,"대통령실, 대장동 항소 포기 檢 반발에 ""특별한 입장 없다""","'대장동 항소 포기' 사태를 둘러싸고 검찰 내부에서 노만석 검찰총장 직무대행의 책임론이 확산하고 있는 11일 서울 서초구 서울중앙지방검찰청에서 직원들이 오가고 있다. 노 대행은 이날 하루 연가를 내고 고심에 들어갔다. 2025.11.11 [사진=연합뉴스]
대통령실이 검찰의 '대장동 개발 비리' 사건에 대한 항소 포기를 놓고 검찰 내부에서 조직적으로 반발하고 있는 데에 대해 ""특별한 입장이 없다""고 밝혔다.
대통령실 관계자는 11일 용산 대통령실에서 기자들과 만나 '대장동 항소 포기'에 대한 검찰 내부의 반발과 관련한 입장을 묻는 말에 이같이 답했다.
이 관계자는 야권에서 제기하는 대통령실 '외압설'에 대해서도 ""대통령실은 어떤 입장도 없다""며 ""야당이 제기한 정치적 의혹에 대해 대통령실에서 대통령실 출입 기자가 묻는 건 적합하지 않다고 판단한다""고 말했다.
앞서 노만석 검찰총장 대행이 '대장동 사건' 1심의 항소 포기를 결정하다 현직 검사장들이 단체로 나서 정확한 경위를 요구하고 나섰다.
박재억 수원지검장 등 전국 검사장 18명은 전날 검찰 내부망에 ""성남시 대장동 개발 비리 의혹 사건의 1심 일부 무죄 판결에 대한 검찰총장 권한대행의 항소 포기 지시를 두고 검찰 내부뿐만 아니라 온 나라가 큰 논란에 휩싸였다""며 ""검찰총장 권한대행께 추가 설명을 요청드린다""고 했다."
99,[여의도1번지] 대장동 '항소 포기' 파장 계속...노만석 퇴진 요구도,"<출연 : 장윤미 더불어민주당 대변인 · 이준우 국민의힘 대변인>
이 시각 정치권 이슈 살펴봅니다.
<키워드 1: 항소 포기에 '사퇴론'>
노만석 검찰총장 직무대행의 대장동 사건 항소 포기 결정이 검찰 내부와 정치권에 후폭풍이 이어지고 있습니다.
노 대행은 오늘 출근하지 않은 채 거취를 고심하는 것으로 알려졌는데요.
""용산과 법무부 관계를 고려했다""는 발언이 알려지면서 논란은 계속 이어지고 있는데요, 검찰 내부에서는 평검사부터 간부급까지 집단 성명을 내고 노 대행에게 진상 규명을 강력히 요구하고 있습니다.
<키워드 2: 정치공방 격화일로>
정치권의 공방 역시 최고조에 달했습니다.
국민의힘은 이번 사태를 '권력형 수사 외압'으로 규정하고, 대통령 퇴진과 탄핵까지 언급하며 총공세를 펼치고 있습니다.
더불어민주당은 ""기계적 항소 남용을 멈춘 것이고, 야당의 공세는 정치 프레임""일 뿐이라고 맞서고 있습니다.
관련 내용 자세히 짚어보겠습니다.
관련 내용 포함한 정치권 이슈들, 장윤미 더불어민주당 대변인, 이준우 국민의힘 대변인과 자세히 짚어 보겠습니다.
어서 오세요.
[앵커]
국민의힘은 '대장동 항소 포기'와 관련해서 총공세에 나섰습니다.
오전엔 대검찰청에서 규탄대회를 열었고, 조금 전엔 법무부를 항의 방문했는데요.
장동혁 대표의 대검 앞 발언 먼저 듣고 대담 시작하겠습니다.
<장동혁 / 국민의힘 대표> ""지금 엉망으로 망가지는 대한민국을 구하는 방법은 딱 하나입니다. 이재명을 대통령의 자리에서 내려오게 하는 것뿐입니다. 국정조사와 특검을 통해서 이재명을 탄핵해야 합니다. 그리고 지금 즉시 법원은 이재명에 대한 재판을 재개해야 합니다. 그것이 대한민국을 구하는 유일한 길입니다.""
<질문 1> 국민의힘은 '항소 포기' 외압 의혹에 대한 진상 규명을 촉구하며 노만석 검찰총장 권한대행의 사퇴를 요구했고요. 국정조사와 특검 등을 통해 이재명 대통령을 탄핵해야 한다는 주장까지 했는데요. 국민의힘의 공세, 어떻게 보십니까?
<질문 1-1> 국민의힘은 정성호 장관을 면담하기 위해 법무부를 방문했는데요. 면담이 성사될까요?
<질문 1-2> 국민의힘은 내일 당원들과 규탄 집회를 진행한단 계획인데요. 당내에선 장외 투쟁에 나서는 방안도 거론됩니다. 국민의힘이 '항소 포기' 논란을 고리로 다시 거리로 나갈까요?
[앵커]
국민의힘 공세와 검찰의 반발에 민주당은 검찰의 '조작 기소', '검란'이라고 역공을 펼쳤습니다.
관련 발언 듣고 대담 이어가겠습니다.
<서영교 / 더불어민주당 의원 (KBS 1라디오 전격시사)> ""(검찰이) 반성을 해야 할 때지 이때 집단행동을 하는 것은 있을 수 없는 일이다. 이것은 검란이다 이렇게 보고 있습니다. 그동안 검찰개혁의 이유는 검사가 무리하게 수사를 하고 공작하고 조작하고 자신들의 마음에 들지 않는 사람 제거용으로 이 사건을 키워왔던 사례가 있었기 때문에…김건희 사건이 있을 때 찍소리도 못하지 않았습니까? 윤석열 구속 취소됐을 때 즉시 항고해야 하는데 즉시 항고 찍소리도 못하고 즉시 항고하지 말자고 했던 검사들 아닙니까?""
<질문 2> 민주당은 '윗선 개입' 의혹에 선을 그으면서, ""친윤 정치검찰의 항명"", ""검란""이라고 목소리를 높였습니다. 이번 논란을 검찰개혁과 연관 짓는 모습인데, 어떻게 보십니까?
<질문 2-1> 민주당은 국정조사와 상설특검, 청문회까지 거론하며 강공 전략을 펴고 있는데요. 어떤 방법으로 대응할 거라고 보십니까?
[앵커]
여야는 어제 정성호 장관이 검찰에 ""신중하게 판단하라""는 의견을 전달했다고 밝힌 것을 두고도 공방을 이어갔습니다.
발언 듣고 대담 이어가겠습니다.
<나경원 / 국민의힘 의원> ""대통령의 연수원 18기 동기인 정성호 장관의 눈물겨운 대통령 지키기이고 실질적으로 이것은 외압을 자백한 것이라고 봅니다. 대검과 중앙지검 그러니까 수사와 공판에 관여하고 있는 검찰에서는 만장일치 항소하기로 했다. 그런데 법무부의 의견을 구하는 과정에서 결국은 항소장 접수 7분 전에 항소 불허를 말한 거 아닙니까? 결국 신중하게 판단했다고는 말 한마디 하셨다고 하지만, 노만석 검찰총장 대행이 어제 아주 의미 있는 말을 했습니다. 용산과 법무부의 의견을 고려했다는 이야기를 하는데요.""
<박주민 / 더불어민주당 의원> ""윗선 개입이라고 얘기하려면 누가 도대체 어떤 지시를 했고, 또 그런 지시가 있었다면 어떤 의도인지에 대해서 밝혀야 하는 거지 않습니까? 그런데 노만석 대행 같은 경우에도 본인이 의견을 구했다. 지시를 받기보다는 의견을 구했다고 얘기했고, 정성호 장관도 의견을 구해왔길래 신중하게 검토해서 판단은 법이 판단하면 될 것 같다는 취지의 가벼운 의견을 전달했다는 거지 않습니까? 이 부분에 있어서 두 사람의 이야기는 일치하고 있지 않습니까? 어떤 특별한 지시라든지 외압이라든지 이런 게 있는 정황이 현재는 드러나고 있지 않은 상황이기 때문에 그 부분에 대해서도 특별하게 다른 내용은 없을 것이라고 보고 있습니다.""
<질문 3> 정성호 장관은 검찰에 ""신중하게 판단하라""는 의견을 냈지만, 지침을 준 적은 없다고 밝혔는데요. ""가벼운 의견 전달""이다, ""외압 자백""이다, 여야의 해석은 엇갈렸습니다. 두 분은 정 장관의 발언, 어떻게 들으셨습니까?
<질문 4> 노만석 검찰총장 대행은 대검 연구관들에게는 ""용산과 법무부와의 관계를 고려할 수밖에 없었다""는 취지로 말한 것으로 알려졌는데요. 어떻게 보십니까?
<질문 4-1> 검찰 내부에서 노 대행을 향한 사퇴 압박이 거세지고 있는 가운데, 노 대행이 오늘 하루 휴가를 냈습니다. 휴가에서 돌아온 후 거취에 대한 입장을 밝힐까요?
<질문 5> '대장동 항소 포기' 파장이 커지는 가운데, 대통령실 관계자는 ""이번 사안은 대통령실과는 무관한 일""이라며 '대통령실 개입 의혹'에 선을 그었습니다. ""민정라인 역시 항소 포기 결정 후 통보만 받았을 뿐 의사결정 과정에 관여하지 않은 것으로 확인됐다""는 건데요. 어떻게 보십니까?
<질문 6> 국회 법사위는 오늘 오후 4시 30분부터 전체회의를 진행합니다. 회의 안건은 미정인데요. 국민의힘이 요구하는 '대장동 항소 포기' 관련 현안질의 개최 안건이 상정될까요?
<질문 7> 유네스코 세계유산인 종묘 앞 고층 건물 허용 문제를 놓고 김민석 총리와 오세훈 서울시장의 공방이 거세지고 있습니다. 김 총리가 직접 현장을 찾아 ""재개발은 근시안적 단견""이라고 우려를 표명하자, 오세훈 시장은 도시의 흉물을 방치할 거냐며 공개 토론을 하자고 맞섰는데요. 서울시의 종묘 인근 재개발 계획에 대해 어떻게 보십니까? 공개토론이 성사될까요?
<질문 7-1> 일각에선 김 총리와 오 시장의 신경전을 두고 서울시장 선거 전초전 아니냐는 해석도 나오는데요?
지금까지 장윤미 더불어민주당 대변인, 이준우 국민의힘 대변인과 이야기 나눴습니다.
고맙습니다.
연합뉴스TV 기사문의 및 제보 : 카톡/라인 jebo23"
100,"나경원, 라디오 진행자 질문에 “정성호 대변인 같다” 발끈","나경원 국민의힘 의원이 31일 서울 여의도 국회 소통관에서 법제사법위원회 국정감사 총평 기자회견을 하고 있다. 2025.10.31/뉴스1
국민의힘 나경원 의원이 검찰의 대장동 개발 비리 사건 항소 포기와 관련해 라디오 인터뷰를 하던 중 진행자의 질문에 “정성호 (법무부)장관 대변인 같다”며 불쾌감을 드러냈다.
나 의원은 11일 YTN라디오 ‘김영수의 더 인터뷰’에서 ‘어제 정 장관이 검찰 수사의 문제점도 지적하면서 남욱 변호사를 위협했다는 것(을 이야기했다)’이라는 진행자의 말에 “정 장관이 뭐라 했다, 뭐라 했다 그걸 자꾸 반박하라고 그러시는데 피고인이 만들어 낸 거짓말이라는 게 검찰 측 얘기”라며 이같이 말했다. 이어 “그런 얘기를 그대로 옮기면서 하는 것이 장관의 태도이며 저는 오늘 (진행자가) 질문하시는 게 굉장히 실망스럽다”고 했다.
앞서 정 장관은 전날 출근길에 기자들과 만나 항소 포기 관련 검찰 내부 반발에 대해 “남욱 씨가 다른 재판 과정에서 충격적인 증언을 했다”며 “배를 가른다는 말을 하며 협박했다는 증언까지 나오는 상황에서 (대장동) 사건이 계속되면 오히려 더 정치적 문제가 될 수 있다고 판단했다”고 밝혔다. 대장동 민간업자인 남 변호사는 7일 더불어민주당 정진상 전 정무조정실장 재판에 나와 수사 과정에서 검사로부터 강압 수사를 받았다고 주장했다.
진행자는 나 의원의 말에 “이 질문은 (민주당) 박주민 의원에게도 똑같이 했다. 똑같이 해서 여야의 입장을 듣는 것”이라고 설명했다. 하지만 나 의원은 “질문 자체가 정 장관에 대한 걸 계속 물어보시더라”고 재차 맞받았다. 진행자는 해당 질문에 앞서 ‘정 장관이 항소 포기가 당연하다는 입장을 밝혔다. 어떻게 생각하는가’ ‘정 장관이 신중하게 판단했으면 좋겠다는 입장을 전달했다고 한다. 어떻게 들리셨는가’ 등의 질문을 연이어 던졌다.
대장동 사건 담당 검사들로부터 윗선에서 ‘항소 금지’ 지시가 있었다는 폭로가 8일 나오자 국민의힘은 대통령실의 외압을 주장했다. 하지만 정 장관은 “구형보다 높은 형이 선고돼 항소를 하지 않아도 문제되지 않는다고 판단했다”고 반박했다. 나 의원은 정 장관이 항소 포기가 당연하다는 입장을 밝힌 데 대해 “궤변 중에 궤변”이라며 “대통령의 연수원 18기 동기인 정 장관의 눈물 겨운 대통령 지키기이고 실질적으로 외압을 자백한 것”이라고 봤다."
101,"지선 출마? 당권 도전?… 김민석 총리, 종묘 찾아 오세훈 시장 직격","김 총리 초고층 개발 논란 종묘 방문
오세훈 시장 겨냥 ""한강버스 물의 빚어""
오 시장은 '공개 토론' 제안으로 반격
김민석(오른쪽 두 번째) 국무총리가 10일 서울 종로구 유네스코 세계문화유산인 종묘를 찾아 최근 서울시의 세운4구역 재개발 계획에 따른 영향을 살펴보고 대책을 점검한 후 발언하고 있다. 이날 종묘 방문에는 허민 국가유산청장, 유홍준 국립중앙박물관장 등이 함께했다. 뉴스1
김민석 국무총리가 10일 초고층 재개발 논란이 제기된 종묘를 방문해 오세훈 서울시장을 직격했다. 오 시장의 한강버스 정책까지 언급하면서 서울시의 공론화 과정 부족을 문제 삼았다. 여당이나 관계부처도 아닌 총리가 직접 현장 점검까지 나서면서 논란에 뛰어든 모습이 매우 이례적인 탓에 차기 서울시장이나 더불어민주당 대표 출마를 위한 포석이라는 해석이 뒤따랐다.
김 총리는 이날 유홍준 국립중앙박물관장, 허민 국가유산청장, 김경민 서울대 도시계획학과 교수 등과 함께 서울 종로구 종묘를 찾았다. 서울시가 지난달 말 종묘 앞 세운4구역의 건물 높이 제한을 풀어 현행보다 2배가량 높이는 개발계획을 발표한 데 따른 항의 차원이다. 최근 대법원도 문화재 주변 개발 제한 완화 조례를 통과시킨 서울시의회의 손을 들어주자 여론전을 통해 제동에 나선 것이다. 당초 김 총리는 종묘 방문 계획이 없었으나 하루 전 급하게 일정을 추가했다.
김 총리가 현장을 둘러보다가 ""(고층 건물이 들어서면) 몇 층이라고 보면 되는 것이냐""고 물어보자, 허 청장은 ""40층까지 짓는다는 말도 안 되는 (계획)""이라고 답했다. 그러자 김 총리는
""(고층 건물이 들어서면) 바로 턱하고 숨이 막히게 되겠다""
면서 ""여기 와서 보니 (재개발이 되도록) 놔두면 (종묘 앞을 가리는) 기가 막힌 경관이 돼버리는 것""이라고 지적했다.
김 총리는 이후  취재진과 만나 ""종묘 인근을 어떻게 개발할 것인지는 국민적인 토론을 거쳐야 되는 문제""라면서
""이렇게 서울시에서 일방적으로 밀어붙일 수 있는 사안이 아니고, 또 한 시기의 시정이 그렇게 마구 결정할 수 있는 일도 아닌 것 같다""
고 비판했다. 김 총리는 앞서 페이스북을 통해서도
""최근 한강버스 추진 과정에서 물의를 빚은 서울시로서는 더욱 신중하게 국민적 우려를 경청해야 할 것""
이라며 오 시장을 저격하기도 했다.
그러자 오 시장도 즉각 김 총리에게 공개 토론을 제안하면서 반격에 나섰다. 오 시장은 김 총리를 향해 ""가신 김에 종묘만 보고 올 게 아니라 세운상가 일대를 모두 둘러보시기를 권한다""면서 ""수도 서울의 중심이라 할 종로가 현재 어떤 모습인지, 이대로 방치하는 것이 과연 종묘를 위한 일인지 냉정한 눈으로 봐달라""고 쏘아붙였다. 그러면서
""역사와 미래가 공존하는 서울은 어떤 모습이어야 하는지 국무총리와 공개토론을 제안한다""며 ""이른 시일 내에 만나서 대화하자""
고 말했다.
이처럼 김 총리가 이례적으로 야당 지방자치단체장을 향한 강도 높은 공세에 나서자, 차기를 노린 행보라는 풀이가 나왔다. 그간 김 총리는 내년에 예정된 지방선거와 민주당 전당대회에서 각각 서울시장 후보와 당권 도전 후보로 꾸준히 거론돼왔기 때문이다. 다만 김 총리는 최근 MBC 라디오에 출연해 지선 및 당대표 출마 가능성을 묻는 질문에 ""지금은 맡은 일에 충실할 뿐""이라고 말하며 선을 그었다.
한편 김 총리와 마찬가지로 지방선거 출마설이 나오고 있는 강훈식 대통령 비서실장의 활동 반경도 부쩍 넓어졌다. 지난달 방산 수출을 위해 '대통령 특사' 자격으로 유럽 출장을 다녀온 데 이어 이번 주는 중동 출장을 앞두고 있다. 강 실장은 3선을 이룬 충남에서 도지사 후보로 나설 가능성과 함께 서울시장 후보로도 꾸준히 거론되고 있다."
102,국민의힘 “범죄자가 대통령 되니 나라가 엉망진창”,"대검 앞 ‘항소 포기’ 긴급 규탄 대회
장동혁 “모든 것은 이재명 때문”
“이재명, 그 자리에서 내려와야”
송언석 “진정한 몸통은 대장동 그분”
오후에는 법무부 찾아 ‘정성호 사퇴’
‘항소 포기’ 검찰 규탄하는 국민의힘 - 국민의힘 장동혁 대표, 송언석 원내대표를 비롯한 의원들이 11일 서울 서초구 대검찰청 앞에서 검찰의 대장동 개발 비리사건 항소 포기와 관련해 규탄대회를 열고 있다. 연합뉴스
국민의힘은 검찰의 ‘대장동 사건’ 항소 포기와 관련해 11일 서울 서초동 대검찰청 앞에서 긴급 규탄 대회를 열고 “범죄자가 대통령 되니 범죄자가 당당한 나라가 됐다”며 이재명 대통령을 겨냥했다.
장동혁 국민의힘 대표는 규탄사를 통해 “이 모든 것은 이재명 때문”이라며 “지금 엉망으로 망가지고 있는 대한민국을 구하는 방법은 단 하나, 이재명을 대통령 자리에서 내려오게 하는 것”이라고 말했다.
장 대표는 “대한민국에서 일어날 수 없는 일이 일어나고 있다. 오직 이재명이 대통령 자리에 있기 떄문에 일어나는 일들”이라며 “단군 이래 최대 개발 비리 범죄가 일부 무죄가 선고됐는데 항소를 포기했다. 8000억원 개발 비리가 400억원으로 둔갑했는데 항소를 포기했다. 검찰이 800억 범죄 수익을 확보했는데도 항소를 포기하고 그 돈을 돌려줘라고 하는 나라”라고 비판했다.
전날 정성호 법무부 장관이 검찰에 ‘신중한 판단’ 의견을 전달했다고 밝힌 것과 관련해선 “조폭 두목이 밤길 조심하라는 말”이라며 “이 모든 것은 이재명 때문이다”라고 했다. 그러면서 “김병기 더불어민주당 원내대표가 말한 것처럼 국정조사와 특검을 하자”며 “이재명을 탄핵 해야 한다. 즉시 법원은 이재명 재판을 재개해야 한다. 그것이 대한민국을 구하는 유일한 길이다”라고 주장했다.
규탄발언하는 송언석 원내대표 - 국민의힘 송언석 원내대표가 11일 서울 서초구 대검찰청에서 열린 검찰의 대장동 개발 비리사건 항소 포기와 관련한 규탄대회에서 발언하고 있다. 연합뉴스
송언석 국민의힘 원내대표는 “대장동 비리 사건의 몸통, 이번 항소 포기 사태의 진정한 몸통은 이 대통령 바로 그분”이라며 “이재명이라고 하는 범죄자를 대통령으로 만들어 놓았더니 범죄자와 그 추종 세력들은 대한민국을 범죄자가 당당한 나라로 만들고 있다”고 했다.
송 원내대표는 “범죄자 주권 시대가 열리고 있다. 범죄자가 갑자기 의인이 되고 범죄를 수사한 사람은 죄인이 되는, 세상의 윤리와 상식이 완전히 180도 엎어져 버린 나라를 만들고 있다”고 했다. 또 “범죄자들을 의인으로 만들고 범죄자들에게 수천억의 부당 이득을 두둑이 챙겨 주면서 이를 기소하려고 했던 검사들은 조작 기소라고 몰아세우고, 부당한 항소 포기에 항의하는 검사들은 항명이라고 몰아붙이는 무도하고 파렴치한 정권이 바로 이재명 정권”이라고 소리쳤다.
규탄발언 하는 나경원 의원 - 국민의힘 나경원 의원이  11일 서울 서초구 대검찰청 앞에서 검찰의 대장동 개발 비리사건 항소 포기를 규탄하고 있다. 연합뉴스
국회 법제사법위원회 소속 나경원 의원은 정 장관, 노만석 검찰총장 직무대행, 이진수 법무부 차관, 정진우 서울중앙지검장, 박철우 대검찰청 반부패부장의 즉각 사퇴를 요구했다.
나 의원은 “범죄자가 대통령이 되니 나라가 온통 엉망진창”이라며 “그의 범죄를 전부 무죄로 만들고 처벌받지 않는 로드맵을 만들다보니 모두 엉망진창”이라고 했다. 이어 “대한민국 국가해체 프로젝트를 멈출 방법 단 하나는 이 대통령이 그 자리에서 물러나는 것뿐”이라고 말했다.
국민의힘은 이날 오후 2시에는 법무부 앞에서 긴급 현장 규탄대회를 연다."
103,청와대 복귀 ‘솔솔’…이르면 내달 14일 전후 순차적 이전,"관저는 내년 상반기 예상…보안 등 문제 얽혀 있어
청와대 경호 및 방호 체계도 속속 재정비
대통령실 “연내 복귀 변함 없어”
[이데일리 황병서 기자] 다음 달부터 대통령실이 청와대로 복귀한다. 대통령 집무실과 춘추관 등 주요 시설이 12월 초·중순부터 순차적으로 청와대로 이전할 것으로 예상된다.
7일 정부서울청사에서 바라본 종로구 경복궁과 청와대 주변이 가을 단풍으로 물들어 있다.(사진=연합뉴스)
11일 대통령실 등에 따르면, 대통령실 내 춘추관 등 일부 시설이 다음 달 14일 전후로 청와대로 이전할 것으로 보인다. 청와대 내 춘추관은 대통령 집무실 등과 달리 민간인 출입이 가능한 지역으로, 보안과 관련해서 상대적으로 중요성이 덜하기 때문으로 풀이된다. 이재명 대통령이 업무를 진행할 집무실 이전도 연내 완료를 목표로 하고 있다.
다만 이 대통령이 머물게 될 관저는 보안시설 정비를 거쳐 내년 상반기 중 마무리될 것으로 보인다. 앞서 강훈식 대통령 비서실장은 지난 6일 국회 운영위원회 국정감사에서 “용산 대통령실의 청와대 이전 공사가 연내 완료를 목표로 진행되고 있다”며 “관저는 보안 문제로 내년 초 또는 상반기까지 봐야 한다”고 밝힌 바 있다.
이에 따라 청와대 경호·방호 체계도 재정비되고 있다. 대통령경호처는 현재 청와대 주요 시설의 보안 장비 점검과 내부 정비 작업을 막바지 단계에서 진행 중인 것으로 알려졌다. 청와대 경호·경비를 맡는 서울경찰청 101·202 경비단도 건물 수리 등 이전 작업을 마무리 중인 것으로 전해졌다. 인근 통의·옥인파출소도 기존 ‘주간 근무’ 체제에서 ‘24시간 상시 운영’ 체제로 전환하는 방안이 검토되고 있다. 이는 청와대 복귀에 따른 경비 수요 증가와 민원 대응을 위한 조치로 풀이된다.
이 대통령 취임 이후 청와대 이전 시점을 놓고는 관측이 분분했다. 여권에서는 ‘취임 100일 이전’ 복귀 가능성이 제기되기도 했으나, 청와대 내부가 국민에게 공개된 이후 보안 작업을 마치기까지 시간이 걸린다는 점에서 내년으로 늦춰질 것이라는 전망도 적지 않았다. 다만 대통령실은 지난 6월 조직개편안을 발표하면서 청와대 복귀를 준비할 한시 기구인 관리비서관을 신설해 일찌감치 이전 준비에 착수한 바 있다.
용산 대통령실의 청와대 이전은 이 대통령의 핵심 공약이자 초기 국정 구상에 포함된 과제였다. 이 대통령은 대선 후보 시절 ‘대통령 집무실을 어디에 둘 것이냐’는 질문에 “청와대가 제일 좋다”며 “오래됐고 상징성이 있으며, 그곳이 최적”이라고 말한 바 있다. 이 대통령은 용산 대통령실에 대해서는 “도청이나 경계, 경호 문제 등 보안이 심각하다”며 “완전히 노출돼 아파트 숲에 둘러싸여 있다. 세계인들이 지켜보는 가운데 국정을 논하고 있다”고 말하기도 했다.
다만 대통령실은 청와대로의 복귀와 관련해 공식적으로 말을 아끼고 있는 상황이다. 대통령실 관계자는 “청와대 복귀와 관련해 연내 이전 계획이 있다는 것에는 변함이 없다”며 “청와대 시설물 등에 대한 안전·보안 점검이 마무리된 이후 복귀할 예정”이라고 밝혔다."
104,"송언석 ""노만석, 검사 호칭도 아까워…李정권 부역자 즉각 사퇴하라""","국민의힘 송언석 원내대표가 11일 오전 서울 서초구 대검찰청 앞에서 검찰의 대장동 개발 비리사건 항소 포기 관련 긴급 현장 규탄대회를 열고 발언하고 있다. 뉴시스 제공
송언석 국민의힘 원내대표는 11일 ""노만석 검찰총장 직무대행은 검사라는 호칭도 아깝다""고 했습니다.
송 원내대표는 이날 오전 서울 서초구 대검찰청 앞에서 열린 규탄대회에서 ""마지막 순간 검찰의 관뚜껑에 손수 대못을 박아버린자는 바로 비겁하고 비굴한 검찰총장 직무대행""이라며 이같이 말했습니다.
그는 ""권력이라는 바람 앞에 자기 스스로 벌렁 드러누워버렸다""며 ""후배 검사들의 정당한 항소요구를 아무런 설명없이 깔아뭉갰다""고 했습니다.
이어 ""노만석은 검사로서의 인생에 자존심도 없단 말이냐""며 ""노만석의 선배인 심우정 전 검찰총장은 윤석열 대통령 구속 취소 당시 즉시 항고를 포기했다는 이유로 특검의 수사까지 받았다. 그렇다면 노만석도 대장동 항소 포기 결정으로 수사를 받아야하지 않겠느냐""고 소리 높였습니다.
송 원내대표는 ""노만석은 구질구질하게 '법무부의 의견을 참고했다, 중앙지검장과 협의했다'는 비겁한 설명을 하더니 드디어 '용산과 법무부의 관계를 고려했다'고 말했다""며 ""이게 과연 검사로서 또 검찰총장으로서 할 수 있는 말이냐""고 했습니다.
그는 ""용산과 법무부에 아부하느라 70년 검찰의 역사와 자존심을 대장동 잡범들에게 팔아먹은 노만석을 강력 규탄한다""며 ""이재명 정권의 부역자 노만석은 즉각 사퇴하라""고 말했습니다.
이재명 대통령도 겨냥해 ""1심에도 '성남시 수뇌부'가 나와있다""며 ""우리는 이미 김만배 대장동 일당의 7800억원에 달하는 비리자금 속에 대장동 그분의 몫이 있다는 걸 알고 있다. 그 분이 이번 항소 포기 결정에 관여돼 있는지 국민들은 궁금해 한다""고 말했습니다.
송 원내대표는 ""대장동 비리사건의 몸통이자 이번 항소포기의 사태의 진정한 몸통은 대장동을 자신이 설계했다고 했던 이재명 대통령 그 분""이라며 ""이재명이라는 범죄자를 대통령으로 만들어놓았더니 범죄자와 추종세력들은 대한민국을 범죄자가 당당한 나라로 만들고 있다""고 했습니다.
그는 ""더불어민주당 일부 지도부에서는 항소포기에 대한 일선검사들의 정당한 항의를 항명이라고 하는 이상한 프레임을 만들고 있다""며 ""집권여당이 대장동 일당의 로펌이고 변호사냐""고 말했습니다.
그러면서 ""이번 항소포기 외압을 직간접적으로 관여하고 묵인하고 동의한 사람들은 7800억을 해먹은 대장동 비리의 공범""이라고 덧붙였습니다."
105,대여투쟁 가속하는 국힘… ‘대장동 항소포기’ 외압 의혹 공세,"국회 내외서 항소포기 부당 여론전
국정조사·특검 통한 진상규명 촉구
대통령·법무장관 탄핵 추진도 언급
민주는 ""검찰 조작기소 특검해야""
野에 협의하며 대통령 엄호 나설듯
국민의힘 의원 40여명이 11일 서울 서초동 대검찰청 청사 앞에서 검찰의 대장동 사건 항소 포기 관련 규탄대회를 열었다. 국민의힘 장동혁 대표(앞줄 왼쪽 네번째) 등 주요 당직자들이 국정조사와 특검을 요구하면서 구호를 외치고 있다.뉴스1
경기 성남시 대장동 개발 비리 1심 판결에 대해 검찰이 항소를 포기한 것을 두고 이재명 정부가 외압을 넣었다는 논란이 들끓고 있다. 국민의힘은 집중공세에 나서며 국정조사를 실시해야 한다고 압박했다. 집권여당인 더불어민주당도 국정조사를 거론하며 맞서지만 내부에서는 만류하는 분위기이다.
국민의힘은 11일 대장동 항소 포기 외압 의혹과 관련해 정성호 법무부 장관은 물론 이재명 대통령 탄핵소추까지 거론하며 공세 수위를 높이고 있다. 이 대통령을 대상으로 한 국정조사와 특별검사 필요성을 제기하기도 했다.
장동혁 국민의힘 대표는 이날 서울 서초구 대검찰청 앞에서 긴급 현장 규탄대회를 열고 정 장관과 노만석 검찰총장 직무대행 탄핵을 추진하겠다고 밝히면서 ""이 대통령의 책임이 있는지에 대해서도 국정조사와 특검을 실시해야 한다""고 주장했다.
국민의힘 지도부도 당분간 항소 포기 사건을 둘러싼 대여투쟁 공세를 이어갈 예정이다. 한미 관세합의, 10·15 부동산 대책 등에 대한 공세는 잠시 후순위로 두겠다는 계획이다.
국민의힘은 국회 내외에서 항소 포기 부당함을 알리는 여론전에 나서면서 동시에 원내에서는 국정조사를 통한 진상규명에 나설 것으로 보인다
당장의 과제는 국정조사 실시이다. 민주당도 맞불을 놓기 위해 국정조사를 거론해서다. 여야 원내지도부가 이미 물밑협의에 돌입한 것으로 알려졌다.
그러나 여야가 초점을 맞추는 국정조사 대상은 상이하다. 김병기 민주당 원내대표는 지난 9일 기자간담회에서 대장동 항소 포기 논란과 관련해 검찰의 조작기소 행태를 도마 위에 올리겠다며 국정조사와 상설특검, 국회 청문회를 검토하겠다고 밝혔다.
대장동 비리는 이 대통령도 재판을 받고 있는 사건이라 자칫 '대통령 방탄' 역풍을 맞을 수 있기 때문에, 검찰의 조작기소 문제로 관심을 돌리려는 의도로 읽힌다. 항소 포기에 대한 검찰 내부 반발도 항명으로 규정했는데, 정권 외압이 아닌 검찰의 기득권 저항으로 프레임을 전환하려는 것이다.
민주당은 이 같은 시각차를 내세워 국정조사에 협조하지 않을 공산이 크다. 협의에 응하며 대통령 비호 역풍은 피하면서도, 국정조사가 실시되는 데까지는 이르지 못하게 하는 전략이다. 10~11일 민주당 전국 지역위원장 워크숍에서 내년 6월 지방선거를 앞두고 섣불리 국정조사가 이뤄지는 것은 위험하다는 의견이 모이기도 한 것으로 전해졌다.
특히 압도적인 여대야소라 국민의힘만으로는 국정조사와 특검, 탄핵소추 모두 관철할 수 없기 때문에 민주당으로서는 구태여 무리할 필요가 없는 입장이다. 일단 강성인 추미애 민주당 의원이 이끄는 국회 법제사법위원회를 통해 청문회 자리를 마련해 정부·여당이 논란의 여지를 해소하는 게 우선이라는 의견이 다수인 것으로 알려졌다.
변수는 국민의힘의 향후 공세 수위이다. 정 장관은 물론 이 대통령 탄핵안을 추진하며 탄핵정국으로 모는 한편, 단식과 삭발 등 과감한 퍼포먼스를 가미한 장외투쟁에 나서면 논란이 쉽게 가라앉지 않을 수 있어서다.
이 같은 상황 속에서 국민의힘이 12일 열리는 규탄대회에서 더욱 강력한 투쟁 의지를 내보일 가능성도 제기된다. 지난 10일 항소 포기에 대한 대응을 논의하기 위한 의원총회에서 2018년 '드루킹 특검' 통과를 위해 김성태 당시 자유한국당 원내대표가 단식 투쟁에 나선 사례까지 언급된 것으로 알려졌다.
이에따라 국민의힘 당 지도부가 단식·삭발을 비롯한 극렬 투쟁에 나설 가능성도 언급된다. 오는 27일 추경호 의원에 대한 체포동의안 표결까지 예정된 상황인 만큼 여야의 극한 대립은 이어질 전망이다.
다만 항소 포기를 둘러싼 대립 상황과 무관하게 국민의힘은 오는 13일 예정된 본회의에서 K-스틸법을 비롯한 50여개 민생법안 통과에는 협조하겠다는 방침이다."
106,"""정성호 대변인 같다"" 나경원, 라디오서 앵커에 항의한 이유는…","""정성호, '남욱 위협' 검찰 수사 문제점 지적""
질문 나오자, 나경원 ""질문 굉장히 실망스러""
""정성호·검찰총장대행 등 5명 사퇴해야""
나경원 국민의힘 의원 ⓒ데일리안 홍금표 기자
[데일리안 = 김민석 기자] 나경원 국민의힘 의원이 검찰의 대장동 개발비리 사건 항소포기와 관련해 라디오 인터뷰를 하던 도중, 진행자의 질문에 ""정성호 법무부 장관 대변인 같다""며 불쾌감을 드러냈다.
나경원 의원은 11일 YTN 라디오 '더 인터뷰'에 출연해 ""어제 정 장관이 검찰 수사의 문제점도 지적하면서 남욱 변호사를 위협했다고 했다""는 진행자의 질문에 ""앵커분의 질문 자체가 정 장관 대변인 같다. 정 장관이 뭐라 했다, 뭐라 했다 그걸 자꾸 반박하라고 그러시는데 피고인들이 만들어낸 거짓말이라는게 검찰측 얘기""라고 항의했다.
또 나 의원은 ""그것(남 변호사 관련 정 장관의 발언)도 거짓말이라는 게 검찰 측 얘기고 그런 얘기를 그대로 옮기면서 하는 것이 장관의 태도""라며 ""오늘 (진행자의) 질문하시는게 굉장히 실망스럽다""고 지적했다.
이 같은 상황은 앞서 정 장관이 전날 정부과천정사 법무부 출근길에 기자들과 만난 자리에서 항소포기 관련 검찰 내부 반발에 대한 질문에 ""남욱 씨가 다른 재판 과정에서 충격적인 증언을 했다""며 ""배를 가른다는 말을 하며 협박했다는 증언까지 나오는 상황에서 사건이 계속되면 오히려 더 정치적 문제가 될 수 있다고 판단했다""고 답한데 대한 의견을 묻기 위한 과정에서 발생했다. 대장동 민간업자인 남 변호사는 7일 정진상 민주당 전 정무조정실장 재판에 출석해 수사 과정에서 검사로부터 강압 수사를 받았다고 주장했다.
이에 진행자가 ""이 질문은 박주민 (민주당) 의원에게도 똑같이 했다. 똑같이 해서 여야의 입장을 듣는 것""이라고 대응하자, 나 의원은 ""그러니까 질문 자체가 정 장관에 대한 걸 계속 물어본다""고 재차 불만을 토로했다. 해당 질문에 앞서 진행자는 나 의원에게 '정 장관이 항소 포기가 당연하다는 입장을 밝혔다. 어떻게 생각하는가' '정 장관이 신중하게 판단했으면 좋겠다는 입장을 전달했다고 한다. 어떻게 들리셨는가' 등의 질문을 던졌다.
이 같은 질문들에 나 의원은 검찰의 항소포기는 '정 장관이 외압을 행사한 것'이라고 맞받았다. 나 의원은 정 장관이 전날 '검찰의 항소 포기는 문제없다'는 입장을 낸 것에 대해 ""궤변 중 궤변""이라며 ""이재명 대통령의 사법연수원 18기 동기인 정 장관의 눈물겨운 대통령 지키기이고 실질적으로 이것은 외압을 자백한 것""이라고 비판했다.
이어 ""수사 검사들 모두 만장일치 항소하기로 한 뒤 법무부 의견을 구하는 과정에서 '신중하게 판단하라'고 한 건 항소 불허를 말한 것 아니냐""라며 ""어제 노만석 검찰총장 대행이 '용산과 법무부의 의견을 고려했다'고 이야기한 것도 사실은 지시로 보인다""고 꼬집었다.
끝으로 ""이번 사건으로 검찰의 항소권은 보장되지 않고 이 대통령 면죄권만 적용된 결과를 낳았다""며 ""검찰의 가장 굴욕적인 날이었고 검찰의 최대 정치 부역 스캔들인 만큼 노만석 검찰총장 대행뿐 아니라 정 장관, 이진수 법무부 차관, 정진우 서울중앙지검장, (박철우) 대검 반부패부장까지 5명 모두 사퇴해야 한다""고 강조했다."
107,"국힘 “李, ‘정치보복TF’ 가동…공무원까지 적폐청산 몰아가”","“대장동 항소 포기서 시선 돌리려는 것…언제까지 내란 타령이냐”
이재명 대통령과 김민석 국무총리가 11일 서울 용산 대통령실 청사에서 열린 국무회의에서 대화하고 있다. (대통령실통신사진기자단) 뉴시스
국민의힘은 11일 정부가 12·3 비상계엄에 관여한 공직자들을 조사하는 태스크포스(TF)를 구성하자 “공무원까지 적폐 청산으로 몰아가려 한다면 정부의 행정부 공무원들이 제대로 일할 수 있겠나”라며 “법치가 흔들리고 행정부 공무원까지 흔들린다면 민생은 누가 챙길 수 있겠나”라고 비판했다.
국민의힘 최보윤 수석대변인은 이날 서울 여의도 국회에서 기자들과 만나 “사실 영수회담 때 장동혁 대표가 얘기했던 가장 큰 부분은 정치 복원”이라며 “저희도 협치하고 싶고, 민생에 대해 적극적으로 대응하고 나라가 어려울 때 함께하고 싶은 마음이 간절했는데 지금 하는 걸 보면 여러 부분에서 문제가 된다”면서 이같이 밝혔다.
그는 “선량한 공무원을 괴롭히지 말라는 말씀을 드리고 싶다”며 “많은 국민께서도 이제 그만 ‘내란몰이’를 했으면 좋겠다는 부분을 이재명 정부도 받아들여야 할 것”이라고 했다.
이어 “검찰의 (대장동 개발 비리 사건) 항소 포기로 검찰 내부와 국민이 납득하기 어려운 부분에 대해서 시선을 돌리려는 시도로 볼 수밖에 없다”며 “정치 보복이 아니라 정치 복원이 돼야 한다”고 강조했다.
그러면서 “정국이 어렵고 민생이 어려운데 이재명 정부와 더불어민주당은 이재명 사법 리스크 방탄에만 매달리고 있다”며 “이 대통령은 본인의 사법 리스크부터 해결해야 하고 재판부터 받아야 한다”고 말했다.
최 수석대변인은 논평을 통해서도 “‘정치보복 TF’, ‘공직자 색출 TF’ 구성을 공식화한 셈”이라고 반발했다.
그는 “내란특검이 사실상 빈손으로 끝나고 내란특별재판부가 여론에 막혀 좌초되자 이번에는 ‘정부 버전 내란청산’으로 우회하려는 그야말로 신박한 시도”라며 “도대체 이재명 정부는 언제까지 내란 타령만 할 작정인가”라고 했다.
앞서 김민석 국무총리는 이날 오전 서울 용산 대통령실에서 열린 국무회의에서 정부 내에 ‘헌법존중 정부혁신 TF’를 구성하는 방안을 제안했다.
김 총리는 TF를 통해 비상계엄 등 내란에 참여하거나 협조한 공직자를 대상으로 신속한 내부조사를 거쳐서 합당한 인사조치를 할 수 있는 근거를 확보하는 것이 목표라고 설명했다.
이에 이 대통령은 “특검에만 의존할 게 아니라 독자적으로 (조사)해야 할 일 같다”고 공감했다.
총리실에 따르면 조사대상 기관은 대통령 직속기관 및 독립기관을 제외한 전체 중앙행정기관 49개다. 조사대상이 내달 12일까지 확정 및 보고되면 각 기관은 조사를 벌인다. 조사결과는 내년 1월 31일 총괄 TF에 보고하고 2월 13일 내부 인사조치를 마무리한다."
108,우상호 “항소 포기가 李 구하기? 대통령 됐는데 뭘 구해… 억울”,"우상호 대통령실 정무수석이 6일 서울 여의도 국회에서 열린 국회운영위원회의 대통령비서실 등에 대한 국정감사에서 의원 질의에 답변하고 있다. 2025.11.6/뉴스1
우상호 대통령정무수석비서관은 11일 검찰의 ‘대장동 개발사업 특혜 의혹’ 항소 포기를 두고 ‘이재명 대통령 구하기’ ‘윗선 개입’ 의혹이 제기된 것과 관련해 “대통령 재판 다 중단되지 않았느냐”고 반박했다. 이어 “(대통령실에서는) 사전에 (항소 포기를) 계획한 사람이 없다”며 “억울한 측면이 있다”고 토로했다.
우 수석은 이날 SBS 유튜브에 출연해 ‘대통령실은 (항소 포기를) 진짜 몰랐나’라는 질문에 “우리가 그 사람들(민간업자)에게 도움될 만한 정치 기획을 왜 하느냐”고 말했다.
우 수석은 “재판에 왜 개입하나? 그 사람들이 패가망신을 하기 바라는 사람”이라며 “제일 열 받는 게 우리가 남욱 김만배 재산 보존해주려고 하겠냐“고 했다. 이어 ”말도 안 되는 소리를, 아무리 비판하려고 해도. 너무 어이없는 분석”이라고 말했다.
일선 검사들이 이번 항소 포기 결정에 반발하는 데 대해 우 수석은 “자기가 하려고 했던 게 좌절돼서 서운할 수 있고 의심할 수 있고 반격할 수 있는데 일단 이번에 수사하고 기소 책임진 분들은 반성해야 되는 것 아니냐”고 비판했다.
진행자가 “더 센 형(처벌)을 받을 수 있는데 검사가 항소 안 하면 (형이) 내려가느냐”고 묻자 우 수석은 “뭘 더 센 형을 받으려 하느냐. 전 여기까지만 얘기하겠다”고 했다.
논란과 관련해 이 대통령이 언급되는 데 대해 우 수석은 “논거의 중심에 정치적 동기 부여가 될 일이 없다”며 “대통령실이 복잡스러운 일에, 정무적으로 무슨 실익이 있느냐”고 따져물었다.
현재 정부 여당에서 추진 중인 배임죄 폐지, 더불어민주당에서 추진했다가 대통령실이 제동을 건 ‘재판 중지법’과 관련해 ‘대통령 구하기’라는 말도 나온다. 우 수석은 이에 대해 “대통령이 됐는데 뭘 구하느냐”며 “대통령 재판 다 중단됐는데”라고 말했다.
우 수석은 “이 재판에 개입해서  대통령이 얻을 실익이 없다”며 “총체적으로 배임죄 형벌 규정으로 국회에서 합리적 조정으로도 충분하다. 굳이 왜 이 재판에 껴서 사달을 만들겠나”라고 되물었다.
우 수석은 “이 이슈가 커질수록 정권에 부담이 커진다는 걸 어떻게 모르겠나”라며 “그런데 억울한 측면이 있는 것이고 제가 말씀드린다고 해서 의심하는 분들, 비판하시는 분들이 거두진 않을 것”이라고 했다.
우 수석은 “저희는 특별한 입장을 내지 않고 특별히 우리가 꼬투리 잡힐 일은 만들어내지 않고 정쟁에 한가운데 들어가면 안 된다“며 ”아직 (한미 관세 협상) 팩트시트도 안 만들어졌는데”라고 했다.
그는 “이거(항소 포기 논란) 물어보면 안 나온다고 했는데”라며 곤란해 했다. 그러면서 “기본적으로 논거를 들자면 대통령실이 개입하지 않았다는, 근거로 우리는 동기가 없다. 이 말씀을 드리려고 한 것”이라고 강조했다."
109,"조국, 당 대표 단독 출마…""지금과는 다르고 새로운 조국""(종합)","""선거 이기는 강소정당, '정치적 메기' 되겠다""…23일 전대서 선출 확실시
최고위원엔 임형택·정춘생·정경호·신장식 4명 출마
당대표 출마 선언하는 조국
(서울=연합뉴스) 김주성 기자 = 조국혁신당 조국 비상대책위원장이 10일 서울 여의도 국회 소통관에서 당대표 출마 기자회견을 하고 있다. 혁신당은 23일 전당대회를 열고 대표와 최고위원 등 새 지도부를 선출한다. 2025.11.10 utzza@yna.co.kr
(서울=연합뉴스) 박재하 기자 = 조국혁신당 조국 전 비상대책위원장은 10일 ""과감한 혁신으로 국민 신뢰를 회복하겠다""며 당 대표 선거 출마를 공식 선언했다.
이날 후보자 등록 마감 결과 당 대표 선거에는 조 전 위원장만 단독 출마해 오는 23일 전당대회에서 선출이 확실시된다.
조 전 위원장은 이날 국회에서 기자회견을 열고 ""지금까지의 조국을 과거의 조국으로 남기고 '다른 조국', '새로운 조국'으로 국민과 다시 시작하겠다""고 밝혔다.
그는 ""과감한 혁신으로 국민 신뢰를 회복하고 당 위기를 돌파하겠다""며 ""설익고 무례한 흡수합당론에 흔들리지 않게 강철처럼 단단한 정당을 만들겠다""고 말했다.
또 ""혁신당을 개혁과 민생, 선거에 강한 '이기는 강소정당'으로 만들겠다""며 ""총선에서 국민이 주셨던 마음을 되찾겠다""고 언급했다.
그러면서 ""혁신의 대항해 시대를 열겠다""며 거대 양당 독점정치 종식, 검찰개혁·사법개혁 완수, 차별금지법 도입 등의 개혁을 약속했다.
특히 ""내년 6월 지방선거에서 내란·극우 세력 국민의힘을 심판해야 한다""며 ""국민의힘 소속 광역단체장 제로를 만들고 기초단체장들을 반토막 내 내란세력의 뿌리를 뽑겠다""고 강조했다.
이어 ""혁신당은 '정치적 메기'가 돼 양당 나눠 먹기 정치시장에 혁신과 경쟁의 바람을 불어넣겠다""며 ""지난 총선에서 국회 교두보를 마련했듯이 내년 지방선거에서 지방정치의 교두보를 만들겠다""고 말했다.
조 전 위원장은 당 대표 선거 출마를 위해 지난 6일 비대위원장직을 사퇴했다.
그는 지난 8월 광복절 특별사면으로 출소한 이후 당내 성비위 사태로 지도부가 총사퇴하면서 비상대책위원장으로 복귀한 바 있다.
조 전 위원장이 당 대표에 취임할 것이 확실시되지만 이후 마주하게 될 현실은 녹록지 않다는 지적이 적지 않다.
현재 당은 성비위 사태 수습에 여전히 매진하고 있으며 당 지지율도 조 전 위원장 복귀 후에도 한 자릿수 초중반 박스권에 갇혀 있어서다.
이 같은 어려움 속에서 조 전 위원장의 최대 과제이자 당의 미래에 대한 바로미터는 내년 지방선거가 될 것으로 보인다.
조 전 위원장은 회견 후 취재진에게 당 대표 당선 즉시 지방선거기획단을 꾸리고 인재영입위원장을 맡아 직접 후보 영입에 나서겠다고 밝혔다.
저조한 지지율에 대해선 ""아직 까마득하게 멀었다""면서도 ""좌고우면하지 않고 허둥댈 생각은 없다. 한 칸씩 올라가야 한다고 생각하고 그게 제 책무""라고 했다.
한편 23일 전당대회에서 함께 실시하는 최고위원 선거에는 임형택 익산시공동지역위원장, 정춘생 의원, 정경호 전 한국로슈 노동조합위원장, 신장식 의원(이상 기호순)이 출마했다.
혁신당은 11일 전당대회 출발식, 후보자 대담회, 지역별 간담회, 공개 토론회 등을 진행할 예정이다.
jaeha67@yna.co.kr"
110,"'기다리면 기회 올 것' 일반이적 기소 여인형 메모, 국힘에서도 ""끔찍해""","특검, 윤석열 김용현 추가 기소…김종혁 “충격적, 사실이면 어마어마한 얘기”
김근식 “北 강경 대응 염두에 두고 유발할 만한 것을 골라서 했다는 생각이”
▲박지영 내란 특검보가 10일 윤석열 전 대통령과 김용현 전 국방부 장관, 여인형 전 방첩사령관을 일반이적죄 혐의로 추가기소했다고 밝히면서 여인형 휴대폰의 메모를 공개하고 있다. ⓒ연합뉴스
내란(외환) 특검팀(특별검사 조은석)이 계엄선포 여건 조성을 위해 무력충돌 위험을 증대시켰다는 '일반이적' 혐의로 윤석열 전 대통령을 추가기소하면서 공개한 여인형 전 방첩사령관의 메모가 논란이다. '반드시 대응할 수밖에 없는 타게팅', '적행동이 먼저', '적은 수세적, 기다리면 기회가 올 것' 등이 기재된 대목을 두고 국민의힘 내부에서도 ""이게 사실이면 끔찍하고 충격적"", ""어마어마한 이야기"", ""무리하게 방어 안한다""라는 비판이 나왔다.
박지영 내란 특별검사보(특검보)가 지난 10일 윤 전 대통령과 김용현 전 국방부 장관, 여인형 전 사령관에 대해 일반이적 및 직권남용권리행사방해 혐의로 공소를 제기했다고 밝히면서 포렌식 작업을 통해 발견한 여 전 사령관의 핸드폰 메모 일부를 공개했다.
이 메모를 보면, 지난해 10월18일 ""단기간의 효과를 볼 수 있는 천재 일우의 기회를 찾아 공략해야 한다. 불안정 상황 만들거나 또한 만들어진 기회 잡아야 한다. 체면이 손상되어 반드시 대응할 수밖에 없는 타겟팅""이라고 썼다. 여 전 사령관은 10월23일엔 ""목적과 최종 상태, 미니멈 안보 위기, 멕시멈 노아의 홍수""라고 기재했고, 같은날 ""적의 전략적 무력 시위시, 이를 군사적 명분화 할 수 있을까?""라고 메모했다.
특히 11월5일 'ㅈㅌㅅㅂ의 공통된 의견' 제하의 메모에서 ""4인은 각오하고 있음. 적행동이 먼저임. 전시 또는 경찰력으로 통제불가 상황이 와야한다.. 호기를 잡도록 오판하지 않도록 직언드림"", ""적은 매우 수세적임. 끝으로 치닫고 있음. 기다리면 기회가 올 것"", ""결론-적의 여건을 조성하고, 인내하면서 당장의 위험을 완화하고, 결정적인 호기를 기다려야함""이라고 기재했다.
체포대상자 명단도 이미 1개월 전에 논의됐음이 드러나기도 했다. 10월27일 메모엔 ""포고령 위반 최우선 검거 압수수색""이라고 기재했는데, 11월9일엔 ""이재명 조국 한동훈 정청래 김민석 우원식 이학영 박찬대 김민웅 양경수 최재영 김어준 양정천(양정철로 보임) 조해주"" 등 명단을 기재해뒀다.
박지영 특검보는 ""메모에 대한 구체적인 설명이나 평가는 군사기밀 침해 우려가 있어서 설명하지 못함을 양해바란다""라면서도 ""증거를 통해 설마가 사실로 확인되는 과정은 수사에 참여하는 사람들 모두에게 실망을 넘어 참담함을 느끼게 했다. 국가통수권자 대통령과 국방장관이 비상계엄 여건 조성을 목적으로 남북 군사 대치 상황을 이용하려 한 행위는 국민안전 위험을 초래할 수 있는 결코 용납할 수 없는 행위""라고 했다.
이를 두고 김종혁 국민의힘 고양병 당협위원장(전 최고위원)은 11일 SBS 라디오 '김태현의 정치쇼'에 출연해 ""실제 현직에 있었던 방첩사령관의 메모에서 나왔다면 너무 심각한 내용이고, 내용 자체가 굉장히 충격적""이라며 ""'통제 불가 상황이 와야 된다. 전시 또는 경찰력으로 통제 불가 상황이 와야 된다' 무시무시한 얘기 아니냐""라고 지적했다.
김 위원장은 포고령으로 잡아야될 사람들의 명단이 계엄 전에 이미 만들어진 점을 두고 ""이런 상황을 만들기 위해서 통제 불가능한 상황이 와야 되고 통제 불가능한 상황을 위해서는 북한이 대응할 수 있도록 가시적인 공격을 해야 된다고 돼 있다""라며 ""이게 사실이라면 정말로 어마어마한 얘기다. 국민의 생명과 재산을 담보 삼아 북한의 공격을 유도했다는 식이니까 끔찍한 얘기인 것 같다""고 털어놨다.
▲김종혁 전 국민의힘 최고위원(현 송파병 당협위원장)이 11일 SBS 라디오 김태현의 정치쇼에 출연해 계엄 관련 일반이적죄로 추가기소된 여인형 전 방첩사령관 메모를 두고 사실이라면 충격이고 끔찍하다고 비판하고 있다. 사진=SBS 정치쇼 영상 갈무리
같은 당의 김근식 송파병 당협위원장도 ""당시 북한이 (무인기 침투에) 공개반응한 것이 굉장히 뜨악했는데 나중에 이런 메모가 나온 걸로 봐서는 명분은 '북한 오물풍선에 우리로서도 마땅히 대응할게 없어서 했나 보다' 생각할 수 있는데, 실제로 메모가 사실이라면 사후 북한의 강경 대응을 염두에 두고 그것들을 유발할 만한 것을 골라서 했다는 생각이 든다""라고 우려했다. 김 위원장은 ""이렇게 (국민의힘에) 불리한 게 나와도 솔직히 인정하고 겸허하게 이야기한다""라며 ""무리하게 방어하지 않는다""라고 비판했다.
박주민 더불어민주당 의원도 그런 작전을 발동시켜놓고 윤 대통령이 '별거 아니다'라고 한 것을 두고 ""참 무서운 분이다. 무서운 얘기""라고 지적했다."
111,"주한 중국대사 ""반중시위 해결책 필요... 한중관계, 자주성 유지해야""","다이빙 대사, 한중 싱크탱크 대화 축사
""반중시위, 한국 이미지 손상...실질적 조치 취해야""
중국 전문가들 ""한국, 외부 간섭 배제해야""...미국 겨냥
다이빙 주한 중국대사가 11일 서울 중구 프레지던트호텔에서 한중 전략적 협력동반자관계의 신 도약을 주제로 열린 글로벌전략협력연구원 한중 싱크탱크 대화에 참석해 축사하고 있다. 뉴스1
다이빙 주한 중국대사가 국내 반중 집회와 관련해, 우리 정부가 실효성 있는 대책을 마련해야 한다고 촉구했다. 그는 ""(반중 시위는) 한중 우호를 해칠 뿐 아니라 한국의 국가 이미지에도 손상을 준다""며 ""한국이 근본적으로 해결하기 위한 실질적 조치를 취해야 한다""고 강조했다.
다이 대사는 11일 글로벌전략협력연구원이 서울 프레지던트호텔에서 개최한 '한중 싱크탱크 대화'에서 이 같은 의견을 밝혔다. 한국과 중국 양자관계에 대해서는 ""제3자를 겨냥하지 않고, 제3자의 영향도 받지 말아야 한다""고 말했다. 이어 ""일방주의·보호주의·디커플링(탈동조화)은 양국의 공동 이익을 해친다""라며 ""이를 함께 반대하고 국제적 공정과 정의를 수호해야 한다""라고 했다. 사실상 미국을 겨냥한 발언으로, 도널드 트럼프 2기 행정부의 보호주의 흐름에 한국과 중국이 함께 힘을 모으자는 제안으로 풀이된다.
중국 전문가들도 다이 대사의 주장에 힘을 실었다. 장쥔셔 글로벌거버넌스연구원 선임연구원은 ""미국의 이분법적 대립의 세계질서는 한국 외교의 자율공간을 심하게 위축시킨다""며 ""한중관계의 건강하고 안정적 발전은 시대의 흐름에 순응하는 올바른 선택임이 증명됐다""고 강조했다. 이어 ""제3자의 영향으로부터 자유로운 것은 한중 양국이 양자관계를 처리하는 기본 원칙이 돼야 한다""고 말했다.
다이 대사는 또 아시아태평양경제협력체(APEC) 정상회의 계기 지난 1일 열린 한중정상회담으로 양자관계가 회복되고 있다고 평가했다. 그는 ""양국 정상의 전략적 지도 아래 중·한 관계는 성공적으로 새로운 국면을 열었다""며 ""이는 결코 쉽게 얻어진 것이 아니며 더욱 소중히 여겨야 한다""고 말했다
이와 관련해 쩡위안시 글로벌거버넌스연구원 수석고문은 한중이 함께 힘을 모을 차기 협력 사업으로 △인공지능(AI) 기술협력 강화 △핵심기술 및 공급망 대화 메커니즘 구축 △미래기술 분야 인재 교환 강화 등을 제안했다. 그는 ""한중관계는 경쟁의 서사가 아니라 상호보완적 청사진""이라며 ""한국의 정밀제조 역량과 중국의 대규모 응용 능력이 결합된다면, 다음 세대의 혁신적 기술 제품과 사업 모델을 충분히 탄생시킬 수 있을 것""이라고 전망했다.
황재호 글로벌전략협력연구원장은 ""한중관계는 새로운 조건하에서 '제2기'로 도약하는 시점""이라며 ""상호 이해와 협력에 기반한 전략적 협력 동반자 관계로 본격 도약하기 위한 새로운 협력과 실천 방안이 필요하다""고 말했다."
112,"국힘, 대검 앞 찾아가 ""노만석 대행 사퇴하라""","대검 항의방문·면담 시도…대검, 정문 봉쇄하며 거부
대검 항의방문한 국민의힘 의원들 / 사진=연합뉴스
국민의힘 의원 40여 명은 오늘(11일) 오전 서초동 대검찰청 청사 앞에서 검찰의 대장동 사건 항소 포기와 관련해 규탄대회를 열고, 노만석 검찰총장 직무대행의 사퇴와 국정조사 및 특별검사(특검)를 통한 진상 규명을 촉구했습니다.
장동혁 대표는 규탄대회에서 ""단군 이래 최대의 개발 비리 범죄가 일부 무죄로 선고됐음에도 항소를 포기했다""며 ""더불어민주당 김병기 원내대표가 말한 것처럼 국정조사를 하고, 특검도 하자""고 주장했습니다.
이어 ""지금 즉시 법원은 이재명 대통령 재판을 재개해야 한다. 그것이 대한민국을 구하는 유일한 길""이라고 강조했습니다.
송언석 원내대표는 ""용산과 법무부에 아부하느라 70년 검찰 역사의 자존심을 대장동 잡범들에게 팔아먹은 노만석을 강력히 규탄한다""고 말했습니다. 또한 ""범죄자에게 수천억 원의 부당이득을 챙겨주고, 부당한 항소 포기에 항의하는 검사들을 항명으로 몰아붙이는 무도하고 파렴치한 정권""이라고 성토했습니다.
나경원 의원은 ""노 대행은 용산과 법무부를 고려했다며 단군 이래 최대의 정치 부역을 자백했다""며 ""즉각 사퇴해야 한다""고 촉구했습니다. 또한 정성호 법무부 장관이 항소 포기와 관련해 '대검에 신중히 판단해 달라는 의견을 전달했다'고 밝힌 것과 관련해 ""정 장관은 누구와 어떤 대화를 나눴고, 그 지시를 어떻게 전달했는지 명명백백히 밝혀야 한다""고 요구했습니다.
국민의힘 의원들은 규탄대회 직후 대검찰청을 항의 방문해 노 대행 면담을 시도했으나, 노 대행은 오늘 휴가를 내고 출근하지 않았습니다. 이어 박철우 반부패부장 면담을 요구했으나 거부당했으며, 대검 측은 청사 정문을 봉쇄해 의원들의 진입을 막았습니다.
국민의힘 의원들은 대검 청사 정문에서 약 30분간 대치한 후 해산했으며, 오늘 오후에는 과천 법무부 청사를 방문해 정성호 법무부 장관 면담을 요구할 예정입니다.
사진=연합뉴스
#국힘 #국민의힘 #노만석 #검찰총장 #권한대행 #대장동사건 #항소포기 #규탄"
113,내란협조 공직자 조사 TF 제안에…이 대통령 “특검만 의존 말고 독자 조사도”,"이재명 대통령은  12·3 비상계엄에 참여하거나 협조한 공직자들을 대상으로 한 인사 조치를 할 근거를 확보하기 위한 차원에서 정부 태스크포스(TF) 출범이 필요하다는 국무총리 제안에 ""당연히 해야 할 일""이라며 힘을 실었습니다.
이 대통령은 오늘(11일) 용산 대통령실에서 주재한 국무회의에서 김민석 국무총리의 '헌법 존중 정부 혁신 TF'  구성 제안에 대해 이같이 말했습니다.
김 총리는 ""TF는 비상계엄에 참여하거나 협조한 공직자들을 대상으로 신속한 내부 조사를 거쳐 합당한 인사 조치를 할 수 있는 근거를 확보하는 것을 임무로 하려고 한다""며 ""내란 가담자가 승진하는 문제가 제기되고 공직 사회 내부에서 헌법 가치 훼손이란 지적도 있어 결과적으로 공직사회 반복을 일으키고 있다""고 설명했습니다.
그러면서 ""공직자 개인에 대한 처벌 차원의 문제가 아니라 정부의 헌법 수호 의지를 바로 세워서 공직 내부의 갈등을 조속히 해소하고 국민의 신뢰를 회복하겠다는 취지""라고 설명했습니다.
김 총리는  ""정부 각 부처, 기관별로 공정한 TF를 구성해서 내년 1월 정도까지 신속하고 질서 있게 조사를 마치고 설 전에 후속 조치까지 마련해서 민생에 집중하고 공직사회 동요를 최소화할 방법을 찾고자 한다""며 ""대통령과 국무위원들께서 동의해 주시면 총리의 책임하에 보다 상세한 지침을 만들어 추진하겠다""고 밝혔습니다.
이 대통령은 이 같은 제안에 ""당연히 해야될 일 같다""며 ""특검에 의존할 게 아니고 독자적으로 해야될 일 같다""고 말했습니다.
이 대통령은 ""내란에 관한 문제는 특검에서 수사를 통해 형사처벌을 하고 있는 건데, 내란에 관한 책임은 관여 정도에 따라 형사처벌 할 사안도 있고 행정 책임을 물을 사안도 있다""며 ""인사상 문책이나 인사조치할 정도의 낮은 수준도 있기 때문에 필요할 것 같다""고 밝혔습니다.
■ 제보하기
▷ 전화 : 02-781-1234, 4444
▷ 이메일 : kbs1234@kbs.co.kr
▷ 카카오톡 : 'KBS제보' 검색, 채널 추가
▷ 네이버, 유튜브에서 KBS뉴스를 구독해주세요!"
114,"""'강북·도봉' 등 규제 해제돼야""…개혁신당, 10·15 대책 취소소송","개혁신당 천하람 원내대표가 10.15 부동산 대책 행정소송 및 효력정지 신청을 위해 11일 서울 서초구 서울행정법원을 방문하고 있다. / 사진=연합뉴스
서울행정법원에 10·15 부동산 대책에 대한 취소소송 및 효력 정지신청이 제기됐다. 김윤덕 국토교통부 장관은 행정소송에서 패소하면 도봉구 등 일부 지역의 규제 지역을 해제할 수 있다고 밝힌 상황에서다.
천하람 개혁신당 의원은 11일 서울 서초구 서울행정법원 앞에서 ""(정부는) 9월 통계가 버젓이 존재하는데도 이를 국민들에게 숨긴 채 정치적 의도를 갖고 거짓말하며 불법적으로 10·15 부동산 대책을 남발했다""며 ""이재명 정부의 폭주를 법원을 통해서라도 제어하기 위해 행정소송과 효력 정지신청을 제출하러 왔다""고 말했다.
정부는 앞서 10·15 부동산 대책을 통해 서울 전체와 경기 12개 시구를 규제지역(투기과열지구·조정대상지역)으로 지정했다. 야당은 이 과정에서 정부가 규정을 어기고 대책 직전 3개월 사이 통계 대신 '6~8월 통계'를 근거로 삼아 기준에 맞지 않는 지역까지 규제 대상에 포함했다고 주장하고 있다.
'7~9월 통계'를 적용했더라면 서울 중랑·강북·도봉·금천구와 경기 의왕, 성남 중원구, 수원 장안·팔달구 등 8곳이 규제지역에 포함되지 않았을 것이라는 지적이다.
천 의원은 ""정부는 9월 통계가 없어서 8월 통계를 쓸 수밖에 없었다고 했지만, 국토교통부는 대책 발표 이틀 전인 13일에 이미 통계를 확보했고, 대통령실도 14일에 9월 통계를 입수했다는 사실이 드러났다""며 ""9월 통계를 반영해 국민들의 재산권 침해를 최소화했어야 한다""고 말했다.
이어 ""이번 대책은 정치적 의도를 가지고 법적으로 위법한 행위를 나서서 한 것""이라며 ""김윤덕 국토교통부 장관이 행정소송에서 진다면 (직에서) 물러나야 한다. 국토부 장관으로서 자격이 없는 것""이라고 날을 세웠다.
그는 ""통계를 조작·왜곡하지 않았다면 (규제 지역으로) 포함되지 않았을 경기 의왕·성남·수원 등의 지역 주민들과 힘을 합쳐, 정부의 부당하고 위법한 재산권 침해와 세금 중과에 맞서 싸워야 한다""며 ""국민들에게 통계를 숨기고, 배제하고, 왜곡하는 이런 통계의 정치화는 멈춰야 한다""고 강조했다.
김윤덕 국토교통부 장관이 11일 서울 여의도 국회에서 열린 제429회국회(정기회) 국토교통위원회 제5차 전체회의에 출석해 의원 질의에 답변하고 있다. / 사진=뉴스1
한편 앞서 김 장관은 전날 국회에서 열린 제5차 예산결산특별위원회 전체회의에서 ""만약 행정소송에서 국토부가 패소하면 서울·경기 몇몇 구에 대한 규제를 풀 생각인가""라는 조정훈 국민의힘 의원의 질의에 ""만약에 저희가 진다면 (규제 해제는) 당연하다고 생각한다""고 답했다.
김 장관은 ""일단 행정소송을 해서 결과가 나오면 그때 검토를 해야 하겠다""면서도 ""저희가 졌다고 하는 것은 15일 공표된 부동산 수치에 대해서 그 수치(7~9월 통계)를 써야 한다고 결론이 나온 것으로 보인다. 법적 절차로는 그 지역에 대한 규제를 일부 해제하는 것이 답이지 않을까 생각한다""고 말했다."
115,"'종묘 앞 재개발' 공방…""吳 선거도구 악용""·""金총리 띄우기""","민주 ""吳, 5선 도전 희생양으로 세계문화유산 훼손""…국가유산청 '패싱' 비판도
국힘, '개발반대' 문체장관에 ""대법 판결 뒤집겠다는 발상…지방선거 개입""
김민석 국무총리(왼쪽)와 오세훈 서울시장
[촬영 이정훈] 2025.10.15 [촬영 류효림] 2025.10.29
(서울=연합뉴스) 김정진 기자 = 여야는 11일 국회 문화체육관광위원회 전체회의에서 세계유산인 종묘(宗廟) 맞은편의 세운4구역 부지에 오세훈 서울시장이 추진 중인 고층 재개발 사업을 두고 거친 공방을 주고받았다.
더불어민주당은 오 시장이 이 사업을 내년 지방선거를 위한 도구로 악용하면서 종묘의 유산 가치가 훼손될 위기에 처했다고 비판했다.
국민의힘은 이 사업의 근거가 된 서울시 재개발 규제 완화 조례를 유효하다고 본 대법원 판결을 존중해야 한다고 맞섰다. 정부·여당이 세운4구역 사업을 반대하는 배경에는 '김민석 국무총리 띄우기'가 있다는 주장도 펼쳤다.
민주당 이기헌 의원은 ""아무리 서울시가 도시계획 권한이 있다고 해도 세계문화유산 종묘의 경관과 조망은 국가 책임하에 보호해야 할 영역""이라며 ""유네스코에서 보존 상태가 현저히 나빠졌다고 판단하면 종묘는 세계유산 등재 취소라는 최악의 결과를 맞이할 수 있다""고 지적했다.
이어 ""오 시장이 5선 도전의 정치적 희생양으로 세계문화유산을 훼손하려고 하는 게 아니냐는 강한 의구심을 갖고 있다""고 말했다.
같은 당 조계원 의원도 ""김건희가 종묘를 카페로 유용하더니 이젠 오 시장이 종묘를 자신의 선거 도구로 이용하고 있다""며 오 시장이 명태균 게이트, 한강버스 등의 문제를 회피하려는 수단으로 재개발 사업을 악용하고 있다고 주장했다.
'종묘 앞 개발' 입장 충돌
(서울=연합뉴스) 류영석 기자 = 허민 국가유산청장이 7일 서울 종묘에서 종묘 앞 개발 규제 완화 관련 대법원 판결에 대한 입장 발표 기자회견을 하던 중 항의하러 온 세운 4구역 주민들과 대화를 하고 있다. 지난 6일 대법원은 문화유산법 해석상 역사문화환경 보존지역 바깥에 대해서까지 국가유산청과 협의해 조례를 정해야 한다고 볼 수는 없다며 개발 규제를 완화한 서울시 조례 개정이 법령 우위 원칙(법령이 조례보다 위에 있다는 원칙)에 위반되지 않는다고 판단했다. 2025.11.7 ondol@yna.co.kr
서울시가 국가유산청과 협의 절차 없이 도시계획을 단독으로 변경한 점에 대해서도 비판이 제기됐다.
이 의원은 ""국가유산청과 재협의 절차도 거치지 않고 유네스코가 권고하는 세계유산법에 의무화돼있는 세계유산 영향평가도 하지 않은 채 서울시가 단독으로 계획을 변경·고시한 행위는 절차적으로 문제가 있지 않느냐""고 따졌다.
임오경 의원 역시 ""서울시 조례를 보면 문화재에 영향이 미칠 것이 확실하다고 인정되면 국가유산청과 협의해야 한다고 돼 있고 (영향이) 미칠 것이 확실하다고 인정되면 인허가 재검토를 해야 한다고 돼 있다""며 ""대법원 판결이 참 유감스럽다""고 말했다.
또 문화유산호보 구역의 범위가 서울은 100ｍ, 지방은 200ｍ라는 점을 지적하고 허민 국가유산청장에게 ""인구 밀집 대도시라고 해서 특혜까지 줬는데 서울시가 이렇게 국가유산청, 문체부를 '패싱'(배제)한 것에 대해 강하게 나가셔야 한다""고 주문했다.
金총리 ""종묘 앞 초고층 턱하고 숨 막혀…마구 결정할 일 아냐""
국민의힘 김승수 의원은 지난 7일 최휘영 문화체육관광부 장관이 서울시의 재개발 규제 완화 조례를 적법하다고 본 대법원 판결에 대해 ""해괴망측한 일"", ""모든 수단을 강구해 문화유산을 지키는 일에 앞장서겠다""고 한 발언을 문제 삼았다.
김 의원은 ""공무원이 썼다고 생각할 수가 없는 정치적인 문구다. 민주당 대변인이 브리핑하는 것 같다""며 ""삼권분립에 대한 기본 개념도 없이 '내가 법을 바꿔서라도 대법원 판결을 뒤집겠다'는 굉장히 위험한 발상""이라고 질책했다.
국민의힘 의원들은 김민석 국무총리가 세운4구역 재개발 사업에 반대 입장을 적극 개진하는 점도 비판했다.
김승수 의원은 ""공교로운 것은 짜 맞춘 듯 문체부 장관이 뜬금없이 기자회견을 하니까 며칠 뒤 총리가 나와서 똑같은 말을 되풀이한다""며 ""내년 지방선거를 위해 김 총리 띄우기에 나선 것 아니냐""고 의문을 표했다.
조은희 의원도 최 장관을 향해 ""(세운4구역 재개발을) 김 총리가 멈추고 싶은 것이다. 장관님은 부화뇌동하시는 것""이라며 ""지방선거에 개입하는 것은 장관님이다. 그 자리에서 물러나고 싶으시냐""고 목소리를 높였다.
구호 외치는 세운4구역 토지주들
(서울=연합뉴스) 이진욱 기자 = 국가유산청이 유네스코 세계유산인 종묘 인근 세운4구역 재개발 사업에 문제를 제기한 데 대해 이 일대 토지주들이 11일 서울 종로구 다시세운광장 앞에서 기자회견을 마친 뒤 구호를 외치고 있다. 2025.11.11 cityboy@yna.co.kr
이에 최 장관은 ""전통문화유산을 소중히 보전해 후세에 물려줘야 하는 막중한 책무를 가지고 있다고 생각해 현장으로 가 막을 수 있는 모든 조치를 강구하겠다는 기자회견을 하자고 결심했다""며 ""종묘가 훼손될 위기에 처했을 때 반대하는 것이 왜 정치적으로 비쳐야 하는지 납득이 잘 가지 않는다""고 언급했다.
민주당 소속인 김교흥 문체위원장은 ""국가유산, 국가문화재는 정쟁의 대상이 아니다""라며 ""국가유산을 보존하고 잘 계승시키는 것이 문체부 장관과 국가유산청장, 의원님들이 해야 할 소명이라고 생각한다""고 말했다.
stopn@yna.co.kr"
116,"[속보] 李대통령, 법무장관에 “사실 적시 명예훼손 폐지 검토하라” 지시","이재명 대통령이 11일 용산 대통령실에서 열린 국무회의에서 발언하고 있다. 연합뉴스
이재명 대통령은 11일 사실을 드러낸 표현이라도 상대방의 명예를 훼손하면 처벌하는 이른바 ‘사실적시 명예훼손 조항(형법 제307조1항)’의 폐지 여부를 검토하라고 지시했다.
이 대통령은 이날 오전 용산 대통령실에서 국무회의에서 “혐오표현 처벌과 관련한 형법을 개정할 필요가 있어 보이는데, 만약 개정하게 되면 사실적시 명예훼손 제도도 동시에 폐지하는 것을 검토하라”고 말했다.
이 대통령은 “있는 사실을 이야기한 것을 명예훼손이라고 하는 것은 민사로 해결해야 할 것 같고 형사처벌 할 일이 아니다”라며 “독일이나 해외 법례를 참고해서 시간 걸리지 않게 빨리 (개정)하면 좋겠다”고 강조했다.
정성호 법무부 장관은 이같은 이 대통령의 지시에 “신속하게 하겠다”고 답했다."
117,"李대통령 ""내란 가담자, 특검 의존 말고 정부가 독자조사""","이재명 대통령이 11일 서울 용산 대통령실 청사에서 열린 국무회의에서 발언하고 있다. 대통령실통신사진기자단
[파이낸셜뉴스] 윤석열 정부 시절 '12·3 비상계엄 사태'에 연루된 공직자들의 내란 협조 여부를 조사하기 위한 정부 내 태스크포스(TF)가 출범한다. 이재명 대통령도 이에 ""당연히 해야 할 일""이라며 TF 구성에 힘을 실었다.
이날 서울 용산 대통령실에서 열린 국무회의에서 이 대통령은 김민석 국무총리의 ""비상계엄에 참여하거나 협조한 공직자를 대상으로 신속한 내부조사를 하고 합당한 인사 조치를 위한 근거를 마련하자""고 하는 제안에 즉각 동의했다.
이 대통령은 ""특검이 형사처벌을 진행하고는 있지만 내란 관여 정도에 따라 행정 책임을 묻거나 문책·인사 조치를 하는 일은 별도로 해야 할 사안""이라며 ""특검에만 의존할 게 아니라 정부가 독자적으로 대응해야 할 일""이라고 강조했다. 김 총리는 ""내년 1월까지 조사를 마치고 설 연휴 전 후속조치를 마련하겠다""며 TF 구성을 서두르겠다고 밝혔다.
이날 국무회의에서는 최근 불거진 사회적 갈등과 혐오 표현에 관한 문제도 함께 논의됐다. 이 대통령은 ""인종·출신·국가를 두고 시대착오적 차별과 혐오가 횡행하고 있다""며 처벌 장치를 신속히 마련해야 한다고 했다. 이어 ""SNS에서 특정 대상을 향한 혐오 표현이 무차별적으로 유포되고 허위·조작 정보가 범람하고 있다. 명백한 범죄 행위인 만큼 처벌장치를 마련하는 데 총력을 기울여야 한다""고 말했다.
정당 현수막 제도 개선 문제도 도마에 올랐다. 이 대통령은 ""길거리에 저질스럽고 수치스러운 내용의 현수막이 달려도 정당이 게시한 것이라 철거하지 못하는 경우가 있다""며 ""악용이 심하면 법을 개정하거나 없애야 한다""고 밝혔다. 그러면서 ""정당이 국고보조금을 받으면서 현수막까지 동네에 너저분하게 걸 수 있게 하는 것은 특혜법일 수 있다""며 정당들과 협의해 개선 방안을 마련하라고 주문했다.
이 대통령은 또 정성호 법무부 장관을 향해 ""혐오 발언 처벌을 위한 형법 개정 시 '사실적시 명예훼손죄' 폐지를 검토하라""고 지시했다. 그러면서 ""허위사실이 아닌 실제 사실을 말한 것은 형사처벌이 아니라 민사로 해결할 일""이라고 부연했다."
118,"최재해 감사원장 퇴임...""외풍 속 최선, 후회 없다""","헌정 사상 최초로 감사원장 탄핵소추를 겪었던 최재해 감사원장이 4년 임기를 마치고 퇴임했습니다.
최 원장은 서울 종로구 감사원 청사에서 열린 퇴임식에서 어려움도 많았지만, 외풍을 맞으면서도 원칙을 지키기 위해 최선을 다했다며 아쉬움은 있을지언정 후회는 없다고 말했습니다.
문재인 정부 때인 2021년 11월 감사원 내부 출신으론 처음으로 감사원장에 임명된 최 원장은 지난해 12월 표적감사 논란으로 국회 탄핵소추안이 가결돼 직무가 정지됐다가 석 달 만에 헌법재판소 기각 결정으로 업무에 복귀했습니다.
최 원장이 퇴임하면서 감사원은 당분간 김인회 감사위원이 원장 권한대행을 맡아 운영됩니다.
헌법상 감사원장은 국회의 동의를 얻어 대통령이 임명합니다.
※ '당신의 제보가 뉴스가 됩니다'
[카카오톡] YTN 검색해 채널 추가
[전화] 02-398-8585
[메일] social@ytn.co.kr"
119,"""범죄자들 7000억 먹어""…'대장동 항소 포기'에 성난 분당 野의원들","[김민지 디지털팀 기자 kimminj2028@gmail.com]
안철수""대장동 뒤엔 되찾지 못한 국민 재산 있어""
김은혜 ""항소 포기 결정 배후, 대장동 사건 '그 분'이란 진실 밝혀야""
국민의힘 성남 분당 지역구 의원인 김은혜 의원과 안철수 의원(오른쪽)이 11일 서울 여의도 국회 소통관에서 검찰의 대장동 개발 비리 사건 항소 포기를 규탄하는 기자회견을 하고 있다. ⓒ연합뉴스
대장동이 속한 성남시 분당을 지역구로 둔 안철수(분당 갑)·김은혜(분당을) 국민의힘 의원은 11일 기자회견을 열어 검찰이 대장동 사건의 항소를 포기한 데 대해 ""이재명 정부는 단군 이래 최대 범죄인 대장동의 공범""이라며 ""범죄자들이 7000억원을 다 먹는다""고 비판했다.
안 의원은 이날 국회 소통관에서 진행한 기자회견에서 ""대장동 항소 포기로 국민을 위해 권력을 향해 공정하게 휘둘러야 할 검찰의 칼이 이제 권력을 보호하는 방패로 바뀌었다""면서 ""수사팀은 항소장을 붙잡고 버텼지만 (항소 시한인) 자정 7분전 '항소 불허' 통보가 떨어졌다""고 전했다.
그는 이어 ""대장동의 이름 뒤에는 수많은 주민의 눈물과 되찾지 못한 국민의 재산이 있다""면서 ""그런데 검찰은 되찾을 마지막 기회를 스스로 내던졌다""고 질타했다.
특히 안 의원은 재판부가 손해액 산정이 불가능하다는 이유로 대장동 개발 비리로 발생한 7886억원의 범죄수익 가운데 뇌물액 473억원만 범죄수익으로 인정한 점에 주목해 ""이제 대장동 범죄자들이 저 (범죄수익 불인정) 돈 7000억원을 다 먹는다""고 지적했다.
김 의원도 ""대장동 주민과 성남시민의 피눈물이 서려 있는 7000억원을 이재명 정부는 국가 귀속이 아닌 대장동 범죄자 일당에 귀속시켰다""며 ""민사 소송을 통해 환수가 가능하다는 말은 궤변""이라고 꼬집었다.
그러면서 ""대장동 주민의 피눈물 어린 7000억원을 범죄자 주머니에 털어준 이재명 정부는 이미 단군 이래 최대 범죄인 대장동의 공범""이라고 비난했다.
김 의원은 ""항소 포기 결정의 배후는 대장동 사건 '그 분'이라는 진실을 밝히는 것이 국회의 의무""라며 ""정성호 법무부 장관 탄핵은 물론 국정조사와 특검을 추진하고, 국민과 함께 행동에 나설 것""이라고 밝혔다."
120,‘불법계엄 협조 공직자 조사’ 정부 TF 만든다···내란 청산 가속화,"이재명 대통령과 김민석 국무총리가 11일 용산 대통령실에서 열린 국무회의에서 회의 공개 범위에 대해 조율하고 있다. 연합뉴스
정부가 12·3 불법계엄 사태에 가담한 공직자들을 조사해 인사 조치하기 위한 ‘헌법존중 정부혁신 태스크포스(TF)’를 구성하기로 11일 결정했다. 이재명 대통령은 “내란에 관한 문제는 특검에만 의존할 일이 아니고, 독자적으로 (조사할) 일”이라고 말했다. 12·3 불법계엄 1주년이 다가오는 가운데 정부가 직접 조사에 나서 내란 청산 작업을 가속화하려는 것으로 풀이된다.
김민석 국무총리는 이날 오전 용산 대통령실에서 열린 국무회의에서 “정부 최우선 과제 중 하나가 국민주권 민주주의 확립인데 내란 수사와 재판이 장기화면서 내란 극복이 지지부진한 것이 현실”이라며 “경찰의 국회 출입 통제, 계엄 정당성 옹호 전문 발송 등 내란 동조 행태들이 국정감사와 언론을 통해 문제 제기돼 왔다”고 밝혔다.
김 총리는 “내란 가담자가 승진하는 문제 등 공직사회 내부에서 헌법 가치 훼손이라는 지적이 있었고 결과적으로 공직사회 반목도 일으키면서 국정 동력을 저하한다는 지적도 나왔다”며 “헌법존중 정부혁신 TF 구성을 제안한다”고 밝혔다. 그는 “TF는 12·3 비상계엄에 참여하거나 협조한 공직자들을 대상으로 신속한 내부 조사를 거쳐 합당한 인사 조치를 할 수 있는 근거를 확보하는 것을 임무로 하려고 한다”고 밝혔다.
김 총리는 “공직자 개별 처벌이 문제가 아니라 정부의 헌법 수호 의지를 바로 세워 공직 내부 갈등을 조속히 해결하고 신뢰를 회복하겠다는 취지”라며 “내년 1월까지 조사를 마치고, 설 연휴 전에 후속 조치를 할 수 있도록 준비하겠다. 이 과정에서 공직사회의 동요를 최소화할 방법을 찾으려 한다”고 밝혔다.
이 대통령은 김 총리의 TF 제안에 대해 “당연히 해야 할 일”이라고 말했다. 이 대통령은 “내란 책임은 관여 정도에 따라 형사 처벌할 사안, 행정 책임을 물을 사안, 인사상 책임으로 조치할 낮은 수준도 있기에 필요하다”며 “특검에 의존할 게 아니라 (정부가) 독자적으로 해야 할 것 같다”고 말했다. 이 대통령은 지난달 14일 국무회의에서도 “내란은 정말로 발본색원해야 되는데 특히 인사에 있어서 가담 정도가 극히 경미하더라도 가담·부역을 한 사실이 확인되면 승진시키는 것은 말이 안 된다”고 밝혔다.
헌법존중 정부혁신 TF는 오는 21일까지 49개 중앙행정기관에 각각 설치된다. 기관별 TF 인원은 최소 10인 이상으로 구성된다. TF는 기관별 제보센터와 제보창구(전화)를 운영한다. 계엄 당시 인력이 내부 감사 조직에 있는 등 공정성 유지가 어렵다고 판단되는 경우 외부 전문가로만 구성된 독립형 TF를 꾸릴 수 있다.
총리실에 기관별 TF를 아우르는 총괄 TF를 설치한다. 기관별 TF는 내년 1월31일까지 조사를 마친 후 총괄 TF에 보고하고, 총괄 TF가 조사 결과를 검토한 뒤 2월13일까지 인사 조치를 마무리하게 된다.
총리실은 TF 설치 배경에 대해 “내란재판과 특검 수사의 지연으로 내란청산이 장기화하면서 정부에 대한 국민의 불신이 점증하고, 공직 사회 내부의 반목과 불만이 확산되고 있다”며 “정부 내 내란 청산을 통한 조속한 공직사회의 신뢰 회복 추진이 필요하다”고 설명했다."
121,“의도적 누락” vs “적법 규제지 지정”…‘9월 통계 누락’ 정부·국힘 공방 팽팽,"10·15 대책 6~8월 통계 적용에
야당 “최신 자료 반영해야” 주장
정부 “심의 활용 법적 근거 없어”
서울 남산에서 바라본 서울 도심 아파트[연합뉴스]
“관련 법령과 통계법상 절차에 따라 적법하게 규제 지역을 지정했다”
국토교통부가 10·15 주택시장 안정화 대책 발표 이후 제기된 ‘9월 통계를 받았음에도 의도적으로 활용하지 않았다’는 주장에 대해 이같이 반박했다.
10·15 대책은 급등한 집값과 전세 불안을 완화하기 위해 마련됐다. 투기수요 차단과 시장 안정을 위해 서울 전역과 경기 등 주요 지역을 투기과열지구·조정대상지역·토지거래허가구역으로 지정하고, 대출 규제 강화와 세제 정상화, 공급 기반 정비 등을 병행 추진하는 내용을 담고 있다.
국민의힘 등 야당은 이를 ‘통계 조작 정치’라고 규정하면서 정부 차원의 진상 조사, 김윤덕 국토부 장관 사퇴를 요구하고 있어 공방이 확산하는 모습이다.
11일 국회·부동산업계 등에 따르면 이번 논란은 주거정책심의위원회(주정심) 개최 시기와 9월 주택가격 통계 공표 시점 해석에서 양측의 입장이 엇갈리면서 불거졌다.
야당 “최신 자료 심의에 반영했어야”
김윤덕 국토교통부 장관[연합뉴스]
야당은 규제 지역 효력이 발생하는 10월 16일 하루 전인 15일에 9월 통계가 이미 공표된 만큼, 최신 자료를 심의에 반영해야 했다고 주장한다. 정부가 6~8월 통계를 기준 삼아 규제 지역 지정 요건에 부합하지 않는 일부 지역을 추가로 포함시킨 것 아니냐는 의혹도 있다.
이에 대해 국토부는 주정심 심의·의결이 이뤄진 10월 13~14일 당시에는 9월 통계가 공식적으로 공표되지 않아 해당 통계를 심의에 활용할 법적 근거가 없었다고 강조한다. 그러면서 통계가 작성 완료된 뒤 위탁기관에 제공됐다 해도 공표 이전 단계에서는 정책 심의에 활용하는 것이 엄격히 금지된다고 부연했다.
국토부는 대책 발표 이틀 전인 10월 13일 한국부동산원으로부터 9월 주택가격동향조사 통계를 전달받은 사실은 인정했다. 다만, 이는 단순히 위탁기관으로서 통계작성기관이 최종 작성본을 송부한 절차라고 재차 강조했다. 주정심 절차가 이미 개시된 이후 통계를 수신한 만큼 추가 논의나 심의 변경은 불가능했다고 설명했다.
정부 “시장불안 예외조항, 위탁기관에는 미적용”
송언석 국민의힘 원내대표[연합뉴스]
‘시장 불안 등 시급한 상황에 통계 사전 제공이 가능하다’는 의혹 제기에도 정부는 통계법의 예외 조항 규정 역시 해당되지 않는다고 반박했다.
주택가격동향조사 통계와 관련해 국토부 측은 “관계기관이 아닌 위탁기관으로 분류되며, 통계법 제27조의2 제2항 제2호 나목에 따른 예외 조항의 적용을 받지 않는다”고 설명했다. 공표 전 통계를 심의에 활용하면 통계법 위반 소지가 생길 수 있다는 것이다.
또 한국부동산원이 10월 10일 통계를 최종 결재했다는 언론 보도와 관련해서는 “작성 완료 시점은 통계 작성 기관 내부 승인 절차로, 위탁기관이 사전에 알 수 없다”면서 “과거 감사·수사 사례로 인해 정부는 통계 작성 기관의 독립성을 존중하는 기조를 유지하고 있고 작성 완료 전·후 통계 제공을 요청하지 않는다”고 설명했다.
지난 7일 국회 예산결산특별위원회 종합정책질의에서도 국토부와 야당은 ‘9월 통계 누락’ 논란을 두고 충돌했다. 천하람 개혁신당 의원이 “9월 통계까지 반영하면 일부 지역은 조정대상지역이 아니었다”고 지적하자, 김윤덕 국토부 장관은 “주정심 결정 당시 공표 전 통계는 법적으로 공유할 수 없었다”고 해명했다.
김윤덕 장관은 “추석 전부터 검토를 진행해 온 사안으로, 9월 통계 수신 여부와 관계없이 기준과 절차는 모두 법령에 맞게 진행됐다”며 의혹 제기를 일축했다.
한편, 송언석 국민의힘 원내대표는 지난 9일 국회에서 기자간담회를 열고 “10·15 부동산 정책 통계조작 의혹은 정부에 대한 국민 신뢰 근본부터 뒤흔들었다”며 김윤덕 국토부 장관 거취 표명과 규제 대책 철회를 촉구했다. 이날 국민의힘 소속인 이종배 서울시 의원은 김 장관을 허위공문서작성과 직권남용 등 혐의로 서울경찰청에 고발했다."
122,"李대통령 “암표, 형벌보다 과징금 대폭 높이고 신고 포상금도 검토”","이재명 대통령이 제49회 국무회의에서 프로야구·콘서트 등 티켓 암표 근절 대책 마련을 지시했다. (출처=뉴스1)
정부가 최근 프로야구 경기와 KTX, K팝 콘서트 등 각종 티켓 암표 거래가 기승을 부리자, 재판매 금지 및 과징금 상향 등 강력한 근절 대책 마련에 나섰다. 이재명 대통령은 형벌 강화 대신 과징금을 대폭 높이고, 신고 포상금 제도 도입을 검토하라고 지시했다.
11일 이 대통령 주재로 열린 제49회 국무회의에서 문화체육관광부 최휘영 장관은 “프로야구 경기, K팝 콘서트, 인기 공연의 티켓을 확보해 수십 배 높은 가격으로 재판매하는 암표 행위가 사회적 문제로 확산되고 있다”고 보고했다.
● “수십배 웃돈 암표 기승”…현행법 처벌 실효성 낮아
현행 국민체육진흥법 제6조의2는 암표 판매를 금지하고 있으나, ‘자동 매매 프로그램(매크로)’을 이용한 경우에만 처벌할 수 있도록 규정돼 있다. 실제로 적발 사례가 드물고, 형량도 1년 이하 징역 또는 1000만 원 이하 벌금에 그쳐 실효성이 낮다는 지적이 꾸준히 제기돼 왔다.
● 정부 “정가 초과 재판매 전면 금지·상습범 가중처벌”
최휘영 문체부장관이 11일 열린 제49회 국무회의에서 암표 근절대책을 보고하고 있다. (출처=뉴스1)
이에 문체부는 △정가 초과 재판매 전면 금지 △과징금 상향 및 상습범 가중처벌 △신고포상금 체계 구축 등 3대 근절 대책을 마련했다고 밝혔다.
최 장관은 “암표 판매는 사실상 방치돼 있다. 원천적으로 막아야 한다”며 “일반 팬들이 정가의 티켓을 살 기회를 박탈당하고 금전적 피해를 본다. 특히 소득이 적은 청소년 팬들은 관람을 엄두도 내지 못해 시장 전체의 규모가 줄고, 문화·스포츠계 전반에 피해가 확산된다”고 지적했다.
이어 “이번 정기국회에서 관련 법을 개정해 웃돈 거래를 전면 금지하고, 부당 이익보다 훨씬 큰 과징금을 부과하겠다”고 밝혔다.
● 이 대통령 “형벌보다 과징금 강화·신고 포상금 검토하라”
국세청이 제시한 ‘암표상’ 활동의 구조. (출처=뉴스1)
이 대통령은 이에 대해 “형벌 강화는 반대다. 차라리 과징금을 대폭 상향하는 게 낫다”고 반박했다. 징역형 선고가 거의 없는 암표 판매 행위에 수사와 재판 역량을 낭비해서는 안된다는 것이다.
이 대통령은 ‘초코파이 절도 사건’을 언급하며 “실효성 없는 형사 처벌 조항은 없애야 한다. 저번에 초코파이 1000원 가지고 재판하느라 얼마나 인력 낭비가 심했나”라고 지적했다.
이어 “과징금은 정부 수입이 된다. 차라리 과징금을 총액에서 10배에서 30배까지 높이는 식으로 상향하는 것이 낫다”며 “신고 포상금을 확실히 도입해서 과징금 부과액의 10%를 포상금으로 지급하는 방안을 검토하라”고 지시했다.
● 프로야구·콘서트 암표 잇따라…정가의 ‘최대 8배’ 판매
최근 30대 남성 A씨는 프로야구 경기 입장권을 5개의 계정으로 예매해 최대 8배 가격에 판매한 혐의로 입건됐다. 사진은 대전 한화생명볼파크에서 열린 프로야구 2025 신한 SOL뱅크 KBO 플레이오프 5차전 삼성 라이온즈와 한화 이글스의 경기. (출처=뉴스1)
최근 암표 판매는 스포츠·공연계를 중심으로 급증하고 있다. 대구경찰청 사이버범죄수사대에 따르면, 30대 남성 A씨는 지난 3월부터 10월까지 프로야구 입장권을 예매한 뒤 웃돈을 붙여 재판매한 혐의로 입건됐다.
경찰에 따르면, A 씨는 439차례에 걸쳐 약 5600만 원을 챙긴 것으로 드러났으며, 일부 티켓은 정가의 최대 8배에 판매된 것으로 전해졌다."
123,"이 대통령 ""정당이라고 아무 곳에나 현수막…법 개정해야""","▲ 이재명 대통령이 11일 용산 대통령실에서 열린 국무회의를 주재하고 있다.
이재명 대통령이 각 정당의 현수막이 혐오를 부추기고 있다는 점을 지적하면서 이에 대한 대책을 주문했습니다.
오늘(11일) 국무회의를 주재한 이 대통령은 ""길바닥에 저질스럽고 수치스러운 내용의 현수막이 달려도 정당이 게시한 것이어서 철거 못 하는 일도 있다고 한다""며 ""사실인지 모르겠으나 현수막을 달기 위한 정당인 '현수막 정당'을 만들기도 한다더라. 일부에 의하면 무슨 종교단체와 관계가 있다는 설도 있다""고 지적했습니다.
이어 ""정당이라고 해서 지정된 곳이 아닌 아무 곳에나 현수막을 달게 하는 것이 옳은 일인지 모르겠다""며 ""(정당 현수막 규제를 완화하는 법은) 제가 더불어민주당 대표로 있을 때 만든 법이긴 하나, 악용이 심하면 법을 개정하든 없애든 해야 하는 것 아니냐""고 말했습니다.
▲ 정당 현수막
이 대통령의 이러한 문제의식은 지난 2022년 정당 활동 자유를 보장하자는 취지에서 옥외광고물법 개정안에서 비롯됐습니다.
개정안 시행 이후 현재 일반 현수막은 지자체의 허가를 받아서만 내걸 수 있는 것과 달리 정당의 현수막은 장소의 제약이 거의 없이 게시될 수 있습니다.
이 탓에 시민들이 정당 현수막에 담긴 혐오 표현에 더 많이 노출될 수밖에 없다는 게 이 대통령의 생각으로 풀이됩니다.
그러면서 이 대통령은 ""정당이 국고보조금을 받으면서 현수막까지 동네에 너저분하게 걸 수 있게 하고 있는데, 일종의 특혜 법이 될 수도 있다""며 ""옛날대로 돌아가는 방안을 정당과 협의를 해달라""고 지시했습니다.
(사진=연합뉴스)"
124,"오세훈 “총리 국민감정 자극해 선동, 세운 재개발 사업 최대 수혜는 종묘가 될 것” [세상&]","라디오 프로그램에서 세운 재개발 사업 설명
“남산까지 시야 확 트여 종묘 더 돋보일 것”
오세훈 서울시장. [서울시 제공]
[헤럴드경제=손인규 기자] 오세훈 서울시장이 최근 불거진 세운 재정비 촉진지구 4구역 고도 제한 완화에 대해 “최대 수혜는 종묘가 될 것”이라고 말했다. 그러면서 서울시 정책을 비판한 김민석 국무총리를 향해 감성적인 표현을 써 국민을 선동하고 있다고 지적했다.
오 시장은 11일 오전 CBS <김현정의 뉴스쇼>에 출연해 최근 논란이 되고 있는 세운 재개발 사업과 관련한 문화재청과 정부의 우려에 대해 전혀 사실과 맞지 않는 주장이라고 일갈했다.
오 시장은 서울시가 세운 재정비 촉진지구 4구역의 높이 제한을 71.9m에서 141.9m로 2배 가까이 늘려 세계 문화유산인 종묘의 경관을 해치는 것 아니냐는 질문에 “법에 정해져 있는 거는 종묘 정문, 종묘 경계로부터 100m 안쪽까지 영향이 없으면 괜찮다는 건데 종묘에서 세운 상가까지 170m가 떨어져 있다”며 “더군다나 종묘 정문부터 정전까지는 또 안쪽으로 300m가 떨어져 있다. 그래서 총 500m가 떨어져 있어 전혀 영향을 주지 않는다”고 말했다.
이어 “그걸 보면서 어저께 김민석 총리께서 ‘숨이 턱 막힌다’, ‘기가 눌린다’, ‘눈이 답답할 거다’ 이런 감성적인 표현을 쓰시는 데 그렇게 감성적으로 이야기할 게 아니라 과학적으로 얘기해야 한다”며 “자꾸 감성을 자극하는 말씀을 하시면서 국민감정을 자극하려고 하는데 이건 선동”이라고 주장했다.
오 시장은 세운 재개발 사업은 단지 도시 미관을 해치는 건물을 허물고 새 건물을 짓겠다는 개발의 관점만은 아니라고 했다.
세운상가에서 바라본 종묘. [연합]
오 시장은 “현재 세운상가는 1~2층짜리 건물들이 한 50~60년 이상 돼 콘크리트가 뚝뚝 떨어지는 위험한 상황”이라며 “그동안에는 개발하려 해도 높이 제한 때문에 개발이 되지 않았던 것”이라고 말했다.
이어 “세운상가를 허물고 폭 100m의 녹지축을 종로-청계천-을지로-퇴계로-남산까지 쫙 이어지게 하면 종묘 정문 앞에서 시야가 확 트이게 된다”며 “이게 훨씬 더 종묘를 돋보이게 하지 않겠냐”고 반문했다. 세운 재개발 사업으로 인한 최대 수혜는 종묘가 될 것이라는 주장이다.
한편 오 시장은 정부가 지금 신경 써야 할 분야는 부동산 대책에 대한 수습이라고 지적했다. 오 시장은 “김 총리에게 지금 필요한 건 재개발, 재건축 예정지를 방문하면서 10·15 부동산 대책 때문에 생긴 현장의 혼란을 수습하는 게 가장 급선무라고 생각한다”며 “그런 곳은 제가 기억하기로 한 번도 안 나가셨지 싶다”고 말했다.
한편 내년 지방선거 출마와 관련해 오 시장은 “정치인의 행보는 발끝을 보면 안다”며 “일정 시점이 되면 거취를 결정하겠지만 지금 제가 시작해 놓은 일들이 참 많고 하고 싶은 일도 많다”고 답했다."
125,[단독] 돌아온 '청와대 시대'…대통령 집무실 내달 8~14일 이전,"입동인 7일 서울 외교부 청사에서 바라본 청와대 일대 단풍이 절정을 이루고 있다. 대통령실은 다음 달 8~14일 청와대로 이전할 계획이다. 뉴스1
대통령실이 다음 달 8~14일 서울 용산에 있는 대통령 집무실 등을 청와대로 이전한다. 2022년 5월 윤석열 정부 출범과 함께 시작한 ‘용산 시대’가 3년 7개월 만에 저물고 다시 ‘청와대 시대’가 열리는 것이다.
대통령실 관계자는 10일 “관리비서관실이 최근 청와대 이전 시점이 다음달 8~14일이라고 일부 수석비서관 등에게 공유했다”고 밝혔다. 관리비서관실은 이번주 대통령실 직원들을 대상으로 청와대 이전 관련 설명회도 연다. 이재명 대통령은 지난 6월 청와대 이전 업무를 담당할 관리비서관실을 신설했었다. 대통령실은 다음 달 8~14일 대통령 집무실을 비롯해 참모들의 사무실 등 주요 시설을 청와대로 옮길 계획이다.
대통령과 참모들이 근무할 여민관 등 청와대 내 시설들은 리모델링 작업을 대부분 마친 상태라고 한다. 대통령실 고위 관계자는 “여민관이 낡긴 했지만, 예산 절약을 위해 크게 고치진 않았다”고 설명했다. 정부는 지난 6월 국무회의에서 청와대 복귀를 위한 예비비 259억원을 의결했는데, 용산 이전 당시 든 예비비(378억원)보다 약 119억 원 적은 액수였다.
이재명 대통령이 지난 9월 11일 청와대 영빈관에서 취임 100일 기자회견을 하고 있다. 연합뉴스
관계 기관의 청와대 이전 준비도 거의 완료됐다. 대통령경호처에 따르면, 경호처는 청와대 관람이 전면 금지된 지난 8월 1일부터 이전을 준비해왔다. 청와대 내부에 있는 경호처 사용 시설이 지난 3년 반 동안 노후화해, 이를 수리하는 작업을 주로 진행했다. 또 경호처가 담당하는 보안 시설 정비 작업도 진행했다. 현재는 대부분 작업이 완료된 상태라고 한다.
청와대 내·외곽 경비를 맡는 서울경찰청 101·202경비단도 건물 수리 등 이전 작업에 마무리 수순을 밟고 있다. 또 서울 종로경찰서는 대통령실 이전을 대비해 청와대 인근 파출소들을 다시 24시간 체제로 전환할 예정이다.
이재명 정부 출범 이후 청와대 이전 시점을 두고 관측이 분분했다. 여권에선 ‘취임 100일 이전’ 얘기도 나왔지만, 내년으로 늦어질 수 있다는 전망도 적지 않았다. 청와대 내부가 국민에 공개돼 보안 작업에 시간이 걸릴 것이란 분석 때문이었다. 특히 ‘청와대 벙커’라고 불리는 국가위기관리센터 복구 작업이 까다롭다는 얘기가 흘러나왔다. 그러나 이재명 대통령이 대선 후보 시절부터 “청와대를 신속 보수해서 들어가는 게 좋겠다”고 밝힌 만큼 대통령실은 최종적으로 ‘연내 이전’으로 방침을 잡고 속도를 높여 이전을 추진해왔다.
청와대 관람 일시 종료를 하루 앞둔 지난 7월 31일 오후 서울 종로구 청와대 춘추문으로 관람객들이 입장하고 있다. 뉴스1
다만 대통령 관저는 내년 상반기에 이전될 가능성이 높다. 강훈식 대통령비서실장은 지난 6일 국회 운영위원회 국정감사에서 “대통령 관저를 옮기는 문제는 보안 상의 문제 때문에 연말까지 옮기는 것은 가능하지 않을 수 있다”고 말했다. 대통령실은 관저를 어디로 이동할지도 아직 여러 후보를 검토하고 있다고 한다. 유홍준 국립중앙박물관장은 지난달 22일 국회 문화체육관광위원회 국정감사에 출석해 “(청와대 내 관저는) 음습한 자리여서 풍수 문제뿐 아니라 건축가들의 입장에서도 생활공간으로 부적격하다는 의견이 있다”고 말했다. 유 관장은 대통령실에 삼청동 안가를 관저로 사용하는 방안을 건의했다고 밝혔다.
일부 시설은 다음달 8~14일을 넘겨 이전한다. 대통령실 고위 관계자는 “추가 보안 작업이 필요한 공간은 더 시간이 필요하다”고 말했다. 대통령실 출입기자실의 경우 청와대 춘추관으로 옮기는 시점은 다음달 하순이 유력하다."
126,"김민석 ""내란 가담자가 승진 명부에... TF 설치해 신속 조사""","정부 각 부처 및 기관 내 설치, 내년 1월까지 조사 진행 및 후속조치 마련 목표... 이 대통령 ""당연히 해야 될 일""
▲
이재명 대통령과 김민석 국무총리가 11일 용산 대통령실에서 열린 국무회의에서 회의 공개 범위에 대해 조율하고 있다. 2025.11.11
ⓒ 연합뉴스
12.3 내란에 연루된 공직자들에 대한 인사 조치를 목적으로 하는 정부TF가 만들어진다.
김민석 국무총리가 11일 국무회의에서 12.3 내란에 가담 혹은 협조한 공직자들을 대상으로 합당한 인사조치를 할 수 있도록 가칭 '헌법존중 정부혁신 TF'를 꾸리겠다고 밝혔다. 이재명 대통령은 이에 대해 ""당연히 해야 될 일""이라며 ""(내란 청산 관련) 특검에 의존할 게 아니라 (정부가) 독자적으로 해야 할 일""이라고 동의했다.
지난 6일 국회 운영위원회 국정감사 과정에서 제기됐던 내용이 공식화 된 셈. 강훈식 대통령 비서실장은 당시 ""전 부처에 걸쳐서 내란 관련 전 공무원들에 대한 조사가 필요하다""는 김영배 더불어민주당 의원의 주장에 동의하면서 ""조만간 관련 조직이 필요하다면 발족을 검토하겠다""고 밝힌 바 있다.
김 총리는 이날 ""현안토의 전 하나만 제안하고자 한다. 정부의 최우선 과제 중 하나가 국민주권과 민주주의의 확립인데 현재 내란 재판과 수사가 장기화 되면서 내란 극복이 지지부진한 상황""이라며 이러한 입장을 밝혔다.
김 총리는 구체적으로 ""가령 경찰의 국회 출입 통제나 계엄 정당성 옹호 전문 발송 등 이런 것들이 정부 내에서 내란에 동조한 행태들인데 그간 국회 국정감사나 언론 등을 통해 문제제기가 됐다""며 ""내란에 가담한 사람이 승진 명부에 이름을 올리는 문제도 제기되고 있다""고 지적했다.
이어 ""결국 이것이 공직 내부에서 헌법 가치를 훼손하는 것 아니냐는 지적이 있고 결과적으로 공직사회의 내부 반목을 일으키고 궁극적으론 국정 추진 동력을 저하시킨다는 목소리가 많다""며 ""종합적으로 판단한 끝에 '헌법존중 정부혁신 TF'를 정부 내에 구성했으면 한다는 제안을 드린다""고 말했다.
""처벌 목적 아니라 헌법 수호 의지 바로 세우고 공직 내부 갈등 해소 위한 것""
해당 TF의 임무는 내란에 가담 및 협조한 공직자들에 대한 내부조사 및 인사조치로 규정했다. 특히 내년 1월까지 신속히 조사 등을 마치고 설 연휴 이전에 후속조치를 마련하겠다고도 했다.
김 총리는 ""이 TF는 12.3 비상계엄 등 내란에 참여하거나 협조한 공직자를 대상으로 신속한 내부조사를 거쳐서 합당한 인사조치를 할 수 있는 근거를 확보하는 걸 임무로 하려고 한다""며 ""이건 공직자 개인을 처벌하는 차원의 문제가 아니라 정부의 헌법 수호 의지를 바로 세워서 공직 내부 갈등을 조속히 해소하고 국민 신뢰를 회복하겠다는 취지""라고 강조했다.
아울러 ""정부 부처와 기관별로 공정한 TF를 구성해서 내년 1월 정도까지 신속하고 질서 있게 조사를 마치고 설 전에 후속조치를 마련해서 민생에 집중하고 공직사회 동요를 최소화할 수 있는 방안을 찾고자 한다""라며 ""동의해주시면 총리 책임 하에 총리실에서 보다 상세한 추진지침을 만들어서 배포하고 추진해 나갈까 한다""고 말했다.
이에 이 대통령은 ""당연히 해야 될 일""이라고 동의했다.
이 대통령은 ""내란에 관한 문제는 특검에서 수사를 통해 형사처벌을 하고 있는 것인데 내란에 관한 책임은 관여 정도에 따라 행정책임을 물을 사안도 있고 인사상 문책이나 인사조치를 할 정도로 낮은 수준이 있어서 (해당 TF가) 필요할 것 같다""며 ""특검에 의존할 게 아니라 (정부가) 독자적으로 해야 될 일""이라고 말했다."
127,"한동훈, 조국 ‘대장동 몰수 불가’ 주장에 “헛소리, 판결문에 나와 있어”","국민의힘 한동훈 전 대표는 조국혁신당 조국 전 비상대책위원장이 ‘대장동 사건은 국가가 몰수·추징할 수 없는 사건’이라고 밝힌 데 대해 “(해당 주장이) 헛소리라는 것이 대장동 일당 판결문에 친절하게 나와 있다”고 반박했습니다.
한 전 대표는 오늘(11일) 자신의 SNS에 “(조 전 위원장이) 자기 입으로 전직 교수 티를 내겠다고 오글거리는 허세부렸던데 의도와 다르게 무식한 티만 난다”며 이같이 말했습니다.
한 전 대표는 “(조 전 위원장이) 부패재산몰수법 제6조 제1항을 써놓고도, 성남시가 민사소송을 제기할 수 ‘없는 경우에만’ 몰수·추징이 가능하다고 우겼다”며 “피해자 성남도시개발공사는 ‘민사소송을 제기했더라도’ 부패재산몰수법 제6조 제1항 피해회복이 심히 곤란하다고 인정되는 경우라는 것이 법원의 판단”이라고 지적했습니다.
그러면서 ‘뒤늦게나마 피해 회복 과정에 국가가 개입하여 범죄피해재산을 추징한 다음 이를 다시 피해자에게 환부하는 조치를 취함으로써 신속한 피해 회복을 도모할 필요성이 크다’는 판결문 내용 등을 인용하며 조 전 위원장을 향해 “도망가지 말고 판결문 읽어봤는지, 계속 우길건지 답하라”고 요구했습니다.
앞서 조 전 위원장은 ‘부패재산의 몰수 및 회복에 관한 특례법’ 제6조 1항을 근거로 “이 사건 피해자는 국가가 아니라 성남시(성남도시개발공사)이기 때문에 성남시가 민사소송을 제기할 수 없는 경우에만 몰수·추징이 가능하다”고 밝혔습니다.
그러면서 “성남시는 이미 민사소송을 제기했고 이번 검찰의 항소 포기 이후 손해배상액을 증대할 것이라고 공표했다”며 “검찰의 항소 포기로 민사소송의 손해액 산정에 부정적 영향을 줄 수 있다고 주장할 수는 있으나, 이번 사건이 국가가 몰수·추징할 수 없는 사건임은 분명하다”고 주장했습니다.
[사진 출처 : 연합뉴스]
■ 제보하기
▷ 전화 : 02-781-1234, 4444
▷ 이메일 : kbs1234@kbs.co.kr
▷ 카카오톡 : 'KBS제보' 검색, 채널 추가
▷ 네이버, 유튜브에서 KBS뉴스를 구독해주세요!"
128,"中 다이빙 ""韓 극우 유언비어 유포 및 반중 시위, 조치 취해야""","'한중 전략적 협력동반자관계 신도약' 포럼
中 다이빙 대사 ""한국측이 근본적 조치 취해야""
“일방주의·보호주의 함께 반대해 공정·정의 수호해야”
日 다카이치 대만 유사시 발언에 ""중일관계 부정적 영향""
[이데일리 김인경 기자] 다이빙 주한중국대사가 “한국 극우세력이 중국 관련 허위정보를 유포하고 반중시위를 벌이는 것은 한중 우호를 훼손할 뿐만 아니라 한국 국가 이미지도 훼손하는 것”이라고 지적했다.
11일 다이 대사는 오전 서울 중구 프레지던트 호텔에서 개최된 ‘한중 전략적 협력동반자관계의 신도약’ 포럼 축사에서 “한국 측은 근본적인 조치를 취해야 한다”며 이같이 밝혔다.
그는 “중국은 한국에 대한 무비자 정책을 2026년 말까지 연장한다고 발표했으며, 더 많은 한국 국민들이 중국을 방문해 개방적이고 우호적인 중국을 느끼길 바란다”고 말했다. 이어 양국 국민의 우호적인 감정을 높이기 위해 한국 정부를 향해 반중·혐중 시위에 대응할 필요성이 있다고 강조했다.
이어 최근 이재명 대통령과 시진핑 중국 국가주석의 한중정상회담 이후 한중 관계 방향과 관련해 “한중 관계는 제 3국을 겨냥하지 않으며, 제3국의 제약을 받지도 않는다”고 주장했다. 미국의 영향을 받지 않아야 한다는 뜻으로 풀이된다.
다이 대사는 “일방주의·보호주의·‘디커플링(탈동조화)’은 양국의 공동 이익을 해치므로, 이를 함께 반대하고 국제적 공정과 정의를 수호해야 한다”고 말했다. 미국발 관세 전쟁에 한중이 함께 대응해야 한다는 취지를 재차 언급한 셈이다.
다이 대사는 “한중은 서로 떨어질 수 없는 중요한 이웃이자, 분리될 수 없는 협력 파트너”라면서 “복잡하게 변하는 국제 정세 속에서 양국의 우호적 협력은 그 어느 때보다 중요하다”고 강조했다.
이와 함께 “전략적 소통을 강화하고, 객관적으로 상대를 인식하며, 상호 신뢰를 심화해야 한다”면서 “장기적 관점에서 관계를 바라보고 올바른 방향을 유지하며, 일시적 사건으로 인해 흔들리지 않도록 해야 한다”고도 말했다.
다이 대사는 한중 정상회담을 언급하며 “이번 시 주석의 국빈 방문과 양국 정상의 첫 대면 회담은 한중 관계 발전의 전략적 방향을 제시하는 대체 불가능한 역할을 했다”면서 “(한중 정상회담) 결과 한중 전략적 협력동반자 관계의 재확인이라는 가장 중요한 합의를 포함한 일련의 성과를 거뒀다”고 평가했다.
또 지난달 김해공항에서 열린 미중 정상회담에 대해 “미국이 촉발한 관세전·무역전·기술전은 중국을 약화시키지 못했고, 오히려 중국이 자주 발전과 개방 확대를 이룩하는 계기가 됐다”고 설명했다. 이와 함께 “미국이 중국과 함께 책임 있는 대국으로서의 자세를 보이고, 두 정상 간 합의를 충실히 이행함으로써, 미중 관계가 건전하고 안정적이며 지속 가능한 방향으로 발전하기를 바란다”고 했다 .
한편 다이 대사는 다카이치 사나에 일본 총리의 ‘대만 유사시 자위대 투입 가능성’ 발언에 대해 “일본의 신임 총리가 최근 들어 중국과 관련해 부정적인 말을 하고 있다”면서 “중국으로선 받아들이기 어렵다. 중일관계의 건전한 발전에도 부정적인 영향을 미칠 것”이라고 비판했다.
다이빙 주한 중국대사가 11일 오전 서울 중구 프레지던트호텔에서 ‘한중 전략적 협력동반자관계의 신 도약’을 주제로 열린 글로벌전략협력연구원 한중 싱크탱크 대화에 참석해 축사하고 있다.[뉴스1 제공]"
129,국민의힘 의원들 “정성호·노만석 사퇴하고 ‘대장동 사태’ 국정조사 실시” 결의,"국민의힘이 검찰의 ‘대장동 사건’ 항소 포기와 관련해 법무부와 대검찰청을 항의 방문하고 규탄대회를 열기로 했다.
송언석 국민의힘 원내대표가 10일 오후 서울 여의도 국회에서 열린 의원총회에서 발언을 하고 있다./뉴시스
송언석 국민의힘 원내대표는 10일 오후 국회에서 의원총회를 마친 뒤 기자들과 만나 “이번 항소 포기 사태는 대한민국 사법체계를 파괴하는 중차대한 사태”라며 “의원들이 대부분 만장일치로 동의했다”고 밝혔다.
송 원내대표는 “당이 원내외를 통틀어서 국민과 함께 이 중차대한 항소 포기라는 사태에 대해 좌시하지 않겠다고 결의를 모았다”며 “정성호 법무부 장관과 노만석 검찰총장 권한대행을 비롯한 항소 포기 외압과 관련된 관계자 전원이 사퇴해야 한다는 점에 의견을 모았다”고 말했다.
국민의힘은 11일에 의원들이 법무부·대검찰청을 항의 방문을 해 현장 규탄대회를 열고, 12일에도 추가적인 규탄 집회 개최를 고려하고 있다.
송 원내대표는 “김병기 더불어민주당 원내대표가 국정조사, 청문회, 상설특검을 할 수 있다고 했다”며 “오늘 의원님들 총의를 모아본 결과 ‘우리도 좋다’ ‘무엇이든 할 수 있다’는 의견을 모았다”고 했다.
이어 “그중 가장 빨리할 수 있는 부분이 있다면 본회의에서 현안 질의를 한다든지 국정조사를 한다든지 하는 방안에 대해 여야 간 즉각 협의하자는 데 총의를 모았다”며 “김 원내대표께 이번 항소 포기 외압과 관련해 국정조사를 즉각 실시할 것을 다시 한번 제안한다”고 했다.
송언석 국민의힘 원내대표를 비롯한 의원들이 10일 오후 서울 여의도 국회에서 열린 의원총회에서 대장동 사건 항소 포기를 규탄하는 손피켓을 들고 구호를 외치고 있다./뉴시스
송 원내대표는 ‘당 대표가 항소 포기는 대통령 탄핵 사유라고 했는데 의총에서 논의된 것이 있나’라는 질문에 “항소 포기 외압의 몸통이 이재명 대통령이라는 점에 대해서는 모두가 인식을 함께했다”며 “지금 당장 탄핵을 추진할 수 있을 것인지에 대해서는 의원님들과 조금 더 논의하는 방향으로 진행하겠다”고 했다.
또한 송 원내대표는 “민주당에서 ‘항명’이라는 표현을 썼다”며 “항명이라고 하더라도 수사 담당자, 최종 결재를 해야 하는 대검 차장, 검찰총장 직무대행, 반부패부장, ‘신중하게 검토하라’고 했던 정성호 법무부 장관은 당연히 국정조사 대상이 된다”고 했다.
송 원내대표는 “봉욱 민정수석도 (항소 취소와 관련해) 전화했다는 기사가 있던 것으로 기억하는데, 관련 사항을 확인하기 위해서 거기도 국정조사 대상이 돼야 한다고 생각한다”며 “반면 우리는 항소 포기 자체를 외압에 의한 것으로 본다. 외압의 실체를 규명하기 위해 방금 말씀드린 분들이 출석해야 한다고 생각한다. 출석해야 하는 고위관계자는 일치하지 않을까 생각한다”고 했다."
130,"조국 ""대장동, 국가가 몰수·추징 못하는 사건…李대통령 이익 없다""","""법학교수 티 안 내려 했는데""···국힘 주장 반박
""사건 피해자 성남시가 이미 민사소송 제기""
조국 조국혁신당 비상대책위원장이 15일 서울 여의도 국회에서 열린 비상대책위원회의에서 입장하고 있다. 성형주 기자
[서울경제]
조국 조국혁신당 전 비상대책위원장이 11일 대장동 사건의 1심 항소 포기에 대해 “국가가 몰수·추징할 수 없는 사건임이 분명하다”며 “이재명 대통령은 항소 포기로 얻는 이익이 없다”고 말했다.
조 전 위원장은 이날 페이스북을 통해 “정치인이 된 후 법학교수 출신 티를 안 내려고 하는데 이번 건은 할 수 없다”며 “많은 언론에서 대장동 재판 항소 포기 관련하여 한동훈 등 국민의힘 정치인들의 주장을 점검 없이 그대로 싣고 있다”고 지적했다.
조 전 위원장은 “부패재산 몰수·추징은 언제 가능한지는 부패재산의 몰수 및 회복에 관한 특례법 제6조가 규정하고 있다”고 설명했다. 해당 조항은 ‘부패재산이 범죄피해재산으로서 범죄피해자가 그 재산에 관하여 범인에 대한 재산반환청구권 또는 손해배상청구권 등을 행사할 수 없는 등 피해회복이 심히 곤란하다고 인정되는 경우에는 몰수·추징할 수 있다’고 규정한다.
조 전 위원장은 “이 사건의 피해자는 국가가 아니라 성남시(정확히는 성남도시개발공사)다. 성남시가 민사소송을 제기할 수 없는 경우에만 몰수·추징이 가능하다”며 “그런데 성남시(시장은 국민의힘 소속 신상진)는 이미 민사소송을 제기했고, 이번 검찰의 항소 포기 이후 손해배상액을 증대할 것이라고 공표했다”고 짚었다. 이어 “검찰의 항소 포기로 민사소송의 손해액 산정에 부정적 영향을 줄 수 있다고 주장할 수는 있으나, 이번 사건은 국가가 몰수·추징할 수 없는 사건”이라고 강조했다.
아울러 조 전 위원장은 “국민의힘이나 보수언론은 이번 항소 포기를 이재명 대통령과 연결시키는 프레임을 구사하는데, 이 대통령은 이번 항소 포기로 얻는 이익이 없다”고 짚었다.
조국 ""대장동, 국가가 몰수·추징 못하는 사건…李대통령 이익 없다"""
131,"김은혜 ""李정권, 대장동 공범"" 안철수 ""범죄자들이 7000억 다 먹어""","[서울=뉴시스] 고승민 기자 = 김은혜 국민의힘 의원이 10일 서울 여의도 국회에서 서울 및 성남 등 지역 당협위원장들과 10·15 부동산 대책 관련 기자회견을 하고 있다. 2025.11.10. kkssmm99@newsis.com
[서울=뉴시스]김지훈 하지현 기자 = 국민의힘 성남 분당구 지역구 의원인 김은혜·안철수 의원은 11일 기자회견을 열어 검찰의 대장동 개발 비리 사건 항소 포기를 규탄했다.
안 의원은 ""대장동 항소 포기로 국민을 위해 권력을 향해 공정하게 휘둘러야 할 검찰의 칼이 이제 권력을 보호하는 방패로 바뀌었다""라면서 ""수사팀은 항소장을 붙잡고 버텼지만 (항소 시한인) 자정 7분전 '항소 불허' 통보가 떨어졌다""고 했다.
그러면서 ""이제 대장동 범죄자들이 저 (범죄수익 불인정) 돈 7000억원을 다 먹는다""고 했다. 재판부가 특가법상 배임이 아닌 일반 형법 배임을 적용해 7886억원 중 473억원만 범죄수익으로 인정한 점을 지적한 것이다.
김 의원도 ""대장동 주민과 성남시민의 피눈물이 서려 있는 7000억원을 이재명 정부는 국가 귀속이 아닌 대장동 범죄자 일당에 귀속시켰다""라면서 ""민사 소송을 통해 환수가 가능하다는 말은 궤변""이라고 했다.
김 의원은 ""대장동 주민의 피눈물 어린 7000억원을 범죄자 주머니에 털어준 이재명 정부는 이미 단군 이래 최대 범죄인 대장동의 공범""이라고 했다.
그는 ""항소 포기 결정의 배후는 대장동 사건 '그 분'이라는 진실을 밝히는 것이 국회의 의무""라면서 ""정성호 장관 탄핵은 물론 국정조사와 특검을 추진하고, 국민과 함께 행동에 나설 것""이라고 했다．"
132,"부동산원장 ""공표 전 통계 미리 사용하면 불법""‥與 ""국힘은 불법 종용하나""","손태락 한국부동산원장 2025.10.23
손태락 한국부동산원장이 ""부동산 통계를 미리 공표하거나 공표 전 사용하면 불법""이라고 밝혔습니다.
손 원장은 오늘 국회 국토교통위원회 전체회의에 출석해 '부동산원 통계를 미리 사전에 공표하거나 사전에 사용하면 되느냐'는 더불어민주당 전용기 의원의 질의에 ""안된다""고 답했습니다.
'사전에 쓰면 불법이냐'는 추가 질문에도 ""그렇다""고 말했고, '사전에 사용하면 문제가 있고 위법이 맞느냐'는 재질문에도 ""예""라고 일관된 입장을 나타냈습니다.
김윤덕 국토교통부 장관도 '주거정책 심의위원들에게 부동산 통계를 미리 줘서 심의에 사용하게 할 수 있느냐'는 전 의원의 질문에 ""공표 전에는 어떤 의사 결정을 위해 통계 자료를 사용할 수가 없다""고 말했습니다.
김 장관은 '10·15 대책에 9월 통계를 왜 쓰지 않았느냐'는 국민의힘 일부 의원들의 질의에도 ""윤석열 정부에서 통계 때문에 국토부 공무원들 징계하고 수사받게 해 놓고는 이제 와서 통계를 활용하지 않았다고 문제 삼느냐""며 ""위법이 아닌데 자꾸 위법이라고 주장하는 것은 정쟁을 하자는 것""이라고 반박했습니다.
전용기 의원도 ""국민의힘이나 개혁신당에서 통계를 미리 받아서 미리 적용시켜야 했다고 하는데 이렇게 하는 게 불법""이라며 ""왜 그렇게 불법을 종용하느냐, 이재명 정부에서는 공무원들에게 불법을 저지르게 하는 일이 없어야 한다""고 밝혔습니다.
앞서 국민의힘과 개혁신당은 정부가 9월 한국부동산원의 통계를 고의로 누락해 규제 지역 범위를 서울 전역으로 넓혔다며 주택법 위반이라고 주장한 바 있습니다."
133,"조국 ""국민이 원하는 제7공화국으로 가는 길 멈추지 않을 것"" [뉴시스Pic]","[서울=뉴시스] 김명년 기자 = 조국 조국혁신당 당대표 후보가 11일 오전 서울 여의도 국회에서 열린 전국당원대회 출발식에서 인사하고 있다. 2025.11.11. kmn@newsis.com
[서울=뉴시스] 류현주 김명년 이창환 기자 = 조국혁신당은 11일 '2025 전당대회 출발식'을 열고 새 지도부 선출을 위한 공식 선거 일정을 시작했다.
서왕진 조국혁신당 비상대책위원장 권한대행 겸 원내대표는 이날 오전 국회에서 열린 전당대회 출발식에서 ""오늘의 출발식은 경쟁이 아닌 연대의 출발선""이라며 ""우리는 서로를 세우며 함께 걷는 혁신의 동지다. 서로 맞잡은 손으로 신뢰의 원을 완성할 때 당은 가장 안전하고 평등한 혁신의 운동장이 될 것""이라고 했다.
당대표·최고위원 후보자들도 출마 의지를 피력했다.
조국 조국혁신당 대표 후보는 이날 ""제 전당대회 슬로건은 '멈추지마, 직진 조국, 이제 조국' 3가지""라며 ""정치·민생 개혁, 경제·사회·인권 개혁을 멈추지 않겠다. 평등한 기회의 나라, 사회권 선진국, 모두의 성장. 무엇보다 서민과 청년이 집과 돌봄을 걱정하지 않는 나라. 국민이 원하는 제7공화국으로 가는 길을 멈추지 않겠다""고 했다.
이어 ""당만의 가치와 방식으로 지방선거에 임하겠다. 양당 독점 지역에 창조적  파괴를 일으키겠다""며 ""지난 총선에서 독자적 힘으로 국회 교두보를 마련했듯 내년 지방선거에서도 지방 정치의 교두보를 세우겠다. 세가 불리하다고 위축되거나 회피하지 않겠다""고 말했다.
임형택 최고위원 후보는 ""당원과 국민이 참여하는 직접 민주주의 플랫폼을 운영하겠다""며 ""배심원제, 오디션 방식을 도입하고 공천 혁신 대상자는 선거 비용을 전액 지원하겠다. 돈, 정보, 조직 격차를 해소하는 정치 혁신(을 하겠다)""고 말했다.
정춘생 최고위원 후보는 ""지방의회 중대선거구제를 도입해서 3인 이상 모든 선거구에 혁신당 후보를 당선시키겠다""며 ""차별금지법, 생활동반자법, 비동의 간음죄 도입을 더 이상 미루지 않겠다. 헌법불합치 판결을 받은 낙태죄도 폐지하겠다""고 했다.
정경호 최고위원 후보는 ""소통과 통합, 대화와 회복으로 당이 초심으로 돌아가는 데 소임을 다하겠다""며 ""창당 주역들과 당원들, 자발적으로 안타깝게 떠나가신 분들, 국민의 관심과 애정을 다시금 돌아오게 하는 매개체가 되겠다""고 말했다.
신장식 최고위원 후보는 ""내년 지방선거는 당의 도약과 민주 진보 진영의 승리를 다 잡아야 한다. 극우 내란 동조 세력의 아지트 국민의힘을 제로로 만들어야 한다""며 ""강한 당, 지방선거 승리, 사회권 선진국 실현을 이루기 위해 모든 것을 쏟겠다""고 했다.
한편 조국혁신당은 혁신 검증 대담회, 온라인 공개 토론회 등을 거쳐 오는 23일 전당대회에서 당대표와 최고위원 2명을 선출한다. 이달 21~23일 대의원 및 당원 투표 결과를 통해 새 지도부가 확정된다.
[서울=뉴시스] 김명년 기자 = 조국 조국혁신당 당대표 후보가 11일 오전 서울 여의도 국회에서 열린 전국당원대회 출발식에서 서왕진 비상대책위원장 권한대행 겸 원내대표와 대화하고 있다. 2025.11.11. kmn@newsis.com
[서울=뉴시스] 김명년 기자 = 서왕진 조국혁신당 비상대책위원장 권한대행 겸 원내대표가 11일 오전 서울 여의도 국회에서 열린 전국당원대회 출발식에서 발언하고 있다. 2025.11.11. kmn@newsis.com
[서울=뉴시스] 김명년 기자 = 조국 조국혁신당 당대표 후보가 11일 오전 서울 여의도 국회에서 열린 전국당원대회 출발식에서 박수치고 있다. 2025.11.11. kmn@newsis.com
[서울=뉴시스] 김명년 기자 = 조국 조국혁신당 당대표 후보가 11일 오전 서울 여의도 국회에서 열린 전국당원대회 출발식에 참석해 있다. 2025.11.11. kmn@newsis.com
[서울=뉴시스] 김명년 기자 = 조국 조국혁신당 당대표 후보가 11일 오전 서울 여의도 국회에서 열린 전국당원대회 출발식에서 인사말하고 있다. 2025.11.11. kmn@newsis.com
[서울=뉴시스] 김명년 기자 = 조국 조국혁신당 당대표 후보가 11일 오전 서울 여의도 국회에서 열린 전국당원대회 출발식에서 인사말하고 있다. 2025.11.11. kmn@newsis.com
[서울=뉴시스] 김명년 기자 = 조국 조국혁신당 당대표 후보가 11일 오전 서울 여의도 국회에서 열린 전국당원대회 출발식에서 미소짓고 있다. 2025.11.11. kmn@newsis.com"
134,이 대통령 “사실적시 명예훼손 폐지 검토” 지시,"이재명 대통령이 사실을 표현해도 상대방의 명예를 훼손하면 처벌하는, 이른바 '사실적시 명예훼손 조항'의 폐지 여부를 검토하라고 법무부에 지시했습니다.
이 대통령은 오늘 국무회의에서 ""있는 사실을 이야기한 것을 두고 명예훼손이라고 하는 건 민사로 해결해야 할 일이지 형사처벌 할 일은 아니다""라며 ""독일이나 해외 입법례를 참고해서 빨리 개정하면 좋겠다""고 밝혔습니다.
이에 대해 정성호 법무부 장관은 ""신속하게 하겠다""고 답했습니다.
■ 제보하기
▷ 전화 : 02-781-1234, 4444
▷ 이메일 : kbs1234@kbs.co.kr
▷ 카카오톡 : 'KBS제보' 검색, 채널 추가
▷ 네이버, 유튜브에서 KBS뉴스를 구독해주세요!"
135,"홍준표 ""윤석열·한동훈 같은 정치검사가 검찰 망쳐""‥한동훈 ""탈영병은 입 다물라""","검사 출신 홍준표 전 대구시장이 검찰의 대장동 사건 항소 포기에 대해 '윤석열·한동훈 같은 정치 검찰이 검찰을 망쳤다'고 비판했습니다.
홍 전 시장은 오늘 자신의 페이스북에 ""검찰의 사명은 거악의 척결인데, 거악의 인질이 돼 헤매다가 해체당하는 검찰은 도대체 뭐냐""며 ""요즘 검사들은 월급 받는 샐러리맨에 불과하지, 기개라는 건 찾아보려야 찾아볼 수 없다""고 지적했습니다.
그러면서 ""검사들이 저 지경이 되고 검찰 조직이 해체됐는데도 아무런 저항을 하지 않고 각자도생에 급급한 모습을 보이는 건 아무래도 윤석열·한동훈 같은 검찰을 망친 정치검사들 탓이 아닌가 싶다""고 비판했습니다.
이에 대해 검사 출신 한동훈 전 국민의힘 대표도 자신의 페이스북에 홍 전 시장과 이재명 대통령이 악수하는 사진을 첨부하고 ""이재명 정권에 겁먹고 탈당해 도망간 '탈영병 홍준표'는 입 좀 다물라""며 ""지금 다들 싸우고 있는데 이재명 정권에는 찍소리도 못하지 않느냐""고 맞받았습니다."
136,"李대통령, 법무부에 '사실적시 명예훼손 폐지' 검토 지시","이재명 대통령이 11일 용산 대통령실에서 열린 국무회의를 주재하고 있다. 연합뉴스
이재명 대통령이 11일 법무부에 '사실적시 명예훼손 조항(형법 제307조1항)'의 폐지 여부를 검토하라고 지시했다.
이 대통령은 이날 오전 용산 대통령실에서 열린 국무회의에서 ""혐오표현 처벌과 관련한 형법을 개정할 필요가 있어 보이는데, 만약 개정하게 되면 사실적시 명예훼손 제도를 동시에 폐지하는 것을 검토하라""고 말했다.
그는 ""있는 사실을 이야기한 것을 명예훼손이라고 하는 건 민사로 해결해야 할 것 같고 형사처벌 할 일이 아니다""고 설명했다.
이어 ""집회 및 시위에 관한 법률과 형법 개정 문제는 신속히 해야 할 것 같다""며 ""독일이나 해외 법례를 참고해서 시간 걸리지 않게 빨리 (개정)하면 좋겠다""고 당부했다.
이에 정성호 법무부 장관은 ""신속히 하겠다""고 답했다.
※CBS노컷뉴스는 여러분의 제보로 함께 세상을 바꿉니다. 각종 비리와 부당대우, 사건사고와 미담 등 모든 얘깃거리를 알려주세요.
이메일 :
jebo@cbs.co.kr
카카오톡 :
@노컷뉴스
사이트 :
https://url.kr/b71afn"
137,"평양 중심부 760평 건물서 큰 불…통일부 ""피해 규모 분석""","평양 중심부 유경호텔 인근 건물 1개 동 화재
지난 2일 검은 연기 치솟아, 불길 잡기까지 시간 걸려
소규모 공장 또는 창고 등으로 추정
SI-Analytics 제공
최근 평양 중심부에 있는 760평 규모의 건물에서 화재가 발생한 것으로 통일부의 위성 영상 분석 결과 확인됐다.
11일 통일부에 따르면, 불이 난 것으로 전해진 지난 2일을 기준으로 이전과 이후의 위성사진을 비교한 결과 건물 1개동에서 대규모 화재가 발생한 것으로 나타났다.
화재가 난 건물 위치는 평양 중심부를 흐르는 보통강가 유경호텔 인근이다.
통일부 당국자는 ""위성영상을 분석한 결과 화재 흔적이 있는 가로 50미터 세로 50미터 규모(756평)의 건물 1개 동이 식별됐다""면서 ""건물의 용도와 피해 규모 등의 사항은 추가 분석이 필요하다""고 말했다.
앞서 미국의 북한 전문매체 NK뉴스는 ""지난 2일 오전 11시 50분 화재가 발생해 검은 연기가 치솟는 모습이 위성 영상에 포착됐다""며 ""영상 분석결과 불길이 진화되기까지 상당한 시간이 걸린 것으로 보인다""고 보도했다.
불이 난 건물은 인화성 물질을 취급하는 소규모 공장이나 창고 등의 가능성이 제기된다. 해당 건물은 전소된 것으로 알려졌다.
※CBS노컷뉴스는 여러분의 제보로 함께 세상을 바꿉니다. 각종 비리와 부당대우, 사건사고와 미담 등 모든 얘깃거리를 알려주세요.
이메일 :
jebo@cbs.co.kr
카카오톡 :
@노컷뉴스
사이트 :
https://url.kr/b71afn"
138,"與 ""吳, 대권놀음에 종묘 제물로 바쳐…약자 아닌 업자와 동행""","서울시 초고층 개발 철회 촉구…'종로 지역구' 곽상언, 오세훈에 공개토론 제안
빌딩에 둘러싸인 종묘
(서울=연합뉴스) 이진욱 기자 = 국가유산청이 유네스코 세계유산인 종묘 인근 세운4구역 재개발 사업에 문제를 제기한 데 대해 이 일대 토지주들이 ""국가유산청이 재개발을 불가능하게 한다면 부당한 행정 행위에 대한 책임을 물어 손해배상·직권남용 등 민형사상의 책임을 물을 것""이라며 반발했다. 사진은 11일 서울 종묘 모습. 2025.11.11 cityboy@yna.co.kr
(서울=연합뉴스) 오규진 기자 = 더불어민주당은 11일 유네스코 세계유산 종묘(宗廟) 맞은편의 세운4구역 재개발을 둘러싼 논란과 관련, 오세훈 서울시장을 향해 ""시대착오적인 초고층 건물 개발계획을 즉각 철회하라""고 촉구했다.
민주당 문화예술특별위원회는 이날 전현희·박홍근·서영교·박주민·김영배 의원과 기자회견을 열고 ""재개발은 필요하지만, 북촌이나 종묘 같은 문화유산은 보존이 생명이요 경쟁력""이라며 이같이 말했다.
특위는 ""유네스코가 인정한 수평의 장중함을 훼손하면 안 된다""며 ""그런 콘크리트 고층 건물은 종묘 앞이 아닌 다른 곳에서도 얼마든지 구현 가능하다""고 했다.
민주당 내 서울시장 후보군으로 꼽히는 전 최고위원은 ""조선왕조 500년 역사의 뿌리이자 근간인 종묘의 수난시대""라며 ""전 세계인의 사랑을 받는 종묘가 오 시장의 무원칙 난개발로 세계문화유산 지정이 해제될 위기에 처했다""고 지적했다.
박홍근 의원은 ""차기 시장, 그리고 대권 놀음을 위해서 종묘를 제물로 바치겠다는 것이냐""고 따졌고, 김영배 의원은 ""'약자와의 동행'을 말하는데, '업자와의 동행'임을 명백히 보여주는 사례""라고 주장했다.
종로가 지역구인 곽상언 의원은 국회에서 별도로 기자회견을 열어 ""종묘의 경관을 훼손해 얻는 이익은 특정 사업자에게 귀속될 뿐이고 서울시민의 관점에서나 국민의 관점에서는 거의 없거나 미미하다""고 비판했다.
곽 의원은 ""종묘 앞을 고층 빌딩으로 가리는 것은 서울의 정체성을 삭제하고 도시 경쟁력을 파괴하는 막가파식 행정에 다를 바 없다""며 ""서울시 미래에 대한 책임 있는 논의를 위해 오 시장에게 공개토론을 제안한다""고 밝혔다.
정원오 서울 성동구청장도 유튜브 '김어준의 겸손은힘들다 뉴스공장'에 출연해 ""꾸준한 협의 과정을 통해 만들어진 것을 (오 시장이) 지금 거의 독단으로 풀려고 한다""며 ""유네스코나 시민이 판단해야 될 문제""라고 말했다.
acdc@yna.co.kr"
139,장동혁 “국정조사·특검 통해 이 대통령 탄핵해야”,"국민의힘 장동혁 대표는 검찰의 대장동 개발 비리 사건 항소 포기 결정과 관련해 “국정조사와 특검을 통해서 이재명을 탄핵해야 한다”고 말했습니다.
장 대표는 오늘(11일) 오전 서울 서초구 대검찰청에서 당 소속 의원들이 모여 긴급 현장 규탄대회를 열고 “지금 엉망으로 망가지는 대한민국을 구하는 방법은 딱 하나다. 이재명을 대통령의 자리에서 내려오게 하는 것뿐”이라면서 이같이 밝혔습니다.
장 대표는 “지금 대한민국에서는 일어날 수 없는 일들이 일어나고 있다”며 “이재명이라는 사람이 대통령의 자리에 앉아 있기 때문에 일어나는 일들”이라고 강조했습니다.
그러면서 “8,000억 원짜리 개발 비리를 400억 원짜리로 둔갑시켰는데도 항소를 포기했다”며 “검찰이 8,000억 원 범죄 수익을 확보했는데도 불구하고 항소를 포기하고 그 돈을 돌려주라고 하는 나라”라고 비판했습니다.
장 대표는 정성호 법무부 장관이 항소 여부에 대해 ‘신중 검토’ 의견을 제시한 것에 대해서도 “조폭 두목이 밤길 조심하라는 말로 들린다”며 “이 모든 것은 이재명 때문”이라고 말했습니다.
장 대표는 민주당을 향해선 국정조사와 특검 수용을 거듭 촉구했고, 법원을 향해서도 “이재명에 대한 재판을 재개해야 한다”고 말했습니다.
[사진 출처 : 연합뉴스]
■ 제보하기
▷ 전화 : 02-781-1234, 4444
▷ 이메일 : kbs1234@kbs.co.kr
▷ 카카오톡 : 'KBS제보' 검색, 채널 추가
▷ 네이버, 유튜브에서 KBS뉴스를 구독해주세요!"
140,"이 대통령 ""사실적시 명예훼손 폐지 검토하라"" 법무부에 지시","""형사처벌 할 일 아닌 민사로 해결할 일""
이재명 대통령이 오늘(11일) 국무회의에서 사실을 드러낸 표현이라도 상대방의 명예를 훼손한 경우 처벌하는 '사실적시 명예훼손' 조항((형법 제307조1항)의 폐지를 검토하라고 지시했습니다. 다만 인종차별과 혐오 표현, 허위 조작정보 유포 행위는 강하게 처벌해야 한다고 밝혔습니다.
이재명 대통령은 형법 개정 논의를 하면서 '사실적시 명예훼손' 제도의 폐지를 검토하라고 지시했습니다.
[제49회 국무회의]
“사실 적시 명예훼손 제도 이번 기회에 동시에 폐지하시는 걸 검토하시죠. {예 알겠습니다} 국회하고 좀 논의하시든지 해서요. 있는 사실 얘기한 걸 가지고 무슨 명예훼손이라고. 그건 민사로 해결해야 될 거 같아요, 형사처벌할 일은 아니고….”
현행 형법은 사실이 담긴 표현으로 명예를 훼손하는 경우 2년 이하 징역이나 500만 원 이하 벌금에 처하도록 하고 있습니다.
공익제보자나 범죄 피해자, 언론인 등 '진실을 밝힌 사람'이 처벌받게 되는 만큼, 2021년 국가인권위원회도 없애라고 권고하는 등 폐지 주장이 이어져 왔습니다.
이 대통령의 검토 지시는 정성호 법무부 장관에게 인종차별·혐오 발언 처벌 법안을 논의하던 중 나왔습니다.
[제49회 국무회의]
“특히 SNS 등에서 특정 대상을 향한 혐오 표현이 무차별적으로 유포되고 허위 정보 또는 조작정보가 범람하고 있습니다. 더이상 이를 묵과해선 안 됩니다. 이는 표현의 자유의 한계를 넘어서는 명백한 범죄행위입니다.
이 대통령은 정치권이 내건 현수막도 혐오 발언을 조장한다고 비판했습니다.
정당과 정치인의 현수막은 게시 장소나 기간, 개수에 대한 규제가 느슨한 점도 지적했습니다.
[제49회 국무회의]
""그건 현행법 안에서 하는 건데 정당이라고 현수막을 거의 무제한으로 막 걸 수 있다. 그러니까 현수막을 걸기 위한 정당을 만들어가지고 지금 하고. 또 일부 얘기에 의하면 그게 무슨 종교 단체하고 관계있단 설도 있고. 근데 이게 정말 문제 같아요""
또 이 대통령은 김철수 대한적십자사 회장의 인종차별 발언을 언급하며 고위공직자나 공공기관장의 혐오 발언도 제재를 강화해야 한다고도 했습니다.
[제49회 국무회의]
""얼마 전에 무슨, 어떤 기관장이 '하얀 얼굴, 까만 얼굴' 이런 소리를 해가지고. 이게 어쨌든 있을 수 없는 일을 하고도 멀쩡하게 살아있더라고요. 이건 뭐 특별히 논의가 더 필요하지 않을 거 같네요. 이것도 신속하게 추진하도록 하시죠""
(영상취재:주수영, 구본준,김미란/영상편집:류효정)"
141,"홍준표, 항소포기 논란에 ""윤·한 같은 정치검사 탓""…한동훈 ""입 좀 다물라""","홍준표 전 대구시장(왼쪽), 한동훈 전 국민의힘 대표. 〈자료사진=연합뉴스〉
대장동 사건 항소 포기와 관련해 검찰 내부·정치권에서 공방이 이어지는 가운데, 검사 출신 홍준표 전 대구시장은 ""윤석열·한동훈 같은 검찰을 망친 정치검사들의 탓""이라고 비판했습니다.
홍 전 시장은 오늘(11일) 페이스북을 통해 ""검사들이 저 지경이 되고 검찰조직이 해체됐는데도 아무런 저항도 하지 않고 각자도생에 급급한 모습을 보이고 있다""며 이렇게 밝혔습니다.
이어 ""정의를 향한 일념으로 검찰에 평생을 바친 훌륭한 선배들이 그리 많았는데도 어쩌다가 검사와 검찰이 저 지경까지 몰락하고 타락했을까?""라고 토로했습니다.
홍 전 시장은 ""요즘 검사들은 월급 받는 샐러리맨에 불과하지 기개라는 건 찾아볼 수 없다""며 ""결국 검찰의 정치화가 초래한 비극이지만, 그 피해는 고스란히 국민에게 돌아갈 것""이라고 지적했습니다.
그러자 한동훈 전 국민의힘 대표 역시 자신의 페이스북을 통해 ""이재명 정권에 겁먹고 탈당해 도망간 '탈영병 홍준표'는 입 좀 다물라""고 받아쳤습니다.
그러면서 ""이재명 정권에는 찍소리도 못하면서""라고도 했습니다.
한편 홍준표 전 시장은 1993년 서울지검 강력부 검사 시절 '슬롯머신 업계 비호세력' 사건과 관련해 노태우 전 대통령 처남 박철언 전 의원을 전격 구속하면서 이른바 '모래시계' 검사로 주목받은 바 있습니다."
142,"김윤덕 국토장관 ""행정소송 패소시 도봉 등 규제지역 해제""","""법적 절차로 해당 지역 규제 일부 해제가 답""
김윤덕 국토교통부 장관이 10일 서울 여의도 국회에서 열린 제429회국회(정기회) 예산결산특별위원회 제5차 전체회의에 출석해 의원 질의에 답변하고 있다. 2025.11.10/뉴스1 ⓒ News1 신웅수 기자
(서울=뉴스1) 황보준엽 기자 = 김윤덕 국토교통부 장관은 10일 ""(규제지역 논란과 관련해) 행정소송에서 패소하면 도봉구 등 일부 지역의 규제지역을 해제할 수 있다""고 말했다.
앞서 정부는 10·15대책을 통해 서울 전역과 경기도 12곳을 규제지역으로 묶었다. 주택법에 따르면 투기과열지구 지정을 위해선 최근 3개월간 집값 상승률이 물가상승률의 1.5배 이상이어야 한다.
그러나 정부는 발표 시점 기준 '최근 3개월'에 해당하는 7~9월이 아닌 6~8월 통계를 사용했다. 9월 통계가 반영될 경우 일부 지역이 규제대상에서 제외될 수 있어 논란이 일고 있다.
김윤덕 장관은 이날 국회 예산결산특별위원회 전체회의에서 조정훈 국민의힘 의원이 ""행정소송에서 국토부가 패소하면 서울·경기 몇몇 구에 대한 규제를 풀 것이냐""고 묻자 ""당연하다고 생각한다""고 답했다.
당초 국토부는 주거정책심의위원회(주정심) 전 9월 통계를 확보하지 못해 이를 반영하지 않았다고 해명했다. 그러나 주정심 절차 개시 전 통계를 받은 것으로 뒤늦게 알려졌다.
9월 통계를 반영할 경우 조정대상지역에서 서울 도봉·강북·중랑·금천구와 경기 의왕시, 성남 중원구, 수원 장안·팔달구 등 8곳이 제외될 것으로 보인다.
또 투기과열지구에서는 최대 10개 지역이 해제될 가능성이 있다는 분석이다.
김 장관은 ""(소송에서) 졌다고 하면 15일 공표된 부동산 수치에 대해 7~9월 통계를 써야 한다고 결론이 나온 것으로 보인다""며 ""법적 절차로는 그 지역에 대한 규제를 일부 해제하는 것이 답이지 않을까 생각한다""고 설명했다."
143,"“앵커님, 정성호 대변인이세요?”…라디오 생방서 발끈한 나경원, 무슨 일","지난달 31일 국민의힘 나경원 의원이 국회에서 2025년도 법제사법위원회 국정감사 결산 기자회견을 하고 있다. [연합뉴스]
나경원 국민의힘 의원이 대장동 사건 항소 포기 논란과 관련한 라디오 인터뷰에서 진행자의 질문 방식에 불만을 드러냈다.
나 의원은 11일 YTN라디오 ‘김영수의 더 인터뷰’에 출연해 진행자가 정성호 법무부 장관의 발언을 언급하자 “그것도 거짓말이라고 검찰 측은 이야기하고 있다”며 “그런 주장을 그대로 옮겨 질문하는 것이 장관의 태도”라고 말했다.
이어 “앵커 질문을 보면 마치 정성호 장관 대변인 같다”며 “정 장관이 ‘뭐라고 했다’며 ‘거기에 대해 반박하라’고 묻는 방식은 부적절하다”고 지적했다.
이에 진행자가 “같은 방식으로 박주민 의원에게도 질문했다. 여야 입장을 각각 듣기 위한 것”이라고 설명했으나, 나 의원은 “저는 오늘 질문하시는 방식이 굉장히 실망스럽다”고 답했다.
정성호 법무부 장관이 지난 10일 정부과천청사 법무부로 출근하며 검찰의 ‘대장동 항소 포기’ 결정과 관련한 입장을 밝히고 있다. [연합뉴스]
나 의원은 정 장관이 “검찰의 항소 포기는 문제없다”, “이번 수사와 재판은 성공했다”, “검찰에 지침을 준 적 없다”고 밝힌 데 대해 “궤변 중의 궤변”이라고 강하게 비판했다. 그러면서 “이재명 대통령이 과거 정 장관을 두고 ‘끝까지 같이 갈 사람’이라고 했었다”며 “대통령과 사법연수원 18기 동기인 정성호 장관의 눈물겨운 대통령 지키기일 뿐이며 이는 사실당 외압을 자백한 것이다”고 주장했다.
그는 외압 의혹 근거에 대해 “수사 검사들 모두 만장일치 항소하기로 한 뒤 법무부 의견을 구하는 과정에서 ‘신중하게 판단하라’고 한 건 항소 불허를 말한 것 아닌가”라는 점을 든 뒤 “어제 노만석 검찰총장 대행이 ‘용산과 법무부의 의견을 고려했다’고 이야기한 것”도 외압으로 본 이유라고 했다."
144,"국민의힘, '항소 포기' 대검 항의 방문‥""노만석, 검사라는 호칭도 아까워""","대검 항의방문한 국민의힘 의원들
검찰의 대장동 사건 항소 포기에 반발한 국민의힘은 오늘 오전 대검찰청을 항의 방문해 노만석 검찰총장 대행을 향해 ""검찰의 관 뚜껑에 손수 못을 박아버린 자는 비겁하고 비굴한 검찰총장 직무대행""이라며 ""검사라는 호칭도 아깝다""며 사퇴를 촉구했습니다.
송언석 원내대표는 오늘 오전 대검찰청 앞에서 ""권력의 바로 옆에 자기 스스로 벌렁 드러누워 버렸다”면서 ""후배 검사들의 정당한 항소 요구를 아무런 설명도 없이 뭉갰다""고 비판했습니다.
그러면서 ""대장동 비리 사건의 몸통, 이번 항소 포기 사태의 진정한 몸통, 대장동 거부는 바로 '대장동은 내가 설계했다'고 자신 있게 얘기했던 이재명 대통령, 바로 그분""이라고 직격했습니다.
장동혁 대표는 ""오직 이재명이라는 사람이 대통령 자리에 앉아 있기에 일어나는 일들""이라며 ""대한민국을 구하는 방법은 이재명을 대통령의 자리에서 내려오게 하는 것뿐""이라고 규탄했습니다.
이어 ""정성호 법무부 장관이 '신중하게 결정하라'고 했다는 말이 저에게는 조폭 두목이 밤길 조심하라는 말로 들린다""며 ""이 모든 것은 이재명 때문""이라고 주장했습니다.
국회 법사위 소속 나경원 의원은 노만석 검찰총장 대행과 정성호 법무부 장관을 향해 ""한마디로 단군 이래 최대의 정치 부역을 자백한 것""이라며 거듭 사퇴를 촉구했습니다."
145,"""노만석 대행 사퇴해야""‥""조작 기소가 문제""","[5시뉴스]
◀ 앵커 ▶
검찰의 대장동 사건 항소포기를 둘러싼 정치권 공방이 이어졌습니다.
국민의힘 의원들이 대검찰청 앞에서 규탄대회를 열어 노만석 검찰총장 직무대행의 사퇴를 촉구했고, 민주당은 항소포기가 아닌 검찰의 조작기소가 국정조사 대상이라고 반박했습니다.
장슬기 기자입니다.
◀ 리포트 ▶
국민의힘 의원 40여 명이 대검찰청 앞으로 몰려갔습니다.
검찰의 대장동 사건 항소 포기에 항의하기 위해섭니다.
국민의힘은 노만석 검찰총장 대행이 '용산과 법무부를 고려했다'고 말한 게 정치부역에 대한 자백이라며, 사퇴를 요구했습니다.
'신중하게 판단하라'는 정성호 법무부 장관의 지시가 어떤 경로로 전달됐는지 밝혀야 한다는 겁니다.
[장동혁/국민의힘 대표]
""이 모든 것은 이재명 때문입니다. 국정조사와 특검을 통해서 이재명을 탄핵해야 합니다. 그것이 대한민국을 구하는 유일한 길입니다.""
더불어민주당은 애초에 '항소포기'가 아닌 검찰의 조작기소가 문제였다고 반박했습니다.
그러면서 국정조사나 상설특검, 청문회도 정치검찰의 실체를 규명하기 위한 것이어야 한다고 맞받았습니다.
[박주민/더불어민주당 의원 (YTN 라디오 '더인터뷰')]
""수사팀을 두 번 꾸려서 수사를 하고, 1차 사건 때 피신조서를 법 개정 후에 2차 사건 때 활용을 하고 이런 식으로 수사하고 재판하는 것이 어디 있습니까?""
검찰 일부가 집단 반발하는 상황에 대해선 ""친윤계 정치검찰의 항명""이라며 평하고, ""내란의 뿌리와 국민의힘 본진은 친윤 정치검찰""이라 비판했습니다.
MBC뉴스 장슬기입니다.
MBC 뉴스는 24시간 여러분의 제보를 기다립니다.
▷ 전화 02-784-4000
▷ 이메일 mbcjebo@mbc.co.kr
▷ 카카오톡 @mbc제보"
146,"李 ""과징금 세게""…암표 전쟁 끝장낸다","가수 성시경. 사진=한경DB
이재명 대통령이 11일 공연·스포츠 경기 암표 거래 근절 방안과 관련해 ""과징금을 세게 (부과)하는 것을 검토하라""고 지시했다.
이 대통령은 서울 용산 대통령실에서 주재한 국무회의에서 최휘영 문화체육관광부 장관으로부터 처벌 강화 및 암표 판매 신고자 포상금 지급을 골자로 하는 '공연·스포츠 분야 암표근절 방안'에 대한 보고를 받고 이같이 말했다.
특히 이 대통령은 ""다 좋은데 형사처벌 강화는 반대""라면서 ""처벌보다 과징금의 효과가 훨씬 크다""고 강조했다.
정부 근절 방안에 따라 과징금 규모는 암표 수익금 대비 최소 10배 이상이 될 것으로 전망된다.
최 장관은 ""과징금은 판매 총액의 10배에서 30배까지 최상한을 얼마로 정하든지 개정해달라""는 이재명 대통령의 지시에 ""(취지에 맞는) 과징금을 도입하겠다""고 답변했다.
암표 행위의 실효적 단속을 위해 신고자에게 포상금을 지급하는 방안도 도입하기로 했다.
이 대통령도 이날 ""신고자에게도 과징금 부과액의 10%를 지급하는 등의 방안도 검토하면 좋겠다""고 말했다.
최근 프로야구 한국시리즈 입장권이 암표 사이트 '티켓베이' 등 온라인에서 최고 999만원에 거래된 것으로 확인돼 논란이 일었다. 국회 국정감사에서 이미 문제가 제기됐는데도 정부가 뚜렷한 대책을 내놓지 못한 채 암표 시장이 확산하고 있다는 점이 국감에서 지적됐다.
스포츠뿐 아니라 유명 가수의 콘서트와 공연 곳곳에서 건전한 관람 문화를 해치는 사례가 늘어나면서 암표 거래는 심각한 사회적 문제로 떠올랐다.
최근 가수 성시경은 전 매니저 A씨로부터 수억 원대 금전 피해를 본 것으로 알려졌다. A씨는 성시경 콘서트 암표 단속을 하겠다며 정작 VIP 티켓을 빼돌리고, 부인 명의의 통장으로 수익을 챙긴 것으로 알려져 대중에게 충격을 줬다."
147,국힘 “대장동 항소 포기 몸통은 이 대통령”…대검 항의 방문,"지도부, 정성호 법무부 장관·대검 수뇌부 즉각 사퇴 요구
장동혁 국민의힘 대표가 11일 오전 서울 서초구 대검찰청에 항의 방문해 발언하고 있다. 김영원 기자 forever@hani.co.kr
국민의힘은 11일 대장동 개발 비리 사건 항소 포기를 규탄하며 대검찰청을 항의 방문했다. 국민의힘 지도부는 이 자리에서 정성호 법무부 장관 및 대검 수뇌부의 즉각 사퇴를 요구하는 한편 “항소 포기의 진정한 몸통은 이재명 대통령”이라며 “이 대통령을 탄핵해야 한다”는 등의 강경 발언을 쏟아냈다.
장동혁 국민의힘 대표는 11일 서울 서초 대검찰청 앞에서 열린 ‘긴급 현장 규탄대회’에서 “이 모든 것은 이재명 때문이다. 김병기 (더불어민주당) 원내대표도 말한 것처럼 국정조사합시다. 특검도 합시다”라고 말했다.
장 대표는 그러면서 “지금 엉망으로 망가지는 대한민국을 구하는 방법은 딱 하나다. 이재명을 대통령의 자리에서 내려오게 하는 것 뿐”이라고 했다. 그는 이 대통령에 대한 법원의 재판 재개를 촉구하는 한편, “국정조사와 특검을 통해서 이재명을 탄핵해야 된다”고 주장했다.
송언석 원내대표는 이 자리에서 “이번 항소 포기 사태의 진정한 몸통, 대장동 ‘그분’은 바로 ‘대장동을 내가 설계했다’고 자신있게 얘기했던 이 대통령 바로 그분”이라며 “이재명이라고 하는 범죄자를 대통령으로 만들어놓았더니 범죄자와 그 추종세력들이 대한민국을 범죄자가 당당한 나라로 만들고 있다”고 했다.
나경원 의원도 “범죄자 대통령 이재명이 대통령이 되니 나라가 온통 엉망진창이다”라고 동조하며 “대한민국 국가해체 프로젝트를 멈출 방법은 단 하나다. 이 대통령이 그 자리에서 물러나는 것”이라고 했다. 나 의원은 “법 위에 군림하는 이 대통령은 법 밑에 추락할 것이다. 스스로 무죄를 만들려는 정권은 스스로 무너질 것”이라며 “이 대통령의 사퇴를 국민과 함께 외친다”고도 했다.
나 의원은 검찰의 항소 의견에 ‘신중히 판단하라’고 했다는 정 장관에 대한 사퇴도 요구했다. 그는 “(이런 발언은) 꼭 조폭 같은 얘기 아니냐”며 “정 장관은 즉시 물러나야 한다”고 했다. ‘용산과 법무부 관계를 고려해야 했다’고 말했다는 노만석 검찰총장 직무대행 등을 향해서도 “대놓고 정치부역”을 했다며 즉각 사퇴를 요구했다.
송 원내대표는 또 “검사 여러분의 항의는 항명이 아니라 정의를 바로 세우기 위한 항거”라며 “부당한 지시에 당당히 맞서 싸우고 정당한 국민의 목소리를 대변해달라”고 촉구하기도 했다. 그러면서 “국민의힘은 대장동 항소포기 외압의 진실을 밝혀내고 대장동 비리 사건의 주범들이, 재판이 온전히 진행돼 모든 책임자들이 죄에 상응하는 벌을 받을 수 있게 이 땅의 정의가 바로 설 수 있게 국민과 함께 끝까지 싸우겠다”고 했다.
국민의힘 의원들은 이날 긴급 현장 규탄대회 이후 노 직무대행과 박철우 대검 반부패부장의 면담을 요청했으나, 노 대행이 출근하지 않아 불발됐다. 송 원내대표는 이후 기자들과 만나 “검찰은 이미 다 죽은 것 같다. 우리가 알고 있던 공익의 대변자 검찰이 어디 갔는지 알 수 없다”고 비판했다."
148,"법사위 '대장동 항소 포기' 충돌…여 ""정치 검찰 항명"" 야 ""7800억 범죄자에 줘""(종합)","여 ""애초에 잘못된 기소…항소해도 뒤집힐 가능성 없어""
야 ""정치적 외압 가해진 것…긴급현안질의 안건 미정 유감""
개의 40여분 만에 정회…내일 전체회의서 재차 충돌할 듯
[서울=뉴시스] 김명년 기자 = 11일 서울 여의도 국회에서 열린 법제사법위원회 전체회의에서 김용민 더불어민주당 간사와 나경원 국민의힘 의원이 대화하고 있다. 2025.11.11. kmn@newsis.com
[서울=뉴시스] 이승재 이창환 한재혁 기자 = 여야는 11일 국회 법제사법위원회 전체회의에서 검찰의 대장동 사건 항소 포기 결정을 두고 공방을 벌였다.
더불어민주당은 이재명 정부의 항소 포기 지시 의혹은 이미 해명됐다면서, 선택적 항명을 하고 있는 일부 정치 검찰에 대한 조치가 필요하다는 주장을 폈다. 국민의힘은 이재명 대통령과 정성호 법무부 장관 등 외압 의혹에 대한 진상 규명을 촉구하면서 법사위 차원의 긴급현안질의를 진행할 것을 재차 요구했다.
박지원 민주당 의원은 이날 오후 국회에서 열린 법사위 전체회의에서 ""(항소 포기는) 사법부 판결에 의해 검찰이 결정한 것이다. 법무부 장관의 지시 의혹에 대해서는 이미 해명됐다""고 말했다.
박 의원은 ""선택적 항명을 하고 있는 내란 세력 검찰에 대해서는 단호한 인사 조치로 공직 기강의 모습을 보이고 내란 청산의 모습을 보여야 된다""고 했다.
박균택 민주당 의원은 ""(야당에서) 유일하게 따지고 드는 것이 '범죄수익을 추징받을 수 있는 기회를 놓치게 했다'는 것""이라며 ""애초에 검찰이 기소를 잘못했고 또 추징 청구 자체가 잘못됐다. 계약 당시 범죄가 성립하는데 얼마 이익이 남을지 어떻게 알겠나. 이 사건 항소해도 뒤집힐 가능성이 없다""고 말했다.
같은 당 김기표 의원은 ""검찰이 항소하지 않아도 이재명 대통령이 좋아진 것은 없다. 이 대통령이 나중에 재판 받으면 영향을 안 미친다""며 "" 내란 수괴 구속 취소에는 침묵하고, 김건희 명품백 수수 때는 가만히 있다가 지금 난리 치는 것은 일부 정치 검찰이 세력화하고 있다는 방증이다. 이 집단행동은 묵과할 수 없다""고 했다.
국민의힘은 추 위원장이 검찰의 대장동 사건 항소 포기 결정에 관한 긴급현안질의를 진행하지 않는 데 대한 불만을 제기했다.
조배숙 국민의힘 의원은 ""(검찰의 항소 포기는) 정치적인 외압이 가해진 것이고 그 윗선이 법무부 장관, 대통령이라는 의혹도 제기되고 있다""고 말했다.
조 의원은 ""이는 굉장히 중요한 사안이고 오늘 법무부 장관이 출석해서 이런 부분을 논의해야 하는데 안건이 미정으로 돼 있다""며 유감을 표명했다.
송석준 국민의힘 의원은 ""(대장동 사건은) 특혜 비리 개발 사건이고 7800억원의 특혜액이 발생했다. 관계자들도 실형이 났고, 막대한 7800억원을 검찰이 확보했다. 왜 항소를 포기하겠나""라고 말했다.
송 의원은 ""이 대통령과 (대장동 사건) 수뇌부에 대한 면죄부를 주는 것이고, 7800억원 국민들의 이익을 범죄자들에게 주는 폭거 아닌가. 이를 논의하기 위해 현안질의를 하자고 요청했더니 이게 뭔가""라고 했다.
같은 당 곽규택 의원은 ""검찰이 항소를 포기하도록 법무부 장관이 불법적인 지시했다는 것이 다 확인된 사항""이라며 ""안건을 정하지도 않은 상태에서 의사진행발언 몇 명 하는 것을 듣자고 회의를 하는 게 제정신인가""라고 말했다.
곽 의원은 ""민주당의 주장대로 대장동 사건이 조작된 기소라고 주장하려면 법사위를 정상적으로 열어야 한다""며 ""저 자리를 텅 비워놓고 이런 식으로 비정상적인 회의를 진행하는 추 위원장은 역사에 길이길이 이름을 남길 것""이라고 했다.
이에 추 위원장은 ""위원장에 대해 제정신이냐는 말을 상습적으로 하는데, 나가도 너무 나간 것 아닌가""라며 ""어제 간사를 통해 안건 또는 의사 일정 방식에 대해 협의를 해달라고 정중하게 요청했는데, 협의를 거부한 쪽은 국민의힘""이라고 말했다.
법사위 야당 간사로 내정된 나경원 의원은 추 위원장의 발언에 대해 마이크가 꺼진 상태에서 ""또 거짓말을 하느냐. 무슨 얘기인가. 개의요구서에 분명히 안건이 써 있다""고 목소리를 높였다.
추 위원장은 ""나 의원에게는 의사진행발언 기회를 안 주겠다""고 했다.
[서울=뉴시스] 김명년 기자 = 11일 서울 여의도 국회에서 열린 법제사법위원회 전체회의에서 추미애 위원장과 김용민 더불어민주당 간사가 대화하고 있다. 2025.11.11. kmn@newsis.com
법사위는 의원들의 의사진행발언 만으로 40분가량 진행된 이후 정회됐다.
추 위원장은 ""국민의힘 측은 애초부터 국회 증언·감정법 제5조 '증인 등의 출석 요구일은 7일 전에 송달돼야 한다'는 규정을 갖추지도 않은 채 무리한 (개회) 요구를 해왔다""며 ""신청 증인 명단에는 대장동 재판과 아무 관련 없는 대통령실 부속실장을 뒤늦게 신청한 것도 사실""이라고 했다.
그러면서 ""현안질의 일정, 대상, 방법 등에 대해 교섭단체 간 협의가 이뤄질 때까지 정회를 하도록 하겠다""고 선언했다.
여야 법사위원들은 정회 직후 법사위 회의실에서 각자 기자회견을 진행했다.
법사위 여당 간사인 김용민 민주당 의원은 ""내일 법사위 전체회의에 법무부 장관이 출석한다. 궁금한 게 있으면 내일 현안질의에서 해도 아무런 문제가 없다""며 ""오로지 정쟁과 불필요한 문제 제기를 하면서 법사위를 파행으로 이끌겠다는 것""이라고 말했다.
김 의원은 ""장동혁 대표에 대해 검찰이 올해 1월 항소 포기를 했는데 그때는 아무런 문제 제기도 안 하고, 왜 아무 말도 안 했나""라며 ""침묵하다가 왜 이제 와서 문제 삼는지, 그때그때 기준이 다른 것에 대해서 개탄할 수밖에 없다""고 했다.
나 의원은 ""(증인 4명을) 역제안했고 그것이 거부됐다는 통보만 받았는데, 저희가 협상을 거부했다는 엉터리 거짓말만 하고 있다""며 ""국회법에 따른 개의 요구에 대해 억지로 시늉만 하는 것이고, 이 대통령의 죄를 면하게 하기 위한 것""이라고 말했다.
그러면서 ""항소 포기의 진실을 덮고자 하는 이 대통령과 대통령실, 정 장관과 함께하는 추 위원장은 공범이라고 할 것""이라며 ""내일 전체회의를 비롯해 국회에서 항소 포기의 진실을 반드시 밝혀낼 것""이라고 덧붙였다.
법사위는 기존에 공지된 일정대로 오는 12일 전체회의를 연다. 이 자리에는 정 장관도 참석할 예정이다.
[서울=뉴시스] 김명년 기자 = 나경원 의원 등 국회 법제사법위원회 소속 국민의힘 의원들이 11일 오후 서울 여의도 국회 법제사법위원회 회의실에서 전체회의가 정회된 뒤 대장동 사건 항소심 포기 관련 입장을 밝히고 있다. 2025.11.11. kmn@newsis.com"
149,"김민석 ""눈 가리고 숨 막힐 것""…오세훈 ""공개토론 하자""","<앵커>
유네스코 세계유산인 종묘 앞에 고층 건물을 짓겠다는 서울시 계획에 정부가 제동을 걸고 있죠. 문화체육관광부 장관에 이어 오늘(10일)은 김민석 국무총리가 종묘를 찾아 눈을 가리고 숨을 막히게 할 거라며 강하게 우려를 표했습니다. 그러자 오세훈 서울시장은 즉각 공개토론을 하자고 응수했습니다.
김아영 기자입니다.
<기자>
김민석 국무총리가 허민 국가유산청장 등과 함께 유네스코 세계유산인 서울 종묘를 찾았습니다.
[김민석/국무총리 : (주변 어디를 봐도.) 그러네요. 여기서는 뭐가 눈에 걸리는 게 없네요.]
종묘 앞 '세운 4구역'에 초고층 건물을 짓겠다는 서울시 추진안이 나오자 조망을 점검하겠단 겁니다.
서울시는 지난달 30일, 세운 4구역의 건물 최고 높이를 종로 쪽은 기존 55m에서 101m로, 청계천 쪽은 71.9m에서 145m로 각각 높였습니다.
김 총리는 서울시의 발상은 국익을 해치는 근시안적 단견이라고 깎아내리면서 한강버스 추진 과정에서 무리를 빚었던 서울시는 국민적 우려를 경청해야 한다고 강조했습니다.
[김민석/국무총리 : 종묘에서 보는 눈을 가리고 숨을 막히게 하고 기를 누르게 하는 그런 결과가 되는 게 아닐까 하는 걱정이 됩니다.]
그러자 오세훈 서울시장이 즉각 반격에 나섰습니다.
'종묘 가로막는 고층빌딩숲'이란 주장은 왜곡된 정치 프레임일 뿐이라면서, 종묘에서 가까우면 낮은 건물, 멀면 높은 건물로 단계적으로 조성하면, 종묘와 어우러지는 새로운 랜드마크가 탄생할 거라고 반박했습니다.
[오세훈/서울시장 : 철거해 낸 자리에 녹지 공간이 생긴다는 거거든요. 오히려 종묘를 더 돋보이게 하고 가치를 더 드높이는 일이지 그게 어떻게 종묘의 역사적 가치를 폄훼하는 겁니까?]
오 시장은 김 총리에게 정부와 서울시의 입장 가운데 어느 쪽이 근시안적 단견인지 공개토론하자고 제안했습니다.
(영상취재 : 정성화, 영상편집 : 박춘배)"
150,국힘 쪽 “100만원짜리 가방은 보편적…뇌물 아냐” 김건희·김기현 감싸기,"성일종, 로저 비비에 가방 수수 ‘공개 옹호’
김건희 여사가 2022년 주요 20개국(G20) 환영 만찬에서 로저 비비에 브랜드의 클러치백을 든 모습.  연합뉴스
김기현 국민의힘 의원 배우자가 김건희 여사에게 100만원대 ‘로저 비비에’ 명품 가방을 선물한 것에 대해 성일종 국민의힘 의원이 “100만원 정도 되는 백이 무슨 뇌물이냐”고 주장했다.
성 의원은 11일 한국방송(KBS) 라디오 ‘전격시사’와 인터뷰에서 김 여사가 받은 가방에 대해 “우리 직원들한테 물어보니 돈 100만원 정도(라고) 그러더라”며 “그게 무슨 뇌물이냐”고 말했다. 이어 “인사를 가야 되니까 아마 (김 의원) 사모님께서 그 정도 사셔서 가신 것 같은데 글쎄 돈 100만원 정도 되는 보편적인 백을 갖고 갔다고 뇌물로 연결한다는 게 특검이 할 일일까 (싶다)”고 덧붙였다.
성일종 국민의힘 의원. 한겨레 자료사진
앞서 김건희 특검팀은 지난 6일 윤석열 전 대통령 부부 자택을 압수수색하면서 로저 비비에 가방과 함께 김 의원 부인 이름이 적힌 편지 등을 확보한 바 있다.
그러자 김 의원은 지난 8일 입장문을 내고 “제 아내가 2023년 3월 국민의힘 전당대회에서 제가 당 대표로 당선된 후 김 여사에게 클러치백(손가방) 1개를 선물한 사실이 있다고 한다”고 인정했다. 김 의원은 뒤늦게 명품 가방 선물 사실을 시인하며 “사회적 예의 차원의 선물”일 뿐 ‘대가성’이나 ‘청탁용’은 아니라고 강조했다.
당내에서 윤 전 대통령 부부의 ‘당무 개입’ 논란이 재점화하는 것에 당혹스러워하는 가운데, 당내 인사들의 공개 비판도 터져 나왔다.
신지호 전 국민의힘 전략기획부총장은 8일 유튜브 ‘어벤저스 전략회의’에서 “사회적 예의” 해명을 언급하며 “그러면 돈 없는 사람은 예의도 못 지킨다는 거냐? 김기현? 답을 한번 해봐라”라고 비판했다.
김건희 여사가 2022년 주요 20개국(G20) 환영 만찬(왼쪽)과 2023년 문화예술인 신년인사회(오른쪽)에서 로저 비비에 브랜드의 클러치백을 든 모습. 연합뉴스
박정하 국민의힘 의원도 10일 문화방송(MBC) 라디오에 출연해 김 의원이 “사회적 예의 차원의 선물”이라고 해명한 데 대해 “있을 수 없는 일”이라며 “(김 여사가) 이런 브랜드를 좋아한다는 소문을 확인하고, 그걸 찾아서 또 어떤 식으로 전달됐는지 모르지만 ‘전당대회 도와줘서 고맙다’는 말까지 하면서 (명품 가방을 선물하는) 이런 일이 있는 것 자체가 국민들한테 죄송스럽고 부끄러운 일”이라고 비판했다."
151,"12·3 계엄 가담 공직자 색출한다…李 ""정부가 당연히 해야 할 일""","정부가 12·3 비상계엄에 가담한 공직자를 조사하고 인사조치를 하기 위한 ‘헌법존중 정부혁신 태스크포스(TF)’를 국무총리실 산하에 구성하고. 49개 중앙행정기관마다 10인 이상 규모의 조사 TF를 설치하기로 했다. 정부가 내란 특별검사팀의 수사 기간 연장을 승인한 데 이어 공무원 인적 쇄신 TF를 발족하자, 야당은 “정치 보복”이라고 반발했다.
이재명 대통령이 11일 오전 서울 용산 대통령실에서 열린 제49회 국무회의를 주재하고 있다. [사진 대통령실]
이재명 대통령은 11일 서울 용산 대통령실에서 주재한 국무회의에서 김민석 국무총리의 TF 구성 제안을 받고 “당연히 해야 될 일”이라고 화답했다. 이 대통령은 “내란에 관한 책임은 관여 정도에 따라 형사처벌을 할 사안도 있고 행정 책임을 물을 사안도 있고, 인사상 문책이나 인사조치를 할 정도의 낮은 수준도 있기 때문에 (TF가) 필요할 것 같다”며 “꼭 특검에 의존할 게 아니고, (정부가) 독자적으로 해야 할 일”이라고 밝혔다.
김민석 국무총리는 이날 회의에서 “TF는 12·3 비상계엄 등 내란에 참여거나 협조한 공직자를 대상으로 신속한 내부 조사를 거쳐 합당한 인사조치를 할 수 있는 근거를 확보하는 것을 임무로 하려 한다”고 말했다. 김 총리는 TF 구성 이유를 “내란 재판·수사 장기화로 내란 극복이 지지부진한 상황”이라며 “내란에 가담한 사람이 승진 명부에 이름을 올리게 되는 문제도 제기됐고, 결과적으로는 공직 사회 내부에서도 반목을 일으키고 국정 추진 동력을 저하시킨다고 하는 목소리가 많다”고 설명했다.
총리실에 따르면, TF의 조사 목적은 12·3 비상계엄 전후 과정에 직접 참여하거나 협조한 행위를 확인하는 것이다. 계엄 6개월 전부터 ‘내란 사전 모의’나 실행에 가담했거나, 탄핵 선고 시점(4월 4일)까지 사후정당화나 은폐 과정에 참여한 사람, 계엄 과정에 직접 참여하지 않았더라도 공적인 지위를 이용해 물적·인적 지원을 도모했거나 실행한 공직자 등을 찾아내겠다는 것이다.
이재명 대통령과 김민석 국무총리가 11일 용산 대통령실에서 열린 국무회의에서 대화를 나누고 있다. 연합뉴스
구체적인 조사는 행정기관별 TF에서 조사·판단하되, 총리실 산하 총괄 TF가 보완·검증하는 방식으로 진행된다. 인터뷰(심문), 서면조사, 디지털 포렌식 등의 방법을 총동원한다. 공용 재산인 업무용 PC나 서면 자료는 기본적 감사 권한 범위에서 열람하며, 개인 휴대전화는 자발적 제출을 유도한다. 다만 상당한 의혹에도 불구하고 비협조적인 경우엔 대기발령 또는 직위해제 후 수사 의뢰 등도 고려하기로 했다. 총리실 관계자는 “오는 21일까지 기관별 TF 구성을 완료하고, 내년 1월까지 기관별 조사를 마무리한 뒤 설 연휴 직전(2월 13일)까지 인사조치를 마무리하는 등 신속하게 진행할 계획”이라고 밝혔다.
TF가 공식 출범하면서 당분간 ‘내란 종식’ 전선이 정국을 이끌 것이란 전망이 나온다. 대장동 사건 1심 결과에 대한 검찰의 항소 포기 결정과 그로 인한 검찰 내부 반발로 정부와 일군의 검사들이 전면전을 시작한 상황에서, TF 조사가 정관계에 긴장을 높일 수 있다. 최은석 국민의힘 원내수석대변인은 “추경호 전 원내대표에 대한 영장이 기각되면 내란 특검의 동력이 확 꺼질 수 있는데, 그런 상황에서 ‘내란 청산’ 프레임을 내년 지방선거까지 끌고 가기 위한 꼼수”라고 비판했다. 곽규택 국민의힘 원내수석대변인도 “대장동 사건 항소 포기 사태에 대한 여론 물타기”라고 꼬집었다.
윤석열 정부 때 임명된 고위 공직자 물갈이가 본격화할 거란 관측도 나온다. 나경원 국민의힘 의원은 “헌법을 들먹이지만, 실상은 정권에 충성하지 않는 공직자를 솎아내고 숙청하기 위한 완장질 TF”라며 “반대 의견을 내면 ‘내란 잔재’로 몰리고, 충성하지 않으면 인사 명부에서 지워지는 완장 사회가 본격화되는 것”이라고 지적했다.
강훈식 대통령비서실장이 6일 국회에서 열린 국회 운영위원회의 대통령비서실, 국가안보처, 대통령경호처에 대한 국정감사에서 의원들 질의에 답하고 있다. 임현동 기자
정부 내 TF 논의가 처음 공개된 건 지난 6일 국회 운영위원회의 대통령실 국정감사였다. 김영배 더불어민주당 의원이 “내란 당시 부처 공무원들이 역할을 한 것에 대한 조사가 필요하다”고 말하자, 강훈식 대통령비서실장은 “동의한다”면서 “조만간 관련된 별도의 조직이 필요하다면 발족하는 것도 검토하겠다”고 답했다.
이후 정부 내 논의를 거친 끝에 헌법상 ‘대통령의 명을 받아 행정 각부를 통할한다’고 돼 있는 김 총리가 총대를 메기로 했다. 여권 관계자는 “송미령 장관 유임 결정에서 보이듯 대통령이나 국무총리 모두 ‘내란 청산’보다는 국정과제에 매진하고 싶어 했는데, 정작 일을 하는 공무원 사이에서 ‘내란 가담자가 승진한다’는 식의 불만이 대거 접수됐다”며 “부처별 감찰권을 활용해 공직 사회 내부 신뢰를 신속히 회복하는 게 급선무라고 판단했다”고 말했다.
다만 여권 내에서도 이번 TF가 문재인 정부 시절 ‘적폐청산위원회’의 전철을 밟을 수 있다는 우려가 나온다. 여권 관계자는 “이재명 정부가 ‘실용’과 ‘통합’이란 가치를 내걸어 온 만큼, 내란 종식 절차는 신속하게 환부만 도려내는 방식이 되어야 한다”고 말했다. 민주당 고위 관계자는 “문재인 정부 ‘적폐청산 TF’는 조사 대상이 추상적이었다면, 이번 TF는 12·3 비상계엄 가담자로 구체적”이라며 “그때와는 다를 것”이라고 말했다."
152,"與 ""종묘 훼손 시대착오""…오세훈 ""개발이 문화·경제 다챙겨""","■ 서울시장 전초전된 '종묘 공방'
민주 문예특위서 비판수위 높여
박주민·서영교·전현희 등 가세
吳 ""142m 건물, 경관 안 해쳐""
국힘선 ""최휘영 지방선거 개입""
더불어민주당 문화예술특별위원회 위원들과 서영교·전현희 의원 등이 11일 국회에서 종묘 앞 고층 건물 개발 반대 기자회견을 하고 있다. 연합뉴스
오세훈 서울시장이 11일 서울시청 브리핑룸에서 서울시 청년취업사관학교 2.0 추진 계획을 발표하고 있다. 연합뉴스
[서울경제]
서울 종묘 앞 세운 4구역 재개발 논란이 내년 6·3 지방선거를 앞두고 서울시장 선거 전초전으로 흘러가고 있다. 더불어민주당은 당내 서울시장 주자들을 중심으로 “오세훈 시장이 하고 있는 것은 개발이 아니라 훼손”이라고 비판하고 나선 가운데 오 시장은 “서울시의 계획이 문화와 경제를 다 챙기는 방안”이라고 반박했다.
민주당 문화예술특별위원회는 11일 국회에서 기자회견을 열고 “과거에 오 시장은 학생들에게 제공하는 무상급식을 반대하며 시대에 역행하는 모습을 보인 전례가 있다. 이번에 또다시 시대착오적인 개발 논리를 내세우며 세계문화유산의 가치를 훼손하고 있다”고 말했다. 이 자리에는 당내 서울시장 후보군으로 꼽히는 박주민·박홍근·서영교·전현희 의원이 참석했다.
이들은 “다른 나라의 사례를 보면 세계문화유산에 등재가 됐으나 훗날 주변 환경이 변했다는 이유로 등재 취소된 사례가 있다”며 “종묘 일대를 단순한 재개발 구역이 아닌 ‘역사·문화특화지구’로 육성해 도시의 지속 가능성과 문화적 품격을 동시에 지켜야 한다”고 촉구했다. 원외 후보군인 정원오 성동구청장도 이날 유튜브 방송에서 “세운 4구역 높이를 두 배로 올려주면 거기서 토지 소유자들의 개발이익은 크게 올라간다”며 “그런데 그 높이가 올라감으로 인해서 세계문화유산 종묘의 경제적 문화적 가치는 크게 훼손된다”고 지적했다.
반면 오 시장은 이날 라디오 인터뷰에서 “세운상가를 허물고 녹지를 만드는 데 최대 수혜자가 있다면 종묘”라고 반박했다. 그는 “재개발사업으로 조성될 최고 높이 142m 건물이 종묘 경관을 해치지 않는다”며 “종묘 경계선에서 100m 이내가 법으로 보호되는 구역인데 이번에 높이를 올려주는 곳은 170~190m 바깥, 더 안쪽 종묘 정전에서는 500m 이상 떨어져 있다”고 설명했다.
전날 종묘를 직접 방문한 김민석 국무총리를 향해서는 “총리가 나서면서부터 순수성이 훼손되기 시작했다”고 꼬집었다. 오 시장은 “지금 총리께서 신경 쓰셔야 될 일은 10·15 부동산 대책 때문에 생긴 재개발·재건축 현장의 혼란을 수습하시는 게 가장 급선무”라고 지적했다.
이날 국회 문화체육관광위원회 전체회의에서도 종묘 재개발을 둘러싼 공방이 오갔다. 이기헌 민주당 의원은 서울시가 개발 규제 완화를 위해 조례를 개정한 것을 두고 “정치적 이유가 일부 있다고 생각한다”며 “오 시장이 5선 도전의 정치적 희생양으로 세계문화유산을 훼손하려 하는 것 아닌가”라고 질타했다.
국민의힘은 서울시 행정을 비판한 최휘영 문화체육관광부 장관을 향해 “지방선거 개입”이라고 맞받아쳤다. 김승수 국민의힘 의원은 최 장관의 이달 7일 기자회견문을 언급하며 “민주당 대변인이 브리핑한 것 같다. 누구의 사주를 받은 것 아니냐고 의심할 수밖에 없다”고 주장했다.
이에 최 장관은 “서울시 조례 개정을 무효화해달라고 대법원에 행정소송을 제기한 분은 제 전임인 유인촌 장관이다. 세운상가 부지에 고층건물을 세우려 했던 서울시 계획안의 보류 결정을 내렸던 것은 이명박 대통령 시절이었다”며 “왜 정치적으로 비치는지 납득이 가지 않는다”고 말했다."
153,"조국, 당 대표 출마 선언 ""내란세력 뿌리 뽑겠다""","(사진=강은구 기자)
조국 전 조국혁신당 비상대책위원장은 10일 당 대표 선거 출마를 공식화했다.
조 전 위원장은 이날 오전 국회에서 기자회견을 열고 ""지금까지의 조국을 과거의 조국으로 남기고 '다른 조국', '새로운 조국'으로 국민과 다시 시작하겠다""고 밝혔다.
그는 ""과감한 혁신으로 국민 신뢰를 회복하고 당 위기를 돌파하겠다""며 ""설익고 무례한 흡수합당론에 흔들리지 않게 강철처럼 단단한 정당을 만들겠다""고 말했다.
또 ""혁신당을 개혁과 민생, 선거에 강한 '이기는 강소정당'으로 만들겠다""며 ""총선에서 국민이 주셨던 마음을 되찾겠다""고 언급했다.
그러면서 ""혁신의 대항해 시대를 열겠다""며 거대 양당 독점정치 종식, 검찰개혁·사법개혁 완수, 차별금지법 도입 등의 개혁을 약속했다.
특히 ""내년 6월 지방선거에서 내란·극우 세력 국민의힘을 심판해야 한다""며 ""국민의힘 소속 광역단체장 제로를 만들고 기초단체장들을 반토막 내 내란세력의 뿌리를 뽑겠다""고 강조했다.
이어 ""혁신당은 '정치적 메기'가 돼 양당 나눠 먹기 정치시장에 혁신과 경쟁의 바람을 불어넣겠다""며 ""지난 총선에서 국회 교두보를 마련했듯이 내년 지방선거에서 지방정치의 교두보를 만들겠다""고 말했다.
조 전 위원장은 오는 23일 신임 지도부를 선출하는 전당대회 출마를 위해 지난 6일 비대위원장직을 사퇴했다.
그는 지난 8월 광복절 특별사면으로 출소한 이후 당내 성비위 사태로 지도부가 총사퇴하면서 비상대책위원장으로 복귀한 바 있다."
154,"개혁신당, 10·15 대책 취소소송…""국민 재산권 침해, 세금 중과""","천하람 개혁신당 원내대표가 10.15 부동산 대책 행정소송 및 효력정지 신청을 위해 11일 서울 서초구 서울행정법원을 방문, 취재진에게 관련사항을 설명하고 있다. 연합뉴스
개혁신당이 10·15 부동산 대책의 위법 여부를 다투는 행정소송에 나섰다.
천하람 개혁신당 원내대표는 11일 서울행정법원 앞에서 기자들과 만나 “(정부는) 9월 통계가 버젓이 존재하는데도 이를 국민들에게 숨긴 채 정치적 의도를 갖고 거짓말하며 불법적으로 10·15 부동산 대책을 남발해 국민의 재산권을 침해하고 세금을 중과했다”고 주장했다.
천 원내대표는 “이재명 정부의 폭주를 법원을 통해서라도 제어하기 위해 행정소송과 효력정지신청을 제출하러 왔다”며 “(정부가) 패소하면 일부 대책 해제는 물론 (김윤덕) 국토교통부 장관을 해임해야 한다”고 말했다.
그는 “9월 주택가격 통계를 적법하게 반영했다면 서울과 경기 일부 지역은 이번 대책에 포함되지 않는다”며 “정부가 대책 발표 전날에 통계를 확보했음에도 폭넓게 규제하겠다는 의도로 무리해서 숨겼다”고 했다.
이어 “이재명 정부는 문재인 정부처럼 부동산 때문에 인기 떨어지는 것을 피하고 싶은 것 같다""며 ""이런 정치적 의도로 유리한 통계를 숨기는 ‘통계의 정치화’는 이제 멈춰야 한다”고 언급했다.
이번 소송에는 국민의힘 소속인 최재형 전 감사원장이 합류해 대리인 명단에 이름을 올렸다.
쟁점은 조정대상지역 지정 기준에 적용된 통계가 적법했는지 여부다. 주택법 시행령은 “조정대상지역 지정 시 지정일의 직전 달부터 소급한 3개월간 주택가격 상승률이 해당 시·도의 소비자물가 상승률의 1.3배를 초과해야 한다”고 규정했다. 또 “조정대상지역 여부를 판단할 때 해당 기간의 통계가 없으면 가장 가까운 달의 통계를 사용할 수 있다”고 적시했다.
국토교통부와 기획재정부는 이에 따라 올해 6~8월 통계를 적용해 조정대상지역을 선정했다. 국토부 주거정책심의위원회가 정책 세부 내용을 확정한 지난달 14일만 해도 9월 주택가격 통계가 안 나왔으므로 8월 통계를 적용했다는 것이다. 하지만 천 원내대표는 이런 판단이 위법이라고 본다.
천 원내대표는 지난 5일 국회 소통관에서 진행한 소송관련 기자회견에서도 “정부의 부동산 대책 효력이 발생한 지난달 16일 기준으로는 9월 주택가격 통계가 나왔다”며 “9월 통계를 의도적으로 배제한 것”이라고 했다. 그러면서 “위법한 기준을 적용한 탓에 재산권 침해 등 피해가 벌어졌다”며 “9월 통계가 포함됐더라면 서울 강북·금천·도봉·중랑구, 경기도 수원시 장안·팔달구, 경기도 의왕시는 규제 지역에 포함되지 않는다”고 지적했다."
155,"조국 ""대장동 사건, 국가 몰수·추징 불가능""... 국힘 주장 반박","""부패재산 몰수·추징은 피해자가 민사소송 제기할 수 없는 경우에만 가능""
▲
조국 전 조국혁신당 비상대책위원장이 10일 오전 서울 여의도 국회 소통관에서 당대표 출마를 선언한 뒤 기자들의 질문에 답하고 있다.
ⓒ 유성호
""이 사건은 국가가 몰수·추징할 수 없는 사건이다. 피해자인 성남시가 민사소송을 제기했기 때문에 국가의 개입 여지가 없다.""
조국 전 조국혁신당 비상대책위원장은 대장동 사건의 1심 항소 포기를 두고 국민의힘 일각에서 제기한 '범죄 수익금을 환수할 수 없게 됐다'는 주장에 대해 ""이번 사건은 국가가 몰수·추징할 수 없는 사건임이 분명하다""고 반박하며 이같이 말했다.
조 전 위원장은 이날 신상진 성남시장의 대장동 민사소송 추진과 관련해 '부패재산의 몰수 및 회복에 관한 특례법'을 인용하며 신 시장의 주장을 반박했다.
앞서 신 시장은 10일 입장문을 통해 검찰의 대장동 항소 포기 결정을 ""국가형벌권을 포기하고 부패 범죄에 면죄부를 준 부당한 결정""이라고 비판했다. 그는 ""검찰의 항소 포기는 국가형벌권의 포기""라고 주장하며 ""성남시민의 4895억 원 피해를 끝까지 환수하겠다""고 말했다.
이에 대해 조 전 위원장은 11일 자신의 페이스북에 ""법조계에 회자되는 농담이 있다. '검사 10년에 민사를 모르고, 검사 15년에 형사를 모르고, 검사 20년에 법 자체를 모른다'는 말이다""라며 ""정치인이 된 후 법학교수 출신 티를 내지 않으려 하지만 이번 건은 예외다. 많은 언론이 대장동 항소 포기와 관련해 한동훈 등 국민의힘 정치인들의 주장을 점검 없이 그대로 싣고 있다""고 지적했다.
그는 ""부패재산 몰수·추징은 언제 가능한지는 '부패재산의 몰수 및 회복에 관한 특례법' 제6조에 규정돼 있다""며 ""제3조의 재산이 범죄피해재산으로서, 피해자가 재산반환청구권 또는 손해배상청구권을 행사할 수 없는 등 피해회복이 심히 곤란하다고 인정되는 경우에는 몰수·추징할 수 있다""고 설명했다.
그러면서 ""이 사건의 피해자는 국가가 아니라 성남시(정확히 성남도시개발공사)다""라며 ""성남시가 민사소송을 제기할 수 없는 경우에만 몰수·추징이 가능하다. 그런데 성남시(시장은 국민의힘 소속 신상진)는 이미 민사소송을 제기했고, 검찰의 항소 포기 이후 손해배상액을 증대하겠다고 공표했다""고 덧붙였다.
조 전 위원장은 ""요컨대 검찰의 항소 포기가 민사소송의 손해액 산정에 부정적 영향을 줄 수 있다고 주장할 수는 있으나, 이번 사건은 국가가 몰수·추징할 수 없는 사건""이라고 선을 그었다.
한편 검찰의 대장동 항소 포기 결정에 대해 국민의힘과 법무부가 엇갈린 입장을 내놓고 있다.
국민의힘은 ""검찰이 항소를 포기함으로써 약 7400억 원에 달하는 범죄 수익 환수가 사실상 어려워졌다""며 강하게 반발하고 있다. 이들은 검찰이 1심에서 인정된 배임 혐의와 손해액을 확정하지 않음으로써, 민사소송에서도 피해액 산정이 불투명해졌다고 주장한다.
반면 정성호 법무부 장관은 ""이미 2070억 원에 대해 몰수·추징 보전 처분을 완료했다""며 ""향후 성남시가 진행 중인 민사소송을 통해 나머지 금액도 환수할 수 있다""고 밝혔다. 그는 ""검찰의 결정이 법적 판단에 따른 것이며, 환수 가능성은 여전히 열려 있다""고 설명했다."
156,"민주당 TF에 김민석 총리까지…오세훈 향해 총공세 나선 여권, 왜?","[the300]
(서울=뉴스1) 오대일 기자 = 오세훈 서울시장이 6일 오전 서울 성북구 장위 13 재정비촉진구역 현장에서 열린 주민 간담회에서 발언하고 있다.  서울시는 10년 만에 사업을 재추진하는 장위13구역에 신속통합기획 2.0과 재정비촉진사업 규제혁신 방안을 적용해 총 3만 3000가구를 공급한다는 방침이다. 2025.11.6/뉴스1  Copyright (C) 뉴스1. All rights reserved. 무단 전재 및 재배포,  AI학습 이용 금지. /사진=(서울=뉴스1) 오대일 기자
오세훈 서울시장을 향해 여권이 총공세에 나서면서 그 배경에 관심이 쏠린다. 내년 6월 전국지방동시선거에서 서울시장직을 탈환하기 위한 사전 견제 작업에 나섰다는 평가가 주를 이루는 가운데 여권 일각에선 오 시장을 상대적으로 손쉬운 상대로 점찍고 출마를 유도하기 위해 오히려 몸집을 키워주려는 속셈이란 분석도 나온다.
11일 정치권에 따르면 더불어민주당은 오 시장이 이끄는 서울시가 서울 종로구 종묘 인근의 세운4구역에 초고층 건물 건립을 추진하는 것을 계기로 천준호 의원을 단장으로 하는 이른바 '오세훈TF(오세훈 서울시장 시정 실패 및 개인 비리 검증 태스크포스)'를 전날 발족했다. 오세훈TF는 종묘 앞 고층빌딩 개발 계획과 앞서 논란이 된 한강버스·명태균게이트 연루 의혹 등을 집중적으로 살필 것으로 예상된다.
민주당의 오 시장을 향한 견제는 지난 9월 한강버스 취항 과정에서 본격화했다. 당시엔 개별 의원들이 비판 성명을 내는 수준이었다. 그러다 서울시가 지난달 30일 세운4구역 높이 제한을 최고 71.9미터에서 141.9미터로 완화하는 내용의 재정비 계획 결정을 고시하고, 지난 6일 대법원이 문화재 주변의 건설 개발 규제를 완화한 서울시의회의 조례 개정이 적법하다고 판단하자 당 차원의 대응이 나오게 됐다.
민주당에선 오세훈TF 발족 직후 연이어 오 시장을 겨냥한 메시지가 나온다. 전현희 최고위원은 전날 당 최고위원회의에서 ""종묘 앞 초고층 빌딩 허용은 개발을 빙자한 역사 파괴다. 조선왕조 500년의 숨결이 깃든 서울의 품격을 무너뜨리는 일""이라고 비판했고, 권향엽 대변인은 이날 서면 브리핑을 통해 ""1기 시절 전시행정 실패에서 교훈을 얻기는커녕 그때의 잘못을 답습하고 있다""고 날을 세웠다.
정부도 힘을 보태는 모양새다. 서울시의 재정비 계획 결정 고시와 대법원의 판단이 나온 직후 국가유산청과 문화체육관광부 등은 법률 제·개정을 통해서라도 종묘 앞 고층빌딩 건립을 막아내겠단 입장을 냈다. 김민석 국무총리는 전날 종묘를 찾아 ""종묘 인근 개발은 국민적 토론을 거쳐야 하는 문제다. 일방적으로 밀어붙일 사안이 아니다""라며 ""(이번 개발 계획은 오 시장의) 근시안적 단견""이라고 공개 비판했다.
내년 6월 지방선거를 앞두고 국민의힘 후보로 서울시장 재출마가 유력한 오 시장에 대해 여권이 일찌감치 견제에 나선 것이란 분석이 힘을 얻는다. 민주당 입장에선 지난해 총선과 올해 대선에서 연거푸 승리를 거뒀지만, 최근 수도권 집값 급등을 비롯한 악재에 비춰볼 때 서울시장 선거 승리를 자신하기 어려운 상황이다.
[서울=뉴시스] 청사사진기자단 = 김민석 국무총리가 10일 서울 종로구 유네스코 세계문화유산인 종묘를 찾아 최근 서울시의 세운상가 재개발 계획에 따른 영향을 살펴보고 대책을 점검하고 있다.   이날 종묘 방문에는 허민 국가유산청장, 유홍준 국립박물관장 등이 함께 했다. 2025.11.10. photo@newsis.com /사진=
민주당에선 전현희 최고위원과 박홍근·서영교·박주민 의원, 홍익표·박용진 전 의원, 정원오 성동구청장 등이 서울시장 선거 출마를 공식화했거나 출마를 고민 중인 것으로 전해진다. 후보군이 산적한 상황에서도 민주당 지도부 사이에선 서울시장 선거에 영입 인사를 후보로 냈을 때 승률이 높았다는 점을 들어 기업인·관료 등을 내세워야 한단 의견이 꾸준히 나오고 있다.
한편 여당 일각에선 '오세훈 때리기'를 두고 오히려 오 시장의 정치적 체급을 키워 국민의힘 서울시장 후보로 나오도록 하려는 민주당의 전략이란 해석도 나온다. 2022년 국민의힘 서울시장 후보 경선 당시 오 시장과 맞붙었던 나경원 의원이 여당 입장에선 오히려 더 상대하기 어렵다는 판단에서다.
한 민주당 3선 의원은 머니투데이 더300(the300)에 ""(자체 분석 결과) 오 시장이 강남권 토지거래허가구역 지정 해제를 한 달여 만에 번복하는 과정에서 보수층 신뢰를 잃었다고 분석된다""며 ""지금 상황에선 오 시장보다 나 의원이 보수 결집을 이룰 수 있는 후보라는 점에서 더욱 부담스러운 상대다. 오 시장은 한강버스·명태균게이트 등 여러 부정적인 현안도 많지 않느냐""고 했다.
또 다른 재선 의원은 ""오 시장에 연거푸 패배한 전례가 있기 때문에 당 지도부가 의식하는 것은 맞지만 '오세훈 포비아(공포증)' 수준은 아니다""라고 말했다. 그러면서 ""차기 서울시장의 임기가 대선이 열리는 2030년까지다. 차기 대선까지 염두에 둘 수밖에 없는 상황""이라며 ""우리 당 후보도 중요하지만 상대 당 후보가 누가 나오는 것이 이로울지에 대해서도 지도부의 고민이 깊을 것""이라고 했다.
한편 오 시장은 이날 오전 CBS라디오 '김현정의 뉴스쇼'에 출연해 ""(세운상가 개발 계획이 김민석 국무총리까지 비판에 나서며) 순수성이 훼손되고 (정치적 이슈가 됐다)""며 ""(지방선거 때문이라는) 의심이 간다""고 밝혔다. 이어 ""(민주당도) 서울시정에 대한 부정적 공격 자세는 이미 두 달 전부터 시작됐는데 (갑자기) 무슨 TF냐""며 ""(뭘 하게 될지) 한번 지켜볼 것""이라고 말했다."
157,민주 “친윤 검사 쿠데타적 항명”… 국힘 “외압 자백한 정성호 사퇴”,"정청래, 검찰 반발에 “단호히 조처
‘조작 기소’ 국조·청문회·특검 추진”
장동혁 “李대통령 묵인 땐 탄핵 사유”
오늘 대검·법무부 항의 방문하기로
더불어민주당 사법불신 극복·사법행정 정상화 태스크포스(TF) 단장을 맡은 전현희(왼쪽 두 번째) 의원이 10일 국회에서 열린 TF 전체회의에 참석해 발언하고 있다. 뉴스1
나경원(왼쪽 두 번째) 국민의힘 의원을 비롯한 국회 법제사법위원회 소속 야당 의원들이 법사위 전체회의장 앞에서 기자회견을 여는 모습. 뉴스1
“친윤(친윤석열) 정치 검사의 쿠데타적 항명”(김병기 더불어민주당 원내대표)
“단군 이래 최악의 수사 외압이자 재판 외압”(장동혁 국민의힘 대표)
검찰의 대장동 개발 비리 항소 포기가 정치권의 최대 이슈로 떠올랐지만 여야의 공격 포인트는 완전히 달랐다. 민주당은 검찰의 기소 자체를 ‘조작’, 내부 반발을 ‘항명’으로 규정짓고 검찰을 강하게 몰아세우는 반면 국민의힘은 법무부와 대통령실 등 ‘윗선’ 개입 의혹에 초점을 맞춰 공세를 펼치고 있다.
정청래 민주당 대표는 10일 최고위원회의에서 검찰의 항소 포기 반발 관련 추가 발언을 통해 “절대 묵과할 수 없고 당에서는 단호한 조처를 하겠다”고 말했다. 정 대표는 사전 최고위에서도 대장동·대북송금 등 사건을 ‘조작 기소’로 지칭하며 국정조사와 상설특검, 청문회 등 가용한 모든 수단을 적극 추진하라고 지시했다고 박수현 수석대변인이 전했다.
최고위에서는 검찰의 내부 반발을 강하게 질타하는 발언이 이어졌다. 김 원내대표는 “자신들의 입맛에 맞거나 강압적인 정부에는 한소리도 못하는 자들이 마치 뭐라도 된 듯 나대고 있다”고 했고, 김병주 최고위원은 “딴지를 거는 정신 나간 검사들에 대해 법무부는 즉각 감찰에 나서라”고 했다.
반면 국민의힘은 정성호 법무부 장관의 ‘신중하게 판단하라’는 언급을 두고 사실상 외압 자백이라며 사퇴를 촉구했다. 송언석 원내대표는 이날 의원총회에서 “정 장관의 아침 발언을 보면 검찰을 지휘하는 법무부 장관의 발언인지 아니면 대장동 범죄 집단의 변호인인지 구분이 안 간다”면서 “사실상 외압 자백이었다”고 목소리를 높였다.
충북을 순회 중인 장동혁 대표는 이날 청주국제공항에서 기자들과 만나 “이 사건은 결국 대통령과 연관된 사건”이라면서 “이런 중대한 사건에서 법무부 장관이 ‘전혀 몰랐다’, 대통령실이 ‘전혀 몰랐다’라고 하는 것을 국민 누가 믿을 수 있겠나”라고 반박했다. 이어 “법무부 장관, 검찰총장 직무대행이 관여돼 있다고 하면 명백한 탄핵 사유”라며 “대통령까지 보고받고 이를 묵인했다면 탄핵 사유”라고 강조했다.
국민의힘은 특히 이번 항소 포기로 7000억원대의 피해 금액이 고스란히 대장동 일당들에게 돌아가게 됐다고 꼬집었다. 국민의힘 법률자문위원장을 맡은 곽규택 의원은 의총에서 “법원에서 추징액의 상당 부분을 인정하지 않아 막대한 개발 이익이 대장동 일당에게 넘어갔다”고 했다. 국민의힘은 11일 대검찰청과 법무부를 항의 방문해 항소 포기를 비판하는 규탄대회를 열기로 했다.
법제사법위원회 소속 국민의힘 의원들은 이날 오전 긴급현안질의 개최를 거부한 여당 측에 반발하며 규탄 기자회견을 열었다. 나경원 국민의힘 의원은 민주당이 ‘안건 미정’의 전체회의 11일 개최를 일방적으로 통보했다며 “한마디로 저희가 요구하는 항소 포기의 진실을 밝히겠다고 하는 긴급현안질의에 관한 안건을 상정하지 않겠다는 것”이라고 항의했다. 이에 문진석 민주당 원내운영수석부대표는 이날 오후 기자들과 만나 “국민의힘에서 항소 자제에 대한 국정조사를 요구했는데 그건 국정조사할 사안이 아니다(라는 입장)”라면서 “현안질의도 법사위 전체회의에서 하면 될 문제지, 본회의에서 할 문제는 아니다”라고 했다."
158,"장동혁 “대장동 항소 포기는 ‘정성호 게이트’”... 鄭법무장관, 내일 국회 출석","국민의힘 장동혁 대표는 11일 검찰의 ‘대장동 판결 항소 포기’ 사태와 관련해 “정성호 (법무부 장관) 게이트”라고 했다. 장 대표는 “이재명 대통령과 정 장관, 노만석 검찰총장 직무대행은 즉시 그 자리에서 내려오기 바란다”고도 했다. 정 장관은 오는 12일 법사위 예산안 심사와 12~13일 예결위 비경제 부처 심사 출석이 예정돼 있다.
국민의힘 장동혁 대표와 송언석 원내대표를 비롯한 의원들이 11일 오후 경기 과천시 법무부 청사 앞에서 열린 '대장동 사건 1심 항소 포기' 긴급 현장 규탄대회에서 피켓을 든 채 구호를 외치고 있다. /뉴스1
장 대표는 이날 오후 정부과천청사에 있는 법무부 앞에서 열린 긴급 규탄 대회에서 “(수사팀에서) 항소가 필요하다는 보고가 두 번이나 올라왔는데, (정 정관이) ‘신중하게 판단하라’고 했다고 한다. 법무부 장관이 명백하게 수사 외압을 한 것”이라면서 이같이 말했다.
장 대표는 “정 장관을 규탄하기 위해 법무부 앞에 왔지만 (법무부에선) 정 장관이 자리에 없다고 한다. 노 대행도 (이날 연가를 내고) 자리를 비웠다”며 “정 장관과 노 대행은 피할 게 아니라 국민 앞에 나서서 당당히 (사실관계를) 밝히고, 본인들의 책임을 지기 바란다”고 했다. 이어 장 대표는 “스스로 물러나지 않는다면 이미 책임이 밝혀진 사람들에 대해선 탄핵을 추진할 것”이라고 했다. 장 대표는 정부·여당을 향해 국정조사와 특검 도입 등을 촉구했다.
또 국민의힘 송언석 원내대표는 이날 “7000억원이 넘는 범죄 수익의 국고 환수를 포기해서 대장동 일당들이 자자손손 부귀영화를 누릴 수 있는 재벌로 만들어 줬다”며 “상식과 정의가 무너지고 범죄자들이 떵떵거리는 ‘범죄자 주권 국가’를 만들고 말았다”고 했다. 송 원내대표는 “이번 사태의 핵심은 ‘누가 언제 왜 항소 포기를 하도록 외압을 행사했느냐’이다”라면서 “대장동 범죄 일당의 든든한 담벼락이 정성호 장관”이라고 했다.
그러면서 송 원내대표는 “이 대통령이 이번 사태에 대해 진상 조사를 지시하지 않는다면 국민들은 항소 포기를 지시한 외압의 몸통이 ‘대장동 그분’인 이 대통령이라고 생각할 것”이라며 “‘대장동 정권’이 자신들의 범죄와 비리를 감추기 위해 국가 사법 시스템을 파괴하고 있다”고 했다."
159,"與 ""비공개 자료 활용이 오히려 불법"" 野 ""범죄자 정부""… 국토위 '통계 조작' 공방","10·15 부동산 대책 통계 조작 논란
野 ""9월 통계 제외해 억울한 지역 양산""
與 ""비공개 자료 활용했다면 그게 불법""
김윤덕 ""풍선효과 우려""… 추가 규제 시사
개혁신당, 취소 소송 제기… 최재형 합류도
국민의힘 성남 분당 지역구 의원인 김은혜(오른쪽) 의원과 안철수 의원이 11일 서울 여의도 국회 소통관에서 검찰의 대장동 개발 비리 사건 항소 포기를 규탄하는 기자회견을 하고 있다. 연합뉴스
""
대장동 범죄자들에게 7,000억 원을 꽂아주는 정부가 서민들 주머니를 털려고 이렇게 행정 처분을 폭력적으로 하느냐""
(김은혜 국민의힘 의원)
""
말씀 삼가라. 지금 저하고 정쟁하자고 하는 거냐""
(김윤덕 국토교통부 장관)
여야가 10·15 부동산 대책 통계 조작 논란을 두고 11일 국회 국토교통위원회 전체회의에서 공방을 벌였다.
국민의힘은 정부가 9월 집값 통계를 제외한 채 대책을 발표해 억울한 지역 주민들이 피해를 입고 있다며 위법 논란을 제기했다. 투기과열지구·조정대상 지역을 지정을 하기 위해선 직전 3개월간 부동산 통계를 반영해야 하는데 정부가 7~9월 통계가 아닌 6~8월 통계를 써, 10여 개 지역이 형평성에 맞지 않게 포함됐다는 지적이다. 반면 더불어민주당은 대책 발표 당시 공개되지 않은 9월 주택 동향 통계를 활용할 경우 오히려 불법이라며, 야당이 정쟁을 위한 공세를 펴고 있다고 반박했다.
김 의원은 ""9월 통계를 적용해야 함에도 8월 통계를 적용했기 때문에 엉뚱하게 피해를 본 분들이 270만 명""이라며 ""9월 통계를 쓰면 10개 지역이 (투기과열지구에서) 제외될 수도 있다는 걸 언제 알았느냐""고 따져 물었다. 이에 김 장관은 ""언론 보도를 보고 알았다""고 답변했다.
김 의원은 ""9월 통계를 다 갖고 있으면서 왜 단 하루를 미루지 못해 10월 15일에 대책을 그렇게 급하게 발표했느냐""며 ""실무자들이 하루라도 미루자는 의견을 제시했음에도 수도권 규제를 밀어붙이자는 용산(대통령실)의 결정 때문에 어쩔 수 없었다는 제보가 계속 들어오고 있다""고 주장했다. 이에 김 장관은 ""그 제보가 사실이면 연관돼 있는 관련자들 다 징계해버리겠다""고 맞받았다. 김 장관은 '이재명 대통령에게 대면 보고를 했느냐'는 질의엔 ""대면 보고는 하지 않았다""고 설명했다.
김윤덕 국토교통부 장관이 11일 서울 여의도 국회에서 열린 제429회국회(정기회) 국토교통위원회 제5차 전체회의에 출석해 의원 질의를 듣고 있다. 뉴스1
민주당은 지난달 15일 발표된 부동산 통계를 14일 주거정책심의위원회(주정심)에서 반영했으면 오히려 위법이라고 반박했다. 안태준 민주당 의원은 ""13일에 통계를 제공받았다고 했는데, 15일 발표 전에 그 정보를 쓰면 어떻게 되나. 감옥에 가야 되는 것 아니냐""고 물었다. 이에 김 장관은 ""그건 위법""이라고 긍정했다. 그러면서 부동산 추가 대책 필요성을 강조하며 ""(경기 화성이나 구리의) 풍선효과가 우려되는 수준""이라며 ""(규제 지역을) 일부 확대하는 것도 검토해야 된다""고 설명했다.
같은 당 전용기 의원도 손태락 한국부동산원 원장에게 ""통계를 사전에 사용하면 불법이지 않나""라고 물었고, 손 원장 역시 ""그렇다""고 답변했다. 전 의원은 ""(통계를) 민간인도 포함돼 있는 주정심 위원들에게 (통계 자료를) 줬으면 그건 불법""이라며 ""이재명 정부에선 불법을 행해서 국토부 공무원들이 감옥에 가는 일이 없었으면 좋겠다""고 했다.
이에 이종욱 국민의힘 의원은 '관계 기관이 업무수행을 위해 필요하다고 요청하는 경우 예외적으로 통계 사용을 할 수 있다'는 통계법 조항을 언급하며 민주당 주장을 반박했다. 이에 김 장관은 ""법적인 문제라면 재판부로 가는 게 낫지 않겠나""라며 ""(야당의 문제 제기가) 일리는 있지만, 불법이냐고 물어본다면 정확히 불법이 아니""라고 강조했다.
천하람 개혁신당 원내대표가 11일 서울 서초구 행정법원 앞에서 10·15 부동산 대책 취소소송 소장 및 효력정지 신청서를 접수하기에 앞서 입장을 밝히고 있다. 오른쪽은 김연기 법률자문위원장. 뉴시스
한편 개혁신당은 이날 서울행정법원에 10·15 부동산 대책 취소소송과 효력정지 신청을 제기했다. 천하람 원내대표는 ""정부의 부당하고 위법한 재산권 침해와 세금 중과에 맞서 싸워야 한다""고 주장했다. 소송대리인단엔 국민의힘 소속인 최재형 전 감사원장 등이 합류했다."
160,"개혁신당 ""대장동 외압은 검찰판 '채해병 사건'…최종 신호는 대통령실""","[the300]
[서울=뉴시스] 고승민 기자 = 이준석 개혁신당 대표가 3일 서울 여의도 국회에서 열린 최고위원회의에서 발언하고 있다. 2025.11.03. kkssmm99@newsis.com /사진=고승민
개혁신당에서 검찰의 대장동 사건 '항소 포기'가 윤석열 전 대통령 임기 중 일어난 '채상병 수사 외압' 사건과 유사하다는 주장이 나왔다. 개혁신당은 ""대통령이 개입하지 않았다면 직접 국민 앞에 나와 해명하라""고 요구했다.
김성열 개혁신당 수석최고위원은 11일 SNS(소셜미디어)를 통해 ""대장동 외압 게이트는 구조상 '검찰판 채해병 사건'이라 할 정도로 흡사하다""며 ""수사팀이 정식 수사를 통해 올린 사건을 비상식적이고 이례적으로 정당한 이유도 없이 윗선의 개입으로 덮어버렸다""고 밝혔다.
이어 ""차이가 있다면 검찰에는 박정훈이 없었다는 점과 그때는 앞장서 정의를 부르짖던 이들이 이제는 뻔뻔하게 불의를 부르짖고 있었다는 점뿐""이라고 했다.
또 ""채 상병 사건(이 발생했을) 때 그토록 열심히 외압 의혹을 파헤치던 이들이 이 명백한 외압에 대해서는 거품 물고 나서서 부정한다는 것""이라며 ""날카롭던 분석은 사라지고 모순과 궤변만 남았다. 이들에게는 이미 객관적 사실이 아니라 '누가' 했는지, '우리편'이냐 아니냐만 중요하다""고 했다.
이동훈 개혁신당 수석대변인은 이날 언론에 배포한 논평을 통해 ""항소 결정이 뒤집힌 과정은 대통령실과 법무부 라인의 개입 없이는 설명되지 않는다""며 ""최종 책임은 이 대통령에게 있다""고 밝혔다.
이 수석대변인은 ""노만석 검찰총장 권한대행의 진술은 권력 개입의 실체를 보여준다""며 ""그는 '법무부 차관이 몇 가지 선택지를 제시했는데 모두 항소 포기를 요구하는 내용이었다'고 밝혔다. 또 '검찰이 처한 어려운 상황이나 용산, 법무부 관계를 생각해 따라야 했다'고 했다""고 했다.
이어 ""대통령실의 의중을 의식한 결정이었음을 증명한 것""이라며 ""법과 원칙이 아닌 권력의 압력에 따라 사법 판단이 왜곡된 것""이라고 했다.
(서울=뉴스1) 김성진 기자 = 검찰의 '대장동 항소 포기' 이후 검찰 내부 반발이 확산되고 있는 11일 서울 서초구 서울중앙지방검찰청에 검사 선서가 걸려 있다.  노만석 검찰총장 직무대행은 이날 하루 연차를 내고 자신의 거취 문제를 고민 중인 것으로 알려졌다. 그는 전날 사퇴를 요구한 대검 참모들에게도 '시간을 달라'는 뜻을 밝혔다고 한다. 2025.11.11/뉴스1  Copyright (C) 뉴스1. All rights reserved. 무단 전재 및 재배포,  AI학습 이용 금지. /사진=(서울=뉴스1) 김성진 기자
그러면서 ""항소 포기로 이득을 본 사람은 분명하다""며 ""대장동 민간업자들은 수천억원의 부당이득을 지켜냈고, 뇌물죄 등이 무죄가 됐다. 공범으로 기소된 정진상과 이 대통령 역시 책임이 가벼워질 가능성이 커졌다. 이미 대장동 일당이 이 대통령을 향한 진술을 번복하기 시작했다""고 했다.
이 수석대변인은 ""모든 정황과 증언은 한 곳을 향한다. 최종 신호는 대통령실에서 내려왔다는 것""이라며 ""항소 포기와 관련된 모든 서면·전산기록, 보고·결재 라인, 대검, 법무부, 대통령실 사이 교신 일체를 즉시 공개하라. 대통령이 개입하지 않았다면 직접 국민 앞에 나와 해명하라. 그것으로 부족하다면 공수처(고위공직자범죄수사처) 수사와 특검(특별검사)을 자청해 진상을 규명해야 한다""고 했다.
정성호 법무부 장관은 전날 법무부에서 취재진과 만나 항소 포기 논란이 이재명 대통령과 관련이 없고, 자신의 지시나 법무부 개입도 없었다고 밝혔다. 정 장관은 이 대통령과의 관련성에 대해 ""이 사건과 대통령이 무슨 관계가 있느냐""며 ""이 대통령은 이미 별개로 기소돼 재판이 중단됐다""고 했다. 자신은 항소 관련 검찰 보고를 받고 ""신중하게 판단하라""고 했다고 밝혔다."
161,"평양 한복판서 대형 검은 연기…""화재로 큰 건물 다 탄듯""","2일 북한 평양 도심에서 발생한 화재와 다음 날 확인된 피해 상황을 보여주는 고해상도 위성사진. 사진 SI-Analytics
북한 평양 중심부인 보통강구역 인근에서 화재가 발생해 공장 또는 창고로 보이는 큰 건물이 전소한 것으로 추정된다. 정부도 해당 사안을 인지하고 구체적인 피해 상황을 분석하고 있다.
미국의 북한 전문매체인 NK뉴스는 10일(현지시간) 평양 보통강구역에 위치한 류경호텔과 조국해방전쟁(6·25전쟁)승리기념관 인근을 촬영한 플래닛랩스(Planet Labs)의 상업용 위성사진을 분석해 이같이 전했다. 지난 2일 오전 11시 50분에 촬영된 위성 사진에는 화재로 인해 검은 연기가 치솟는 모습이 담겨 있었다.
미 항공우주국(NASA) 화재정보자원관리시스템(FIRMS)도 같은 날(2일) 오전 10시 34분 위성을 통해 평양 일대의 온도 변화를 감지해 평양에서 발생한 화재를 탐지했다고 한다. 두 위성 사진이 촬영된 시간 차이를 고려하면 상당 시간 화재가 지속된 것으로 보인다는 게 NK뉴스 측의 설명이다.
북한 관영 매체는 이날까지 화재와 관련한 소식을 다루지 않고 있다. 내부 민심 동요를 의식한 조치일 수 있다.
북한 측의 공식적인 발표가 없어 아직 구체적인 피해 규모를 가늠하긴 어려운 상황이다. 이와 관련, 통일부 당국자는 ""지난 2일 전후 해당 지역을 촬영한 위성사진 분석을 통해 가로·세로 50m 규모의 화재 흔적을 확인했다""며 ""피해 규모와 같은 구체적인 내용은 관계기관과 함께 추가로 분석해야 할 것 같다""고 말했다.
화재 장소에 대한 정보도 아직 제한적으로만 파악되고 있다. 해당 화재를 가장 먼저 발견한 위성영상 분석기업인 SI-애널리틱스(SI-Analytics)는 지난 7일 자 보고서에서 해당 화재가 발생한 장소를 '대량 인화성 물질을 취급하는 소규모 공장'으로 추정했다.
북한 지리정보 분석가인 제이컵 보글도 NK뉴스에 ""화재가 발생한 곳은 소규모 창고 혹은 공장이며 '정부 기관 건물'은 아니었다""며 ""작업 과정에서 사고로 화재가 발생한 것으로 추정된다""고 말했다.
임을출 경남대 극동문제연구소 교수는 ""대규모 주택단지 조성으로 인구밀도가 높아진 평양에서 앞으로 각종 사건사고가 전보다 빈발하게 일어날 수 있음을 시사하는 사건""이라며 ""특히 러시아와의 밀착으로 석유 관련 제품의 유통이 원활해진 상황과 연관된 측면도 있을 것""이라고 짚었다."
162,"[맞수다] 노만석, 이렇게 파장 클 줄 몰랐다?‥""비겁하다"" ""용 빼는 재주 없다고""","[뉴스외전]
* 아래 텍스트는 실제 방송 내용과 차이가 있을 수 있으니 보다 정확한 내용은 방송으로 확인하시기 바랍니다.
■ 방송 : MBC 뉴스외전 (월~금 오후 01:50)
■ 진행 : 이언주 기자
■ 대담 : 김상일 정치평론가, 장성철 공론센터 소장
<주요 발언>
정성호, 신중히 판단?.. ""항소 말라는 것"", ""제도적 문제는 없어""
노만석, 용산-법무부 판단 고려?.. ""비겁하다"", ""용 빼는 재주 없다고""
윤석열, '일반 이적죄' 추가 기소..""상상 그이상"", ""제 정신이 아니었다""
◎ 진행자 > [정치맞수다] 시작하겠습니다. 오늘은 김상일 정치평론가, 장성철 공론센터 소장과 함께하겠습니다. 어서 오세요.
- 안녕하세요.
◎ 진행자 > 검찰의 대장동 사건 항소 포기 파장이 계속되고 있습니다. 국민의힘은 윗선의 개입이 있었다고 주장하고 있고, 검찰 안에서는 평검사부터 검사장들까지 나서 노만석 검찰총장 대행의 사퇴를 압박하는 상황입니다. 먼저 어제 정성호 법무부 장관의 발언부터 듣고 시작하겠습니다.
- 정성호/법무부 장관(어제) > 대검의 의견이 이게 뭐 항소 필요성이 있다 그렇게 보고 받은 것으로 알고 있습니다. 처음이 아니라 두 번째 보고 왔을 때 ‘신중하게 판단했으면 좋겠다’. 제가 법무부 장관 취임한 이래 사건과 관련해서 노만석 검찰총장 대행과 통화한 적은 단 한 번도 없습니다. 저는 뭐 성공한 수사 또 성공한 재판이었다고 생각합니다. 범죄자를 찾아내 증거를 확보해서 기소해 그에 합당한 적정량의 형벌이 선고돼 처벌받게 하는 게 수사·기소의 목적입니다.
◎ 진행자 > 지금 들으신 대로 정성호 장관은 신중하게 판단하라는 의견을 전달했을 뿐이라고 했습니다. 지침을 준 적은 없다는 겁니다. 국민의힘은 외압 자백이라고 공격을 하고 있는데요. 먼저 평론가님 어떻게 들으셨어요?
◎ 김상일 > 일단 정치적 갈등이 되게 심한 우리가 환경을 가지고 있잖아요. 그런 속에서는 듣는 사람에 따라서 오해를 할 수 있는 부분은 있을 거라고 생각을 해요. 근데 냉정하게 두 가지 관점에서 볼 필요가 있어요. 법 제도적으로 보면 문제는 없습니다. 기본적으로 정성호 장관이 얘기한 것처럼 기소를 해서 유죄를 받아냈고 형량도 2분의 1 이상 또 일부 범죄 혐의자들은 구형량 이상을 받아냈어요. 그리고 일부 무죄가 나왔다고 하는데 그 역시도 주문에서 무죄를 낸 게 아니라 이유 설명을 하면서 이유 무죄 부분이 존재하는 겁니다. 그렇다고 한다면 이것을 항소 포기하는 것에 있어서 법적 제도적 문제는 전혀 없고요. 그리고 대통령께서 한번 언급한 것처럼 국민 이익에 부합한다는 측면도 맞습니다. 이게 한 관점이고요. 두 번째 관점은 정치적인 관점이 존재하는 건데 어쨌든 현재의 권력자와 관련된 사안이 항소 포기의 첫 사안이 될 수 있느냐. 그리고 이 전에 다른 사안에 대해서 일관되게 어느 정도 관행을 쌓아왔다면 이렇게 정치적인 오해를 받지 않을 수가 있는데, 이것이 대통령 말씀 이후에 첫 번째 항소 포기했다는 점에서 정치적인 오해가 발생할 수 있었다. 그런 부분은 굉장히 아쉬운 부분이라는 말씀을 드립니다.
◎ 진행자 > 정 장관의 외압이나 개입이 있었다고 보지는 않지만 오해를 부를 수 있는 지점은 있었던 것 같다. 어떻습니까? 소장님.
◎ 장성철 > 법무부에서 검찰총장에게 항소하지 말라고 차관이 얘기했다고 언론 보도까지 나왔고요.
◎ 진행자 > 차관이 얘기했대요?
◎ 장성철 > 예, 언론 보도에 이렇게 나왔습니다. 차관이 통화를 통해서 항소하지 말라고 얘기했다는 보도가 나와 있고요. 검찰총장도 지속적으로 용산과 법무부의 눈치를 보지 않을 수가 없다. 내가 용빼는 재주가 있느냐 이런 식으로까지 얘기를 했거든요. 그렇기 때문에 이것은 외압이 없다고 보기는 상당히 어려울 것 같고요. 이언주 앵커님이 뭘 취재해서 보도하려고 그래요. 그래서 보도본부장님한테 나 이거 취재해서 보도할게요, 그랬더니 신중하게 생각해, 이렇게 얘기를 해요. 그래도 나는 이거 보도해야 되겠는데요. 신중하게 생각하라니까, 그럼 이거는 보도하라는 겁니까. 아니면 보도하지 말라는 겁니까? 이건 누구나 봐도 이것에 대해서는 항소하지 말라고 법무부에서 얘기를 한 것이 아닌가 그런 생각이 듭니다.
◎ 김상일 > 근데 노만석 대행이 분명히 처음에 뭐라고 했습니까? 의견을 듣고 난 다음에 최종적으로는 내가 결단했다 이렇게 얘기를 했잖아요. 그건 검찰총장이 자기가 결단을 했다는 말을 믿는 게 맞고요. 물론 제가 오해의 소지가 있다고 말씀드린 것처럼 장관의 말이 영향을 줬을 수 있어요. 그렇기 때문에 자제를 했어야 한다는 측면은 저도 맞다고 봅니다. 모든 일에 있어서 이해관계자가 하는 얘기는 오해를 낳을 수 있습니다. 근데 그 오해가 또 권력을 가진 상황에서 오해를 낳으면 권력을 사유화했다거나 권력을 이용했다는 오해로 또 번질 수 있는 부분이 있어요. 그런 측면에서 신중한 발언이 되지 못했다는 점은 앞으로도 기억해야 할 부분인 것은 맞다고 말씀을 드립니다.
◎ 장성철 > 검찰이 항소를 왜 자제합니까. 검찰은 존재 이유가 범죄자들을 조사하고 수사하고 기소 공소 유지하는 게 검찰의 역할이고 존재 이유라고 생각을 합니다. 그냥 법무부에서 얘기하니까 내가 권력자의 눈치를 살펴보니까 이건 항소해서는 안 될 것 같은데, 이게 맞습니까? 이런 검찰총장 분명히 잘못됐고 그런 검찰총장에게 유무형의 압력을 행사했다라고 보여지는 권력도 대단히 부적절하고 잘못했다라고 봐야죠.
◎ 김상일 > 아까도 제가 말씀을 드렸듯이 법 제도적으로 형량의 2분의 1 이상, 그리고 형종이 바뀌는 경우가 아니면 항소 포기를 하는 것이 사실상 맞는 것으로 돼 있습니다. 다시 말씀드리는데 법 제도적으로 문제가 없고요. 오히려 지난번에 윤석열 피고인의 구속 취소를 항소하지 않은 게 오히려 그러면 훨씬 더 큰 문제라고 말씀을 드려요. 왜냐하면 이건 유죄를 받아냈고 그다음에 유죄도 충분한 형량으로 받아냈습니다. 그런데 정치적이라는 게 문제가 있었죠. 그러면 지난번에 윤석열 피고인 같은 경우는 검찰의 이익에 반하게 사실상 무죄와 마찬가지인 기각이 떨어졌는데 항소를 안 했습니다. 그럼 이건 더더욱 큰 문제죠. 왜냐하면 무죄가 나오거나 형종이 변경이 되거나 하면 항소하게 돼 있지 않습니까? 주문이에요, 이건. 이유도 아니고 주문에서 무죄가 된 겁니다. 근데 그렇게 명확한 건 항소도 안 해놓고 이제 와서 이 호들갑을 떤다? 검찰이 정치검찰의 비판을 자초하는 것이죠.
◎ 장성철 > 정치검찰의 비판을 자초하도록 만든 게 법무부고 권력이라고 말씀드리고 법무부가 그런 의견을 제시하지 않았으면 검찰이 항소 포기하지 않았을 거라고 말씀을 드리고요. 대검 예규 제3절 양형부당 항소, 제14조 항소 기준 제1항 2호에 의하면 구형의 2분의 1 미만이면 항소가 원칙이라고 되어 있습니다. 검찰의 구형보다 낮은 형량 받은 사람도 있고 무혐의 받은 사람도 있습니다. 이것은 항소하지 않으면 안 되는 것이 원칙이라고 말씀드리고 이게 민주당식 언어도단이에요. 언어공작이라고 생각이 듭니다. 기본적으로 사법개혁이나 검찰개혁은 권력의 눈치를 보지 않고 여러 가지 범죄 혐의가 있고 의심이 있으면 수사 제대로 하고 조사하고 기소하는 게 검찰의 존재 이유고, 그런 검찰이 윤석열 정권 시절이 아니어서 윤석열 눈치 보고 김건희 무혐의 주는 그러한 검찰에 대해서 민주당도 비판 많이 했잖아요. 이건 또 다른 형태의 검찰에 대한 압박이라고 볼 수밖에 없죠.
◎ 김상일 > 다시 한 번 말씀드리는데 좀 아까 소장님께서 읽어주신 부분은요. 항소하지 않아도 되는 이유예요. 2분의 1 이상 다 받았습니다. 그리고 무죄 나온 사람이 없어요. 이유를 설명하는 데 있어서 일부 이런 부분이 있기 때문에 유죄하기 어렵다고 설명한 부분이 있는 것이지 주문에 무죄는 없습니다.
◎ 진행자 > 정 장관이 얘기한 부분에 대해서 두 분이 다르게 지금 의견을 제시하고 계신 거예요. 정성호 장관은 어제 얘기를 하면서 성공한 수사 성공한 재판이었다라고 얘기하면서 그 이유를 설명할 때 평론가님 말씀하신 것처럼 검찰 구형보다 높은 형이 선고가 됐다. 그리고 법리적으로 문제가 없다는 이유를 댔는데 이것에 대해서 평론가님은 맞는 말이라고 보시는 거고 소장님은 그렇지가 않다고 입장을 보이시는 거예요.
◎ 장성철 > 직권남용이라고 볼 수 있죠. 어떻게 그게 법률적으로 문제가 없습니까? 정 장관께서는 성공한 수사라고 얘기했지만 민주당의 지도부는 뭐라고 합니까. 조작된 수사와 기소를 통해서 억울하게 지금 기소당한 사람들이 많다 이런 식으로 얘기를 하잖아요. 그러면 민주당 출신의 법무부 장관과 민주당의 당대표 지도부는 다른 생각과 판단을 갖고 있습니까? 이거 뭡니까. 이건 민주당에서 얘기하고 해명을 해야 될 일이죠.
◎ 진행자 > 그 부분에 대해서는 두 분이 다른 의견을 가지고 계신 거고 소장님 앞서서 말씀을 하실 때 노만석 총장 대행 얘기를 하셨잖아요. 지금 보니까 검찰 내부에서는 해명해라, 사퇴해라, 이런 상황인데 노 대행이 오늘 휴가를 냈단 말이에요. 그래서 거취를 고민하고 있다 이런 얘기가 많이 나오는데 어떻게 보세요?
◎ 장성철 > 거취를 고민하면 그만 두지 않을까. 이미 검찰총장 대행으로서 선배 검사로서 지도력과 리더십을 잃어버리지 않았느냐 그런 생각이 듭니다. 정진우 중앙지검장에게 이런 얘기를 하잖아요. 협의를 했다. 그리고 미안하다 고맙다 이런 얘기를 해요. 검찰총장이. 왜 그런 얘기를 합니까? 정진우 중앙지검장은 나는 이건 항소해야 된다라고 계속 얘기를 했었다. 근데 검찰총장이 항소하지 말라고 그랬다. 그럼 고맙다라는 건 뭐예요? 그럼 내 말 듣고 항소하지 않아서 고맙다라는 거예요? 너는 반대를 했지만 내가 그냥 하지 말라고 그래서 그 말 따라줘서 미안하다고 그런 거예요? 이게 지금 검찰총장이 할 말입니까. 그리고 용빼는 재주라는 표현을 검찰총장이 어떻게 씁니까. 부당한 권력의 압력에 후배 검사들이 제대로 수사하고 기소하도록 방어역할, 방패역할을 하는 것이 검찰총장의 역할이지 법무부가 권력이 항소하지 말라고 한다고 해서 그걸 그대로 시행을 합니까? 그게 제대로 된 검찰총장 대행입니까. 지도력과 리더십 잃어버렸습니다. 그 자리에 있으면 안 됩니다.
◎ 진행자 > 뭘 고민할 것 같으세요?
◎ 김상일 > 정치적인 판단이 있는 것이고 법적인 판단이 있는 것인데, 노 대행이 최종 결정을 할 권한이 있어요. 그리고 협의하는 것이 합의를 하는 것은 아닙니다. 그렇기 때문에 권한이 있고 여러 의견을 들어서 협의한 결과 최종적으로 자기가 판단을 했다고 했기 때문에 본인의 권한을 행사한 것이고요. 문제는 이런 것입니다. 그 결정이 양심에 따라 소신과 신념과 철학을 가진 결정이었느냐라는 것은 저도 의문이 있어요. 왜냐하면 기본적으로 법무부와 용산과의 관계를 생각했다는 건 검찰의 미래를 위해 검찰의 미래 이익을 위해 그걸 조직의 수장으로서 자기가 고민했다. 다시 말해서 정치적 고민을 했다 내지는 일종의 로비성 결단이라는 걸 본인이 시인하는 거잖아요. 그런 측면에서 보면 제가 볼 때는 과연 국민들에게 이것은 국민 이익에 부합하는 것이기 때문에 앞으로 이렇게 할 것입니다, 이건 제도화할 것입니다라는 하나의 일관된 제도의 방향을 보여주는 정책의 방향을 보여주는 결정이었냐라는 질문과 질책을 하지 않을 수 없는 상황이에요. 그런 측면에서 본다면 노 대행은 리더십을 잃은 것도 사실이고 앞으로 검찰의 수장으로서 역할을 하기가 그렇게 쉽지는 않을 것으로 보입니다.
◎ 장성철 > 이 사건과 관련해서 검찰총장은 결재 권한이 없고요. 결재 권한은 중앙지검 차장의 전결이고 중앙지검장의 결재를 통해서 항소의 결과는 결정이 내려지는 거라고 말씀을 드리고 범죄자를 처벌하지 않고 항소하지 않는 게 왜 국민의 이익에 부합하는 것인지 도저히 이해가 되질 않습니다. 정영학 남욱 이 사람들은 예를 들면 600억 넘게 1천억 넘게 그냥 부당이익금이라고 보여지는 그런 것들을 본인들은 추징금 한 푼도 안 내고 본인들이 가질 가능성이 높아요. 김만배 씨도 마찬가지입니다. 그것이 과연 국민 이익에 부합하는 것인지 이해가 되질 않습니다.
◎ 김상일 > 자꾸 시청자들이 헷갈리실 것 같아서 말씀을 드리는데, 처벌이 됐다니까요. 다 징역형이 나와서 처벌이 다 된 겁니다. 배임 부분만 검찰이 입증을 못 해낸 거예요. 특경가법인가요?
◎ 진행자 > 특정경제범죄 가중처벌 상의 배임죄.
◎ 김상일 > 특경가법에 의해서 배임액을 특정하지 못했기 때문에 이런 결과가 나온 겁니다. 검찰이 제대로 배임액을 특정하지 못했다는 것은 검찰의 잘못이고요. 그것에 의한 법적인 판단을 법원이 한 것입니다. 그 부분에 대해서 추징하지 못한 부분을 법원이 판결문에서 이유를 설명하다가 이 부분이 무죄처럼 처리가 됐다고 설명한 것이지 주문이 무죄가 아니라니까요. 유죄입니다. 유죄고 처벌이 있었습니다. 그러면 국민의 이익이 어떻게 되느냐라는 부분으로 돌아가서 말씀을 드리면, 국민들은 국가라는 거대한 권한을 가진 강제력을 가진 공권력을 가진 데와 대응을 해서 소송을 치르는 겁니다. 근데 그 막대한 힘과 자원을 들여서 유죄판결을 받아내지 못하고 무죄가 떨어졌다면 그때는 그 개인이 계속해서 2심, 3심을 통해서 뭐랄까요. 재정적 압박 삶의 압박 이런 걸 통해서 불이익을 보거나 스스로 무너지는 걸 막는 것이 국민에게 이익이 되죠. 근데 무죄가 되면 그건 항소를 한단 말입니다. 형종이 변경이 돼도 항소를 합니다. 그리고 형량이 검찰 구형의 2분의 1을 넘지 않아도 항소하는 거예요. 그렇기 때문에 제가 거대한 힘과 일반 시민 국민이 경쟁을 했을 때에 이것이 계속해서 국민에게 일방적으로 압박으로 작용하는 것이 중단된다는 점에서 일반적인 사건들에서는 국민에게 이익이 된다는 말씀을 드리는 겁니다.
◎ 장성철 > 항소 포기로 인해서 유동규·김만배의 428억 뇌물 혐의에 대해서는 무죄가 사실상 확정됐습니다. 범죄 혐의로 처벌할 수가 없는 것이 국가 국민의 이익의 관점에서 이익이 되는 것인지 잘 모르겠고요. 또한 배임죄와 관련한 부당한 이익금만 1,100억 원이 넘고요. 대장동 사업 전체 이익과 관련된 민간업자의 이익 규모가 7천억 원입니다. 이거 추징과 관련해서는 428억밖에 안 됩니다. 그럼 이건 추징 못하는 것은 국가의 국민의 이익의 관점에서 합당하다고 볼 수가 있는 것인지 이것이 제대로 된 처벌이 된 것인지 이해하지 못하겠습니다.
◎ 김상일 > 다시 한 번 말씀드리는데 처벌의 결정은 법원에서 하는 것입니다. 국민들이 자기감정으로 하는 게 아니라는 걸 다시 한 번 말씀드립니다.
◎ 장성철 > 그 처벌이 잘못됐다고 2심 판단을 받기 위해서 항소라는 제도적인 절차가 있는 겁니다. 그걸 제대로 받지 못하고 법무부의 압력 아닌 압력에 굴복한 것은 잘못된 것이라고 다시 한 번 말씀드립니다.
◎ 김상일 > 그럼 혐의를 주혐의가 되게 해서 주문에 무죄인지 아닌지를 가리게 했어야죠. 검찰이 잘못한 거라는 걸 다시 한 번 말씀드립니다.
◎ 장성철 > 그러니까 항소해야죠.
◎ 진행자 > 저희가 법조인은 아니잖아요. 저희 세 명 다. 우리가 이 법리 하나하나 따지고 들어가기 시작하면 이게 맞는지 안 맞는지 그건 제가 다른 시간에 여쭤보도록 하고
◎ 장성철 > 문제가 없다면 왜 법무부에서 저렇게 나서며 민주당의 당대표 원내대표가 그렇게 검찰을 계속 공격을 하며 민주당 의원들 어제부터 나와서 다 이렇게 옹호하며 민주당 성향의 패널들도 다 이렇게 옹호하냐고요. 문제가 없다면 왜 그러냐고요. 이건 당연히 본인들도 문제 있다고 생각을 하니까 이러는 거 아니겠어요.
◎ 김상일 > 이게 정치적인 문제가 있기 때문이에요. 제가 아까도 말씀드렸지만 문제가 없다는 건 법적 제도적으로 없지만 정치적으로는 큰 문제가 있다고 제가 말씀을 드렸잖아요. 왜냐하면 지금 권력을 쥐고 있는 쪽에 이해관계가 걸린 예민한 사안에 대해서 항소 포기가 시작이 됐다는 데서 오해의 소지가 충분하고 다분하다라는 말씀을 드리고 정치적 정무적인 판단이 잘못됐다는 말씀을 드린 겁니다.
◎ 장성철 > 하나만 더 말씀드릴게요. 이것이 이렇게 확정이 됐기 때문에 정진상 씨에 대한 428억 뇌물죄는 이건 처벌할 수가 없어요. 이 대장동 일당들이 정진상 씨에게 428억을 약속한 것이라고 보기는 어렵잖아요. 그 뒤에 누가 있기 때문에 정진상 씨에게 그걸 약속했다고 우리는 추측을 해서 조사가 계속 진행된 건데, 이 부분을 처벌할 수가 없다니까요. 법 이익 관점에서 이게 맞습니까? 이해가 되질 않습니다.
◎ 김상일 > 그러니까 검찰이 그렇게 장기간 검찰에 거의 대부분의 조직의 역량을 쏟아부어서 수사를 해서 그걸 입증 못해낸다는 게 더 큰 문제 아닌가 싶습니다.
◎ 진행자 > 지금 소장님은 검찰에서 봤을 때는 7,800억 정도 범죄 수익을 거뒀다고 다 보고 있는데 근데 473억밖에 환수를 못하는 게 말이 되냐라는 거고.
◎ 김상일 > 범죄 수익을 거뒀다고 다 본다는 건 표현이 좀,
◎ 진행자 > 검찰에서는 그렇게 주장을 했는데 평론가님 말씀은 검찰이 특경가법상 배임죄를 밝히지 못한 것 아니냐. 그래서 범죄 수익을 특정하지 못했기 때문에 법원에서 이렇게 판단을 한 거다라고 보시는 입장입니다.
◎ 장성철 > 그건 저도 문제 제기를 안 한다니까요. 그러니까 왜 이런 부분에 대해서 항소를 못하게 법무부에서 왜 나서서 하냐고요.
◎ 진행자 > 두 분이 앞서서 말씀을 하실 때 노만석 총장 대행이 대검 연구관들 평검사들하고 만났을 때 나 법무부로부터 항소하지 말라는 의사를 전달받았다라고 말했다고 언론 보도에 나오고 있다는 거잖아요. 그 말은 사실일 거다 이렇게 보시는 거예요? 두 분 다 약간 전제하고 말씀하시는 것 같아서요.
◎ 장성철 > 사실이라고 하고 또 다른 얘기도 계속 언론 보도를 통해서 나오고 있잖아요. 눈치를 보지 않을 수 없다, 내가 이걸 거부할 수 있는 용빼는 재주가 있는 거냐 이런 식의 얘기를 했다라고 하니까 일단 믿어야 되지 않겠어요.
◎ 진행자 > 정성호 장관은 통화를 안 했다고 그랬잖아요.
◎ 김상일 > 저는 사실이라고 보고 말한 게 아니라 그 말 자체가 비겁하다는 말씀을 드리는 겁니다. 본인이 신념에 의해서 결단한 거라면 그 신념을 설명해야죠. 왜 남 핑계를 댑니까?
◎ 진행자 > 내가 이렇게 전달받고 했다라고 말하는 것 자체가 그게 얘기가 안 된다.
◎ 김상일 > 그렇죠. 그건 왜 했습니까? 자기 이익과 만약에 총장이 되고 싶은 이익이었는지 모르지만 자기 이익과 검찰의 미래라는 자기 조직의 이익을 위해서 했다라는 걸로 보여지잖아요. 저는 그 부분을 비판한 겁니다.
◎ 장성철 > 그러니까 압력을 가한 쪽과 압력에 굴복을 해서 제대로 된 절차를 진행시키지 못한 사람을 놓고 비교해 봤을 때 압력에 굴복한 사람을 더 나쁜 사람이라고 얘기하는 것은 무리가 있지 않나.
◎ 김상일 > 압력을 가했다는 것은 아직은 확정된 사실로 제가 전제하지 않았다는 걸 다시 한 번 말씀을 드립니다.
◎ 진행자 > 언론 보도에서 어쨌든 노만석 총장 대행이 이런 얘기를 했더라까지만 나온 상태니까요. 오늘 휴가 중이고 입장을 밝힐 수도 있으니까 그건 본인의 입에서 나와야 우리가 사실로 전제하고 얘기를 할 수 있을 것 같긴 해요.
◎ 장성철 > 노컷뉴스 보도에 의하면 법무부 차관이 검찰총장에게 이거 항소하지 말라고 통화를 했다는 내용까지 언론 보도로 다 나왔잖아요.
◎ 진행자 > 통화한 사실은 다 나왔습니다.
◎ 장성철 > 그럼 이거 압력이지 뭐라고 해석해요. 그러면 건의예요? 충고예요? 뭐예요, 이게.
◎ 김상일 > 협의를 했다고 하니까요.
◎ 장성철 > 이런 걸 왜 협의하냐고요.
◎ 진행자 > 이 얘기가 바로 여야가 정면충돌하는 부분이기도 해요, 지금 소장님 말씀이
◎ 김상일 > 제가 소장님 말씀에 동의하는 건 국민들이 볼 때 이해관계가 있는 주체가 협의했다는 것에서 부적절하다는 건 저도 인정을 해요. 왜냐하면 나는 오해받을 수 있으니까 빠질게라고 얘기를 하고 차관이 됐든 누가 됐든 그렇지 않은 법무부의 주체를 세우든 다른 방식을 강구했어야 된다는 생각이 들고요. 그리고 대장동 사건이기 때문에 이렇게 정치적인 파장이 큰 겁니다.
◎ 진행자 > 그렇죠. 대장동 사건 모르는 국민이 없을 정도로 다 아니까 그렇습니다. 다시 얘기로 돌아와서 소장님이 계속 말씀하실 때 압력이다 이렇게 얘기하는데 국민의힘에서도 단군 이래 최악의 수사 외압이자 재판 외압이다 이렇게 얘기하고 있어요. 오늘 아침에는 대검에서 현장회의를 했고 오후에는 법무부도 항의 방문했다고 합니다. 들어보시겠습니다.
- 송언석/국민의힘 원내대표 > 이번 항소 포기 사태의 진정한 몸통, 대장동 그분은 바로 대장동은 내가 설계했다라고 자신 있게 얘기했던 이재명 대통령 바로 그분입니다. (맞습니다.) 이재명이라고 하는 범죄자를 대통령으로 만들어 놓았더니 범죄자와 그 추종 세력들은 대한민국을 범죄자가 당당한 나라로 만들고 있습니다.
◎ 진행자 > 지금 국민의힘에서는 이재명 대통령이 항소 포기 외압의 몸통이다 이렇게 주장을 하고 있습니다. 대통령실에서는 공식적인 입장이 전혀 나오지는 않았어요. 그런데 언론을 통해서 많이 나오고 있는데 ‘관계자에 따르면’ 이렇게 많이 나오잖아요. 이 대통령이 항소 포기에 관여할 만큼 한가하지 않다라고 했습니다. 먼저 소장님 어떻게 보세요?
◎ 장성철 > 대통령께서 저거 항소하지 말라고 그래. 법무부 장관 알았지? 저기 대검에다가 얘기해야 돼, 이렇게 하셨겠어요? 근데 대략 한 3주 전인가 4주 전에 대통령께서 검찰의 무분별한 항소 때문에 많은 국민들이 피해도 보고 힘들어한다 이런 얘기를 하셨던 것 같아요.
◎ 진행자 > 기계적 항소하지 말라 그 내용이요.
◎ 장성철 > 그것이 이것과 연결되니까 미리 자락을 깔아놨구나 이렇게 저 같은 보수패널은 비판하지 않을 수가 없다 그렇게 말씀드리고. 대장동 사건과 관련해서는 대단히 사건이 불거지기 전에는 이재명 대통령께서 상당히 자랑스러워했잖아요. 단군 이래 최대의 치적이다. 정말 내가 다 모든 것을 결정하고 결재했다 그렇게 말씀을 하셨었는데 사건이 불거지니까 유동규가 몸통이다 이런 식으로 책임을 미루는 모습들을 보여서 본인이 빠져나가려고 한 것이 아니냐. 그렇게 의심하고 있는 과정 중에 정진상 뇌물 혐의까지도 무마시킬 수 있는 이런 판결이 나오니까 저 같은 보수패널이나 국민의힘 쪽에서 비판하는 걸로 보여지는데 다른 것들은 다 제가 전반적으로 동의를 하지만 단군 이래 최악의 수사 외압이자 재판 외압이라고 규정하는 것은 좀 아닌 것 같습니다. 윤석열 정권 시절에 영부인 김건희 씨를 무혐의 주려고 얼마나 많은 노력을 했습니까. 그런 것들이 더 문제지 송언석 국민의힘 원내대표의 이런 메시지가 진정성 있게 국민들에게 설득력 있게 들어서려면 과거에 국민의힘 정권 윤석열 정권에서 해왔던 상당히 부적절하고 잘못된 법을 위반한 행위들에 대해서 선행적인 사과가 필요하지 않느냐 이런 얘기 아무리 이재명 대통령 공격하고 민주당 공격한다고 하더라도 니들은 과거에 어떻게 했는데, 이 한마디에 이 발언의 정당성이 없어질 것 같아요. 그래서 메신저가 오염됐기 때문에 송언석 대표의 이 말씀이 그렇게 가슴에 와닿지는 않습니다.
◎ 진행자 > 대통령실을 겨냥한 부분은 어떻게 보세요?
◎ 김상일 > 저는 대통령실에서 공식 입장이 나온 건 아니지만 어떤 분이 이렇게 얘기한 것은 대통령이 대통령 역할을 하게 놔둬 달라라는 이야기도 들리고요. 그게 국민의 이익에 더 부합한다고 저도 동의를 합니다. 근데 단지 이런 건 있죠. 앞으로 권력의 정점에 있는 분들과 관련된 사안에 대해서 그 이해관계가 있는 분들은 메신저로 나서지 않았으면 좋겠다는 생각은 들어요. 그렇게 하면 그걸 순수하게 받아들일 사람은 없습니다. 누가 순수하게 그걸 받아들이겠어요. 너무 당연한 상식적인 것이기 때문에 예를 들어서 오늘 조상호 정책보좌관이 나와서 설명하잖아요. 아무리 좋은 설명이어도 아니 저 사람은 변호인이었는데 저렇게 뿐이 말할 수 없지 않아. 그런데 그걸 저 위치에 가서 얘기를 한다고? 이렇게 비판을 받을 수밖에 없잖아요. 그래서 저는 이런 것들을 이야기할 때 좀 더 객관적인 위치에 있는 사람들을 통해서 설명을 하시라라는 말씀을 드리고 싶습니다.
◎ 장성철 > 저는 민주당 쪽 계신 분들에게 묻고 싶은 게 윤석열 정권 시절에 김건희 씨와 관련해서 검찰에서 기소 의견으로 했는데 당시에 법무부 장관이 신중하게 생각해야지 신중하게 생각해야지, 그러면 원론적인 얘기 잘하셨네요, 그럴 수 있죠, 이렇게 얘기를 하겠냐고요. 이런 것들은 부당한 압력이고 이런 것들에 대한 비판, 국민의힘이 비판하는 것에 대해서 그렇게 신뢰가 가지는 않지만 이런 비판의 목소리 너무 억지로 방어하지 말라고 그렇게 말씀드리고 싶어요.
◎ 진행자 > 이 시점에서는 두 분이 여야가 바뀐 듯한 평론을 해주신 거 아닌가 이런 생각도 듭니다. 계속 다른 의견을 내시더니 근데 민주당에선 이렇게 봐요. 친윤 정치 검사들의 쿠데타적인 항명이다 이렇게 얘기를 하거든요.
들어보시겠습니다.
- 김병기/더불어민주당 원내대표(어제) > 한 줌도 안 되는 정치 검사들 국민과 민주주의에 대한 도전입니다. 민주당은 이 사안을 결코 가볍게 보지 않습니다. 정치검찰의 항명과 조작 기소 의혹을 반드시 진상 규명할 겁니다. 이재명 정부의 민주당은 당신들이 이전에 생각했던 과거의 민주당과 다르다는 것을 이번에 보여드립니다. 국정조사, 청문회, 특검 등 가능한 모든 수단을 동원해서 당신들이 어떤 행위를 했는지 밝혀보겠습니다.
◎ 진행자 > 먼저 평론가님 어떻습니까? 지금 민주당의 주장은.
◎ 김상일 > 저는 김병기 원내대표님의 말씀은 과하다고 생각해요. 왜냐하면 검사가 누구 어떤 특정인이 아니잖아요. 이건 국가의 형사 시스템입니다. 그냥. 형사 시스템인데 이걸 너무 인격화시켜가지고 나쁘게 일반화하는 것은 우리 역사와 국민의 이익에 부합하지 않는다. 그냥 특정 정치 세력의 이익에만 부합하는 말씀이 될 수밖에 없다라는 측면에서 적절한 비유와 적절한 수위의 비판은 아닌 것 같다는 말씀을 드려요. 그리고 모든 것에서 절대적인 권한과 힘을 가지고 있는 당의 원내대표잖아요. 그러면 제도화할 부분, 그리고 과거에 오해가 됐던 부분을 한꺼번에 해소를 해주셔야죠. 이런 겁니다. 윤석열 피고에 대한 소송 취소 이거 굉장히 잘못됐고 이번에도 항소 포기가 됐는데 정치적인 갈등을 양산하는 두 사례가 발생을 해버렸으니 앞으로는 이걸 일반화시킬 수 있는 제도화시킬 수 있는 걸 논의해 보자. 그리고 분명히 정치적으로 오해를 살 만한 양 진영 다 어느 정도 문제를 가지고 있으니 그런 부분은 국민들한테 떳떳해질 수 있게 발전적인 방향을 또 강구해 보자, 이렇게 얘기하시는 게 맞지 않을까라고 저는 생각이 드는데, 이 사안을 가지고 다시 정치적인 정쟁에 돌입하면 국민들을 위한 경제발전이라든가 역사의 모범적인 사례를 통해서 좋은 유산을 쌓아간다든가 모범을 만들어 간다든가 이런 건 어느 분들이 언제하실 건지 국민들은 답답해 할 것 같다는 생각이 듭니다.
◎ 진행자 > 소장님은 어떻게 들으셨어요?
◎ 장성철 > 이번에 입장문을 발표한 검사장 18명하고요. 노 대행의 사퇴를 요구한 대검부장 7명, 그리고 전국지검장 15명, 다 이재명 정권 하에서 임명된 사람들입니다. 이 사람들을 임명한 법무부 장관은 그분도 내란 세력입니까? 왜 이런 사람들을 임명을 했습니까. 검찰들 잘못된 행위들은 우리가 비판을 해야 되지만 법치를 지키겠다고 잘못됐다라고 얘기하는 분들에 대해서 이런 식의 모욕감을 줘서는 안 될 것 같다 그런 생각이 들고요. 법치에 대한 항명이라고 민주당이 얘기를 하고 있어요. 법무부에서 부당하게 항소하지 말라고 지시 내린 것이 법치입니까? 그게 시스템입니까? 우리나라 법에 법무부가 구체적인 사건에 대해서 항소해라 마라 전화로 통보하고 얘기하라는 그런 규정이 있습니까? 없습니다. 자칫 잘못하면 직권남용에 걸릴 수 있습니다. 법치를 위반한 것은 민주당이라고 말씀드립니다.
◎ 김상일 > 항소하지 마라라고 하는 것이 일반적인 걸 이야기한 거냐 아니면 특정 사안에 대해서 얘기한 것이냐에 따라 그 의미가 전혀 달라지는 거예요. 대통령께서는 토론회에서 분명히 일반적인 국민의 피해를 이야기했고 기계적인 항소에, 그것에 대해서 법무부가 고민을 하는 과정이 있었을 겁니다. 그런데 대통령과 관련된 사안이 터졌다고 이걸 덥석 제일 먼저 공론화의 과정이나 이런 것도 거치지 않고 그다음에 제도화를 위한 충분한 토론이나 이런 걸 하지 않은 상태에서 덥석 한 건 소장님께서 말씀하신 오해를 받기에 충분했다고는 생각하지만 너무 단정적으로 얘기하시는 거다. 왜, 항소하지 말라는 거는 기계적으로 하지 말라는 것이지, 이번에 무죄가 났거나 형량이 충분하지 않았거나 형종이 변경이 됐거나 이러면 했을 것이라는 말씀을 드립니다. 항소를.
◎ 진행자 > 지금 항소하지 말라는 지시를 했다까지는 우리가 완전히 확인된 건 아니니까요. 그건 제가 이 자리에서 아직까지는 전제하지 않겠습니다.
◎ 장성철 > 언론보도가 그렇게 나왔다 그 정도.
◎ 진행자 > 언론 보도가 그렇게 나왔다 정도까지. 그러면 지금 김병기 원내대표가 얘기를 할 때 뭐라고 얘기를 하냐 국정조사도 해야 된다 청문회도 해야 된다 특검도 해야 된다라고 얘기를 하는데 이 얘기는 국민의힘에서도 똑같이 얘기를 하기는 해요. 근데 그럼 국정조사가 되겠습니까?
◎ 장성철 > 될까요? 그러니까 여당은 정치검찰 조작 기소에 초점을 맞추고 야당은 수사 외압에 주목하고 있잖아요. 그럼 이건 쟁점 주제를 정할 때부터 티격태격 싸우다가 에이 하지 말자 이렇게 될 가능성이 높아요. 왜냐하면 민주당에서 총력을 다해서 방어를 하고 있지만 이것은 아무리 생각을 해도 민주당에게 썩 유리한 것은 아닌 것 같습니다. 검찰개혁과 정치검찰 조작 기소 이런 것들은 다른 형태로 분명히 처벌할 수도 있고 사실관계를 밝힐 수가 있는데 이것은 어쨌든 법무부가 부당하게 항소 문제와 관련해서 개입했느냐 안 했느냐 이 부분을 밝혀야 되거든요. 불리한 주제이기 때문에 그냥 한다라고 논의 몇 번 하다가 그냥 민주당에서 뒤엎을 것 같습니다.
◎ 진행자 > 그렇습니까?
◎ 김상일 > 정치적으로는 불리할 것 같아요. 그렇지만 부당하다 이렇게 얘기하는 건 동의하기가 어렵습니다. 계속해서 말씀드리지만 법적 제도적으로는 아무 문제가 없다라는 말씀을 드리고요. 단 아쉬운 것은 국민의 공감대 속에 정책을 추진하는 것이 맞다는 측면에서 무리하게 대통령과 연관된 사안이라서 의견 표명을 자제하지 못한 부분이 있지 않나. 그러나 최종 결정은 다시 말씀드리지만 검찰에서 하는 것이고 그건 협의의 과정이었지 강압이나 외압은 아니었다는 말씀을 드립니다.
◎ 장성철 > 저는 법과 규정을 위반한 것으로 보여지는데 법무부에서 검찰총장을 지휘하는 것은 구체적인 사건의 서면으로 하라고 되어 있잖아요. 근데 이건 서면으로 하지 않고 전화로 통보했다라는 거잖아요. 그럼 이것은 문제가 있죠. 법을 위반한 거라고 봐야지 어떻게 법을 위반하지 않았다고 봅니까?
◎ 김상일 > 지휘하지 않았다고 계속 얘기하고 있습니다.
◎ 장성철 > 항소하지 말라고 지휘한 거잖아요.
◎ 진행자 > 법무부 장관이 총장에게만 서면으로 하게 돼 있다라고 지금 돼 있잖아요. 근데 장관은 나는 노만석 총장 대행하고 통화한 적 없다고 하는 거고 지금 언론을 통해서 차관을 통해서 했다라고 돼 있는 사안인데 두 분 말씀을 계속 듣다 보니까 노만석 총장 대행이 오늘 휴가 중인데 진실을 밝혀야 될 것 같다는 생각이 들기는 합니다.
◎ 장성철 > 용빼는 재주가 없다고 했잖아요.
◎ 진행자 > 뭐라고 얘기를 하는지 나오면 우리가 다시 얘기를 하는 걸로 하겠습니다.
◎ 김상일 > 용빼는 재주는 자신들의 이익이 위기에 봉착했기 때문에 나온 말이라고 저는 생각해요.
◎ 진행자 > 자기가 어떻게 할 수 없어서 그렇게 한 거다, 확인을 해보도록 하겠습니다. 특검 얘기 해볼게요. 윤석열 전 대통령을 특검이 일반이적죄로 추가로 기소를 했습니다. 계엄의 명분을 만들 위해서 평양에 무인기를 투입시켜서 북한의 도발을 유도했다라는 겁니다. 여인형 전 방첩사령관의 메모가 결정적인 근거가 됐는데 보면 김정은 휴양소 핵시설 등을 타깃으로 해야 한다라는 문구가 있는데 저는 어제 내란 특검 브리핑이 좀 귀에 들어왔는데 ‘설마가 사실로 확인되는 과정은 수사에 참여한 모든 사람에게 실망을 넘어서 참담함을 느끼게 한다’ 이렇게 브리핑을 했더라고요.
◎ 김상일 > 그러니까요. 이게 불법 계엄이 이루어졌을 때 모든 국민이 이 똑같은 문구를 머릿속에 생각을 한 거예요. 지금 21세기 2024년이었죠. 그때는. 대명천지에 어떻게 이런 일이 있을 수 있나, 근데 그런 일이 있다는 걸 우리가 확인하는 과정이잖아요. 정말 상상 그 이상의 일들이 일어났구나. 정말 우리가 살아온 삶이라는 것이 도대체 어떤 의미를 갖는 것인가. 그런 어떤 의미를 송두리째 정치지도자들이 무너뜨렸구나 이런 생각을 하게 되는 부분이라 앵커님하고 똑같이 저도 이 부분이 귀를 사로잡습니다. 우리가 캐칭한다고 그러는데 아주 캐칭한 문구라는 생각이 들고요. 자기의 이익을 위해서 권력자가 국민을 생각하지 않고 공적인 이익을 생각하지 않고 자기 이익만 생각한다. 절대 그런 공직자를 뽑아서는 안 되겠죠. 공직자는 인간이니까 사익도 추구를 합니다. 그렇지만 이 공익의 부분과 교집합이 가장 많이 발생하는 사람을 뽑아야 되는 거죠. 이걸 보면 윤석열 피고는 사익과 공익이 거의 일치하는 부분이 희박한 약간 선만 맞닿아 있을 정도 수준의 사람이었다는 게 증명이 되고 있는 것이라고 봅니다.
◎ 진행자 > 소장님 어떻게 보셨어요?
◎ 장성철 > 제정신이 아닌 사람들이었구나. 미친 사람들이었구나 그렇게 생각이 들고 아찔한 공포감을 느낍니다. 만약에 진짜 이것이 성공해서 북한에서 자제력을 발휘하지 않고 그래 한판 붙어보자 그랬으면 전쟁나는 거잖아요. 비상계엄 벌어지는 거잖아요. 한쪽 측에서는 북한과 전쟁하고 한쪽에서는 반국가 세력 우리 MBC 단전·단수하고 기본적으로. 반국가 세력 정치인을 잡아다가 B-1 벙커에 고문하고 연평도 꽃게밥 만들고 그런 것들이 실현됐을 거 아니에요. 아찔한 생각밖에 안 드네요. 정말 일벌백계해야 되고 이런 사람들이 단순하게 감옥에서 몇 년 썩다 나오게 한다 이런 법의 관용은 필요치 않은 것 같습니다. 대한민국과 대한민국 국민을 정말 어렵고 힘들고 위험에 빠뜨린 사람들이었다. 제정신이 아닌 사람들이다 그런 생각이 듭니다.
◎ 진행자 > 어제 송미령 장관이 한덕수 전 총리 재판에 증인으로 나갔잖아요. 계엄 선포를 한 뒤에 대접견실로 돌아온 윤 전 대통령이 이런 말을 했다고 했습니다. 들어보시겠습니다.
[송미령/농림축산식품부 장관-이진관/재판장(어제)]
- (윤석열 전 대통령이) 마실 걸 갖고 와라, 이런 이야기도 하셨고요. 그리고 앉으셔서는 제가 좀 기억 남는 거는 이걸 막상 해보면 별것 아니야, 아무것도 아니야 이런 류의 말씀도 하셨고 일종의 업무지시 같은 걸 하셨습니다. 야 거 막상 해보면 별거 아니야 아무것도 아니야 뭐 이런 류의 말씀도 하셨고 그리고 일종의 업무 지시 같은 걸 하셨습니다.
- 윤석열이 비상계엄과 관련해서 이게 경고성 비상계엄이다, 아니면 일시적으로 하는 거다 이런 취지로 말을 한 적 있습니까?
- 기억나지 않습니다.
◎ 진행자 > 소장님은 이 발언은 어떻습니까?
◎ 장성철 > 한덕수 전 국무총리의 거짓말이 드러난 것이라고 보여지고 당시 국무위원들이 얼마나 비겁했는지 당시에 정진석 비서실장도 그 자리에 있었잖아요. 비서실장으로서 제대로 된 역할을 못한 그런 사람들이 국정운영의 중요한 역할을 했다는 것 자체가 상당히 비참하고 창피하고 부끄럽다 그렇게 말씀드립니다.
◎ 진행자 > 어떤 부분에 주목하셨어요?
◎ 김상일 > 송미령 장관이 그 당시 상황을 저렇게 구체적으로 증언을 하는 것은 늦게나마 잘하는 일이라는 생각이 들고요. 국무위원 모두가 사실 그 정도 고위직에 올라갈 정도라면 정말 부당한 것에는 자기의 직이든 모든 걸 던져서 반대하고 막으려는 생각을 갖추고 있어야 된다는 생각이 들고, 앞으로도 국민들이나 지도자들은 그런 부분을 공직자의 최고의 가치로 우대해 주는 그런 문화를 만드는 데 같이 앞장서야 되지 않을까 이런 생각이 듭니다.
◎ 진행자 > 저는 윤 전 대통령이 계엄 선포하고 와서 막상 해보면 별거 아니야 아무것도 아니야, 이렇게 말한 부분이 귀에 들어오기는 하더라고요.
◎ 장성철 > 아까 말씀드렸아요. 제정신이 아니었다고.
◎ 김상일 > 상상 그 이상이에요.
◎ 진행자 > 예, 상상 그 이상이긴 합니다. 정부가 오늘 또 어떤 얘기를 했냐면 내란 가담 공직자들에 대한 조사를 하겠다, 이렇게 얘기했습니다. 김민석 국무총리, 이재명 대통령의 오늘 국무회의 발언 들어보시겠습니다.
- 김민석/국무총리 > 헌법존중 정부혁신 TF는 12.3 비상계엄 등 내란에 참여하거나 협조한 공직자를 대상으로 신속한 내부 조사를 거쳐서 합당한 인사 조치를 할 수 있는 근거를 확보하는 것을 임무로 하려고 합니다.
- 이재명 대통령> 내란에 관한 책임은 관여 정도에 따라서 형사 처벌을 할 사람도 있겠고 또는 행정 책임을 물을 사람도 있고 또는 인사상 문책이나 또는 인사 조치를 할 정도의 낮은 수준도 있기 때문에 필요할 것 같습니다. 특검에 의존할 게 아니고 독자적으로 해야 하는 일 같아요.
◎ 진행자 > TF 이름이 보니까 헌법존중 정부혁신 이렇게 돼 있습니다. 필요하다고 보십니까?
◎ 김상일 > 방향이 문제겠죠. 저는 이런 걸 통해서 굉장히 위기 상황에서도 공적인 소명감 책임감을 보여준 사람들을 발굴하는 쪽으로 가고 그 사람들을 우대하고 대우해주는 쪽으로 가야지 잘못한 사람을 찾아내는 쪽으로 가잖아요. 조직 다 무너집니다. 이게 적폐청산 때 똑같이 있었던 거예요. 문재인 정부가 잘못했던 부분을 따라가지 않기를 저는 진짜 진정으로 바라고요. 이런 건 사법을 통해서 해야 될 일이에요. 사법부에 그런 게 있다면 다 이첩을 하셔서 사법부에서 일벌백계하도록 하셨으면 좋겠다는 말씀드리고 만약에 이런 헌법존중 TF를 만드실 생각이 있으시다면 처벌은 사법부에서 그리고 그런 사람들을 발굴해서 우대하고 그런 것들이 모범이 될 수 있도록 모범 사례를 모아가는 건 행정부에서 했으면 좋겠습니다.
◎ 진행자 > 어떻게 보세요?
◎ 장성철 > 줄 세우기 형식으로 안 나타났으면 좋겠어요. 우리 이재명 정권에 충성을 다해라 그런 식으로 안 나타났으면 좋겠고 급격하고 과격한 것은 조직의 안정성을 해치지 않을까 그런 걱정과 우려가 있어요. 예를 들면 합참 장군 30명 다 옷 벗긴다는 기사나 보도가 나왔잖아요. 30명이나 별을 떼게 한다면 과연 합참이라는 조직이 제대로 운영이 가능할까 그런 생각도 좀 들거든요. 너무 과격하게 하지 않으셨으면 좋겠습니다.
◎ 진행자 > 근데 보니까 정부에서 얘기할 때는 국정운영의 동력을 확보하기 위해서 이런 조치가 필요하다라는 얘기를 하기는 하더라고요.
◎ 김상일 > 그러려면 저는 그것을 대체할 유능한 인력이 존재할 때 그 말을 좀 더 당당하게 할 수 있다고 봐요. 근데 저는 이재명 대통령이 굉장히 잘하고 계신다고 생각하지만 인사 부분만큼은 저는 동의가 안 돼요. 지금. 예를 들어서 최동석 처장이라든가 아니면 유엔대사라든가 국민들 입장에서 동의가 안 되는 인사들이 굉장히 많잖아요. 그런 걸 본다면 만약에 30명의 별을 떼거나 아니면 외교부 공관장들을 떼고 했는데 거기에 들어오는 인물들이 국민들이 보기에 내 사람 챙기기네? 국민을 생각해서 국민의 이익에 전문성과 이익을 안겨줄 수 있는 능력과 이런 걸 갖춘 사람이라고 보기 어렵네? 만약 이렇게 된다면 아무 의미가 없는 것입니다. 그렇기 때문에 소장님 말씀 잘해주셨는데 너무 급격하게 할 필요는 없다. 이런 것들이 그리고 또 시스템에 의해서 해야 된다. 행정이 할 건 행정에서 정치가 할 건 정치가 사법이 할 건 사법이 할 것으로 넘겨줘가면서 해야지 한쪽이 모든 걸 다 할 수 있다. 정치가 모든 걸 다 할 수 있다 이렇게 나오는 순간 균형과 견제라는 굉장히 중요한 가치는 깨져버리게 된다, 이런 말씀을 드립니다.
◎ 진행자 > 처벌보다는 잘한 사람을 우대하는 쪽으로 갔으면 좋겠다.
◎ 김상일 > 행정 부분에서는. 사법에서는 잘못한 사람을 처벌하고.
◎ 장성철 > 국가의 최고지도자로서 헌법존중 정부혁신 TF 꾸리겠다고 하셨는데 민주당에게 좀 헌법을 존중하라고 특별히 지시를 하셨으면 좋겠습니다.
과도한 입법 권력을 갖고 있다고 해서 사법부를 압박하고 재판에 관여하려고 하는 듯한 본인들이 법사위에서 재판 결과까지도 내리려고 하는 그런 모습은 삼권분립을 근본적으로 훼손하는 헌법을 훼손하는 일을 민주당이 집권 여당이 하고 있다고 보여지기 때문에 입법권의 자제도 함께 당부하셨으면 좋겠습니다.
◎ 진행자 > 지금 공직자 TF 얘기를 하다가 여기까지 온 것 같습니다. 시간이 다 돼서 오늘 두 분 말씀은 여기까지 들어야 될 것 같습니다. 감사합니다.
MBC 뉴스는 24시간 여러분의 제보를 기다립니다.
▷ 전화 02-784-4000
▷ 이메일 mbcjebo@mbc.co.kr
▷ 카카오톡 @mbc제보"
163,"벌집 된 검찰…""부역자"" 규탄 속 노만석 거취 고심","[이혜영 기자 zero@sisajournal.com]
'항소 포기 후폭풍' 노 검찰총장 대행, 11일 휴가 내고 거취 고심
평검사부터 대검 참모진까지 노 대행 책임론 제기하며 압박
국민의힘, 대검 항의방문…""70년 검찰 역사 팔아먹어"" 규탄
노만석 검찰총장 직무대행이 11월10일 서울 대검찰청으로 출근하며 취재진의 질문을 받고 있다. ⓒ 연합뉴스
대장동 사건 항소 포기로 거센 사퇴 압박을 받고 있는 노만석 검찰총장 직무대행(사법연수원 29기·대검찰청 차장)이 11일 휴가를 냈다. 국민의힘은 노 대행의 사퇴를 요구하며 대검찰청을 항의방문했고, 대검은 정문을 봉쇄하며 출입을 막았다.
대검에 따르면, 노 대행은 이날 연차를 내고 출근하지 않았다. 대장동 사건 항소 포기 결정과 관련해 평검사부터 간부들까지 노 대행을 향한 '자진 사퇴' 압박이 분출하는 상황에서 거취 문제를 고심 중인 것으로 알려졌다.
평검사로 구성된 대검 연구관들부터 부장검사급 과장들과 참모진인 대검 부장(검사장급) 사이에서도 노 대행의 책임론을 제기하며 사퇴를 요구하는 목소리가 나오고 있다. 검찰 내부 게시판인 '이프로스'에도 노 대행을 비롯해 이번 대장동 사건 항소 포기 결정에 관여한 지휘부의 책임론을 제기하며 입장 표명을 요구하는 글이 이어지는 상황이다.
일선 검사장과 지청장들도 전날 노 대행에게 항소 포기 결정의 공식 설명을 요구하는 입장문을 냈고, 검사 교육을 맡은 법무연수원 교수들도 이에 동참하는 등 반발이 확산하는 모양새다.
노 대행은 전날 대검 연구관 10여 명이 사퇴를 요구하는 입장문을 들고 집무실을 항의 방문한 자리에서 ""검찰이 처한 어려운 상황이나 용산·법무부와의 관계를 생각해 따라야 했다. 서울중앙지검장에게 재검토를 지시했고 중앙지검장이 항소하지 않기로 결정한 것""이라는 취지로 설명했다고 한다. 노 대행은 이 자리에서 ""나도 너무 힘들었다""는 심경도 토로한 것으로 전해졌다.
국민의힘 장동혁 대표와 송언석 원내대표를 비롯한 의원들이 11월11일 서울 서초구 대검찰청 앞에서 검찰의 대장동 개발 비리사건 항소 포기와 관련해 규탄대회를 연 뒤, 노만석 검찰총장 대행과 면담을 요구하며 항의방문을 시도하고 있다. ⓒ 연합뉴스
野 ""국정조사·특검해야…李 재판 재개하라""
대장동 항소 포기로 검찰 전체가 벌집이 된 가운데 국민의힘 의원 40여 명은 이날 서초동 대검 청사 앞에서 검찰의 대장동 사건 항소 포기 관련 규탄대회를 열고 노 대행 사퇴와 국정조사 및 특검을 통한 진상규명을 촉구했다.
장동혁 대표는 규탄대회에서 ""단군 이래 최대의 개발 비리 범죄가 일부 무죄가 선고됐는데도 항소를 포기했다""며 ""김병기 더불어민주당 원내대표도 말한 것처럼 국정조사를 하고, 특검도 하자""고 주장했다. 이어 ""지금 즉시 법원은 이재명 대통령 재판을 재개해야 한다""며 ""그것이 대한민국을 구하는 유일한 길""이라고 강조했다.
송언석 원내대표는 ""용산과 법무부에 아부하느라 70년 검찰 역사의 자존심을 대장동 잡범들에게 팔아먹은 노만석을 강력히 규탄한다""고 성토했다. 그러면서 ""범죄자에게 수천억 원의 부당이득을 챙겨주고, 부당한 항소 포기에 항의하는 검사들을 항명으로 몰아붙이는 무도하고 파렴치한 정권""이라고 맹폭했다.
나경원 의원은 ""노 대행은 용산과 법무부를 고려했다며 단군 이래 최대의 정치 부역을 자백했다""며 ""즉각 사퇴해야 한다""고 말했다.
정성호 법무부 장관이 전날 항소 포기와 관련해 '대검에 신중히 판단해 달라는 의견을 전달했다'고 밝힌 데 대해 ""정 장관은 누구와 어떤 대화를 나눴고 그 지시를 어떻게 전달했는지 명명백백히 밝혀야 한다""고 촉구했다.
국민의힘 의원들은 규탄대회 직후 대검찰청을 항의 방문해 노 대행 면담을 시도했지만 노 대행이 출근하지 않아 불발됐다. 이후 박철우 반부패부장 면담을 요구했지만 대검은 이를 거부한 뒤 청사 정문을 봉쇄하고 의원들의 진입을 막았다.
대검 청사 정문에서 30분간 대치한 후 해산한 국민의힘 의원들은 이날 오후 과천 법무부 청사를 방문해 정성호 장관 면담을 요구할 예정이다."
164,‘대장동 항소 포기’에 대검·법무부 찾은 野… 여론전 총공세,"장동혁 “국조·특검해 李대통령 탄핵해야”
野, 국회에 당원 집결하는 규탄대회 계획
국민의힘이 검찰의 대장동 사건 1심 항소 포기와 관련해 여론전을 강화한다. 당 지도부와 소속 의원들이 대거 대검찰청과 법무부 등 장외로 나가 규탄대회를 개최했다. 국민의힘은 전국 당원들을 국회로 집결시켜 대규모 규탄대회를 여는 등 ‘대장동 항소 포기’를 발판 삼아 대여투쟁에 나설 계획이다.
국민의힘 장동혁 대표, 송언석 원내대표를 비롯한 의원들이 11일 서울 서초구 대검찰청 앞에서 검찰의 대장동 개발 비리사건 항소 포기와 관련해 규탄대회를 열고 있다./연합뉴스
국민의힘은 11일 오전 서울 서초구 대검찰청 앞에서 긴급 현장 규탄대회를 열었다. 국민의힘은 이날 오후에는 경기 과천시 법무부 청사를 찾아 검찰의 항소 포기에 개입한 의혹을 받는 정성호 법무부 장관의 사퇴를 촉구할 예정이다.
장동혁 국민의힘 대표는 규탄사에서 “단군 이래 최대의 개발 비리 범죄가 일부 무죄로 선고됐는데 검찰이 항소를 포기했다”며 “정 장관이 (검찰에게 항소를) 신중하게 결정하라고 했다는 말이 제 귀에는 조폭 두목의 ‘밤길 조심하라’는 말로 들린다”고 말했다.
이어 “이 모든 것은 이재명 대통령 때문이다. 김병기 민주당 원내대표가 말한 것처럼 국정조사를 하자. 특검(특별검사)도 하자”며 “지금 엉망으로 망가지는 대한민국을 구하는 건 이 대통령을 자리에서 내려오게 하는 것뿐이다. 국정조사와 특검 통해 이 대통령을 탄핵해야 한다”고 했다.
같은 당 송언석 원내대표는 “이번 항소 포기에서 가장 중요한 것은 7800억원이 넘는 성남 시민이나 국민 돌아가야 하는 자금이 대장동 일당의 배를 채워주는 데 보존 조치 됐다는 점”이라며 “이를 기소한 검사는 조작 기소로 몰아세우고, 부당한 항소 포기에 항의한 검사는 항명이라고 몰아붙이는 무도하고 파렴치한 정권이 바로 이재명 정권”이라고 말했다.
국민의힘은 오는 12일엔 국회 본관 앞 계단에서 전국 당원이 모이는 대규모 규탄대회를 개최할 예정이다. 국회의원과 당협위원장, 지방의원 등 당협별로 50~100명씩 참석하는 규탄대회를 열어 ‘대장동 1심 항소 포기’에 대한 공세를 이어가겠다는 전략이다. 더불어민주당이 국정조사나 특검을 받지 않을 가능성이 커 여론전에 집중하겠다는 의도도 담겼다.
국민의힘 원내 관계자는 “대장동 재판 항소 포기 사건은 국민적 여론이 가벼이 지나가지 않을 것으로 보고 있다”며 “항소 포기의 전모가 조금씩 드러나고 용산(대통령실)의 개입이 어느 정도 확실시되면 이 대통령에 대한 탄핵까지 이어질 수 있는 사안이라고 생각한다”고 말했다."
165,"나경원, 생방송 중 ""앵커가 정성호 대변인이냐, 왜 반박 강요""","지난 10월 16일 서울 여의도 국회에서 열린 법제사법위원회 감사원 등에 대한 국정감사에서 나경원 국민의힘 의원이 의사진행 발언권을 신청하고 있는 모습. 2025.10.16/뉴스1 ⓒ News1 이승배 기자
(서울=뉴스1) 박태훈 선임기자 = 나경원 국민의힘 의원은 대장동 사건 항소 포기 논란과 관련해 사실상 정성호 법무부 장관이 외압을 행사한 것이라며 정 장관과 법무부 차관, 검찰총장 대행 등 지휘부 5명에 대해 사퇴를 요구했다.
나 의원은 11일 YTN라디오 '김영수의 더 인터뷰'에서 정성호 법무부 장관이 ""검찰의 항소 포기는 문제없다"" ""성공한 재판과 수사였다"" ""신중하게 판단하라고 했을 뿐 (검찰에) 지침을 준 적 없다""고 한 말을 ""궤변 중 궤변이다""며 비판했다.
이어 ""예전에 이재명 대통령이 (정 장관에 대해) '끝까지 같이 갈 사람, 배신하지 않을 사람이다'고 했다""며 ""대통령과 사법연수원 18기 동기인 정성호 장관의 눈물겨운 대통령 지키기일 뿐이며 이는 사실당 외압을 자백한 것이다""고 날을 세웠다.
외압으로 판단한 배경에 대해선 ""수사 검사들 모두 만장일치 항소하기로 한 뒤 법무부 의견을 구하는 과정에서 '신중하게 판단하라'고 한 건 항소 불허를 말한 것 아닌가""라는 점을 든 뒤 ""어제 노만석 검찰총장 대행이 '용산과 법무부의 의견을 고려했다'고 이야기한 것""도 외압으로 본 이유라고 했다.
이에 진행자가 ""정성호 장관이 '검사가 남욱 변호사를 위협했다'며 검찰 수사 문제점도 지적했다""고 하자 나 의원은 ""앵커 질문을 보면 정성호 장관 대변인 같다. 정성호 장관이 '뭐라 했다'며 '반박하라'고 하냐""며 불편해했다.
나 의원은 ""이번 사건으로 검찰 항소권은 보장되지 않고 이재명 대통령 면죄권만 적용된 결과를 낳았다""며 ""검찰의 가장 굴욕적인 날이었고 검찰의 최대 정치 부역 스캔들인 만큼 이에 책임을 지고 정성호 장관, 노만석 검찰총장 대행, 이진수 법무부 차관, 정진우 서울중앙지검장, (박철우) 대검 반부패부장까지 5명 모두 사퇴해야 한다""고 압박했다."
166,"與, 장동혁 '李대통령 탄핵' 거론에 ""무책임한 선동 강력 규탄""","/TV조선 방송화면 캡처
더불어민주당은 오늘(11일) 장동혁 국민의힘 대표가 검찰의 대장동 재판 항소 포기가 정권의 외압이라고 주장하며 이재명 대통령 탄핵까지 거론한 데 대해 ""무책임한 선동""이라고 비판했다.
박경미 대변인은 논평에서 ""장 대표는 검찰의 항소 자제 결정을 마치 정권의 외압이나 비호에 의한 정치적 거래인 양 단정하며 검찰의 독립적 사법 판단을 폄훼했다""며 이같이 밝혔다.
이어 ""이는 사법 시스템 전체의 신뢰를 훼손하는 행위이자, 공당의 대표가 해서는 안 될 위험한 정치 프레임""이라고 밝혔다.
장 대표가 '정성호 법무부 장관이 검찰에 신중히 결정하라고 했다는 말이 조폭 두목이 밤길 조심하라는 말로 들린다'고 발언한 데 대해서도 ""극단적 비유까지 동원해 통상적·절차적 검토 과정을 악의적으로 왜곡하고 국민적 불신을 키우려는 의도를 명백히 드러냈다""고 지적했다.
또 ""나아가 장 대표는 '8000억 원 비리를 400억 원으로 둔갑시켰다'는 식의 자극적 표현을 반복하며 탄핵을 향한 정치 공세를 노골적으로 드러냈다""며 ""사법 절차에 대한 부당한 압박이며 여론 재판을 유도하려는 전형적인 정치적 노림수""라고 했다.
그러면서 ""민주당은 사실관계를 왜곡하고 사법 시스템을 흔들며 정치적 공세를 극대화하려는 국민의힘의 무책임한 선동과 포퓰리즘적 행태를 강력히 규탄한다""고 덧붙였다.
박 대변인은 ""정작 지금 국민이 원하는 것은 민생 위기의 시급한 해결이지만 국민의힘은 국가적 난제를 외면한 채 오로지 대통령 흠집 내기와 정쟁에만 몰두하고 있다""며 ""국정을 흔드는 정쟁을 즉각 중단하고 민생에 복귀하라""고 말했다."
167,"이달 초 평양 중심가서 대형화재 있었던 듯…""창고나 공장 전소""","美 북한 전문매체, 위성사진 분석해 보도
류경호텔 보이는 평양 중심부
기사 내용과 관련 없음. [연합뉴스 자료사진. 재판매 및 DB 금지]
(서울=연합뉴스) 신재우 기자 = 이달 2일 북한 평양 중심부에서 대형 화재가 발생해 공장이나 창고로 추정되는 건물이 잿더미가 됐다고 미국의 북한 전문 매체 NK뉴스가 10일(현지시간) 보도했다.
NK뉴스는 평양을 가로지르는 대동강 지류인 보통강 인근의 초고층 건물인 류경호텔과 조국해방전쟁승리기념관 근처를 촬영한 플래닛랩스(Planet Labs) 위성사진을 인용해 이같이 전했다.
지난 2일 오전 11시 50분에 찍힌 위성사진에는 보통강 북쪽 강둑에서 연기 기둥이 치솟는 장면이 담겼다.
적외선 데이터를 이용해 전 세계의 화재 발생 지점을 실시간으로 감지하는 미 항공우주국(NASA)의 화재정보자원관리시스템(FIRMS)도 같은 날 오전 10시 34분에 이 화재를 감지했다.
플래닛랩스와 NASA의 화재 감지 시간에 차이가 있다는 점을 감안하면, 이 화재는 진압 전에 상당 시간 지속된 것으로 보인다.
지난 3∼4일에 촬영된 위성사진에서는 전소된 건물 모습이 선명히 드러나 있다.
다만 북한에서는 이 화재에 대해 보도한 바가 없어 정확한 피해 상황을 확인하기는 어렵다.
위성사진 분석기업 SI-애널리틱스(SI-Analytics)도 지난 7일자 보고서에서 화재 전후의 모습을 담은 위성사진을 공개하고, 이 화재가 '대량의 가연성 물질을 취급하는' 소규모 공장과 관련이 있을 것이라고 추정했다.
북한 지리정보 분석가인 제이컵 보글은 NK뉴스에 화재가 난 건물은 소규모 창고나 공장이지 정부 건물은 아닐 것이라면서 ""무작위로 발생한 불꽃처럼 일상 작업 중 발생한 사고로 추정된다""고 말했다.
withwit@yna.co.kr"
168,"대통령실 '대장동 항소포기' 檢 일각 반발에 ""특별한 입장 없다""","뒤숭숭한 검찰 '총장대행 항소포기 경위 설명 요구'
(서울=연합뉴스) 김주형 기자 = 검찰의 대장동 개발 비리사건 항소 포기와 관련해 일선 검사장들이 노만석 검찰총장 권한대행에게 '항소포기 지시경위·근거' 등 상세 설명을 요구하는 입장문을 낸 10일 서울 서초구 서울중앙지방검찰청에 검찰기와 태극기가 펄럭이고 있다. 2025.11.10 kjhpress@yna.co.kr
(서울=연합뉴스) 임형섭 기자 = 대통령실은 11일 '대장동 재판 항소 포기'를　두고 검찰 일각에서 반발이 나오고 있는 것과 관련, ""대통령실은 이에 대해 특별한 입장이 없다""고 밝혔다.
대통령실 관계자는 이날 기자들을 만나 '검찰 내부의 반발 움직임에 대한 대통령실의 입장은 무엇이냐'는 질문에 이같이 답했다.
이 관계자는 '야당에서는 항소 포기 과정에서 대통령실과의 사전 교감이 있었다는 주장도 하는데 어떻게 생각하느냐'는 취지의 질문에도 ""대통령실은 어떤 입장도 없다""고 선을 그었다.
그러면서 ""야당에서 제기하는 정치적 의혹에 대해 대통령실을 출입하는 기자가 묻는 것은 적합하지 않다고 판단한다""고 덧붙였다.
hysup@yna.co.kr"
169,"박형준 ""국가 시스템 전체가 李 방탄 전락…민심의 배 뒤집어질 수 있어""","[서울=뉴시스] 김명년 기자 = 박형준 부산광역시장이 31일 오전 서울 여의도 글래드 호텔에서 열린 '국민의힘 부산광역시당-부산광역시 예산정책협의회'에서 박수치고 있다. 2025.10.31. kmn@newsis.com
[서울=뉴시스]김지훈 기자 = 박형준 부산시장은 11일 검찰의 대장동 개발 비리 사건 항소 포기에 대해 ""대한민국 시스템 전체가 (이재명 대통령) 방탄조끼로 전락하고 있다""고 했다.
박 시장은 이날 자신의 페이스북을 통해 ""부당한 검찰의 항소 포기는 완장 권력의 정치적 국가 포획""이라며 이같이 적었다.
박 시장은 ""지난 총선 때 유행했던 '비명횡사 친명횡재'라는 말이 생각난다""라며 ""검찰은 횡사 당했고 대법원도 위기에 처했다. 반면 김만배 일당은 친명횡재를 시현했다. 무려 7800억원의 횡재""라고 했다.
이어 ""민주당은 입법 권력에 이어 행정 권력을 장악한 후 국가 기구를 하나씩 둘씩 점령하고 합법을 가장해 대통령의 사법 리스크를 차례차례 해소하려 한다""라며 ""국회에서 압도적 박다수를 차지한 후 폭주를 거듭하더니 국가를 사유화하려 한다""고 했다.
그러면서 ""정권이 국가 포획의 폭주를 거듭한다면 민심의 배가 뒤집어질 수 있음을 알아야 한다""고 적었다."
170,"조국, 혁신당 당대표 단독 후보 확정… 23일 전당대회","최고위원엔 정춘생·신장식 등 도전
조국 조국혁신당 전 비상대책위원장이 10일 서울 여의도 국회 소통관에서 당대표 출마선언을 마친 뒤 취재진의 질의에 답하고 있다. 고영권 기자
조국 전 조국혁신당 비상대책위원장이 혁신당의 새 지도부 선출을 위한 전당대회 당대표 후보에 단독 입후보했다.
혁신당은 10일 '2025 조국혁신당 전국당원대회'에 출마하는 후보자 등록이 이날 오후 6시에 마감됐다며 이같이 밝혔다. 최종 2인을 선출하는 최고위원 후보로는 임형택 익산시공동지역위원장, 정춘생 정책위원회 의장, 정경호 전 한국로슈 노동조합 위원장, 신장식 의원(기호 순) 등 총 4명이 입후보했다.
혁신당은 11일 오전 10시 30분 서울 여의도 국회에서 '2025 전국당원대회 출발식'을 열어 공식 선거 일정을 시작할 예정이다. 이후 2주간 혁신 검증 대담회와 온라인 공개 토론회 등을 거쳐 23일 전당대회를 통해 새 지도부를 선출하게 된다.
김형연 전국당원대회준비위원장은 ""이번 전당대회는 단순한 지도부 선출을 넘어, 당의 혁신적 체질 개선과 조직문화 쇄신을 완성하는 역사적 출발점이 될 것""이라며 ""혁신당은 국민과 함께하는 정당, 실천하는 민주주의의 모델로 나아가겠다""고 밝혔다."
171,"대통령실, 대장동 항소 포기 논란에 거리 둔 채 ""국정 현안 챙기기도 바쁜 상황""","""이 대통령, 사후 보고만 받아""
""검찰, 민주당 정부에만 큰 목소리 내는 데 책임 물어야""
이재명 대통령이 4일 서울 용산 대통령실 청사에서 열린 국무회의에서 자료를 살펴보고 있다. 뉴시스
검찰의 '대장동 항소 포기'가 정치적 쟁점으로 떠오른 가운데 논란의 중심에 선 대통령실은  말을 아꼈다. 개입하는 순간 야권이 부각하려는 이재명 대통령의 '사법 리스크' 프레임에 엮일 수밖에 없다는 판단에 따른 '거리두기'로 풀이된다. 그러나 물밑에서는 검찰이 더불어민주당 정부를 가볍게 본다는 불쾌감도 감지된다.
대통령실은 10일에도 대장동 항소 포기와 관련해 아무런 입장을 내놓지 않았다. 다만 대통령실이 검찰의 항소 포기 배후에 있을 것이란 야당 일각의 주장에는 분명히 선을 그었다. 대통령실 핵심 관계자는 한국일보에
""대장동 항소 여부에 관심을 둘 만큼 한가하지 않다""
며 ""야당에서 어떻게든 끼워넣으려고 하는데 (국정운영 현안이 많아) 그런 일에 한눈을 팔 짬이 나지 않는다""고 말했다.  또 다른 대통령실 관계자도 ""이 대통령은 항소 포기 건을 사후에 보고받았다""고 선을 그었다.
'대통령실은 이번 사안과 무관하다'는 입장조차 내지 않는 것은 항소 포기 사안을 대통령실이 언급하는 순간 '사법 리스크' 프레임에 끌려갈 수밖에 없다는 우려 때문이다. 앞서 강훈식 대통령 비서실장이 민주당이 추진했던 이 대통령 재판에 대한 '재판중지법'을 중단시키며 ""대통령을 정쟁에 끌어들이지 말라""고 경고했던 것과 같은 맥락으로 풀이된다.
일부 물밑에서는 검찰을 향한 격앙된 반응도 감지된다. 여권의 한 고위 관계자는
""윤석열 정권에서 이 대통령에 대한 조작 기소에 앞장섰던 검사들이 항소 포기 건에 정의의 사도처럼 행세하는 것을 보면 어이가 없다""면서 ""김건희씨가 연루된 도이치모터스 주가조작 사건을 윤 정부가 뭉갤 때는 가만히 보고만 있었던 검찰이 민주당 정부가 되자 큰 목소리를 내는 데 대해 책임을 물어야 한다""
고 말했다.
이 대통령의 재판 논란은 정권 후반으로 갈수록 부담이 커질 수밖에 없기 때문에 이번 계기에 논란을 털고 가자는 목소리도 나온다. 여권의 또 다른 관계자는 ""대통령실이 전면에 나설 일은 아니다""라면서도
""이참에 문제의 본질이 정치 검찰의 무리한 기소인지, 아니면 부당한 항소 포기인지 가려볼 필요
가 있다""고 목소리를 높였다."
172,"국힘, '항소 포기' 법무부·대검 내일 항의 방문‥""정성호·노만석 사퇴해야""","국민의힘은 검찰의 대장동 사건 항소 포기와 관련해 내일(11일) 대검찰청과 법무부에 항의 방문할 예정입니다.
송언석 원내대표는 오늘 오후 국회에서 열린 의원총회 직후 기자들과 만나 ""우리 국민의힘에서는 원내외를 통틀어서 국민과 함께 이 중차대한, 항소 포기라고 하는 사태에 대해서 좌시하지 않겠다는 결의를 모았다""며 ""내일 우리 의원님들이 함께 대검찰청과 법무부에 항의 방문을 할 것""이라고 밝혔습니다.
그러면서 ""향후 이 부분에 대해서 정부의 반응이 없을 경우 추가적으로 어떻게 진행할지에 대해선 좀 더 논의하기로 했다""면서 ""정성호 법무부 장관과 노만석 검찰총장 직무대행을 비롯한 항소 포기 외압과 관련된 관계자 전원이 즉각 사퇴해야 한다는 데 의견을 모았다""고 강조했습니다.
이어 ""어제 김병기 민주당 원내대표가 국정조사, 청문회, 상설특검을 할 수 있다고 했다""며 ""본회의에서 현안 질의, 국정조사를 하는 방안에 대해서는 여야 간 즉각 협의하자는 데 총의를 모았다""고 설명했습니다.
송 원내대표는 장동혁 대표가 언급한 '이재명 대통령 탄핵 추진' 가능성에 대해서는 ""이번 항소 포기 외압의 몸통이 이재명 대통령이라는 데 대해서는 모두가 인식을 함께했다""며 ""지금 당장 탄핵을 추진할 것인지는 의원들과 좀 더 논의하는 방향으로 정리했다""고 전했습니다."
173,"민주, 장동혁 '李대통령 탄핵'에 ""정쟁 위한 언어폭력""","핵심요약
박경미 ""정성호 발언 '조폭 두목' 비유, 악의적 왜곡""
""탄핵 향한 정치공세…사법 절차 압박이자 여론재판 유도""
장동혁, 대검 앞 규탄대회서 ""국조·특검 통해 李 탄핵"" 거론
국민의힘 장동혁 대표가 11일 경기 과천시 법무부 청사 앞에서 열린 대장동 항소 포기 규탄대회에서 발언하고 있다. 연합뉴스
더불어민주당은 11일 국민의힘 장동혁 대표의 '이재명 대통령 탄핵' 주장을 일축하며 ""정쟁을 위한 극단적 언어폭력""이라고 규정했다.
민주당 박경미 대변인은 이날 서면브리핑에서 ""사실관계를 왜곡하고 사법 시스템을 흔들며 정치적 공세를 극대화하려는 국민의힘의 무책임한 선동과 포퓰리즘적 행태를 강력히 규탄한다""며 이같이 밝혔다.
박 대변인은 ""정성호 법무부 장관의 '신중 검토' 발언을 두고 '조폭 두목'을 등장시킨 극단적인 비유까지 동원한 것은 통상적인 절차적 검토 과정을 악의적으로 왜곡하여 국민적 불신을 키우려는 의도를 명백히 드러냈다""며 ""정쟁을 위한 극단적인 언어 폭력은 즉각 중단되어야 한다""고 말했다.
또한 장 대표가 이 대통령의 탄핵을 거론한 데 대해 ""'8천억 원 비리를 400억 원으로 둔갑시켰다'는 식의 자극적 표현을 반복하며, 탄핵을 향한 정치 공세를 노골적으로 드러냈다""며 ""법원의 판단이 확정되지 않은 사안에 국정조사와 특검을 덧씌우겠다는 주장은 사법 절차에 대한 부당한 압박이며 여론재판을 유도하려는 전형적인 정치적 노림수""라고 일축했다.
앞서 장 대표는 이날 오전 대검찰청 앞에서 국민의힘이 주최한 검찰의 대장동 사건 항소 포기 규탄대회에서 ""엉망으로 망가지는 대한민국을 구할 방법은 딱 하나""라며 ""이재명 대통령이 자리에서 내려오게 하는 것뿐이다. 국정조사와 특검을 통해 이재명을 탄핵해야 한다""고 말했다.
그가 특정 사안에 대해 '탄핵 사유'라는 표현을 쓴 적은 있었지만, 직접적으로 이 대통령의 탄핵을 거론한 것은 이번이 처음이다.
※CBS노컷뉴스는 여러분의 제보로 함께 세상을 바꿉니다. 각종 비리와 부당대우, 사건사고와 미담 등 모든 얘깃거리를 알려주세요.
이메일 :
jebo@cbs.co.kr
카카오톡 :
@노컷뉴스
사이트 :
https://url.kr/b71afn"
174,"“대장동 항소포기 외압 정성호·노만석 사퇴” 국힘, 내일 법무부·대검 항의방문","국힘 의총서 “정성호 법무장관·노만석 대검차장 즉시 사퇴” 총의 모아
법무·대검 찾는 현장서 규탄대회도 예고…“이재명 대통령 몸통 인식”
대장동 수사팀 겨눈 민주 국조·청문회·특검론엔 “여야 즉각 협의하자”
송언석 “‘항명’이든 ‘외압’이든 출석 대상 고위관계자 같다” 與 되치기
국민의힘이 ‘성남 대장동 개발비리 1심 검찰 항소포기’ 권력발 외압 의혹을 계기로 11일 법무부와 대검찰청을 항의방문하고 현장 규탄행사를 갖기로 했다.
송언석 국민의힘 원내대표는 10일 오후 국회에서 당 의원총회를 마친 뒤 기자들을 만나 “의원들 총의를 모았다. 대부분 만장일치로 이번 항소포기 사태는 대한민국 사법체계를 파괴하는 굉장히 중차대한 사건이란 점에 동의했다”며 “정성호 법무부 장관과 노만석 검찰총장 직무대행(대검 차장)을 비롯한 항소포기 외압 관계자들 전원 즉각 사퇴해야한다는 의견을 모았다”고 밝혔다.
송언석 국민의힘 원내대표가 10일 국회 본청에서 열린 당 의원총회에서 검찰의 대장동 개발 비리사건 항소포기 외압 의혹을 규탄하는 발언을 하고 있다.<연합뉴스 사진>
그는 “이와 관련해 내일 의원들이 대검과 법무부에 항의방문할 것이고 시각을 조율 중”이라며 “현장에서 규탄대회가 열릴 것”이라고 전했다. 또 “어제 김병기 더불어민주당 원내대표가 국정조사·청문회·상설특검 할 수 있다고 했기에 오늘 의원들이 ‘우리도 좋다, 무엇이든 다 할 수 있다’고, ‘본회의 현안질의를 하든 국조를 하든 방안을 여야가 즉각 협의하자’고 총의를 모았다”고 했다.
장동혁 당대표가 이번 사건이 이재명 대통령 탄핵 사유가 된다고 주장한 데 대해선 “이번 항소포기 외압의 몸통이 이 대통령이란 점은 모두가 인식을 함께 했다”면서도 “지금 당장 탄핵을 추진할지는 의원들과 조금 더 논의하는 방향으로 정리했다”고 일단 선을 그었다. ‘여·야 간 국조·특검을 주장하는 논거가 충돌한다’는 취지의 질문엔 “충돌한다고 생각하지 않는다”며 끌어당겼다.
송언석 원내대표는 “민주당에선 ‘항명’이란 표현을 썼는데 항명이라 하더라도 수사담당자와 최종결재를 해야만 하는 총장 직무대행(대검 차장)과 반부패부장, 그에 (항소를) ‘신중하게 검토하라’고 지시한 정성호 장관은 이 부분과 관련해 국조 대상”이라며 “봉욱 대통령실 민정수석에게도 관련 전화했단 기사가 있다고 기억하는데 사안을 확인하기 위해 국조 대상이 돼야한다”고 했다.
그는 “반면 우리는 항명 부분이 아니라, 항소포기 그 자체가 외압에 의한 것으로 보기 때문에 외압 실체를 규명하기 위해 그분들이 출석해야 한다고 생각한다”며 “결과적으로 (목적이) 어떻든 출석해야할 고위관계자는 일치할 것으로 보는 게 적절하다”고 했다. 한편 최은석 원내수석대변인은 대검·법무부 항의방문 이후로도 오는 12일쯤 당 주도의 규탄집회 개최를 검토하고 있다고 전했다."
175,"이 대통령 ""'현수막 정당'도 있다더라... 아무 데나 막 다는 특혜법 없애야""","'혐오 조장' 정당 현수막 관련 법안 개정 지시
법무장관에 혐오 발언 처벌 강화 방안 주문도
이재명 대통령이 11일 용산 대통령실 청사에서 열린 국무회의에서 발언하고 있다. 대통령실통신사진기자단
이재명 대통령은 11일 현재 별다른 제한 없이 걸 수 있는 정당 현수막에 대한 고강도 규제 추진을 지시했다. 혐오를 조장하는 현수막이 우후죽순 내걸리며 악용되고 있다는 이유에서다. 하지만 이전 정부에서 더불어민주당이 발의해 여야 합의로 통과된 정당 현수막 규제 완화 법안이 정권 교체 이후 다시 제한되는 모양새로 비칠 수 있어 '표현의 자유 침해' 논란이 예상된다.
이 대통령은 이날 용산 대통령실에서 열린 국무회의에서 ""사실인지 아닌지 모르겠는데 현수막을 달기 위한 정당을 만들고 있더라""며 ""저질스럽고 수치스러운 내용의 현수막이 당에서 그런 거라고 철거를 못한다고 한다""고 지적했다. 그러면서
""그것은 최초의 입법 취지에서 완전히 벗어난 악용 사례""
라고 비판했다.
정당법상 정당은 1개 동마다 2개씩 현수막을 달 수 있다. 정당만 설립하면 누구나 어떤 내용으로든 현수막 게시가 가능한 현행법이 악용되고 있는 점을 지적한 것으로 보인다. 이 대통령은 ""현행법 안에서 정당이라고 해서 현수막을 거의 무제한으로 걸 수 있다""며 ""현수막을 걸기 위한 정당을 만들기도 하고, 그게 무슨 종교 단체와 관계가 있다는 설도 있다""고 강조했다. ""교통사고 위험도 크고 보기 너무 안 좋다""고도 덧붙였다. 일반 시민들이
무분별한 정당 현수막에 담긴 혐오 표현에 더 많이 노출될 수밖에 없다는 문제 의식
을 내비친 것이다.
2024년 2월 인천 미추홀구 주안역 인근에 정당 현수막들이 난립해 있다. 인천시 제공
안규백 국방부 장관은 이에 ""정당 현수막이 혐오를 유발하고 교육에 역효과가 있다""며 부작용을 거론하자, 이 대통령은
""이걸 허용하는 것을 이제는 안 하는 걸로 바꿔야 할 것 같다""며 관련 법 개정을 위한 민주당과의 당정 협의를 지시
했다. 정성호 법무부 장관은 이 대통령의 지시에  ""정당 활동의 자유, 표현의 자유 문제라고 하지만 질서와 공익을 제한할 수 있기 때문에 그 법(옥외광고물법 또는 정당법) 아래에다 '정상적인 목적과 활동에 위배되는 현수막은 달 수 없다'고 하면 입법이 될 것""이라고 했다.
하지만 이 대통령은 ""(정상적인 목적이라는) 주관적 평가가 들어간다""며
""정당이라고 해서 아무 데나 막 달 수 있게 하는 거 아니냐. 그 법을 없애야 한다. 특혜법""
이라며 강력한 대책 마련을 촉구했다.
현수막은 지정된 게시대 이외 장소에 달기 위해선 지방자치단체의 허가를 받아야 한다. 하지만 2022년 국회의 옥외광고물법 개정으로 정당이 거는 현수막은 규제 대상에서 제외됐다. 당시 법안 대표발의자는 김민철 민주당 의원이었고, 국민의힘도 반대하지 않았다. 하지만 법 개정 이후 '현수막 공해'라는 지적이 쏟아지면서 국회는 정당 현수막을 읍면동 별 최대 2개씩만 걸 수 있게 제한하는 법을 2023년 말 통과시켰다. 이 대통령의 발언은 게시대 외에 읍면동별로 최대 2개씩 걸 수 있는 현행 조항도 특혜라는 뜻으로 보인다.
""혐오·차별은 추방해야 할 범죄""... 엄중 처벌 방침
이 대통령은 또 ""우리 사회 일부에서 인종, 출신, 국가 등을 두고 시대착오적 차별과 혐오가 횡행하고 있다""며
""인종 혐오나 차별, 사실관계를 왜곡·조작하는 잘못된 정보 유통은 민주주의와 일상을 위협하는 행위로 추방해야 할 범죄""
라며 엄중 처벌 방침을 밝혔다.
그러면서 정당 현수막 외에 고위 공직자나 공공단체장의 혐오 발언도 거론했다. 이 대통령은 ""얼마 전 어떤 기관장이 '하얀 얼굴, 까만 얼굴' 이런 얘기를 했다. 있을 수 없는 일을 하고도 멀쩡히 살아있더라""며 이에 대한 제재 강화 방안도 신속하게 추진해 줄 것을 촉구했다. 최근 김철수 대한적십자사 회장이 주한 외교사절 행사 뒤 직원들에게  '얼굴이 새까만 사람들만 모였더라' 등의 발언을 해 논란이 된 점을 염두에 둔 것으로 풀이된다.
이 대통령은 이 과정에서 정 장관에게
""혐오 발언 처벌을 위해 형법을 개정할 때 '사실 적시에 의한 명예훼손죄'를 폐지하는 방안을 검토해달라""
며 ""(허위사실이 아닌) 실제 있는 사실에 관해서 얘기한 것은 형사로 처벌할 일이 아니라 민사로 해결할 일인 것 같다""고 지시했다."
176,"국힘, 정성호·노만석 사퇴 촉구…내일 대검·법무부 항의방문(종합)","송언석 ""즉각 국정조사 협의""…추가 규탄집회도 검토
'檢에 신중판단 얘기' 정성호 해명에 ""대장동 변호인인가…외압 자백""
송언석, 대장동 개발 비리사건 항소 포기 규탄 발언
(서울=연합뉴스) 황광모 기자 = 국민의힘 송언석 원내대표가 10일 국회에서 열린 의원총회에서 검찰의 대장동 개발 비리사건 항소 포기를 규탄하는 발언을 하고 있다. 2025.11.10 hkmpooh@yna.co.kr
(서울=연합뉴스) 김치연 노선웅 기자 = 국민의힘 송언석 원내대표는 10일 검찰의 대장동 사건 항소 포기와 관련해 정성호 법무부 장관과 노만석 검찰총장 권한대행의 사퇴를 촉구했다.
송 원내대표는 이날 국회에서 의원총회를 마친 뒤 ""정 장관과 노 권한대행을 비롯한 항소 포기 외압과 관련된 관계자 전원이 즉각 사퇴해야 한다는 점에 의견을 모았다""며 ""이와 관련해 내일 의원들이 함께 대검찰청과 법무부을 항의 방문하기로 했고, 시각을 조율 중""이라고 말했다.
그는 ""이번 항소 포기 사태의 몸통이 이재명 대통령이라는 점에 대해선 모두가 인식을 함께했다""며 ""지금 당장 (이 대통령에 대한) 탄핵을 추진할 수 있을 것인지에 대해선 의원들과 좀 더 논의하는 방향으로 정리했다""고 설명했다.
송 원내대표는 더불어민주당 김병기 원내대표가 전날 대장동 수사와 관련한 국정조사·청문회·상설특검을 제안한 점에 대해선 ""'우리도 좋다, 무엇이든 다 할 수 있다'고 의원들의 의견을 모았다""고 전했다.
그러면서 ""가장 빨리 할 수 있는 방안이 있다면 본회의 현안질의나 국정조사를 하는 방안에 대해 여야가 즉각 협의하자고 총의를 모았다""고 부연했다.
최은석 원내수석대변인은 향후 대응 방안에 대해 ""여러 의원이 적극적인 장외투쟁까지도 말했는데 내일과 모레 진행하면서 추가 논의를 이어가기로 했다""며 ""모레쯤 당원들이 모여 추가로 규탄 집회를 하는 것을 검토하고 있다""고 말했다.
송 원내대표는 이날 의총 모두발언에서 정 장관이 이날 출근길 도어스테핑(약식 문답)에서 항소 포기와 관련해 '처음에는 항소 여부를 신중히 알아서 판단하라고 얘기했다'고 발언한 데 대해 ""검찰을 지휘하는 법무장관의 발언인지 대장동 범죄 집단의 변호인인지 구분이 가지 않는다. 길고 긴 장광설의 요지는 결국 '외압 자백'""이라고 비판했다.
아울러 ""범죄자 집단의 배만 불려주는 항소 포기는 최악의 결정""이라며 ""항소 포기 자체가 또 다른 배임이고 직무 유기, 법치에 대한 자해행위""라고 지적했다.
chic@yna.co.kr"
177,‘대장동 항소 포기’ 반발 대검 찾은 국민의힘…“노만석 대행 사퇴하라” [현장영상],"'대장동 항소 포기'에 반발해 대검찰청을 찾은 국민의힘은 노만석 검찰총장 권한대행의 사퇴를 촉구하며 노 대행에 대한 수사가 필요하다고 강조했습니다.
송언석 원내대표는 오늘(11일) 서울 서초구 서초동 대검찰청을 앞에서 열린 '긴급 현장 규탄대회'에 참석해 노 대행을 향해 ""권력의 바람 앞에 자기 스스로 발랑 드러누워 버렸다""며 이같이 밝혔습니다.
송 원내대표는 노 대행을 향해 ""검찰의 관뚜껑에 손수 못을 박아버린 자는 바로 비겁하고 비굴한 검찰총장 직무대행""이라며 ""검사라는 호칭도 아깝다""고 비판했습니다.
이어 ""후배 검사들의 정당한 항소 요구를 아무런 설명도 없이 뭉개 버렸다""며 ""검사로서의 인생에 자존심도 없단 말인가""라고 말했습니다.
송 원내대표는 또 ""노 대행의 선배였던 심우정 전 검찰총장은 윤석열 대통령 구속 취소 당시 즉시 항고를 포기한 이유로 특검의 수사까지 받았다""며 ""그렇다면 노 대행도 대장동 일당 항소 포기 결정으로 수사받아야 하지 않겠나""라고 밝혔습니다.
아울러 ""대장동 비리 사건의 몸통, 이번 항소 포기 사태의 진정한 몸통, 대장동 그분은 바로 '대장동은 내가 설계했다'고 자신 있게 얘기했던 이재명 대통령 바로 그분""이라고 주장했습니다.
아울러 이번 항소 포기 결정에 반발하는 검사들을 향해 ""여러분들의 항의는 항명이 아니라 정의를 바로 세우기 위한 항거""라며 ""부당한 지시에 당당히 맞서 싸우고 정당한 국민의 목소리를 대변해달라""고 덧붙였습니다.
규탄대회에는 장동혁 대표 등 국민의힘 지도부와 의원 20여 명이 참여했으며, 의원들은 '이재명 정권의 부역자 노만석은 사퇴하라'라는 구호를 외쳤습니다.
국민의힘 지도부는 항소 포기 경위를 확인하기 위해 노만석 검찰총장 대행과의 면담을 요청했지만 노 대행이 연가 중이라 불발됐습니다.
■ 제보하기
▷ 전화 : 02-781-1234, 4444
▷ 이메일 : kbs1234@kbs.co.kr
▷ 카카오톡 : 'KBS제보' 검색, 채널 추가
▷ 네이버, 유튜브에서 KBS뉴스를 구독해주세요!"
178,"대장동 항소포기에 홍준표 ""윤·한 같은 정치검사 탓""…한동훈 ""탈영병은 입 다물라""","홍준표 비판에 한동훈 곧바로 응수
'한동훈 비대위' 시절부터 설전 벌여
보수 진영 내 대표적인 앙숙이자 검찰 선후배였던 홍준표 전 대구시장과 한동훈 전 국민의힘 대표가 '대장동' 사건 관련해 온라인상에서 설전을 벌였다. 11일 홍 전 시장은 사회관계망서비스(SNS) 통해 ""요즘 검사들은 월급 받는 샐러리맨에 불과하지, 기개라는 건 찾을래야 찾아볼 수가 없다""고 운을 뗐다.
한동훈 국민의힘 전 대표와 홍준표 전 대구시장. 아시아경제DB
이어 그는 ""검찰의 사명은 거악의 척결인데, 악의 인질이 돼 헤매다가 해체당하는 검찰은 도대체 뭐란 말인가""라고 지적했다. 대장동 개발 비리 사건 항소 포기와 검찰청 폐지 등 현안과 관련해 검찰 내부 반발이 크지 않다는 점을 꼬집은 것이다. 그러면서 그는 ""검사들이 저 지경이 되고 검찰조직이 해체됐는데도 아무런 저항도 하지 않고 각자도생에 급급한 모습을 보이는 건 아무래도 윤석열, 한동훈 같은 검찰을 망친 정치 검사들의 탓이 아닌가 보인다""고 화살을 돌연 한 전 대표에게로 돌렸다.
홍 전 시장의 도발에 한 전 대표도 곧바로 대응에 나섰다. 한 전 대표도 자신의 SNS에 ""이재명 정권에 겁먹고 탈당해 도망간 '탈영병 홍준표'는 입 좀 다물라""고 응수했다. 한 전 대표는 ""지금 다들 싸우고 있는데, 이재명 정권에는 찍소리도 못한다""고 직격했다. 같은 당에 속해 있으면서도 '앙숙'으로 불렀던 두 사람의 악연은 지난해 '한동훈 지도부' 체제 때로 거슬러 올라간다. 한 전 대표가 국민의힘 비상대책위원장이던 시절 윤석열 전 대통령과 마찰을 빚은 '당정 갈등'이 불거지자 홍 전 시장은 SNS를 통해 한 전 대표를 맹비난한 바 있다. 이후 이들은 제21대 대통령 후보를 앞두고 국민의힘 경선 경쟁자로 만나 서로를 향해 독설을 퍼붓기도 했다."
179,"""민주당 정권을 호구로 보나""…與, 검찰과 전쟁 선포 맞불","정청래 더불어민주당 대표가 11일 오전 경기 광주시 곤리암리조트에서 열린 '2025 더불어민주당 전국 지역위원장 워크숍'에서 발언을 하고 있다. 뉴스1
‘대장동 항소 포기 논란’으로 수세에 몰린 더불어민주당이 11일 일제히 꺼낸 든 키워드는 역시 ‘내란 종식’과 ‘검찰 개혁’이었다.
정청래 민주당 대표는 이날 페이스북에 “내란범들은 최고 형량으로 뿌리째 뽑아야 한다”며 “내란에 동조하거나 내란을 옹호하는 자들은 무관용 원칙으로 처벌해야 한다”고 썼다. 지난 2일 ‘대통령 재판중지법’ 급발진 소동 이후 취임 100일 기자회견도 건너뛴 채 저공비행을 이어온 지 일주일 여 만에 낸 대외적 메시지였다.
이날 끝난 전국 지역위원장 워크숍 결의문에도 민주당은 “완전한 정권 교체, 완전한 내란 청산, 완전한 국가 정상화를 이루겠다”는 내용을 담아 참석한 254명 원내외 인사가 함께 외쳤다.
민주당은 노만석 검찰총장 대리 등의 항소 포기 책임론을 제기하는 일군 검사들의 목소리를 ‘집단 항명’으로 규정하고 조사 필요성을 강조하고 있다. 정 대표는 “김건희, ‘그대 앞에만 서면 나는 왜 작아지는가’란 노래 가사처럼 초라하고 볼품없던 검사들. 갑자기 힘이 솟았나. 조작 기소, 집단 항명한 검사들은 국정조사 등 강력한 조치가 필요함”이라는 별도의 글을 올렸다.
김병기 원내대표도 이날 국회에서 기자들과 만나 “어떤 공무원이 외부에 이렇게 얘기를 하느냐. 평검사까지 대놓고 해보자는 거냐. 전부 다 징계 처리해야 한다”며 “진짜 가만 안 있겠다. 민주당이 시쳇말로 호구라고 생각하나 보다”라고 했다. 당 핵심 관계자는 통화에서 “검찰과의 전쟁은 이제 시작”이라며 “노무현 때도, 문재인 때도, 우리를 만만하게 보는 건가. 이번에는 절대 못 넘어간다”고 말했다. 민주당에선 “검찰 개혁의 마지막 과제는 정치 검사 청산”(전현희) “집단행동은 있을 수 없는 일이고, 검란”(서영교)이라는 비난도 쏟아졌다.
이를 위해 민주당은 국정조사·청문회 등 가용 수단을 총동원하겠다는 방침이다. 국정조사는 ▶대장동·대북송금 조작 기소 ▶대장동 피고인 남욱 변호사에 대한 회유·협박 ▶항소 포기에 대한 검찰의 집단적 반발을 중심으로 추진할 계획이다. 일각에서 거론했던 ‘상설특검’은 “재판 중인 사항은 특검 대상으로 삼을 수 없어 오히려 국정조사보다 범위가 좁아진다”(원내 관계자)는 이유로 일단 보류 중이다.
이날 여야 지도부는 국정조사 실시 방안에 대해서 논의했으나, 접점을 이루지는 못했다. 문진석 민주당 원내수석부대표가 브리핑에서 “조작 기소와 항명, 항소 자제에 대한 국정조사는 추후 계속 논의하겠다”고 하자, 유상범 국민의힘 원내수석부대표가 “발언을 정정해야 한다. 항소 포기 외압으로 해야 실체에 맞다”고 하면서 양측 신경전도 벌어졌다.
정청래 더불어민주당 대표가 11일 오전 경기 광주시 곤리암리조트에서 열린 '2025 더불어민주당 전국 지역위원장 워크숍'에서 결의문을 낭독하고 있다. 뉴스1
항소 포기의 역풍을 막기 위해선 맞불이 불가피하다는 게 민주당의 판단이다. 당 지도부 의원은 통화에서 “(항소 포기로)사실 굉장히 곤혹스러운 상황”이라며 “선제적으로 방어하지 않으면 프레임을 선점당해 밀릴 수밖에 없다”고 말했다. 그러면서 “현재로선 항명 단죄가 유효한 카드”라고 말했다.
강성 지지층의 온라인 여론도 맞불 대응의 배경으로 작용하고 있다. 특정 이슈가 발생할 때마다 이재명 대통령과 여당의 온도 차에 따라 분화하던 여권 지지층의 게시판 여론은 ‘반(反) 검찰’ 노선으로 재합류하고 있다. 정 대표 등에게 유리한 프레임을 제공해 온 ‘딴지일보 게시판’에선 이날 “검찰 바퀴벌레들 이때다 하고 기어 나오니 이번 기회에 때려잡아야 한다”는 등의 글이, 정 대표에게 반감을 표출하던 ‘이재명은 합니다 갤러리’에서도 “조작 수사 검사들 반란죄는 사형”이라는 글이 주종을 이뤘다"
180,국회 법사위 38분 만에 정회…'대장동 항소 포기'두고 여야 격론,"野 ""항소 포기 정치적 외압 밝혀내야""
與 ""검찰의 조작 기소가 더 문제""
증인 채택 두고 공방 벌이다 정회
11일 서울 여의도 국회에서 열린 법제사법위원회 전체회의에서 추미애 위원장이 정회를 선포하고 있다. 이날 국민의힘 소속 위원들은 대장동 사건 항소 포기와 관련해 정성호 법무부 장관의 출석하지 않은 것에 대해 항의했다. 연합뉴스
검찰의 '대장동 개발 비리 사건 항소 포기'와 관련해 국민의힘 요구로 11일 국회 법제사법위원회 전체회의가 열렸으나 여야 간 상반된 입장차만 확인한 채 맹탕으로 마무리됐다.
회의 안건과 증인 채택 등을 두고 양당의 입장이 갈리자 추미애 법사위원장은 개회 38분 만에 정회를 선포했다.
전체회의에선 국민의힘이 요구하는 '현안질의 개최의 건'이 상정되지 않아 여야 의원들의 의사진행 발언이 주를 이뤘다. 국민의힘은 검찰의 항소 포기 결정에 관한 현안질의를 요구했으나 민주당이 받아들이지 않았기 때문이다.
국민의힘 의원들은 검찰의 항소 포기는 불법적 지시이며 수사기관의 독립성을 훼손하는 일이라고 지적했다. 그러면서 국회 차원의 제대로 된 진상 규명을 위해선 관계자가 모두 나와서 정상적인 회의를 열어야 한다고 밝혔다.
곽규택 국민의힘 의원 ""민주당의 주장대로 대장동 사건이 조작된 기소라고 주장하려면 법사위를 정상적으로 열어야 한다""며 ""서로 간에 말도 안 맞는 이야기를 하면서 비정상적이 회의를 진행하는 것은 추미애 위원장의 직무유기""라고 말했다.
반면 더불어민주당 의원들은 항소 포기가 타당하며 검찰의 기소 자체가 잘못됐다고 주장했다. 특히 이번 항소 포기 결정과 이재명 대통령의 대장동 재판은 무관하다고 선을 그었다. 이 대통령 사건은 이 건과 별개로 기소돼 있으나 현재는 불소추특권으로 재판이 중지된 상황이다.
김기표 민주당 의원은 ""이 대통령이 나중에 재판을 받아도 이번에 항소포기로 인한 영향은 안 미친다""며 ""추징금은 국민의힘 소속 시장이 있는 성남도시공사에서 진행하는 손해배상청구로 충분히 해결할 수 있다""고 했다.
이날 회의에서 나경원 국민의힘 의원 등은 안건 채택 없이 회의를 연 추 법사위원장에 대한 비판의 목소리도 높였다. 그러자 추 위원장은 나 의원에게 의사진행발언 기회를 주지 않았고, ""오늘 안건과 일정 등에 관해 국민의힘이 협의거부를 해왔다""며 회의 안건과 진행 등을 여야가 협의하라는 조건을 달고 정회를 선포했다.
이후 나 의원은 긴급 기자회견을 열고 ""정성호 법무부 장관 등 간부 4명과 수사·공소 검사 4명을 부르자고 하니 이를 거부한 건 민주당""이라며 ""(추 위원장이) 국회법에 따른 국회의 개의 요구에 대해서 억지로 시늉만 하며 진실을 가리고 싶은 것""이라고 반박했다. 법사위는 12일 오전에도 회의가 예정돼 있다.
나경원 의원 등 국민의힘 법제사법위원회 위원들이 10일 서울 여의도 국회에서 '대장동 사건 항소 포기' 관련 긴급 현안 질의 개회 요구 등과 관련 기자회견을 하고 있다. 연합뉴스"
181,"국민의힘, 대검 앞서 ‘항소 포기’ 규탄…“노만석 대행 사퇴하라”","국민의힘 의원 50여 명이 오늘(11일) 오전 서초동 대검찰청 청사 앞에서 검찰의 대장동 사건 항소 포기에 대해 규탄대회를 열고 노만석 검찰총장 직무대행의 사퇴를 촉구했습니다.
장동혁 대표는 규탄대회에서 ""단군 이래 최대의 개발 비리 범죄가 일부 무죄가 선고됐는데도 항소를 포기했다""며 ""더불어민주당 김병기 원내대표도 말한 것처럼 국정조사를 하고, 특검도 하자""고 말했습니다.
이어 ""지금 즉시 법원은 이재명 대통령 재판을 재개해야 한다""며 ""그것이 대한민국을 구하는 유일한 길""이라고 강조했습니다.
송언석 원내대표는 ""용산과 법무부에 아부하느라 70년 검찰 역사의 자존심을 대장동 잡범들에게 팔아먹은 노만석을 강력히 규탄한다""고 목소리를 높였습니다.
그러면서 ""범죄자들을 의인으로 만들고 범죄자들에게 수천억의 부당이득을 두둑이 챙겨주면서 이를 기소하려고 헀던 검사들은 조작 기소라고 몰아세우고 부당한 항소 포기에 항의하는 검사들은 항명이라고 몰아붙이고 무도하고 파렴치한 정권 바로 이재명 정권""이라고 주장했습니다.
장동혁 국민의힘 대표와 송언석 원내대표가 오늘(11일) 오전 서울 서초구 대검찰청을 항의 방문하던 중 방호직원에게 가로막혀 대치하고 있다.(출처 : 뉴스1)
의원들은 지도부의 규탄사가 끝난 후 대검찰청 청사 진입을 시도했으나, 청사 직원들이 제지하고 나서면서 들어가지 못했습니다. 이에 장동혁 대표는 ""누구나 들어갈 수 있는 검찰청 진입을 막는 데는 이유가 있을 것 아니냐. 설명해달라""고 묻기도 했습니다.
국민의힘 의원들은 노 대행 면담을 시도했으나, 노 대행은 이날 휴가를 내고 출근하지 않았습니다. 송언석 원내대표는 ""용산과 법무부와의 관계를 고려해서 응당 해야만 될 책무인 항소를 포기하고 스스로도 부끄러웠는지 출근조차 못하고 있는 상황""이라고 꼬집었습니다."
182,"'내란 공직자 조사 TF 구성 제안'에 이 대통령 ""당연히 해야""","이재명 대통령이 11일 용산 대통령실에서 열린 국무회의에서 발어낳고 있다. 〈사진=연합뉴스〉
정부가 내란 사태와 관련해 정부 차원의 태스크포스(TF)를 구성해 독자 조사를 추진하기로 했습니다.
김민석 국무총리는 11일 용산 대통령실에서 열린 국무회의에서 ""현재 내란 재판과 수사 장기화로 내란 극복이 지지부진한 상황""이라며 ""내란 가담자가 승진 명부에 이름을 올리는 등 문제도 제기되고, 결국 공직 내부에서 '헌법가치 훼손 아니냐'는 지적이 있다""고 밝혔습니다.
그러면서 내란 관련자를 신속히 조사해 합당한 인사 조치를 내리고, 정부의 헌법 수호 의지를 바로 세우자는 취지의 '헌법 존중 정부 혁신 TF' 구성을 제안했습니다.
김 총리는 ""내년 1월까지 신속하고 질서 있게 조사를 마치고, 설 전에 후속 조치까지 마련해서 민생에 집중하고 공직사회 동요를 최소화할 수 있는 방법을 찾고자 한다""고 덧붙였습니다.
이에 이 대통령은 ""당연히 해야 할 일""이라며 ""관여 정도에 따라 형사처벌할 사람도 있겠고, 또는 행정 책임을 묻거나, 인사 조치 정도의 낮은 수준도 있기 때문에 필요하다""고 밝혔습니다.
그러면서 ""내란 관련 문제는 특검에 의존할 게 아니고 독자적으로 해야 할 일""이라고 했습니다."
183,"‘헌정사상 최초 탄핵소추 감사원장’ 최재해, 퇴임하며 “독립성 지키려 노력”","서해 피살 공무원 월북조작 의혹 등
윤 정부서 ‘정치적 감사’, 비판 받아
임기 마치고 퇴임 “후회 없다” 자평
최재해 감사원장이 11일 서울 종로구 감사원에서 열린 퇴임식에 참석해 이임사를 읽고 있다. 감사원 제공
최재해 감사원장이 11일 퇴임하며 “감사원장으로서 맨 앞에서 외풍을 맞으면서도 감사원의 독립성과 원칙을 지키기 위해 심사숙고하며 최선의 노력을 다했다”고 자평했다. 윤석열 정부에서 정치적 감사 논란에 탄핵소추까지 당했던 최 원장은 4년 임기를 마쳤다.
최 원장은 이날 서울 종로구 감사원에서 열린 퇴임식에 참석해 “국가적으로 엄중한 상황이 오랜 기간 이어졌으며 감사원의 독립성과 중립성을 둘러싼 오해와 논란 속에서 감사원장에 대한 탄핵소추라는 전례 없는 상황도 겪었다”며 이같이 말했다. 최 원장은 “때로는 쉽지 않은 순간도 있었지만 감사원을 위하는 길이 무엇인지 스스로에게 묻고 또 물으며 그 길을 선택해왔기에 아쉬움은 있을지언정 후회는 없다”고 강조했다.
최 원장은 2021년 11월 문재인 당시 대통령이 임명했다. 1963년 감사원 개원 이후 내부 출신으로는 처음으로 감사원장에 취임했다. 전임 최재형 감사원장이 20대 대선 출마를 위해 사임했기에 최 원장 발탁은 정치적 중립성을 위한 인선이라는 평가가 많았다. 최 원장도 취임사에서 “불편부당의 자세”와 “직무상 독립성과 정치적 중립성”을 강조했다.
하지만 2022년 5월 윤석열 정부 출범 이후 최 원장은 문재인 정부를 겨냥한 정치적 감사를 벌인다는 비판을 받았다. 감사원이 ‘서해 피살 공무원 월북 조작 의혹’ ‘월성 원전 1호기 경제성 평가 조작 의혹’ ‘사드(고고도미사일방어체계) 배치 고의 지연 의혹’ 등을 줄줄이 감사하자 지난해 12월 더불어민주당이 주도해 최 원장을 탄핵소추했다. 헌법재판소가 지난 3월 탄핵안을 기각해 98일 만에 직무에 복귀했지만 헌정사상 처음 탄핵소추를 당한 감사원장이라는 오명을 얻었다.
최 원장은 퇴임식에서 “감사원이 풀어내야 할 국가적 과제들이 산적해 있고 우리 안팎의 갈등과 오해 또한 완전히 해소되지 못하고 있어 걱정스러운 마음이 앞선다. 하지만 제 역할은 여기까지”라며 “여러분이 감사원이 안고 있는 숙제들을 현명하게 매듭짓고 성숙한 결실로 일궈내 주시리라 믿는다”고 당부했다.
감사위원 7인이 주요 감사 정책·계획을 의결하는 감사위원회 구성에 변화가 예상된다. 원장 권한대행을 맡는 김인회 감사위원은 다음달 2일, 이남구·이미현 감사위원은 내년 4월 임기를 마친다. 이들은 모두 문재인 정부가 임명한 여권 성향 인사들이다. 최 원장을 포함해 윤석열 정부가 임명한 김영신·유병호·백재명 감사위원은 야권 성향으로 분류된다.
이재명 대통령이 후임 감사원장을 임명하고 감사원장의 제청으로 감사위원 3인을 임명하면 7인 중 4인이 여권 성향으로 구성될 수 있다. 감사원법상 감사위원회의 과반수가 공석이 되면 안건을 의결할 수 없어 이 대통령은 후임 감사원장 후보자 지명을 서두를 것으로 보인다."
184,"李대통령 ""대주주 아닌 일반 장기투자자에 세제혜택 줘야""(종합)","국무회의서 국세청 공개 칭찬…""열심히 잘하고 있다""
""대기업, 요즘 아주 잘해…기술탈취·中企 부당압박 없게 챙겨야""
이재명 대통령, 국무회의 발언
(서울=연합뉴스) 한상균 기자 = 이재명 대통령이 11일 용산 대통령실에서 열린 국무회의에서 발언하고 있다. 2025.11.11 xyz@yna.co.kr
(서울=연합뉴스) 설승은 황윤기 기자 = 이재명 대통령이 11일 주식 장기 투자자 중 대주주가 아닌 일반 투자자에게 세제 혜택을 주는 방안을 검토하라고 지시했다.
이 대통령은 이날 서울 용산 대통령실에서 주재한 국무회의에서 구윤철 부총리 겸 기획재정부 장관에게 ""우리나라는 장기 투자자에 대한 세제 혜택이 충분한가""라고 물었다.
구 부총리가 ""많이 부족하다""고 답하자 이 대통령은 ""일반 투자자에게 장기 투자 혜택을 주는 방식으로 세부적으로 잘 (검토)해달라""고 주문했다.
이 대통령은 다만 ""대주주는 경영권 확보를 위해 원래 갖고 있는 것인데 (혜택을 주면) 부자 감세 논란이 있을 수 있다""며 ""그것은 일반 투자자와 분리해야 한다""고 덧붙였다.
이 대통령은 이후 국세청을 언급하며 ""요새 세외 수입(조세 이외의 수입) 관리 등에서 아주 열심히 잘하고 있는 것 같다""고 공개적으로 칭찬했다.
특히 ""조세 정의 측면에서 보면 세외 수입뿐 아니라 체납금 관리도 철저히 해야 한다. 이는 일자리에도 꽤 도움이 되는 일""이라며 국세청이 이와 관련해 좋은 성과를 내고 있다고 격려했다.
이는 국세 체납액이 110조원을 넘어선 가운데 국세청이 고액 체납자 추적 특별 기동반을 신설해 적극적으로 징수 활동에 나선 것을 염두에 둔 발언으로 보인다.
한편 이 대통령은 국내 대기업들에 대해서도 ""국가 정책으로 가장 혜택을 보는 곳이 대기업과 수출기업인데, 요즘 대기업들이 아주 잘하고 있다""고 평가했다.
이어 ""전부터 문제가 됐던 중소기업 (대상) 기술 탈취 같은 게 많이 없어졌다""고 덧붙였다.
그러면서도 ""(기업들이) 독점, 과점적 지위를 악용해 부당 이익을 취하려는 경우가 가끔 있는데, 쌀 속의 뉘(등겨가 벗겨지지 않은 채로 섞인 벼 알갱이) 같은 것이어서 반드시 골라내야 한다""고 기업들의 주의를 당부했다.
또 당국을 향해 ""혹여 또 모르니 기술 탈취 등 중소기업에 대한 부당한 압박이 벌어지지 않도록 각별히 챙겨달라""며 ""자기만 살겠다고 힘없는 사람을 쥐어짜 부당 이익을 취하는 것을 철저히 막아달라""고 촉구하기도 했다.
ses@yna.co.kr"
185,"여야, '대장동 재판 항소포기' 국조 합의 불발…원내지도부 회동 ""추가 논의키로""","더불어민주당 김병기 원내대표와 문진석 원내수석부대표, 국민의힘 송언석 원내대표와 유상범 원내수석부대표가 11일 서울 여의도 국회에서 만나 대화하고 있다. 연합뉴스
여야가 검찰의 '대장동 재판 항소 포기'에 대한 국정조사 실시 방안을 논의했으나 결론을 내지 못했다.
11일 연합뉴스 등에 따르면 더불어민주당 김병기 원내대표, 국민의힘 송언석 원내대표는 이날 오후 국회에서 회동하고 항소 포기 관련 국정조사에 대해 논의했지만 별다른 합의를 보지 못했다고 양당 원내수석부대표가 밝혔다. 국민의힘 유상범 원내수석부대표는 회동 후 브리핑에서 ""국정조사와 관련해서 추가 논의하는 것으로 정리됐다""며 ""시간이 되는 대로 계속 원내대표 간 회동을 하기로 했다""고 전했다. 더불어민주당은 검찰의 대장동 사건 수사·기소 자체를 조작으로 규정하며 이번 검찰의 항소 포기는 마땅한 '항소 자제'라는 입장인 반면 국민의힘은 정권의 '외압'이 배경에 있다고 주장한다.
이날 회동에서도 이 같은 입장차가 확인된 것으로 전해졌다. 언론 브리핑에서 양당 원내수석부대표가 항소 포기 사태 명칭을 두고 신경전을 벌이기도 했다. 민주당 문진석 원내수석부대표가 ""조작 기소와 항명, 항소 자제에 대한 국정조사는 추후 계속 논의하기로 했다""고 말하자, 유 원내수석부대표가 ""발언을 정정해야 한다. 항소 포기 외압으로 해야 실체에 맞다""고 반박했다. 그러자 문 수석부대표가 다시 ""외압인지 아닌지 규명이 안 됐는데 외압 용어 사용은 적절치 않다""며 ""자당에 유리하게 하는 건 아니다""고 맞받았다.
한편 여야는 이날 회동에서 무안공항 제주항공 여객기 참사 국정조사 위원회 구성에 대해서도 논의했다. 문 수석부대표는 ""무안공항 제주항공 여객기 참사 국정조사 위원 구성에 대해서는 의견 접근을 보고 있다""고 전했다."
186,문·윤·이 정부 다 거친 최재해 감사원장 퇴임…떠나며 남긴 한마디,"첫 내부출신으로 4년 임기 마쳐
“존이구동, 화이부동” 주문
당분간 김인회 감사위원이 대행
최재해 감사원장이 11일 퇴임식을 마치고 서울 종로구 북촌로 감사원을 나서고 있다.  [사진출처=뉴스1]
최재해 감사원장이 4년 임기를 마친 11일 감사원에 “존이구동, 화이부동”을 주문했다. 독립적인 감사기관의 지위와 역할을 지키면서 외부와 소통과 협력을 놓치지 말라는 취지로 풀이된다.
최 원장은 이날 비공개 퇴임식에서 이임사를 통해 “감사원이 풀어내야 할 국가적 과제들이 산적해 있고 우리 안팎의 갈등과 오해 또한 완전히 해소되지 못하고 있다”며 이렇게 말했다. 최 원장은 “서로 생각이 다를 수 있고 때로는 의견이 부딪힐 수도 있지만 역지사지의 마음으로 차이를 존중하고 하나의 목표를 향해 함께 나아갈 때 그리고 그 속에서도 중심과 원칙을 잃지 않을 때 우리는 어떠한 난관도 슬기롭게 극복할 수 있다”고 말했다.
최 원장은 임기 도중 겪은 탄핵소추 사태를 언급했다. 최 원장은 “모든 일이 순탄치만은 않았고 어려움도 많았다”며 “국가적으로 엄중한 상황이 오랜 기간 이어졌으며 감사원의 독립성과 중립성을 둘러싼 오해와 논란 속에서 감사원장에 대한 탄핵소추라는 전례 없는 상황도 겪었다”고 말했다. 최 원장은 “때로는 쉽지 않은 순간도 있었지만 감사원을 위하는 길이 무엇인지 스스로에게 묻고 또 물으며 그 길을 선택해 왔다”며 “아쉬움은 있을지언정 후회는 없다”고 했다.
최 원장은 1963년 감사원 개원 이후 1948년 설립된 심계원 시절을 포함해 73년 만에 첫 내부 출신 감사원장이다. 2021년 11월 문재인 정부에서 임명돼 윤석열 정부를 거쳐 이재명 정부까지 3개 정부를 거쳤다. 최 원장의 임기 만료로 감사위원회는 여권 인사 4명, 야권 인사 3명의 ‘4대 3 구도’로 재편될 전망이다. 이재명 대통령이 아직 감사원장 후보자를 지명하지 않은 상태라 선임 감사위원인 김인회 위원이 권한대행을 맡게 된다."
187,내란 극복 위한 '헌법존중 정부혁신' TF 구성 가닥[영상],"김민석 ""가담자 인사조치 근거 확보""…李대통령 ""해야 될 일""
김 총리 ""내란재판과 수사 장기화로 내란 극복 지지부진한 상황""
""내란 가담자 승진 등에 공직 내부서 헌법가치 훼손 지적 나와""
""각 부처에 TF 설치해 1월까지 조사 마치고 설 전에 후속조치""
李대통령 ""당연히 해야 될 일…관여 정도 따라 대응수위 달라야""
""특검에만 의존할 것이 아니고 정부가 독자적으로 해야"" 강조
이재명 대통령(오른쪽)과 김민석 국무총리가 11일 용산 대통령실에서 열린 국무회의에서 회의 공개 범위에 대해 조율하고 있다. 연합뉴스
정부가 12.3 비상계엄 사태로 발발한 내란 극복을 위해 '헌법존중 정부혁신' 태스크포스(TF)를 구성하기로 했다.
김민석 국무총리는 11일 대통령실에서 열린 국무회의에서 ""우리 정부의 최우선 과제 중 하나가 아시다시피 국민주권과 민주주의의 확립""이라며 ""그런데 현재 내란재판과 수사가 장기화되면서 내란극복이 지지부진한 그런 상황인 것이 현실""이라고 진단했다.
""가령 경찰의 국회 출입 통제, 계엄 정당성 옹호 전문 발송 등이 정부 내부에서 내란에 동조한 행태들인데 이에 대해 그간 국회 국정감사와 언론 등을 통해 문제제기가 계속돼왔다""는 것이다.
김 총리는 ""내란에 가담한 사람이 승진명부에 이름을 올리게 되는 등 문제도 제기 되고, 결국은 공직 내부에서 헌법가치를 훼손하는 것이 아니냐는 지적이 있다""며 ""결과적으로는 공직사회 내부에서도 반목을 일으키고, 궁극적으로 국정 추진 동력을 저하시킨다는 목소리가 많다""고 평가했다.
그러면서 ""종합적으로 판단을 한 끝에 '헌법존중 정부혁신' TF를 정부 내에 구성했으면 좋겠다는 제안을 드린다""며 ""헌법존중 정부혁신TF는 12.3 비상계엄 등 내란에 참여하거나 협조한 공직자를 대상으로 신속한 내부조사를 거쳐 합당한 인사 조치를 할 수 있는 근거를 확보하는 것을 하는 임무로 하려고 한다""고 밝혔다.
김민석 국무총리. 윤창원 기자
김 총리는 ""공직자 개인 처벌 문제의 차원이 아니라 정부의 헌법수호의지를 바로 세워서 공직 내부의 갈등을 조속히 해소하고 국민의 신뢰를 회복하겠다는 취지""라며 ""구체적으로는 정부 각 부처 기관에 공정한 TF를 구성해서 내년 1월 정도까지 신속하고 질서 있게 조사를 마치고 설 (연휴) 전에 후속조치까지 마련해서 민생에 집중하고 공직사회 동요를 최소화할 수 있는 방법을 찾고자 한다""고 기본 얼개 또한 소개했다.
이에 이재명 대통령은 ""당연히 해야 될 일 같다""며 동의에 나섰다.
이 대통령은 ""내란에 관한 문제는 특별검사(특검)에서 수사를 통해 형사처벌을 하고 있다""며, 하지만 ""내란에 관한 책임은 관여 정도에 따라 형사처벌할 사안도 있겠고, 행정책임을 물을 사안도 있고, 인사상 문책이나 인사 조치를 할 정도의 낮은 수준도 있기에 (TF 구성이) 필요할 것 같다""고 다양한 대응의 필요성을 언급했다.
그는 ""특검에만 의존할 것이 아니고 독자적으로 해야 할 것 같다""며 정부 차원의 대응을 거듭 강조했다.
※CBS노컷뉴스는 여러분의 제보로 함께 세상을 바꿉니다. 각종 비리와 부당대우, 사건사고와 미담 등 모든 얘깃거리를 알려주세요.
이메일 :
jebo@cbs.co.kr
카카오톡 :
@노컷뉴스
사이트 :
https://url.kr/b71afn"
188,"김 총리 ""종묘 인근 초고층 개발 우려…서울시 일방 추진 사안 아냐""","김민석 국무총리는 유네스코 세계유산 종묘를 직접 방문해 서울시 고층 재개발 계획에 우려를 나타내며 타당성을 살펴봤습니다.
김 총리는 오늘(10일) 종묘를 찾아 ""서울시에서 얘기하는 대로 종묘 바로 코앞에 고층 건물이 들어선다면 종묘에서 보는 눈을 가리고 숨을 막히게 하고 기를 누르게 하는 결과가 되는게 아닐까 걱정된다""고 말했습니다.
이어 종묘 인근 개발에 대해 ""국민적 토론을 거쳐야 되는 문제""라며 ""서울시에서 일방적으로 밀어붙일 수 있는 사안이 아니""라고 비판했습니다.
또한 ""K관광이 부흥하는 시점에 있다""면서 ""정부가 아주 깊은 책임감을 갖고 이 문제에 임하겠다""고 했습니다.
#김민석 #종묘 #서울시 #고층재개발
연합뉴스TV 기사문의 및 제보 : 카톡/라인 jebo23"
189,"개혁신당, 10·15 부동산 대책 취소 소송…""통계 숨기고 거짓말""","[김민지 디지털팀 기자 kimminj2028@gmail.com]
효력정지 가처분도 제기…""정부 패소하면 국토교통부 장관 해임해야""
천하람 개혁신당 원내대표가 10.15 부동산 대책 행정소송 및 효력정지 신청을 위해 11일 서울 서초구 서울행정법원을 방문, 취재진에게 관련사항을 설명하고 있다. ⓒ연합뉴스
천하람 개혁신당 원내대표는 11일 이재명 정부의 10·15 부동산 대책이 위법하다고 주장하며 법원에 규제 지역 주민을 원고로 하는 취소 청구 소송과 효력정지 가처분 신청을 제기했다.
천 원내대표는 이날 서울행정법원을 찾아 ""이재명 정부가 불법적으로 10·15 부동산 대책을 남발해 국민의 재산권을 침해하고 세금을 중과했다""면서 ""패소하면 일부 대책 해제는 물론 국토교통부 장관을 해임해야 한다""고 밝혔다.
천 원내대표는 ""9월 주택가격 통계를 적법하게 반영했다면 서울과 경기 일부 지역은 이번 대책에 포함되지 않는다""면서 ""정부가 대책 발표 전날에 통계를 확보했음에도 폭넓게 규제하겠다는 의도로 무리해서 숨겼다""고 지적했다.
이어 ""정부는 '서울 전역과 경기 12개 지역을 폭넓게 규제해야 되겠다. 한 번에 다 잡아야 되겠다'는 정치적 의도를 가지고 버젓이 존재하는 통계를 숨기고 거짓말 한 것""이라면서 ""이런 통계의 정치화는 이제는 멈춰야 한다고 생각한다""고 말했다.
그는 또 ""이재명 정부는 문재인 정부처럼 부동산 때문에 인기 떨어지는 것을 피하고 싶은 것 같다""고 언급하기도 했다.
한편, 이번 소송에는 국민의힘 소속인 최재형 전 감사원장이 합류해 대리인 명단에 이름을 올렸다. 이와 관련, 천 원내대표는 취재진에게 ""최 전 원장은 부당하고 위법한 행위에 맞선 대쪽 같은 분""이라면서 ""개혁신당 대의에 공감하는 분들과는 언제든 협력할 수 있다""고 밝혔다."
190,"이재명 대통령 ""개인 주식 장기투자자에 세제 등 혜택 강화하라""","[the300]
[서울=뉴시스] 최동준 기자 = 이재명 대통령이 11일 서울 용산 대통령실 청사에서 열린 국무회의에서 발언하고 있다. (대통령실통신사진기자단) 2025.11.11. photocdj@newsis.com /사진=
코스피가 최근 4200대를 돌파하는 등 국내 주식시장이 강세를 보이는 가운데 이재명 대통령이 ""국내 주식에 장기 투자한 개인투자자들을 대상으로 세제 등 혜택 강화안을 마련해 달라""고 주문했다.
이 대통령은 11일 오전 서울 용산 대통령실에서 열린 국무회의에서 구윤철 부총리 겸 기획재정부 장관이 준비해 온 보고자료를 훑으며 ""생산적 금융 분야 관련해 '국내 주식 장기투자 촉진' 이렇게 적혀 있는데 장기 투자에 대한 세제 혜택 등이 충분한가""라고 물었다.
이 대통령은 ""(혜택을) 강화해서 장기 투자하면 좀 인센티브를 진짜 많이 줘야 한다""며 ""장기 투자에 대한 인센티브 부여 제도에 대해선 반론이 좀 있더라. 결국 대주주들이 혜택 보는 것 아니냐는 것""이라고 말했다.
그러면서 ""대주주들은 경영권 확보를 위해 (주식을) 원래 가지고 있는 것 아닌가. 거기에 (인센티브를) 해주면 부자 감세 논란이 있을 수 있다""면서도 ""그것은 좀 분리해서 (봐야 한다). (대주주가 아닌) 일반 투자자이면서 장기 투자를 한 투자자들에 대해 혜택을 주는 방안을 세부적으로 마련해 달라""고 말했다.
이날 이 대통령은 모두 발언에서 경제 회복과 성장을 강조했다.
이 대통령은 ""관세협상이라는 큰 산을 넘었지만 앞에 많은 과제들이 놓여 있다""며 ""특히 대내외 파고에 맞서 경제 기초체력을 강화하고 국민 경제의 지속적 발전을 위한 토대를 더 튼튼히 구축해야겠다""고 했다.
이어 ""내년이 더 중요하다. 경제, 민생 회복의 불씨를 키워 잠재 성장률을 반등시킬 수 있도록 정책적 역량을 총집중해 주길 바란다""며 ""적극적인 내수 회복, 국익 중심의 통상 강화, 초혁신 기술 투자 확대, 그리고 과감한 균형 성장 전략의 수립과 추진에 만전을 기해 달라""고 했다.
아울러 ""서민의 삶이 가장 중요하다""며 ""가계에 부담되지 않게 선제적 수급 관리에 만전을 기하고 관계 부처가 발표한 유통 구조 개선안을 속도감 있게 추진해 달라. 소비자들을 기만하는 '슈링크플레이션'(제품가는 그대로 두고 수량 등을 줄여 판매하는 것)과 같은 꼼수에 대한 제도적 보완책도 마련해 달라""고 했다.
한편 혐오 표현에 대해서도 엄정한 처벌을 재차 강조했다. 이 대통령은 ""우리 사회에 시대착오적인 혐오가 횡행하고 있다""며 ""처벌 장치를 속히 마련하고 허위 조작 정보 유포 행위를 근본적으로 차단하고 엄정 처벌하는데 총력을 기울여야 한다""고 말했다."
191,"정부, 내란 가담자 인사조치 위한 TF 만들기로…李 ""당연한 일""","이재명 대통령이 11일 용산 대통령실에서 열린 국무회의에서 물을 마시고 있다. 연합뉴스
정부가 12·3 비상계엄에 관여한 공직자를 조사·조치하기 위한 태스크포스(TF)를 꾸리기로 했다. 이재명 대통령은 이같은 내용을 보고받고 ""당연히 해야 할 일""이라고 동의했다.
김민석 국무총리는 이날 용산 대통령실에서 열린 국무회의에서 ""내란재판과 수사가 장기화하면서 내란 극복이 지지부진한 게 현실""이라면서 ""내란에 가담한 사람이 승진 명부에 이름을 올리는 등 문제도 제기됐다""고 지적했다. 이에 '헌법존중정부혁신 TF'를 만들어 12·3 비상계엄 사태에 가담한 이들을 조사하고 인사조치 해야 한다고 보고했다.
이 대통령은 ""당연히 해야 할 일 같다""고 답했다. 이 대통령은 ""내란에 관한 문제는 관여 정도에 따라 형사 처벌할 사안도 있고, 행정 책임을 물을 사안도 있고, 인사 책임이나 조치할 낮은 수준도 있기에 (TF가) 필요할 것 같다""고 강조했다. 그러면서 ""내란 특검에 의존할 게 아니라 (정부가) 독자적으로 (조사)해야 할 것 같다""고 지시했다.
정부는 각 부처와 기관이 TF를 설치하고 내년 1월까지 조사를 마친 뒤 설 전에 후속 조치를 완료하도록 지시할 계획이다."
192,김민석 “재개발은 근시안적 단견” 오세훈 “종묘 앞 흉물 방치 안돼”,"내년 서울시장 잠룡 2인…종묘앞 세운상가 재개발 충돌
金총리 문화유산 종묘 찾아
“세계유산 훼손해 K관광역행”
吳시장 정책에 작심비판
오세훈 “서울시 매도 말라”
정비사업 정당성 주장하며
金에 공개토론 제안하기도
김민석 국무총리가 10일 서울시의 종묘 앞 고층건물 허용과 관련해 허민 국가유산청장, 유홍준 국립중앙박물관장 등과 함께 종로구 종묘를 방문, 고층건물 재개발 지역의 위치를 확인하고 있다. 2025.11.10 [사진=연합뉴스]
내년 6월 지방선거에서 여야 서울시장 후보로 거론되는 김민석 국무총리와 오세훈 서울시장이 ‘종묘 앞 초고층 개발’을 놓고 정면 충돌했다.
김 총리가 10일 서울 종묘앞 세운상가 일대 재개발을 추진하는 오 시장을 향해 “근시안적 단견”이라고 공개 비판하자, 오 시장은 “일방적으로 서울시를 매도하는 왜곡된 정치 프레임”이라고 곧바로 반박하면서 김 총리에게 공개 토론을 제안했다.
김 총리는 이날 오전 서울 종로구 유네스코 세계유산인 ‘종묘’를 방문한 자리에서 “종묘 인근을 개발할 것인가 하는 문제는 국민적 토론을 거쳐야 하는 문제”라며 “서울시에서 일방적으로 밀어붙일 수 있는 사안이 아니고, 한 시기에 시정이 그렇게 마구 결정할 수 있는 일도 아니다”고 밝혔다. 이어 “최근 김건희 씨가 종묘를 마구 드나든 것 때문에 국민께서 모욕감을 느끼셨을 텐데 지금 또 이 논란으로 국민 걱정이 크신 것 같다”고 덧붙였다.
김민석 국무총리가 10일 서울시의 종묘 앞 고층건물 허용과 관련해 허민 국가유산청장, 유홍준 국립중앙박물관장 등과 함께 종로구 종묘를 방문하고 있다. 2025.11.10 [연합뉴스]
김 총리는 이날 본인 사회관계망서비스(SNS)에서는 비판의 수위를 더욱 높였다. 그는 “종묘가 수난”이라며 “서울시의 발상은 세계유산특별법이 정한 ‘탁월한 보편적 가치’를 훼손할 우려가 있고, K관광 부흥에도 역행하는 근시안적 단견이 될 수 있다”고도 했다.
서울시는 지난달 30일 ‘세운재정비촉진지구 및 4구역 재정비촉진계획 결정’을 고시했다. 이에 따라 세운4구역의 건물 최고 높이는 종로변 101m, 청계천변 145m로 기존 기준(55m·71.9m)보다 두 배 이상 높아졌다.
정부는 이 계획이 유네스코 세계문화유산인 종묘의 조망권과 주변 경관을 훼손할 수 있다고 우려하고 있다. 반면 서울시는 정비지구가 종묘로부터 180m 떨어져 ‘역사문화환경 보존지역’(경계 100m) 밖이기 때문에 국가유산청과 협의가 불필요하다는 입장으로 맞서는 상황이다.
김민석 국무총리가 10일 서울시의 종묘 앞 고층건물 허용과 관련해 허민 국가유산청장, 유홍준 국립중앙박물관장 등과 함께 종로구 종묘를 방문, 외부 조망을 점검하고 있다. 2025.11.10 [사진=연합뉴스]
김 총리의 ‘오세훈 저격’은 서울시의 세운상가 일대 재개발 계획을 겨냥한 것이지만 내년 지방선거 정국과 무관하지 않다는 분석이다.
김 총리는 여권에서 서울시장 후보군에 포함돼 있고 현재 다른 후보들의 경쟁력이 높지 않다는 점에서 차출 가능성도 거론된다. 여론조사 전문기관 조원씨앤아이가 스트레이트뉴스 의뢰로 지난 1~2일 서울 거주 만 18세 이상 남녀 801명을 대상으로 진행한 여론조사 결과 진보·여권 후보 적합도에서 김 총리는 정원오 성동구청장(13%), 박주민 더불어민주당 의원(10%)에 이어 8%로 3위를 기록했다. 현재 1·2위 후보는 서울시장 후보 출마를 강력하게 검토 중인것으로 알려졌다. 보수·야권 후보 적합도에서는 오 시장이 23.9%로 1위였다.
김 총리는 최근 차출설에 대해 “그런 상황은 안 만들어질 것”이라고 선을 그었지만, 오 시장 정책에 우려를 표하며 다시 한번 불을 지피는 모양새다. 이날 SNS에도 “최근 무리하게 한강버스를 밀어붙이다 시민 부담을 초래한 서울시로서는 더욱 신중하게 국민적 우려를 경청해야 할 것”이라고도 꼬집었다.
여당인 더불어민주당도 오 시장 때리기에 합류했다. 박수현 민주당 수석대변인은 이날 기자들과 만나 “가칭 ‘오세훈 서울시장 시정 실패 및 개인 비리 검증’ 태스크포스(TF)를 구성했다”고 밝혔다. 천준호 민주당 의원이 단장을 맡는다. ‘한강버스 논란’ 등 정책 실패 논란과 ‘명태균 게이트’ 등 오 시장 개인에 대한 검증 절차를 당 차원으로 끌어올린다는 계획이다. 서울시장 출마 후보군인 전현희 민주당 최고위원은 “종묘 앞 초고층 빌딩 허용은 개발을 빙자한 역사 파괴이자 서울의 품격을 무너뜨리는 일”이라며 전면 재검토를 촉구했다.
반면 오 시장은 이날 SNS에 “중앙정부가 나서 일방적으로 서울시를 매도해 유감”이라며 “소통은 외면하고 정치적 프레임을 만드는 것이 중앙정부가 할 일은 아닐 것”이라고 비판했다.
오 시장은 세운구역 개발사업이 종묘를 훼손할 것이라는 정부 측 주장에도 적극 반박했다. 오 시장은 남산부터 종묘까지 쭉 뻗은 녹지축이 생기면 흉물스러운 세운상가가 종묘를 가로막을 일이 없다”고 했다. 이어 “2023년 세운상가 건물의 낡은 외벽이 무너져 지역 상인이 크게 다친 일도 있다. 세계인이 찾는 종묘 앞에 더는 방치할 수 없는 도시의 흉물을 그대로 두는 것이 온당한 일인가”며 정비사업의 정당성을 주장했다.
오세훈 서울시장이 6일 서울 성북구 장위13구역을 방문해 재개발에 대한 설명을 들으며 대화하고 있다. 서울시는 성북구 장위13구역에 신속통합기획 2.0과 재정비 촉진사업 규제혁신 방안을 적용한다고 6일 밝혔다. 장위13-1, 2구역은 지난 4월 신속통합기획 재개발 후보지로 선정됐다.   2025.11.6 [사진=연합뉴스]
오 시장은 김 총리에게 서울의 미래상을 놓고 공개 토론을 제안했다. 그는 “역사와 미래가 공존하는 서울은 어떤 모습이어야 하는지 국무총리와 공개 토론을 제안한다”며 “이른 시일에 만나서 대화하자”고 했다.
세운상가 개발을 둘러싼 갈등은 2023년 국민의힘 소속 서울시의원이 ‘서울특별시 문화재보호조례 개정안’을 발의하면서 본격화됐다. 역사문화환경 보존지역 인근 주민의 재산권 보호를 위해 건축 규제를 완화한다는 내용이다. 문화체육관광부와 문화재청 대법원에 무효화 행정소송을 제기했지만, 지난 6일 대법은 서울시의 손을 들어줬다. 이에 문체부·문화재청은 종묘가 유네스코 세계유산 지위를 잃을 수 있다며 서울시를 압박하고 있다. 최휘영 문체부 장관은 판결 다음 날인 지난 7일 “권한을 조금 가졌다고 해서, 하고 싶은 대로 다 하겠다는 서울시의 발상과 입장을 저는 도저히 이해할 수가 없다”고 했다."
193,"국힘, 대검·법무부서 긴급 규탄대회… “이재명 정권 법치 파괴, 국조·특검 촉구”","국민의힘 장동혁 대표와 송언석 원내대표를 비롯한 의원들이 11일 경기 과천시 법무부 청사 앞에서 대장동 항소 포기 규탄대회를 하고 있다. 연합뉴스
국민의힘 의원들이 11일 대검찰청과 법무부 앞에서 긴급 현장 규탄대회를 열고, 검찰의 '대장동 사건 항소 포기'를 강하게 성토했다. 의원들은 노만석 검찰총장 직무대행에 이어 정성호 법무부 장관 즉각 사퇴를 요구하며, 국정조사 및 특검을 통한 진상 규명을 촉구했다.
장동혁 국민의힘 대표는 이날 오후 대법원 앞에서 검찰총장 직무대행의 항소 포기는 대장동 몸통이 이재명이라는 사실을 다시 한번 확인시켜준 것이라고 비판했다.
장동혁 대표는 “국민은 노만석 직무대행의 난을 똑똑히 기억할 것”이라며 “정성호 법무부 장관이 어제 양형을 언급하며 항소 포기의 정당성을 주장했지만, 일부 무죄가 나온 상황에서 양형을 운운하는 것은 콩밥을 보리밥이라 우기는 것과 다를 바 없다”고 일갈했다.
장 대표는 이재명 대통령, 정성호 장관, 노만석 대행에 대해 '시위소찬'(직책은 가지고 있지만 실제로는 아무런 일도 하지 않는 사람)을 언급하면서 “자리에 걸맞은 능력이 없다면 더는 국민의 세금을 낭비하지 말고 자리에서 내려와야 한다”고 말했다.
송언석 원내대표도 “검찰의 대장동 비리 항소 포기는 대한민국 사법 시스템의 자살선언”이라며 “상식과 정의가 무너지고, 범죄자가 떵떵거리는 나라로 전락했다”고 규탄했다.
송 원내대표는 그러면서 이번 사태 본질이 누가, 언제, 왜 항소 포기를 지시했는가라며 국정조사와 특검을 통해 반드시 외압의 진상을 밝혀야 한다고 강조했다.
마지막으로 그는 “이재명 대통령이 끝내 진상조사 지시를 하지 않는다면, 국민은 항소 포기 외압의 몸통이자 대장동 7800억원 범죄수익의 주범으로 이재명 대통령을 지목할 것”이라고 주장했다.
국민의힘 장동혁 대표와 송언석 원내대표를 비롯한 의원들이 11일 서울 서초구 대검찰청 앞에서 검찰의 대장동 개발 비리사건 항소 포기와 관련해 규탄대회를 연 뒤, 노만석 검찰총장 대행과 면담을 요구하며 항의방문을 시도하고 있다. 연합뉴스
한편, 국민의힘 의원들은 이날 오전 대검찰청 청사 앞에서 규탄대회를 마친 뒤 항의 방문을 시도했으나, 노만석 대행이 휴가로 출근하지 않아 면담이 무산됐다. 의원들은 박철우 반부패부장 면담을 요구했지만 대검 측이 이를 거부하고, 청사 정문을 봉쇄해 의원들의 진입을 막았다."
194,민주 “오세훈 대권놀음에 종묘 제물로…대법 판결은 개발허가증 아냐”,"서울시 초고층 개발 철회 촉구 기자회견
“난개발로 세계문화유산 지정해제 위기”
“콘크리트 고층 건물, 다른 곳서도 가능”
이원종 더불어민주당 문화예술특별위원회 공동위원장과 위원들이 11일 국회에서 종묘 앞 고층 건물 개발 반대 기자회견을 하고 있다. [연합뉴스]
더불어민주당은 11일 유네스코 세계유산인 종묘(宗廟) 맞은편의 세운4구역 재개발을 둘러싼 논란과 관련, 오세훈 서울시장을 향해 “시대착오적인 초고층 건물 개발계획을 즉각 철회하라”고 촉구했다.
민주당 문화예술특별위원회는 이날 전현희·박홍근·서영교·박주민·김영배 의원과 기자회견을 열고 “재개발은 필요하지만, 북촌이나 종묘 같은 문화유산은 보존이 생명이요 경쟁력”이라며 이같이 말했다.
특위는 “유네스코가 인정한 수평의 장중함을 훼손하면 안 된다”며 “그런 콘크리트 고층 건물은 종묘 앞이 아닌 다른 곳에서도 얼마든지 구현 가능하다”고 했다.
이는 오 시장이 ‘세운4구역’ 재개발 사업에 들어설 건물의 최고 높이를 기존 71.9m에서 141.9m로, 무려 두 배나 높인 사업 계획을 고시했고, 최근 관련 사안에 대법원 판결이 나오면서 논쟁이 커지고 있는 건이다.
이날 민주당 문화예술특위 공동위원장인 이원종 배우는 “오세훈 서울시장이 국민의힘 소속 시의원이 절대 다수인 서울시의회의 문화재보호조례 개정을 근거로 대한민국 세계문화유산 1호인 종묘의 가치를 훼손하는 재개발을 추진하고 있다”고 비난했다.
전 최고위원은 “윤석열 정권에선 김건희가 안방마냥 종묘를 들락날락하더니, 이제는 오세훈 서울시장이 종묘 코앞에 초고층 빌딩을 세우겠다고 한다”며 “오 시장의 무원칙 난개발로 세계문화유산 지정이 해제될 위기에 처했다”고 지적했다.
박주민 의원은 “서울시가 당신의 것이냐. 오 시장이 하는 건 개발이 아니라 훼손”이라며 “서울시의회 조례 개정이 유효하다는 대법원판결은 개발 허가증이 아니다”라고 말했다.
이어 박홍근 의원은 “차기 시장, 그리고 대권 놀음을 위해서 종묘를 제물로 바치겠다는 것이냐”고 비판했고, 김영배 의원은 “(오 시장이) ‘약자와의 동행’을 말하는데, ‘업자와의 동행’임을 명백히 보여주는 사례”라고 꼬집었다.
빌딩에 둘러싸인 종묘 모습 [연합뉴스]
종묘 사진을 들고 나온 서영교 의원은 “김건희가 종묘와 황실을 짓밟고 훼손하고 옥새 보관함까지 가져가는 행태를 보였다”면서 “오세훈 시장과 서울시의회, 국민의힘도 우리 종묘에 무슨 짓을 하려는 것이냐”고 목소리를 높였다.
이 외에도 지역구가 종로인 곽상언 의원은 별도로 연 기자회견에서 “종묘의 경관을 훼손해 얻는 이익은 특정 사업자에게 귀속될 뿐이고 서울시민의 관점에서나 국민의 관점에서는 거의 없거나 미미하다”며 “서울시 미래에 대한 책임 있는 논의를 위해 오 시장에게 공개토론을 제안한다”고 밝혔다.
정원오 성동구청장도 유튜브 ‘김어준의 겸손은힘들다 뉴스공장’에서 “꾸준한 협의 과정을 통해 만들어진 것을 (오 시장이) 지금 거의 독단으로 풀려고 한다”며 “유네스코나 시민이 판단해야 될 문제”라고 저격했다."
195,[속보]진중권 “정성호가 얼굴에 철판 깔았으니 李 면소 위한 수순 밟겠죠”,"“민주당 부패 정치인들은 법치로부터 완전한 해방구에 살게 된 것”
“80년대에 목 놓아 외쳤던 그 해방 세상이 왔다고 할까”
진중권 교수. 연합뉴스
진중권 광운대 특임교수가 검찰의 ‘대장동 항소 포기’ 결정을 두고 “정성호가 얼굴에 철판을 깔았으니, 이제 이재명 면소를 위한 수순을 밟겠죠”라고 말했다.
진 교수는 11일 자신의 SNS에 글을 올려 “(정부 여당이 검찰의) 수사권을 빼앗고 기소권만 남겼는데, 이번 사건은 자기들에게 필요하면 그 알량한 기소권에서 공소 유지권마저 빼앗을 수 있음을 보여준 케이스”라며 이같이 밝혔다.
특히 진 교수는 “결국 민주당의 부패 정치인들은 검찰 수사도 안 받고, 기소도 안 되고, 그리하여 재판도 안 받는, 법치로부터의 완전한 해방구에 살게 된 것”이라고 지적했다.
진 교수는 “한마디로 그들이 80년대에 목 놓아 외쳤던 그 ‘해방세상’이 왔다고 할까”면서 “이로써 범죄자들이 꿈꾸어온 이상국가가 완성됐고, 국민들은 범죄로부터 자유로울 권리를 빼앗겼다”고 강조했다.
진 교수는 앞선 10일에도 “그러니까 6000억~7000억에 달하는 부당이득을 국고로 환수하는 게 이제 불가능해졌다는 것이냐”며 “김만배는 좋겠다. 몇 년만 더 살고 나오면 재벌이 되어 있을 테니까”라고 지적한 바 있다."
196,"주한중국대사 “반중 정서, 한국 국가이미지에 손상…실질 조치 취해야”","다이빙 주한 중국대사는 국내의 반중 정서와 관련해 ""한국이 이를 근본적으로 해결하기 위한 실질적인 조치를 취해야 한다""고 밝혔습니다.
다이 대사는 오늘(11일) 오전 글로벌전략협력연구원이 개최한 '한·중 싱크탱크 대화'에서 ""한국 극우 세력이 반중 루머를 퍼뜨리고 반중 시위를 벌이는 것은 양국 우호를 해칠 뿐 아니라 한국의 국가 이미지에도 손상을 준다""며 이같이 밝혔습니다.
다이 대사는 또 한국과 중국 양자 관계가 외부 영향을 받지 않아야 한다고 주장했습니다.
다이 대사는 ""양국은 확고한 전략적 자주성으로 외부 간섭에 대응해야 한다""며 ""일방적 패권주의, 보호주의, 디커플링은 중한의 공동 이익을 해치므로 공동으로 반대하고 국제적 공정과 정의를 수호해야 한다""고 덧붙였습니다.
이는 한중 관계에 대한 미국의 영향력을 견제하는 한편 보호주의를 들고나온 도널드 트럼프 미국 대통령에 함께 반대하자는 취지로 해석됩니다.
다이 대사는 또 ""시진핑 주석의 APEC(아시아태평양경제협력체) 회의 참석 자체가 한국 측 회의 개최에 대한 귀중한 지지였다""고 의미를 부여했습니다.
그러면서 ""경주선언 협의 과정에서도 중국은 한국에 매우 소중한 지지를 보냈다""며 ""일부 국가가 WTO(세계무역기구)와 IMF(국제통화기금) 같은 내용을 포함하는 걸 반대했다""고 말했습니다. 미국이 중국·한국과 다른 입장이었음을 강조한 것입니다.
최근 대만 유사시 집단 자위권 행사 가능성을 언급한 다카이치 사나에 일본 총리를 겨냥한 발언도 내놨습니다.
다이 대사는 ""아쉽게도 일본의 신임 총리께서 최근 들어 중국과 관련한 부정적 발언을 하는데, 이는 중국으로서 받아들이기 어렵고 중일 관계의 발전에도 부정적 영향을 미친다""고 비판했습니다.
이날 패널로 참여한 중국 글로벌거버넌스연구원 션웨이중 부원장도 ""타이완 문제에서 한국은 신중한 언행을 보여준다. 일본의 태도와는 굉장히 차이가 난다""고 말해 한국과 일본을 대비시켰습니다.
[사진 출처 : 연합뉴스]
■ 제보하기
▷ 전화 : 02-781-1234, 4444
▷ 이메일 : kbs1234@kbs.co.kr
▷ 카카오톡 : 'KBS제보' 검색, 채널 추가
▷ 네이버, 유튜브에서 KBS뉴스를 구독해주세요!"
197,"김병기, 檢 집단 반발에 “민주당 정권을 호구로 아나… 전부 징계해야”","여야 원내대표단 회동 전 발언
“그 머리 좀 좋은 데다 써야”
“그 자리에 할 사람 많아”
11일 오후 국회에서 여야 원내대표 회동으로 향하는 김병기 더불어민주당 원내대표. /뉴시스
더불어민주당 김병기 원내대표가 ‘대장동 사건 항소 포기’ 논란과 이에 대한 검사들의 반발에 대해 “검찰이 이래도 되나. 전부 다 징계 처리해야 된다”고 11일 말했다.
김 원내대표는 이날 오후 여야 원내대표단 회동 전 기자들과 만난 자리에서 “(공개 반발한 검사들을) 가만 안 둘 것”이라며 “민주당 정권을 호구로 아나 봐”라고 했다.
앞서 지난 10일 수원지검장 등 전국 지검장 18명은 대장동 사건 항소 포기를 최종 결정한 노만석 검찰총장 직무대행을 겨냥해 “항소 포기 결정이 납득되지 않는다. 경위와 법리적 이유를 설명하라”는 성명을 냈다. 지검 산하 지청장 8명과 법무연수원 교수들도 비슷한 취지의 입장을 밝혔다.
김 원내대표는 “이 건이 문제 있다고 치고, 그걸 내부에서 얘기를 해야지 어떤 공무원이 외부에 이렇게 얘기를 하냐”며 “밖에서 보라고 하는 거 아니냐”고 했다.
이어 “그 머리 좀 좋은 데다 좀 쓰지”라며 “검사장, 지청장, 또 평검사까지 이렇게…. 이제 대놓고 해보자는 거냐”라고 했다. 그러면서 “(징계 처리해도) 그 자리에 할 사람들 많다”고 했다.
그러면서 “(법무부) 정성호 장관에게 다 징계하라 그럴 것”이라고 했다.
김 원내대표는 항소 포기 결정에 대해 국민의힘이 국정조사, 청문회 등을 요구하는 데 대해선 “(야당이) 하자는 거 다 (할 수 있다)”라며 “그리고 하지 말자는 것도 할 것”이라고 했다. ‘하지 말자는 것이 무엇이냐’는 질의에 김 원내대표는 “일단 특검을 안 하려고 하겠지”라고 했다."
198,공직자 ‘계엄 전후 10개월’ 싹 뒤진다…휴대전화도 제출 유도,"총리실, 내란청산 TF 추진계획 내놔
내년 2월 13일까지 조사-인사조치
인터뷰-서면조사-업무용PC 열람 등
“조사협조 정도 따라 징계수위 차등
사적 자리 발언은 조사대상 아냐”
이재명 대통령과 김민석 국무총리가 11일 서울 용산 대통령실 청사에서 열린 국무회의에서 대화하고 있다. 뉴시스
12·3 비상계엄에 관여한 이력이 있는지 조사하는 TF(태스크포스)가 49개 중앙행정기관을 대상으로 진행된다. 특히 많은 의혹이 제기된 검경과 군, 외교부, 법무부, 국방부 등은 집중 점검 기관에 포함됐다. 이달 21일까지 조직을 구성한 뒤 내년 2월 13일까지 내부 인사조치를 마치겠다는 계획이다. ‘내란 청산’ 작업을 속도감 있게 진행해 석 달 안에 끝내겠다는 것이다.
총리실은 11일 ‘헌법존중 정부혁신 TF 구성 추진계획’이라는 제목의 자료를 내고 관련 TF 추진 배경에 대해 “내란재판과 특검 수사 지연으로 내란청산이 장기화하면서 정부에 대한 국민의 불신 점증 및 공직사회 내부의 반목과 불만 확산으로 내란 청산을 통한 조속한 공직사회의 신뢰회복 추진이 필요하다”고 설명했다. 앞서 이날 국무회의에서 김민석 국무총리가 관련 TF 구성을 제안하자 이재명 대통령은 “내란은 정말로 발본색원해야 되는데 특히 인사에 있어서 가담 정도가 극히 경미하더라도 가담·부역 사실이 확인되면 승진시키는 것은 말이 안 된다”고 했다.
조사대상 기관은 대통령 직속기관 및 독립기관을 제외한 전체 중앙행정기관 49개다. 이 가운데 군(합동참모본부)·검찰·경찰·총리실·기획재정부·외교부·법무부·국방부·행정안전부·문화체육관광부·소방청·해양경찰청 등 12개 기관은 타 기관보다 의혹 제기가 많다는 이유로 집중 점검 기관에 포함됐다. 감사원과 국정원 등 대통령 직속기관은 대통령실에서 관리하게 된다. 조사범위는 비상계엄 전 6개월부터 비상계엄 후 4개월까지 총 10개월 동안 내란에 직접 참여하거나 협조한 행위 여부다. 다만 공직자가 사적인 자리에서 발언한 것 등은 조사범위에 속하지 않는다.
조사는 인터뷰와 서면조사, 디지털 포렌식 등 종합적으로 받는다. 공용 재산인 업무용 PC, 서면자료 등은 조사 목적상 열람 가능 등 기본적 감사 권한에서 허용된 감사권한 범위 내에서 실시한다. 또 개인 휴대전화 등은 헌법상 특별권력 관계인 공직자의 신분을 감안해 자발적 제출을 유도한다는 방침이다. 공직자가 상당한 의혹에도 불구하고 비협조적인 경우 대기발령 또는 직위해제 후 수사 의뢰 등을 고려한다는 계획이다. 또 동일한 행위라도 조사에 협조한 정도에 따라 징계 수위에 차등을 두겠다고도 했다. 정부는 “처벌 목적이 아닌 정부의 헌법수호 의지”라고 강조했다.
총괄 TF 단장은 윤창렬 국무조정실장이 맡는다. 각 기관은 이달 21일까지 의혹대상자 참여를 배제한 TF를 구성한다. 규모는 기관 재량으로 결정하되 최소 10인 이상으로 구성한 뒤 기관별 제보센터 또는 제보창구(전화)를 반드시 포함해 운영한다. 내란행위 제보센터를 통해 제보가 접수되면 소속 기관이 조사하도록 전달하고 제보자에 대해서는 철저한 익명성을 보장, 불이익 조치를 금지하겠다는 계획이다. 조사대상이 내달 12일까지 확정 및 보고되면 각 기관은 조사를 벌인다. 조사결과는 내년 1월 31일 총괄 TF에 보고하고 2월 13일 내부 인사조치를 마무리한다."
199,"개혁신당 ""10·15 부동산대책, 정부 통계조작"" 취소소송 제기","개혁신당 천하람 원내대표가 10.15 부동산 대책 행정소송 및 효력정지 신청을 위해 11일 서울 서초구 서울행정법원을 방문하고 있다. [사진=연합뉴스]
개혁신당이 11일 서울행정법원에 정부의 10·15 부동산 대책에 대한 취소소송 및 효력정지 신청을 제기했다. 정부가 대책 발표에 앞서 의도적으로 통계를 숨겼다며, 대책을 뒤집기 위해 법원 판단을 구하겠다는 것이다.
천하람 원내대표는 이날 서울 서초구 서울행정법원 앞에서 기자들과 만나 ""(정부가) 9월 통계가 버젓이 존재하는데도 불구하고 국민들에게 이를 숨기고 정치적 의도를 갖고 거짓말 하며 불법적으로 10·15 부동산 대책을 남발했다""며 ""이재명 정부의 폭주를 법원을 통해서라도 제어하기 위해 오늘 행정소송과 효력정지 심판 가처분 신청을 제출하러 왔다""고 말했다.
개혁신당과 국민의힘 등 보수 야권은 최근 정부가 한국부동산원의 9월 주택가격 통계를 대책 발표 시점 전후로 확보했음에도, 의도적으로 이를 제외하고 6~8월 통계를 바탕으로 대책을 마련하면서 서울 도봉구·강북구·중랑구·금천구와 경기 지역 등 규제 지역이 과도하게 확대됐다고 문제삼고 있다.
천 원내대표는 ""정부에선 정치적 의도를 가지고 위법하게 통계를 조작하고, 왜곡하고 있다""며 ""아마 이재명 정부에선 문재인 정부와 똑같은, 어쩌면 더 심한 부동산 규제와 재산권 침해를 하면서까지 문 정부처럼 부동산 때문에 인기가 떨어지는 것은 피하고 싶은 것 같다""고 지적했다.
아울러 ""통계를 조작·왜곡하지 않았다면 (규제 지역으로) 포함되지 않았을 경기 의왕·성남·수원 등의 지역 주민들과 힘을 합쳐, 정부의 부당하고 위법한 재산권 침해와 세금 중과에 맞서 싸워야 한다""며 ""국민들에게 통계를 숨기고, 배제하고, 왜곡하는 이런 통계의 정치화는 멈춰야 한다""고 강조했다.
이번 행정소송 대리인단엔 국민의힘 출신의 최재형 전 감사원장(현 국민의힘 종로구 당협위원장)도 합류했다. 천 원내대표는 ""최 전 원장은 부당하고 위법한 행정 행위에 맞서 정의와 원칙을 지키기 위해 싸워온 분""이라며 ""저희 입장에선 정말 천군만마라고 생각한다""고 밝혔다.
전날 국민의힘도 김은혜 원내정책수석부대표 주도로 기자회견을 열고 해당 문제 관련 행정처분 취소소송 계획을 밝힌 데 대해선 ""개혁신당의 대의에 공감하는 분들과는 언제든 함께 협력할 것""이라고 했다."
200,"장동혁 ""李 대통령, 국정조사·특검 통해 탄핵해야""","국민의힘 장동혁 대표가 11일 서울 서초구 대검찰청에서 검찰의 대장동 개발 비리사건 항소 포기와 관련해 규탄 발언을 하고 있다. /연합뉴스
장동혁 국민의힘 대표가 11일 이재명 대통령을 국정조사와 특검을 통해 탄핵해야 한다고 주장했다.
장 대표는 이날 대검찰청 앞에서 열린 국민의힘 긴급 현장 규탄대회에서 ""지금 엉망으로 망가지는 대한민국을 구하는 방법은 딱 하나""라며 ""이재명을 대통령의 자리에서 내려오게 하는 것뿐""이라고 말했다.
그러면서 ""국정조사와 특검을 통해서 이재명을 탄핵해야 한다. 그리고 지금 즉시 법원은 이재명에 대한 재판을 재개해야 한다""고 주장했다.
장 대표는 ""지금 대한민국에서는 일어날 수 없는 일들이 일어나고 있다""며 ""오직 이재명이라는 사람이 대통령의 자리에 앉아 있기 때문에 일어나는 일들""이라고 지적했다.
그러면서 ""단군 이래 최대의 개발 비리 범죄가 일부 무죄가 선고됐는데도 항소를 포기했다""며 ""8천억짜리 개발 비리를 4백억짜리로 둔갑시켰는데도 항소를 포기했다""고 비판했다.
이어 ""정성호 법무부 장관이 '신중하게 결정하라'고 했다는 말이 저에게는 조폭 두목이 '밤길 조심하라'는 말로 들린다""며 ""이 모든 것은 이재명 때문""이라고 꼬집었다.
장 대표는 민주당을 향해 ""국정조사 하자. 그리고 특검하자""고 다시 한번 제안했고, 법원을 향해선 ""이재명 재판 다시 시작하자""고 강조했다."
201,"안철수·김은혜 “이재명 정부, 대장동 공범…7천억 원 범죄자에 귀속”","국민의힘 김은혜·안철수 의원은 검찰의 대장동 사건 항소 포기에 대해 “대장동 주민과 성남시민의 피눈물이 서려 있는 7천억 원을 대장동 범죄자 일당에 귀속시켰다”고 비판했습니다.
경기 성남 분당이 지역구인 두 의원과 장영하 성남 수정 당협위원장, 윤용근 성남 중원 당협위원장은 오늘(11일) 국회에서 기자회견을 열고 “7천억 원을 범죄자 주머니에 털어준 이재명 정부는 단군 이래 최대 범죄인 대장동의 공범”이라며 이같이 말했습니다.
이들은 “대장동 항소 포기로 대한민국 정의의 등불이 꺼졌다”며 “대장동 항소 포기로 국민을 위해 권력을 향해 공정하게 휘둘러야 할 검찰의 칼이 이제 권력을 보호하는 방패로 바뀌었다”고 말했습니다.
그러면서 “민주당은 성남시가 민사를 제기해 되찾으면 된다고 거짓으로 선동하고 있다”며 “(1심 법원은) 특가법상 배임이 아닌 일반 형법 배임을 적용해 7,886억 원중 473억 원만 범죄수익으로 인정했다. 이마저도 2심에서 줄어들 가능성이 있다”고 지적했습니다.
이들은 “민사재판에선 형사재판의 선고를 준용해 배상금액이 결정되므로 당연히 대장동 주민과 국고에 귀속되어야 할 7천 억을 받아내는 것은 이제 원천적으로 불가능하다”며 “검찰이 추징금 보전청구로 판결을 받아둔 2,070억 원도 1심에서 473억만 인정됐기 때문에 1,500억 원은 취소될 위험이 크다”고 말했습니다.
이어 “민사 소송을 통해 환수가 가능하다는 민주당과 정성호 법무부 장관의 궤변은 대장동 주민들을 두 번 죽이는 말”이라며 “정성호 장관 탄핵은 물론 국정조사와 특검을 추진하고, 국민과 함께 행동에 나설 것”이라고 덧붙였습니다.
[사진 출처 : 연합뉴스]
■ 제보하기
▷ 전화 : 02-781-1234, 4444
▷ 이메일 : kbs1234@kbs.co.kr
▷ 카카오톡 : 'KBS제보' 검색, 채널 추가
▷ 네이버, 유튜브에서 KBS뉴스를 구독해주세요!"
202,"다이빙 中대사 ""시진핑 방한으로 한중 새 국면…'외부 간섭' 함께 저항해야""","""극우 반중 시위, 한중 우호 해쳐…한국 정부의 실질적 조치 기대""
노재헌 주중대사 ""APEC 이후 한중관계 새로운 계기 마련""
다이빙 주한중국대사가 11일 오전 서울 중구 프레지던트호텔에서 '한중 전략적 협력동반자관계의 신 도약'을 주제로 열린 글로벌전략협력연구원 한중 싱크탱크 대화에 참석해 축사하고 있다. 2025.11.11/뉴스1 ⓒ News1 이광호 기자
(서울=뉴스1) 정윤영 기자 = 다이빙 주한 중국대사는 11일 ""시진핑 주석의 국빈 방한은 한중 전략적 협력 동반자 관계의 새로운 비약을 이끌어낸 중요한 계기""라며 ""양국 정상의 전략적 지도 아래 한중관계는 새로운 국면을 열었다""라고 밝혔다.
다이 대사는 이날 서울 프레지던트호텔에서 '한중 전략적 협력 동반자 관계의 신(新) 도약'을 주제로 열린 글로벌전략협력연구원 한중싱크탱크대화 축사를 통해 ""시 주석의 경주 아시아태평양경제협력체(APEC) 정상회의 참석과 국빈 방문이 원만히 성공을 거뒀고, 양국과 국제사회에 뜨거운 반향을 불러일으켰다""며 이같이 말했다.
시 주석은 지난달 30일 국빈 자격으로 한국을 찾았다. 중국 국가주석의 방한은 11년 만으로, 한중은 지난 1일 정상회담을 통해 70조 원 규모의 원-위안 통화스와프 계약서 등 한중 협력을 위한 7건의 양해각서(MOU)를 체결하며 관계 개선을 도모했다.
다이 대사는 시 주석 방한의 의미를 △아태 지역의 개방과 협력을 이끌고 △한중관계의 새로운 국면을 개척했으며 △중미관계를 안정시켰다고 자평했다.
그는 ""시 주석의 APEC 연설은 포용적이고 모두가 혜택을 누리는 경제 글로벌화를 주장하며 '역(逆)글로벌화' 담론을 상쇄했다""며 ""중국은 '경주 선언' 협의 과정에서도 한국 측을 강력히 지지했고, 내년 중국 선전에서 열릴 APEC 회의에 한국의 전력적인 지원을 기대한다""라고 말했다.
이어 ""시 주석과 이재명 대통령의 정상회담은 양국 관계 발전에 대체 불가능한 전략적 지도의 역할을 했다""며 ""양측은 자유무역협정(FTA) 2단계 협상 가속화, 신흥 분야 협력 확대, 인문 교류 활성화, 인적 왕래 편리화 등 다양한 분야의 협력에 합의했다""라고 강조했다.
한편 그는 APEC 계기 미중 정상회담이 열려 양국이 관세 전쟁 등 '패권 경쟁'을 일단 휴전한 것에 대해서도 ""미국이 촉발한 관세전·무역전·기술전은 중국을 쓰러뜨리지 못했다""며 ""중국은 자주적 발전과 개방 확대를 통해 더욱 강해지고 자신감이 충만해졌다""라고 주장했다.
다이 대사는 ""한중은 옮길 수 없는 중요한 이웃이며, 협력 파트너로서 전략적 소통을 강화하고 일시적 사안에 흔들리지 말아야 한다""며 ""양국은 전통 분야 협력을 강화하는 동시에 신흥 분야에서도 '강강연합'(强强联合·제조업 강국 연합)을 통해 상호 호혜·공영을 실현해야 한다""라고 말했다.
다이 대사는 그러면서도 ""(한국 내) 일부 극우 세력이 반중 시위를 벌이는 것은 양국 우호를 해칠 뿐 아니라 한국의 국가 이미지에도 손상을 준다""며 ""한국 측이 근본적 해결을 위한 실질적 조치를 취하길 바란다""라고 언급하기도 했다.
아울러 ""한중관계는 제3자를 겨냥하지 않으며, 제3자에 의해 제약받지도 않는다""라며 ""양측은 확고한 전략적 자율성으로 외부 간섭을 저항하고, 일방주의·보호주의·디커플링 시도에 함께 반대해 국제적 공정과 정의를 수호해야 한다""라고 강조했다. 한국이 미국의 영향력에서 벗어나 더 중국 쪽으로 다가와야 한자는 취지로 해석된다.
이날 노재헌 주중한국대사도 영상 축사를 통해 ""1992년 수교 이래 지난 33년간 양국은 모든 분야에서 괄목할 만한 발전을 이뤄왔다""면서 ""이러한 교류와 협력은 양국 간 신뢰를 강화하며 역내 안정과 번영에 기여하는 초석이 됐다""라고 평가했다.
노재헌 주중 한국대사가11일 오전 서울 중구 프레지던트호텔에서 '한중 전략적 협력동반자관계의 신 도약'을 주제로 열린 글로벌전략협력연구원 한중 싱크탱크 대화에 영상으로 축사를 전하고 있다. 2025.11.11/뉴스1 ⓒ News1 이광호 기자"
203,"장성민 “‘대통령실·법무부 고려 항소포기’ 노만석, 李 직격한 것…내부거래 양심선언을”","SNS 통해 “대장동 사건 檢항소포기 개입 사실 대통령실 더 이상 회피 못해” 주장
“‘대장동 설계 발언’ 국민 다 알아, 李 사과하고 변호사 출신들 전부 인사개편해야”
“항소포기 개입 사태로 예측 불가 정국…조희대 李 5개 재판재개 머뭇대지 말라”
노만석 검찰총장 직무대행(대검찰청 차장)이 성남 대장동 개발비리 1심 항소포기를 종용한 이유를 “용산(대통령실)과 법무부와의 관계 등을 고려해야 했다”고 검찰 내부에 해명한 가운데, 야권 일각에선 이를 ‘이재명 대통령을 직격한 발언’이라며 공세에 나섰다.
‘DJ(김대중 전 대통령)계 보수’ 장성민 국민의힘 전 의원은 11일 페이스북과 유튜브 등을 통해 “단군이래 최대 규모 부동산 개발비리 사건인 대장동 게이트의 일당에 대한 검찰의 항소 포기로 전과 22범 ‘이재명 내각’은 최대 위기를 맞았다”며 “항소 포기를 위한 법무부 장·차관의 압력 행사란 이 대통령의 재가 없이, 모르게 이뤄질 수 없다는 게 상식”이라고 주장했다.
김대중·윤석열 정부 대통령실 고위공직을 지낸 장성민 국민의힘 전 의원(경기 안산갑 당협위원장)이 성남 대장동 개발비리 1심 선고에 대한 검찰 항소포기 ‘외압 의혹’으로 이재명 대통령을 겨냥하는 영상 논평을 11일 내놨다.<유튜브 채널 ‘장성민’ 영상 갈무리>
이어 “항소 포기의 진두지휘자였던 노만석 직무대행의 ‘용산과 법무부와의 관계를 고려한 결정이었다’는 충격적인 말은 용산 대통령과 대통령실을 직격한 ‘헌팅’(사냥) 발언”이라며 “이제 노 대행의 발언으로 대통령실 개입 사실여부를 더 이상 회피할 수 없게 됐다. 이번 외압 몸통은 결국 이 대통령 쪽으로 국민 의혹이 쏠린다”면서 ‘대통령의 대국민 사과’를 요구했다.
또한 “이 대통령은 국민적 의혹에 대해 해명하고, 이번 사건에 연루된 법무부 장·차관을 즉각 해임하고, 사건 전말을 수사해 국민에게 밝혀야 한다”며 “대통령실 민정수석비서관실과 노 대행 간의 ‘밀담 창구’를 통해 대통령실이 노 대행에게 어떤 지시를 하달했는지 그 내용을 철저히 조사해 국민 앞에 밝히고, 관련 비서관을 파직시키고 엄벌해야 한다”고 주장했다.
이 대통령 형사재판 변호인 출신 공직자 ‘물갈이’를 촉구하기도 했다. 장성민 전 의원은 “대통령실에 기용된 변호사 출신들을 전부 인사 개편해야 한다”면서 “이미 국민은 대장동 사업의 설계자가 이 대통령임을 알고 있고, 이 대통령이 인정한 사실이다. 이번 사건을 계기로 왜 정부·여당에서 검찰청 폐지하고 재판중지법 만들며 배임죄를 폐지하려는지 본질을 알게 됐다”고 했다.
그러면서 “이번 항소포기 개입사태는 정국의 물꼬를 예측할 수 없는 방향으로 틀 것이고, 이로 인해 이재명 정권은 출범 이후 최대 정권 위기를 맞게 됐다”며 “노 대행이 용산을 직격한 이상, 이 대통령은 더 이상 회피할 수 없게됐다. 노 대행은 지금이라도 역사 앞에 무거운 사명감을 갖고 양심선언으로 대통령실과의 내부자 거래 전모와 그 실체를 국민께 알리라”고 요구했다.
나아가 “조희대 대법원장은 더 이상 머뭇거릴 때가 아니다. 중단된 이 대통령의 재판 5개를 하루속히 재개해 그를 법정에 세우라. 그것만이 대한민국 민주공화국이 범죄공화국으로 타락하는 것을 막는 길이다”고 사법부에 촉구했다."
204,"“단군 이래 최대 정치 부역”…국힘, 대검 앞서 항소포기 규탄","국민의힘 장동혁 대표와 송언석 원내대표를 비롯한 의원들이 11일 서울 서초구 대검찰청 앞에서 검찰의 대장동 개발 비리사건 항소 포기 관련 규탄대회를 연 뒤 노만석 검찰총장 대행 사퇴를 촉구하며 항의방문을 시도하고 있다. 연합뉴스
장동혁 대표 등 국민의힘 의원 40여명이 검찰의 대장동 개발비리 사건 항소 포기 관련 규탄대회를 11일 열었다.
이들은 노만석 검찰총장 대행이 “단군 이래 최대 정치 부역을 자백했다”며 사퇴를 촉구하는 한편 국정조사와 특검을 통한 진상 규명을 하자고 거듭 제안했다.
국민의힘 장동혁 대표, 송언석 원내대표를 비롯한 의원들이 11일 서울 서초구 대검찰청 앞에서 검찰의 대장동 개발 비리사건 항소 포기 관련 규탄대회를 열고 있다. 연합뉴스
장 대표를 비롯해 국민의힘 소속 의원들은 이날 오전 서울 서초구 대검찰청 청사 앞에서 규탄대회를 진행했다.
장 대표는 “단군 이래 최대 개발 비리 범죄가 일부 무죄가 선고됐는데도 항소를 포기했다”며 “더불어민주당 김병기 원내대표도 말한 것처럼 국정조사를 하고, 특검도 하자”고 밝혔다.
이어 “지금 즉시 법원은 이재명 대통령 재판을 재개해야 한다”며 “그게 대한민국을 구하는 유일한 길”이라고 덧붙였다.
송언석 원내대표는 “용산과 법무부에 아부하느라 70년 검찰 역사 자존심을 대장동 잡범들에게 팔아먹은 노만석을 강력히 규탄한다”고 쏘아붙였다.
그는 “범죄자에게 수천억원의 부당이득을 챙겨주고, 부당한 항소 포기에 항의하는 검사들을 항명으로 몰아붙이는 무도하고 파렴치한 정권”이라고 목소리를 높였다.
나경원 의원은 “노 대행은 용산과 법무부를 고려했다며 단군 이래 최대 정치 부역을 자백했다. 즉각 사퇴해야 한다”고 지적했다.
나 의원은 정성호 법무부 장관이 항소 포기를 놓고 ‘대검에 신중히 판단해 달라는 의견을 전달했다’고 전날 밝힌 데 대해 “정 장관은 누구와 어떤 대화를 나눴고 그 지시를 어떻게 전달했는지 명명백백히 밝혀야 한다”고 요구했다.
국민의힘 의원들은 규탄대회 직후 대검찰청을 항의 방문하고 노 대행 면담을 시도했지만, 노 대행은 휴가를 내고 출근하지 않았다.
이에 박철우 반부패부장 면담을 요구지만 거부당했다. 대검 측은 청사 정문을 봉쇄하고 의원들의 진입을 막았다.
국민의힘 의원들은 대검 청사 정문에서 약 30분간 대치한 후 해산했다.
국민의힘 의원들은 이날 오후 경기도 과천 법무부 청사를 방문해 정성호 법무부 장관 면담을 요구할 방침이다."
205,49개 중앙기관 싹 뒤져 발본색원… 공직사회 살얼음판 [내란 협조 공직자 조사],"‘헌법존중 정부혁신 TF’ 어떻게
“가담자도 승진명부” 불만 잠재우기
검경·총리실 등 12개 기관 집중점검
‘계엄 전후 10개월’ 업무 PC 등 열람
비협조 땐 대기발령·수사 의뢰 고려
2026년 1월까지 조사 뒤 후속조치 예정
“징계 목적 아닌 헌법수호 의지” 강조
김민석 국무총리가 11일 ‘12·3 비상계엄 사태’와 관련해 공직자들의 불법행위 가담 여부 등을 조사하기 위한 태스크포스(TF)를 띄운 데는 내란 혐의 관련 재판·수사에 긴 시간이 소요되고 있는 점이 주요 요인으로 작용했다. 신속한 내부 조사를 거쳐 합당한 인사조치를 할 수 있는 근거를 확보하고, 이를 통해 정부의 ‘헌법수호’ 의지를 강조하겠다는 의도다. 내란 가담자에 대한 정부 차원의 조사나 조치가 이뤄지지 않고, 승진 명부에 이름을 올리는 사례까지 발생하자 공직사회 내부에서 터져 나온 불만을 잠재우기 위한 목적도 담겼다. TF를 통해 12·3 비상계엄에 직접적으로 참여한 공직자뿐만 아니라 협조한 이들도 솎아내기로 하면서 당분간 공직사회에 긴장감이 흐를 것으로 보인다.
김민석 국무총리. 뉴시스
국무총리실에 따르면 ‘헌법존중 정부혁신 TF’의 조사 대상은 대통령 직속 기관 및 독립기관을 제외한 49개 전체 중앙행정기관이다. 이 중 군(합동참모본부)과 검찰·경찰, 국무총리실과 기획재정부·외교부·법무부·국방부·행정안전부·문화체육관광부, 소방청·해양경찰청 등 12개 기관은 집중점검 대상으로 지정됐다.
각 기관은 21일까지 내부에 자체 조사 TF를 구성하고 다음달 12일까지 기관별 조사 대상 행위를 확정해야 한다. 조사는 내년 1월31일까지 진행된다. 총리실에 설치되는 총괄 TF가 조사 결과를 토대로 검토한 뒤 내년 2월13일까지 인사조치를 마무리하게 된다. 문재인정부 당시 적폐청산 TF가 장기간 운영됐던 것과는 달리 속도감 있게 조사에 나서겠다는 의지로 풀이된다. 총괄 TF는 조사 기준 및 지침을 마련하는 것 등과 더불어 내란 행위 제보센터를 운영한다.
조사 범위는 지난해 12월3일을 기점으로 직전 6개월부터 직후 4개월까지 총 10개월간 내란에 직접 참여하거나 협조한 행위다. 총리실은 “내란 사전모의, 실행, 사후 정당화, 진실 은폐와 관련된 명백하고 직접적 행위에 대해서는 12월3일과 상당한 시간적 차이가 있더라도 조사하고 책임을 추궁할 것”이라고 밝혔다.
내란 협조의 경우 내란 관련 일련의 과정(모의, 실행, 사후정당화, 은폐)에 직접 참여하지는 않았으나, 공적인 지위를 이용해 물적, 인적 지원을 도모하거나 실행했다면 협조로 본다는 게 TF의 방침이다.
총리실 관계자는 “사법적 처벌과는 다른 징계이기 때문에 위법성을 인지했는지 여부와는 상관없다”며 “단순히 술자리나 개인적인 자리에서 말한 것은 대상이 안 되고, 공직자의 직위에서 한 행위가 조사 대상이 될 것”이라고 말했다.
구체적으로 내란 참여·협조 행위에 해당하는지는 기관장 책임하에 기관별 TF에서 조사·판단키로 했다. 이후 총괄 TF에서 보완·검증하는 과정을 거치게 된다. 총괄 TF는 언론, 국정조사·감사 등 모니터링 및 제보를 통해 의혹 목록을 사전에 작성하고, 각 기관이 제출한 조사 대상 행위를 취합해 누락된 내용이 없는지 검토할 예정이다.
업무 보고 받는 李대통령
정성호 법무부 장관(오른쪽)이 11일 서울 용산 대통령실에서 열린 제49회 국무회의에서 업무 보고를 하고 있다. 이날 국무회의에서 김민석 국무총리가 12·3 비상계엄에 가담한 공직자를 조사하기 위한 ‘헌법존중 정부혁신 태스크포스(TF)’를 구성하자고 제안하자 이재명 대통령은 “당연히 해야 할 일”이라며 힘을 실었다.  대통령실사진기자단
총리실은 조사 과정에서 업무용 PC와 서면 자료는 모두 열람할 수 있다고 설명했다. 개인 휴대전화는 자발적 제출을 유도하되 의혹이 있는데도 협조하지 않으면 대기발령·직위해제 후 수사 의뢰하는 것도 고려한다는 계획이다. 기관별 조사 TF는 법조 경력자 등 외부 전문가를 활용하거나 자체 감사 조직을 활용할 수 있고, 이 둘을 조합한 형태도 가능하다.
정부는 징계 자체가 목적이 아니라 정부의 헌법수호 의지를 강조하는 데 방점이 찍혔다는 점을 강조하고 있다.
서울 종로구 정부서울청사에서 공무원들이 이동하고 있다. 뉴시스
총리실 관계자는 “공직 내부에서 제보도 있고, ‘저 사람은 내란 때 참여·협조했는데도 이번 정부에서도 승진한다’는 분위기가 있으면 안 되고, 이런 분위기로 가면 공직사회의 문제가 계속 반복되니까 한 번에 짧게 정리를 하고 가야 할 필요성이 있어서 하는 것”이라며 “징계가 목적은 아니다”라고 강조했다."
206,"국힘, 대검 앞 규탄대회…송언석 “항소포기 몸통은 범죄자 이재명”","국힘, 11일 서초동 대검 앞에서 규탄대회
송언석 “노만석, 권력 앞에 벌렁 드러누워 버려”
장동혁 “나라 구할 길, 李 대통령서 내려오게 해야”
국힘, 대검 반부패부장 면담 요청했으나 거부당해
[이데일리 김한영 조용석 기자] 대장동 항소포기 사태와 관련 국민의힘이 대검찰청 앞에서 규탄대회를 열고 “이재명이라는 범죄자를 대통령으로 만들어 놓았더니 범죄자와 추종세력은 대한민국을 ‘범죄자가 당당한 나라’로 만들고 있다”고 11일 힐난했다.
송언석 국민의힘 원내대표는 이날 오전 서울 서초구 대검찰청 앞에서 국민의힘 지도부 및 소속의원 40여명이 모인 가운데 규탄대회를 열고 이같이 비판했다.
그는 “70년 역사에 대한민국 검찰은 죽었다. 마지막 순간 검찰의 관뚜껑에 손수 대못을 박아버린 자는 바로 비겁하고 비굴한 검찰총장 직무대행”이라며 “노만석(검찰총장 대행)은 검사라는 호칭도 아깝다. 권력 앞에서 스스로 벌렁 드러누워버렸다”고 비꼬았다.
국민의힘 송언석 원내대표가 11일 서울 서초구 대검찰청에서 열린 검찰의 대장동 개발 비리사건 항소 포기와 관련한 규탄대회에서 발언하고 있다.(사진 = 연합뉴스)
이어 “(노 대행은)후배 검사들의 정당한 항소 요구를 아무런 설명도 없이 깔아 뭉겠다. 노만석은 검사로서의 인생에 자존심도 없단 말인가”라고 부연했다.
또 노 대행이 항소 포기와 관련 ‘법무부 의견을 참고했다’, ‘중앙지검장과 협의했다’, ‘용산-법무부 관계를 고려했다’고 발언한 것을 언급하며 “검사로서, 검찰총장으로서 할 수 있는 말이란 말인가”라며 “전혀 이해가 되지 않는 궤변이다. 용산-법무부의 관계를 검찰총장이 고려해야 된단 말인가”라고 목소리를 높였다.
송 원내대표는 항소포기 사태의 진정한 몸통은 이재명 대통령이라고도 저격했다.
그는 “7800억원에 달하는 부동산 개발 비리 자금을 온전하게 보존하게 된 이번 항소 포기 외압을 직간접적으로 관여·묵인·조장·동의하는 사람들은 바로 7800억원을 해먹은 대장동 비리의 공범”이라며 “대장동 비리 사건의 몸통, 이번 항소 포기 사태의 진정한 몸통은 ‘대장동은 내가 설계했다’고 자신 있게 얘기했던 이재명 대통령 바로 그분”이라고 비판했다.
이어 “이재명이라고 하는 범죄자를 대통령으로 만들어 놓았더니, 범죄자와 그 추종 세력들은 대한민국을 범죄자가 당당한 나라로 만들고 있다”며 “범죄자가 갑자기 의인이 되고 범죄를 수사한 사람은 죄인이 되는 세상의 윤리와 상식이 완전히 180도 엎어져 버린 나라를 만들고 있다”고 했다.
장동혁 대표 등 국민의힘 지도부가 11일 박철우 대검 반부패부장 면담을 요청하며 대검 청사로 진입으로 시도하고 있다. (사진 = 뉴스1)
장동혁 대표 역시 “지금 대한민국에서는 일어날 수 없는 일들이 일어나고 있다”며 “이재명이라는 사람이 대통령의 자리에 앉아 있기 때문에 일어나는 일들”이라고 규탄했다.
또 “정성호 법무부 장관이 신중하게 결정하라고 했다는 말이 저에게는 조폭 두목이 ‘밤길 조심하라’는 말로 들린다”며 “이 모든 것은 이재명 때문입니다. 김병기 원내대표도 말한 것처럼 국정조사 하자”고 강조했다.
이어 “지금 엉망으로 망가지는 대한민국을 구하는 방법은 딱 하나다. 이재명을 대통령의 자리에서 내려오게 하는 것뿐”이라며 “국정조사와 특검을 통해서 이재명을 탄핵해야 한다. 그리고 지금 즉시 법원은 이재명에 대한 재판을 재개해야 한다”고 강조했다.
규탄대회 이후 국민의힘은 박철우 대검 반부패부장(검사장급) 면담을 요청했으나 대검이 이를 거부하면서 20여분간 대치상태가 벌어졌다. 국민의힘은 이날 오후에는 과천 법무부 앞에서 규탄대회를 연다."
207,"조국혁신당, 오는 23일 전당대회…새 지도부 선출","조국혁신당 전당대회 출발식 [자료: 연합뉴스]
조국혁신당은 오늘(11일) 전국당원대회 출발식을 열고 새 지도부 선출을 위한 전당대회 일정에 공식적으로 돌입했습니다.
황명필 중앙당 선거관리위원장은 출발식에서 ""이번 임시 전당대회는 우리의 초심을 재확인하고 지방선거를 승리로 이끌 지도부를 선출하는 매우 중요한 행사""라며 '진심으로 다시, 혁신으로 전진'이라는 전당대회 슬로건을 발표했습니다.
조국혁신당은 오는 21일에서 23일까지 온라인 투표를 진행해 당 대표와 최고위원 2명을 선출하고 결과는 오는 23일 청주 오스코에서 열리는 전당대회 행사에서 발표합니다.
이에 앞선 12일에는 후보자를 당원에게 소개하는 '다시 쓰는 프로필', 14일과 19일에는 정책·비전 검증 대담회, 17일과 21일 각각 호남과 영남 지역 대담회가 예정돼있습니다.
당 대표 후보로는 조국 전 비상대책위원장이 단독 출마했고, 최고위원 후보는 임형택 익산시공동지역위원장, 정춘생 의원, 정경호 전 한국로슈 노동조합위원장, 신장식 의원 등 4명입니다.
#조국혁신당 #전당대회 #조국
연합뉴스TV 기사문의 및 제보 : 카톡/라인 jebo23"
208,"국힘, 정성호·노만석 사퇴 촉구…내일 대검·법무부 항의방문","/TV조선 방송화면 캡처
국민의힘 송언석 원내대표는 10일 검찰의 대장동 사건 항소 포기와 관련해 정성호 법무부 장관과 노만석 검찰총장 권한대행의 사퇴를 촉구했다.
송 원내대표는 이날 국회에서 의원총회를 마친 뒤 ""정 장관과 노 권한대행을 비롯한 항소 포기 외압과 관련된 관계자 전원이 즉각 사퇴해야 한다는 점에 의견을 모았다""며 ""이와 관련해 내일 의원들이 함께 대검찰청과 법무부을 항의 방문하기로 했고, 시각을 조율 중""이라고 말했다.
그는 ""이번 항소 포기 사태의 몸통이 이재명 대통령이라는 점에 대해선 모두가 인식을 함께했다""며 ""지금 당장 (이 대통령에 대한) 탄핵을 추진할 수 있을 것인지에 대해선 의원들과 좀 더 논의하는 방향으로 정리했다""고 설명했다.
송 원내대표는 더불어민주당 김병기 원내대표가 전날 대장동 수사와 관련한 국정조사·청문회·상설특검을 제안한 점에 대해선 ""'우리도 좋다, 무엇이든 다 할 수 있다'고 의원들의 의견을 모았다""고 전했다.
그러면서 ""가장 빨리 할 수 있는 방안이 있다면 본회의 현안질의나 국정조사를 하는 방안에 대해 여야가 즉각 협의하자고 총의를 모았다""고 부연했다.
최은석 원내수석대변인은 향후 대응 방안에 대해 ""여러 의원이 적극적인 장외투쟁까지도 말했는데 내일과 모레 진행하면서 추가 논의를 이어가기로 했다""며 ""모레쯤 당원들이 모여 추가로 규탄 집회를 하는 것을 검토하고 있다""고 말했다.
송 원내대표는 이날 의총 모두발언에서 정 장관이 이날 출근길 도어스테핑(약식 문답)에서 항소 포기와 관련해 '처음에는 항소 여부를 신중히 알아서 판단하라고 얘기했다'고 발언한 데 대해 ""검찰을 지휘하는 법무장관의 발언인지 대장동 범죄 집단의 변호인인지 구분이 가지 않는다. 길고 긴 장광설의 요지는 결국 '외압 자백'""이라고 비판했다.
아울러 ""범죄자 집단의 배만 불려주는 항소 포기는 최악의 결정""이라며 ""항소 포기 자체가 또 다른 배임이고 직무 유기, 법치에 대한 자해행위""라고 지적했다."
209,"나경원, 생방송 중 진행자에 발끈 ""정성호 대변인이시냐""","대장동 항소 포기 관련 의견 청취 중
진행자 ""여야 모두 동일한 식으로 묻는다""
[이데일리 홍수현 기자] 나경원 국민의힘 의원이 검찰의 대장동 개발 비리사건 항소 포기와 관련한 라디오 인터뷰 중 진행자의 질문 방식에 “정성호 법무부 장관 대변인 같다”며 불만을 드러냈다.
나경원 국민의힘 의원이 2일 오전 서울 여의도 국회에서 열린 법제사법위원회 전체회의에서 추미애 위원장에게 의사진행발언을 요청하고 있다. (사진=뉴시스)
나 의원은 11일 YTN라디오 ‘김영수의 더 인터뷰’에서 진행자가 “정성호 장관이 ‘검사가 남욱 변호사를 위협했다’며 검찰 수사 문제점도 지적했다”고 하자 나 의원은 “앵커 질문을 보면 정성호 장관 대변인 같다. 정 장관이 ‘뭐라고 했다’며 그걸 자꾸 반박하라고 한다”며 불편해했다.
나 의원은 “(남욱 측 주장은) 피고인이 만들어 낸 거짓말이라는 게 검찰 측 얘기”라며 “그런 얘기를 그대로 옮기면서 하는 것이 장관의 태도이며 저는 오늘 (진행자가) 질문하시는 게 굉장히 실망스럽다”고 했다.
진행자는 해당 질문에 앞서 ‘정 장관이 항소 포기가 당연하다는 입장을 밝혔다. 어떻게 생각하는가’ ‘정 장관이 신중하게 판단했으면 좋겠다는 입장을 전달했다고 한다. 어떻게 들리셨는가’ 등의 질문을 한 바 있다.
진행자는 나 의원의 말에 “이 질문은 (민주당) 박주민 의원에게도 똑같이 했다. 똑같이 해서 여야의 입장을 듣는 것”이라고 설명했다. 하지만 나 의원은 “질문 자체가 정 장관에 대한 걸 계속 물어보시더라”고 재차 맞받았다.
나 의원은 이날 검찰의 대장동 개발 비리 사건 항소 포기 결정과 관련해, 사실상 정 장관이 외압을 행사한 것이라며 정 장관과 법무부 차관, 검찰총장 대행 등 지휘부 5명에 대해 사퇴를 요구했다.
그는 “과거 이재명 대통령이 (정 장관에 대해) ‘끝까지 같이 갈 사람, 배신하지 않을 사람이다’고 했다”며 “대통령과 사법연수원 18기 동기인 정성호 장관의 눈물겨운 대통령 지키기일 뿐이며 이는 사실상 외압을 자백한 것이다”라고 날을 세웠다.
외압으로 판단한 배경에 관해서는 “수사 검사들 모두 만장일치 항소하기로 한 뒤 법무부 의견을 구하는 과정에서 ‘신중하게 판단하라’고 한 건 항소 불허를 말한 것 아닌가”라고 짚었다.
앞서 정 장관은 항소 포기에 대해 “문제 없다. 성공한 재판과 수사였다”라며 “신중하게 판단하라고 했을 뿐 (검찰에) 지침을 준 적 없다”고 한 바 있다.
나 의원을 정 장관 발언을 “궤변 중 궤변”이라 강조하며  거듭 사퇴를 촉구했다."
210,"주한 중국대사 “韓, 반중시위 해결 조치 취해야”","한미동맹 강화 흐름에도 견제구
“한중관계, 제3자 영향 받지않아”
11일 오전 글로벌전략협력연구원과 중국 글로벌거버넌스연구원이 서울 중구 프레지던트호텔에서 공동 개최한 ‘한중 전략적 협력동반자관계의 신(新) 도약’ 주제의 포럼에서 다이빙 주한 중국대사가 발언하고 있다.  [사진=뉴스1]
다이빙 주한 중국대사가 한국 정부를 향해 국내 반중시위 관련 해결책을 요구했다.
11일 다이 대사는
글로벌전략협력연구원과 중국 글로벌거버넌스연구원이 개최한 포럼
에서 반중시위에 대해 “한국이 이를 근본적으로 해결하기 위한 실질적인 조치를 취해야 한다”고 말했다.
그는 “한국 극우세력이 중국 관련 허위정보를 유포하고 반중시위를 벌이는 것은 한중 우호를 해칠 뿐 아니라 한국의 국가 이미지에도 손상을 준다”고 강조했다.
지난 1일 경주에서 열린 한중 정상회담에서 양국 정상이 확인한 ‘양국 국민 간 우호 정서 조성 필요성’에 입각한 요구로 풀이된다.
다이 대사는 한중 정상회담에 대해 “양국 정상의 전략적 지도 아래 중한관계는 성공적으로 새로운 국면을 열었다”며 “이는 결코 쉽게 얻어진 것이 아니며 더욱 소중히 여겨야 한다”고 말했다.
사실상 미국을 견제하는 발언도 했다. 다이 대사는 한중관계에 대해 “제3자를 겨냥하지 않으며 제3자의 영향도 받지 않는다”고 밝혔다.
이어 “일방주의·보호주의·디커플링(탈동조화)은 양국의 공동이익을 해친다”며 “이를 함께 반대하고 국제적 공정과 정의를 수호해야 한다”고 말했다."
211,"박형준 부산시장 ""대장동 재판 포기, 국가포획·친명횡재"" 비판","페이스북 통해 입장 밝혀
[부산=뉴시스] 박형준 부산시장. (사진=부산시 제공) 2025.01.07. photo@newsis.com *재판매 및 DB 금지
[부산=뉴시스]원동화 기자 = 박형준 부산시장이 검찰의 '대장동 재판 항소 포기' 사태와 관련해 ""국가 포획과 비명횡사 친명횡재라는 말이 생각난다""며 ""민주당 정권이 국가를 사유화하려고 한다""고 비판했다.
박 시장은 11일 페이스북을 통해 ""검찰의 대장동 재판 항소포기 사태를 보면서 두 가지 말이 떠올랐다""며 ""먼저 국가포획이라는 말""이라고 했다.
그는 ""이 말은 30년 전 동구 사회주의 국가들이 무너지고 시장경제로 전환할 때 부패 정치인 기업인 세력이 국가기구를 하나둘씩 장악해서 사욕을 챙기는 것을 보면서 세계은행이 사용하기 시작한 말""이라고 운을 뗐다.
이어 ""민주당 정권의 행태가 이와 다르지 않다""며 ""부당한 검찰의 항소 포기는 한 마디로 완장 권력의 정치적 국가 포획""이라고 말했다.
박 시장은 ""민주당은 입법 권력에 이어 행정 권력을 장악한 후 국가 기구를 하나씩 둘씩 점령하고 합법을 가장해 대통령의 사법 리스크를 차례차례 해소하려 한다""며 ""대한민국 시스템 전체가 방탄조끼로 전락하고 있다""고 지적했다.
박 시장은 ""지난 총선 때 유행했던 ‘비명횡사 친명횡재’라는 말이 두 번째로 생각난다""며 ""정권의 이익에 반한다고 생각되는 모든 세력과 국가 기관이 이미 횡사 당했거나 당하기 직전이고, 검찰은 이미 횡사 당했으며 대법원도 위기에 처해 있다""고 적었다.
그러면서 ""반면 김만배 일당은 친명횡재를 시현했다""며 ""무려 7800억원의 횡재인데, 이 천문학적 금액은 불법으로 얻은 것이기에 모두 성남시민과 국민의 돈""이라고 했다.
박 시장은 마지막으로 ""민주당 정권은 국회에서 압도적 다수를 차지한 후 폭주를 거듭하더니 국가를 사유화하려 한다""며 ""정권이 국가 포획의 폭주를 거듭한다면 민심의 배가 뒤집어질 수 있음을 알아야 한다""고 목소리를 높였다."
212,성일종 국힘 의원 “100만원 가방은 보편적…뇌물 아냐”,"“인사 가야 하니 사서 간 듯”
김기현 국민의힘 의원의 배우자가 김건희 여사에게 100만원 상당의 가방을 선물한 것을 두고 성일종 국민의힘 의원이 “100만원 정도 되는 가방이 무슨 뇌물이냐”고 11일 말했다. 국민의힘 내부에서 김 의원 옹호 발언이 나온 것은 처음이다.
성 의원은 이날 KBS 라디오 ‘전격시사’에서 김 여사가 받은 가방에 대해 “그게 무슨 뇌물일 것이며 (김 여사가) 보신 적도 없을 것 같다”며 이같이 말했다. 그는 “인사를 가야 하니까 아마 (김 의원) 사모님께서 그 정도 사셔서 가신 것 같다”며 “돈 100만원 정도되는 보편적인 백인 것 같다”고 말했다. 그러면서 “그걸 뇌물로 연결하는 게 특검이 할 일이냐”고 지적했다.
한편 박정하 국민의힘 의원은 전날 MBC 라디오 ‘시선집중’에서 “(김 여사가) 이런 브랜드를 좋아한다는 소문을 확인하고 ‘전당대회 도와줘서 고맙다’는 말까지 하면서 (명품 가방을 선물하는) 이런 일이 국민들한테 죄송스럽고 부끄러운 일”이라고 김 의원을 비판했다. 박 의원은 “다들 불편한 건 말씀을 안 하시는 분위기가 굉장히 오래됐다”고 당내 분위기를 전했다.
앞서 김건희 특검은 지난 6일 윤석열 전 대통령 자택을 압수수색 하면서 100만원 상당의 로저 비비에 가방과 함께 김 의원의 배우자 이름이 적힌 편지 등을 확보했다. 김 의원은 지난 8일 “제 아내가 2023년 국민의힘 전당대회에서 제가 당 대표로 당선된 후 김 여사에게 클러치백 1개를 선물한 사실이 있다”고 밝혔다. 다만 “사회적 예의 차원의 선물”이라며 대가성은 없었다고 주장했다."
213,"조국 “대장동, 국가가 수익금 추징 못 하는 사건”","조국혁신당 조국 전 비상대책위원장이 대장동 사건 항소 포기로 7800억여 원의 범죄 수익을 몰수·추징할 수 없게 됐다는 주장은 사실이 아니라고 반박했습니다.
조 전 비대위원장은 오늘(11일) SNS를 통해 “이번 사건 (수익)은 국가가 몰수·추징할 수 없다”며 이같이 밝혔습니다.
조 전 비대위원장은 “정치인이 된 후 법학 교수 출신 티를 안 내려고 하는데 이번 건은 할 수 없다”며 “많은 언론에서 대장동 재판 항소 포기 관련하여 한동훈 등 국민의힘 정치인들의 주장을 점검 없이 그대로 싣고 있다”고 지적했습니다.
이어 “부패 재산 몰수ㆍ추징은 언제 가능한지는 ‘부패재산의 몰수 및 회복에 관한 특례법’ 제6조가 규정하고 있다”며 “(범죄 피해자의) 피해회복이 심히 곤란하다고 인정되는 경우에는 몰수ㆍ추징할 수 있다는 취지로 규정하고 있다”고 강조했습니다.
그러면서 “(이 사건의 피해자인) 성남시가 민사소송을 제기할 수 없는 경우에만 몰수·추징이 가능하다. 그런데 성남시는 이미 민사소송을 제기했다”며 애초에 국가가 범죄 수익금을 몰수·추징할 수 있는 사건이 아니라고 적었습니다.
한편 조 전 비대위원장은 “국민의힘이나 보수 언론은 이번 항소 포기를 이재명 대통령과 연결시키는 프레임을 구사하는데, 이 대통령은 이번 항소 포기로 얻는 이익이 없다”고도 주장했습니다.
[사진 출처 : 연합뉴스]
■ 제보하기
▷ 전화 : 02-781-1234, 4444
▷ 이메일 : kbs1234@kbs.co.kr
▷ 카카오톡 : 'KBS제보' 검색, 채널 추가
▷ 네이버, 유튜브에서 KBS뉴스를 구독해주세요!"
214,"[포커스] ""검찰 집단 반발? 정작 필요할때는 꿀빨더니‥""","[뉴스외전]
* 아래 텍스트는 실제 방송 내용과 차이가 있을 수 있으니 보다 정확한 내용은 방송으로 확인하시기 바랍니다.
■ 방송 : MBC 뉴스외전 (월~금 오후 01:50)
■ 진행 : 이언주 아나운서
■ 대담 : 박상혁 제21·22대 국회의원(경기 김포시을)
◎ 진행자 > [포커스] 시간입니다. 오늘은 박상혁 더불어민주당 원내소통수석부대표와 함께 하겠습니다. 어서 오세요.
◎ 박상혁 > 예, 안녕하세요. 박상혁 의원입니다.
◎ 진행자 > 법조인이시잖아요. 오늘 마침 대장동 사건 항소 포기 얘기가 계속 나오고 있어서
◎ 박상혁 > 질문을 잔뜩 준비해 주셨던데.
◎ 진행자 > 안 여쭤볼 수가 없어요. 정치인뿐 아니라 법조인 입장에서도 여쭤보도록 하겠습니다. 먼저 정성호 법무부 장관은 나는 의견을 전달했다라고 얘기를 해요. 지침 지시가 아니라고 얘기를 하는데 국민의힘에서는 외압이라고 얘기를 하거든요. 어떻습니까?
◎ 박상혁 > 먼저 정성호 법무부 장관 잘 아시지 않습니까? 이재명 대통령의 오랜 지인이지만 이재명 대통령에게도 공개적으로 비공개적으로 굉장히 쓴소리를 많이 하시는 분입니다. 그리고 정치를 하신 지 오래됐고 5선 국회의원이지만 크게 무리하거나 그런 정치 행보를 하신 적이 없습니다. 그래서 야당도 그런 점을 알고 있습니다. 그런 점에서 저는 정성호 장관이 얘기한 부분들, 원론적인 얘기들, 대장동 사건이 가지고 있는 여러 가지 함의들이 있지 않습니까. 단순한 시행사업자의 사건뿐만 아니라 이걸 수사하는 과정에서의 여러 가지 조작 기소, 저희들은 그렇게 생각을 하고 있는데 이런 부분들까지 다 고려해서 국민적인 파장들이 있기 때문에 영향들이 있기 때문에 그리고 오랫동안 수사를 했었고 그런 부분들 관련되어서 할 수 있는 법무부 장관으로서의 원론적인 저는 이야기였다고 생각합니다.
◎ 진행자 > 의견 전달이라는 입장이시네요.
◎ 박상혁 > 그리고 앞의 방송을 보니까 질문에도 있고, 김성태 전 의원님도 민정라인 얘기 이런 거 하고 하시는데 조상호 정책보좌관 얘기도 하고 하는데 이런 부분을 한번 좀 쉽게 이해하실 수 있을 것 같아요. 우리가 대통령이 바뀌었기는 하지만 아직 전체적인 공무원들 중에서도 과연 신뢰할 수 있는 사람들이 얼마나 있을까. 오늘 국무회의에서도 내란 관련된 TF를 만들라고 대통령께서도 김민석 총리의 제안에 대해서 지시하시기도 했고, 특히 검찰과 관련되어서도 과거처럼 흔히 말하는 민정라인이 발동되어서 검찰 선후배끼리 검찰총장, 민정수석 이렇게 해서 서로서로 짬짜미 하고 서로서로 하는 그런 것들의 환경이 아니지 않습니까. 물론 대통령과 가까운 변호사 출신들이 민정라인에 있지만 그 사람들이 지금의 검찰과는 굉장히 대척점에 있는 사람들이고 법과 규정에 의한 그런 것이 아니게 되면 나중에 향후에 이 부분과 관련되어서 어떻게 검찰 현업에 있는 사람들이 되치기할지 쉽게 말해서 잘 알고 있거든요. 그래서 지금 말하고 있는 국민의힘이나 일부 언론에서 얘기하고 있는 것은 상상 속에 불과한 과거 우병우 민정수석 이런 때에 발생할 수 있는 일이지 이재명 대통령 시대에 지금의 검찰과 그다음에 민정라인, 법무부 이런 환경을 생각하면 전혀 불가능한 얘기를 자꾸 옛날 기준으로 해서 상상 속에 소설을 쓰고 있다고 생각합니다.
◎ 진행자 > 지금 먼저 말씀하시니까 국민의힘에서는 계속 그렇게 얘기를 하는 거예요. 이재명 대통령이 몸통이다 그리고 대통령실과의 교감 없이 이게 이루어질 수 있겠느냐라고 얘기를 하는데 대통령실 쪽에서 나오는 얘기를 보면 민정라인도 사후에 통보를 받았다 이렇게 얘기를 하거든요. 그런 부분을 말씀하시는 걸까요?
◎ 박상혁 > 그렇죠. 구체적으로 거명해서 그렇긴 합니다만 봉욱 민정수석도 대통령과는 크게 연이 있지 않은 사람입니다. 대통령과 가까운 지지자들은 굉장히 검찰개혁에 미온적이라고 하는 면에서 비판적으로 보고 있거든요. 나머지 민정에 있는 비서관들 같은 경우는 검찰 출신이 아닌 사람들도 있고 그리고 연령도 굉장히 젊습니다. 그래서 지금에 있는 검찰들과 무슨 특별한 연고라든지 연이 없을 뿐만 아니라 실질적으로 이들이 그렇게 행사할 수 있는 힘이라든지 과거와는 다른 상태로 오히려 긴장감 속에 있는 상황이지 않습니까? 오히려 저는 그런 부분들이 과거와 다르게 운영되고 있는 방식들을 조금만 생각하고 이해하신다면 국민의힘의 공세가 자신들이 옛날에 했으니까 자신들은 해봐서 아는지 모르겠습니다만, 이재명 정부 하에서는 통용될 수 없는 그런 환경 속의 얘기라고 생각합니다.
◎ 진행자 > 노만석 검찰총장 대행이 처음에 항소 포기 결정을 했을 때는 여러 가지 상황을 고려해서 결정했다라고 얘기를 했는데 어제 대검 연구관 평검사들이 막 찾아가서 항의를 하니까 법무부로부터 항소 포기하라는 지시를 받았다라고 얘기를 하거든요. 그리고 법무부 차관하고 통화한 사실도 확인이 됐다 이렇게 언론 보도가 나오고 있어요. 이 점은 어떻게 보세요?
◎ 박상혁 > 저는 원론적인 답변이었을 거라고 생각합니다.
◎ 진행자 > 이 또한 원론적이다.
◎ 박상혁 > 좀 전에 정성호 장관은 지난주 내내 국회 법사위 예결위를 거치면서 그리고 또 주요 법무부 간부들도 국회에 있었던 것 같은데, 아시는 것처럼 예결위를 하게 되면 질문의 집중도가 높아서 다른 것들을 심각하게 뭔가 지시를 내리거나 그럴 수 있는 환경들이 아니거든요. 그래서 전체적으로 원론적인 얘기를 했을 것이고, 이런 부분과 관련된 답변이라고 생각하고 그걸 꼭 집어서 이건 절대 항소하면 안 된다는 구체적 지시가 있거나 그랬을 거라고 생각하지 않습니다.
◎ 진행자 > 노 대행이 오늘 휴가까지 내고 거취 표명을 고심하고 있다 이런 얘기가 나오니까 더 관심이 집중되고 있는 상황이긴 하거든요.
◎ 박상혁 > 배경까지야 제가 알 수 없습니다만 언론의 관심이라든지 이런 게 있기 때문에 그런 것이라고 생각이 들고요. 이미 얘기 많이 나왔습니다만 평검사들이 집단적으로 사실상 검란이라고 생각하는데 집단적인 행동을 할 때는 지금이 아니라 윤석열 씨가 검찰총장을 때려치우고 나와서 대통령에 나옴으로써 사실상 검찰이 그렇게 금과옥조처럼 얘기하던 검찰의 중립성 정치적 중립성이 깨졌을 때 그리고 12.3 내란으로 산산조각이 났을 때, 그리고 윤석열이 구속 취소돼서 풀려났을 때 검찰이 항고하느냐 이런 때 검찰이 집단적으로 얘기하면서 무언가를 얘기했다면 그 순수성이라든지 이런 것들이 인정받을 텐데 정말 검찰의 정치적 중립성이 필요할 때는 정말 단꿀을 빨면서 그들과 함께 했고 심지어는 고발사주 사건 이런 걸 통해서 검찰이 사실상 한 몸통으로 국민의힘과 움직였던 이런 부분을 보면 도저히 그들의 말을 신뢰하기가 어렵다라는 생각이 들어요. 그리고 이번에 저희들은 조작 기소라고 얘기할 수밖에 없는 검찰의 일련의 수사 과정들을 보면 저희들의 생각은 더 강화될 수밖에 없습니다.
◎ 진행자 > 그 부분을 말씀하시는 것 같아요. 수사 과정 말씀을 하시는 것 같은데 정 장관도 그 얘기를 했어요. 윤 전 대통령 구속 취소될 때 검사들 뭐 했냐 이 얘기를 한 가지를 했고, 수사 과정에서 유동규 전 본부장에게 형량 거래를 했다는 의혹, 그다음에 남욱 변호사 같은 경우에 회유 압박을 받아서 허위진술을 했다, 이런 얘기까지 나왔잖아요. 이 부분에 대해서는 왜 문제 제기 안 하느냐 이런 얘기가 나오거든요.
◎ 박상혁 > 이재명 대통령과 관련된 사건들을 반추해 보면 이것뿐만 아니라 쌍방울 사건도 마찬가지고 쌍방울 사건이 이어지는 후속 과정도 마찬가지 아니겠습니까. 진술 압력 관련돼서 연어를 주었느니 말았느니 하나둘씩 밝혀지고 있습니다. 조금 돌이켜 보면 쌍방울 김성태 회장이 외국에서 잡혀서 돌아올 때 맨 처음에는 변호사비 대납 사건이었습니다. 정말 저는 그렇게 생중계를 할 수 있나 싶은데 방송에서 수갑 차고 있는 모습, 공항 안에서부터 오는 모습을 생중계를 전부 다 띄워서 하면서 변호사비가 대납되었고 이렇게 시작되었는데 전혀 다른 걸로 기소가 되었고요. 그 과정에서 김성태는 사실 주가조작을 한 게 명확하고, 최근에 국정원 국감에서도 그런 얘기가 나왔습니다만 그 당시에 여러 가지 주가조작을 하고 실제로 대납이 없었어요. 북한 송금 문제도 다른 이야기가 있습니다. 도박 자금으로 쓰였을 가능성도 있는데 이런 부분들과 관련되어서 저희가 갖고 있는 이재명 대통령의 수사의 방향, 그리고 좀 전에 얘기했던 것처럼 남욱 씨의 증언, 유동규에 대한 여러 가지 거래 의혹, 그다음에 강백신 검사가 유동규를 여러 차례 만났다 그 당시에 이런 언론 보도도 있지 않았습니까? 그런 것들을 종합해 보면 과연 이재명 대통령에 대한 수사가 그다음에 압수수색 숫자는 저희들이 너무 많이 얘기를 해서 수백 번 경기도청 개인 해왔던 이런 과정들을 보면 엄청난 가혹하다라는 말이 조금 사치스러울 정도의 상황들을 보면 과연 검찰이 자신들이 저질렀던 일에 대해서는 하나의 반성도 없이 이 상황에 대해서 집단 항명 검란을 일으키는 것 자체가 저는 너무나 부끄러울 거라고 생각합니다.
◎ 진행자 > 정 장관이 어제 그런 말씀도 하시더라고요. 1차 수사팀 2차 수사팀 의견이 다르다라는 얘기를 하시던데 그럼 정권이 바뀌면 수사팀이 바뀐 거잖아요.
◎ 박상혁 > 아시는 것처럼 너무 수사 과정이 길고 그래서 저도 최초의 수사팀은 제대로 된 배임은 경제 범죄이기 때문에 얼마만큼의 재산적 이익이 있는지가 측정을 하는 게 굉장히 중요한데 죄를 단죄하기 위해서는 그런 부분에 있어서도 굉장히 적은 액수였고 제대로 특정도 못했었습니다. 그리고 이후에 2차 수사팀이 윤석열 정부 이후 들어서서 정말 가혹하리만치 아까 조금 전에 얘기했던 수사를 하게 되었고 결국 그런 무리한 수사가 이번 재판 판결에도 저도 이렇게 부동산 업자들이 일부 검찰, 박영수 검사라든지 이런 사람들 끼고 이런 식의 부동산 하는 문제에 대해서 모든 국민들이 다 비판적으로 생각하고 문제가 있다고 생각합니다. 그러나 그런 것과 별개로 이번 수사를 하면서 정확한 금액을 특정하지 못하고 무리한 기소를 했기 때문에 법원도 특경가법의 배임죄를 적용하지 못했던 거거든요. 자신들이 잘못한 수사 잘못한 부분에 대해서는 오히려 더 반성을 해야 될 문제인데 그런 부분에 대한 솔직한 고백 없고 반성 없이 항소가 자제되었다는 이유만으로 벌떼같이 들고 일어나는 자체 이게 바로 저는 검찰의 모습이라고 생각하고 저는 거기에 사실상 이건 표면적인 거고요. 본질은 내년 9월까지 검찰개혁의 대장정에 들어가 있습니다. 그런 과정에서 검찰과 이재명 정부와의 긴장 선상에 있기 때문에 그 역시 본질적이다. 자신들의 힘을 끝까지 유지하려고 하는 정치 검찰의 그런 행태다 저는 이렇게 생각합니다.
◎ 진행자 > 지금 의원님 말씀을 들어보면 국민의힘에서는 그 얘기하잖아요. 검찰에서는 범죄수익을 7,800억이라고 보는데 1차에서는 473억만 추징되지 않았느냐라고 공격을 하지만 그 안을 들어가 보면 검찰에서 수사를 제대로 못했기 때문에 법원에서 특경가법상 배임죄를 적용을 못한 거고 범죄 수익을 특정 못했기 때문에 이렇게 결론이 난 거다 이런 말씀이신가요?
◎ 박상혁 > 무리하게 전체 수익이다 막연하게, 정확하게 이런 부분을 특정해야 제대로 된 단죄가 되는데 무리하게 검찰수사를 벌이다 보니 그냥 무리하게 전체 이익이다 이렇게 얘기를 하면서 된 거고 그러다 보니까 이 재판 결과도 이런 결과가 나왔다 저는 생각이 들거든요. 그래서 정밀하게 모든 것이 많다고 다 정당한 건 아니지 않습니까? 그렇기 때문에 정확한 부분에 대한 특정이 필요하다라는 생각이 들고요. 그래서 지금 아시는 것처럼 1200억 정도를 부당한 이득으로 보고 그중에 430억 가량을 이번에 추징하게 된 것 아닙니까? 그리고 2천억 정도를 추징보전 해놨기 때문에 좀전에 김성태 의원은 잘못 얘기하셨는데 추징보전이 되어 있기 때문에 민사소송이 또 들어와 있습니다. 가압류도 돼 있고. 그러면 그걸 통해서 충분히 민사소송을 통해서 환수할 수 있다는 생각이 들고요. 우리가 형사 사건을 통해서 여러 가지 관련 법이 있습니다만 몰수할 수 있지만 그것이 보통 통상적이지 않습니다. 수많은 경제 사건 있잖아요. 사기 사건 많지 않습니까? 그게 다 검찰의 추징보전으로 환수되는 것이 아니거든요. 왜냐하면 형사는 형사 또는 민사 민사의 법 규율이 있고 그렇게 따라서 움직이는 거고 형사에서는 대체적으로 배상 명령이라든지 소액 사건 특정하기가 쉬운 사건들만 보통 제대로 판결이 나는데 이걸 가지고 금액이 크다 보니까 이 자들의 이런 부동산 투기와 관련되어서 국민적인 비판이 있다 보니까 그걸 호도하고 있다 이런 생각이 들어요.
◎ 진행자 > 민간업자들이 돈을 다 가져가는 거 아니야? 이렇게 얘기를 하는데 그렇지가 않다. 김만배에 대해서는 법원에서 2천억 원 정도 압류가 돼 있다.
◎ 박상혁 > 추징보전이 돼 있다. 왜냐하면 빼돌리기 전에 보전을 해놔야 나중에 민사소송이 들어왔을 때 그런 부분들을 반환할 수 있으니까요.
◎ 진행자 > 추징이 안 될 것처럼 얘기하는데 그렇지 않다. 정 장관이 얘기한 것처럼 민사소송을 통해서도 환수가 가능하다라는 이야기인데요.
◎ 박상혁 > 성남시도 민사소송을 제대로 하지 않았거든요.
◎ 진행자 > 액수를 늘리겠다 이런 얘기도 하더라고요.
◎ 박상혁 > 그런 부분들 관련해서 더 적극적으로 입증을 하고 과연 정확한 부당이득이 얼마인지 이들이 여러 가지 나쁜 이렇게 해서 투자한 것과 그 당시 부동산 가격이 폭등하면서 발생할 수 있는 이득, 이런 부분들이 정확히 평가가 되어야 되거든요. 그래야 우리가 추징 보전도 정확히 하고 부당이득반환도 정확히 하는데 이런 것들을 다 나쁘다 이렇게만 호도하고 있다고 생각합니다.
◎ 진행자 > 검찰이 그 부분에 대해서 제대로 수사를 못했다 이 부분이 있는 거네요. 그러면.
◎ 박상혁 > 제대로 못한 게 아니라 시간이 오래 걸리고 했는데 제대로 못했다라는 게 말 그대로 무리하게 하다 보니 이런 결과가 나온 거죠.
◎ 진행자 > 지금 민주당도 그렇고 국민의힘도 그렇고 국정조사는 하자는 거잖아요. 근데 대상은 다르잖아요. 그러면 어떻게 되는 겁니까?
◎ 박상혁 > 그런데 국민의힘에서 얘기하자는 국정조사는 관련된 국정조사를 얘기하는 것 같은데 아시는 것처럼 7일간의 항소기간 동안 있었던 일들이고 접수한 마지막 날과 관련해서는 타임라인도 조선일보에도 아주 정확하게 나와 있습니다. 그래서 특별히 조사할 내용이 없습니다. 그리고 원론적인 거지만 정성호 장관도 사실관계와 관련된 소상히 밝혔고, 이런 부분이기 때문에 지금의 국민의힘에서 하고자 하는 국정조사는 일종의 정치 공세인 거고, 오히려 저희들이 얘기했던 대장동 사건뿐만 아니라 쌍방울 사건 등 여러 가지 조작 기소와 관련된 것들은 관련된 증인으로 나와야 될 예를 들면 국정조사를 하게 되면 증인이 되지 않습니까? 거기에 나와야 될 김만배 남욱 정영학 등등도 많고 또 검사들도 많고 이런 복잡한 사건이 국정조사에 해당하는 것이고요. 이와 관련되어서는 오늘도 오후에 법사위가 열린다고 알고 있습니다. 그런 데서 필요한 질의와 답변이 이루어지면 될 문제라고 저희들은 생각합니다. 본질적으로는 국민의힘이 오늘도
◎ 진행자 > 대검도 가고 법무부도 갔어요.
◎ 박상혁 > 법무부도 가고 한다고 하는데 13일 추경호 전 원내대표의 체포동의안 보고가 있고 27일 표결이 이어집니다. 왜 국민의힘이 긴장하고 있는지 잘 아시는 것처럼 그들이 내란을 사실상 정치적인 옹호를 넘어서 공모했다. 내란의 중요 종사자들이 될 수 있다 그래서 결국 정당해산까지 갈 수 있다고 하는 자신들의 공포, 그리고 국민들의 비판, 이런 점들을 일정 정도 방어하기 위한 하나의 전선이라고 생각합니다.
◎ 진행자 > 규탄대회뿐 아니라 대통령 탄핵까지도 언급을 한 상황이거든요. 의원님 말씀을 들어보면 어쨌든 국민의힘에서는 이슈를 계속 끌고 가려고 할 것 같아요. 계속 정쟁화될 거다, 이렇게 보십니까?
◎ 박상혁 > 저희들은 기본적으로 APEC 이후에 여러 가지 성과를 후속조치해야 될 것들이 굉장히 많습니다. 반도체특별법이라든지 저희들이 생각하는 민생 관련된 법들이 굉장히 많이 있거든요. 더불어민주당에서는 내년도 우리가 어떻게 살아야 될지 외국의 경제 전문 기관들이 다행스럽게 1% 성장 그리고 내년에 한 1.9% 성장 가능성을 전망하고 있습니다. 그러기 위해서는 예산안 통과가 굉장히 적절한 시점에 빨리 돼야 되는 것들이 중요하거든요. 더불어민주당은 거기에 방점을 두고 있고요. 저들은 아까 말씀드렸던 것처럼 추경호 전 원내대표의 체포동의안에 대한 공포. 그리고 그들이 갖고 있는, 저는 도둑이 제 발 저린다고 생각을 하는데 자신들이 12월 3일 밤에 벌였던 행위들 때문에 조금 더 장기투쟁을 갈 가능성도 있는데 그런 부분과 관련돼서 확연하게 선을 긋고요. 저희들은 민생에 더 집중할 생각이고 그 이후에 저희들이 해야 될 국민들과 약속했던 개혁법안들이 있습니다. 사법개혁 또 허위·조작정보에 대한 그런 부분들도 차분하게 해나갈 생각입니다.
◎ 진행자 > 지금 말씀하셨지만 윤 전 대통령 같은 경우는 내란특검 수사도 받고 있지만 오늘 순직해병 특검에 출석을 했어요. 처음으로 나왔습니다. 수사 외압 의혹의 정점이다, 우리는 이렇게 보고 있는데 어떤 점에 주목하세요?
◎ 박상혁 > 1차적으로 왜 그동안 안 나오다가 나왔을까. 윤석열 구속만료가 1월에 다가오고 있습니다. 그런 부분들 때문에 최근에 다른 재판에서도 재판을 안 나가다 나가기 시작했거든요. 결국 그런 법원의 판단을 받기 위해서 어제 이적죄로 기소가 되었고 채상병 특검의 이런 부분과 관련되어서도 향후 구속영장이 또 신청이 될 겁니다. 그런 부분과 관련된 일종에 그동안에는 아시는 것처럼 속옷 차림의 저항도 아니죠, 속옷 차림의 난동을 부리다가 이런 최근의 행태를 보이고 있고요. 조금 전에 질문하신 것처럼 채상병 특검과 관련되어서는 임성근 씨가 구속기소되었고 대부분의 외압의 실체가 드러났습니다. 이종섭 씨가 말한 것처럼 800-7070으로 윤석열의 전화를 받았다라는 것도 진술이 나왔고요. 마무리 수사를 잘 해서 빨리 윤석열에 대한 구속기소가 되어야 된다고 생각합니다.
◎ 진행자 > 왜 나왔을까 싶었는데 구속 기한 만료가 다가오고 있군요.
◎ 박상혁 > 다가오고 있습니다. 그런 부분들을 감안한 여러 가지 행보라고 이해하시면 될 것 같아요.
◎ 진행자 > 수사 과정도 지켜보도록 하겠습니다. 오늘 말씀 여기까지 듣겠습니다. 감사합니다.
◎ 박상혁 > 감사합니다.
MBC 뉴스는 24시간 여러분의 제보를 기다립니다.
▷ 전화 02-784-4000
▷ 이메일 mbcjebo@mbc.co.kr
▷ 카카오톡 @mbc제보"
215,속 끓는 국힘…항소 포기에 '김현지' 꺼냈다 철회도,"총력전 예고했지만, 마땅한 카드 없어
국힘, 의원총회서 '정성호 외압 자백' 공세 이어
'李대통령 탄핵 가능성' 거론했지만…전략 부족
지도부 교섭력 도마 위…검찰 '직격'도 어려워
국민의힘 송언석 원내대표가 10일 오후 국회에서 열린 의원총회에 참석해 발언하고 있다. 황진환 기자
국민의힘이 검찰의 대장동 사건 항소 포기 이후 '윗선' 개입 의혹을 강하게 제기하고 나섰다. 국정조사 카드를 띄우고 이재명 대통령 탄핵 사유가 될 수 있다는 언급까지 내놨다. 하지만 소수야당 입장에서 이를 당장 실행할 마땅한 방도가 없다는 점에서 속을 끓이고 있다.
국힘 , '李 탄핵감' 거론까지
국민의힘은 대장동 항소 포기 사태를 ""단군 이래 최악의 수사 외압이자 재판 외압""으로 규정하고 총력전을 예고했다.
송언석 원내대표는 10일 의원총회 이후 기자들과 만나 ""이번 항소 포기 사태의 몸통이 이재명 대통령이라는 점에 대해선 모두가 인식을 함께했다""며 이 대통령 탄핵 추진 가능성까지 언급했다.
전날 민주당 김병기 원내대표가 대장동 수사 관련 국정조사와 청문회·상설특검을 재차 제안한 점에 대해선 환영의 뜻을 밝히며 ""(국회에서) 가장 빨리 할 수 있는 본회의 현안질의나 국정조사를 하는 방안에 대해 여야가 즉각 협의하자는 총의를 모았다""고 했다.
11일에는 대검찰청과 법무부 앞에서 2차례 규탄대회를 개최할 예정이다.
'항소 포기'와 '김현지' 엮으려다 철회하기도
국민의힘 송언석 원내대표 등 의원들이 10일 오후 국회에서 열린 의원총회에 참석해 검찰의 대장동 사건 항소포기를 규탄하는 손피켓을 들고 구호를 외치고 있다. 황진환 기자
다만 당내에서는 지도부가 말로는 총공세 모드를 취하고 있는 것과 달리, 막상 실행 방안은 마땅치 않다는 우려도 흘러나온다.
현재 의석(107석)으로는 대통령 탄핵(200석)은 물론 장관 탄핵(150석)을 소추하기에도 역부족이다. 국정조사 또한 여당이 수용하더라도 야당이 원하는 증인을 채택하기가 쉽지 않다.
당의 한 의원은 CBS노컷뉴스와의 통화에서 ""아마 우리 증인은 다 빼고 저쪽만 채택될 것""이라며 ""법제사법위원회 현안질의조차 원하는 대로 증인 채택이 안 되는 상황인데 국정조사가 잘 되겠느냐""고 반문했다.
실제로 국민의힘은 법사위에 긴급 현안질의를 요구하고 있다. 정성호 장관과 노만석 검찰총장 직무대행을 상대로 항소 포기 경위를 추궁하겠다는 방침이다.
하지만 다수 의석을 앞세운 민주당이 상임위원장을 맡고 있는 만큼 국민의힘으로선 증인 채택 등에 불리할 수밖에 없다. 대장동 수사·공판에 관여한 강백신 검사 등을 증인으로 요구해 왔지만 받아들여지지 않고 있는 것도 그런 맥락에서다.
이 과정에서 국민의힘이 김현지 대통령실 제1부속실장 증인 신청을 제안했다가, 협의 과정에서 스스로 철회하는 해프닝도 있었다. ""김 실장이 김용·정진상 등 관련자들의 소송을 사실상 배후에서 지휘한 것으로 의심된다(야당 법사위 관계자)""는 이유였다.
그랬던 국민의힘은 민주당이 증인 규모 축소를 요구하자 결국 김 실장 이름을 뺀 것으로 전해졌다. 그러나 민주당에서는 ""대장동 재판과 관련 없는 부속실장을 신청한 것은 정쟁을 기도하는 것(추미애 법사위원장)""이라는 식으로 역공을 취하고 있다.
국민의힘으로선 항소 포기에 1차 책임이 있는 검찰이 원망스럽지만, 그렇다고 마냥 검찰만 비판하기도 애매하다. 검찰 수뇌부의 책임론을 강조할 경우, 결과적으로 여권의 '검찰개혁' 명분을 강화하는 모양새가 될 수 있다는 점에서다.
당의 한 관계자는 ""항소 포기는 심각한 문제지만, 민주당의 '검찰 해체' 구호에 동조할 순 없다""며 ""그래서 검찰 전체보다는 정성호 장관과 그 윗선(대통령실 등)을 겨냥할 수밖에 없다""고 귀띔했다.
※CBS노컷뉴스는 여러분의 제보로 함께 세상을 바꿉니다. 각종 비리와 부당대우, 사건사고와 미담 등 모든 얘깃거리를 알려주세요.
이메일 :
jebo@cbs.co.kr
카카오톡 :
@노컷뉴스
사이트 :
https://url.kr/b71afn"
216,"박형준 ""검찰 대장동 항소 포기, 완장 권력의 정치적 국가 포획""","""민주당 정권 폭주 거듭하더니, 국가를 사유화하려 해""
박형준 부산시장이 CBS라디오 '부울경 투데이'에 출연했다.  부산CBS
박형준 부산시장이 검찰의 대장동 개발 비리 사건 항소 포기를 놓고 완장 권력의 정치적 국가 포획이라며 현 정권에 날을 겨눴다.
박 시장은 11일 SNS를 통해 ""검찰의 대장동 재판 항소 포기 사태를 보면서 두 가지 말이 떠올랐다""고 운을 뗐다.
그는 ""첫 번째가 '국가 포획'이라는 말""이라며 ""이 말은 30년 전 동구 사회주의 국가들이 무너지고 시장경제로 전환할 때 부패 정치인, 기업인 세력이 국가기구를 하나씩 둘씩 장악해서 사욕을 챙기는 것을 보면서 세계은행이 사용하기 시작한 말""이라고 했다.
이어 ""민주당 정권의 행태가 이와 다르지 않다""며 ""부당한 검찰의 항소 포기는 한 마디로 완장 권력의 정치적 국가 포획""이라고 직격했다. 그러면서 ""민주당은 입법 권력에 이어 행정 권력을 장악한 후 국가기구를 하나씩 둘씩 점령하고 합법을 가장해 대통령의 사법 리스크를 차례차례 해소하려 한다""고 주장했다.
박 시장은 ""두 번째로 생각한 말은 지난 총선 때 유행했던 '비명횡사 친명횡재'라는 말""이라며 ""정권의 이익에 반한다고 생각되는 모든 세력과 국가 기관이 이미 횡사 당했거나 당하기 직전. 검찰은 이미 횡사 당했다""고 날을 세웠다.
그는 끝으로 ""민주당 정권은 국회에서 압도적 다수를 차지한 후 폭주를 거듭하더니, 국가를 사유화하려 한다""며 ""정권이 국회 포획의 폭주를 거듭한다면 민심의 배가 뒤집어질 수 있음을 알아야 한다""고 비판 수위를 끌어 올렸다.
※CBS노컷뉴스는 여러분의 제보로 함께 세상을 바꿉니다. 각종 비리와 부당대우, 사건사고와 미담 등 모든 얘깃거리를 알려주세요.
이메일 :
jebo@cbs.co.kr
카카오톡 :
@노컷뉴스
사이트 :
https://url.kr/b71afn"
217,"민주, 장동혁 ‘이 대통령 탄핵’ 언급에 “무책임한 선동”","“검찰 항소자제를 왜곡·폄훼
무책임한 포퓰리즘 강력규탄”
박경미 더불어민주당 대변인 [사진출처=뉴스1]
더불어민주당은 11일 장동혁 국민의힘 대표가 검찰의 대장동 재판 항소 포기를 정권의 외압으로 연결시켜 이재명 대통령 탄핵까지 거론한 데 대해 “무책임한 선동”이라고 지적했다.
박경미 대변인은 이날 논평을 통해 “장 대표는 검찰의 항소 자제 결정을 마치 정권의 외압이나 비호에 의한 정치적 거래인 양 단정하며 검찰의 독립적 사법 판단을 폄훼했다”며 이같이 밝혔다. 그러면서 “이는 사법 시스템 전체의 신뢰를 훼손하는 행위이자, 공당의 대표가 해서는 안 될 위험한 정치 프레임”이라고 강조했다.
박 대변인은 장 대표의 ‘정성호 법무부 장관이 검찰에 신중히 결정하라고 했다는 말이 조폭 두목이 밤길 조심하라는 말로 들린다’는 발언을 거론하며 “극단적 비유까지 동원해 통상적·절차적 검토 과정을 악의적으로 왜곡하고 국민적 불신을 키우려는 의도를 명백히 드러냈다”고 꼬집었다.
그러면서 “나아가 장 대표는 ‘8천억원 비리를 400억원으로 둔갑시켰다’는 식의 자극적 표현을 반복하며 탄핵을 향한 정치 공세를 노골적으로 드러냈다”며 “민주당은 사실관계를 왜곡하고 사법 시스템을 흔들며 정치적 공세를 극대화하려는 국민의힘의 무책임한 선동과 포퓰리즘적 행태를 강력히 규탄한다”고 덧붙였다."
218,"李대통령 ""암표 팔면 과징금 10~30배 물려야""","""실효성 없는 형벌 강화는 반대""
신고자 포상금제 도입도 지시
당정 '암표3법' 정기국회 통과 목표
이재명 대통령, 국무회의 발언 (서울=연합뉴스) 한상균 기자 = 이재명 대통령이 11일 용산 대통령실에서 열린 국무회의에서 발언하고 있다. 2025.11.11 xyz@yna.co.kr (끝) <저작권자(c) 연합뉴스, 무단 전재-재배포, AI 학습 및 활용 금지>
[서울경제]
이재명 대통령이 정가를 초과해 티켓을 판매하는 행위가 근절되게끔 과징금을 크게 올리라고 지시했다.
이 대통령은 11일 서울 용산 대통령실에서 주재한 국무회의에서 최휘영 문화체육관광부 장관이 처벌 강화 및 암표 판매 신고자 포상금 지급을 골자로 하는 공연·스포츠 분야 암표 근절 방안을 보고하자 “처벌보다 과징금의 효과가 훨씬 크다”며 이같이 말했다. 이 대통령은 “과징금은 판매 총액의 10배에서 30배까지 최상한을 얼마로 정하든지 개정해달라”고 지시했고 최 장관도 “(취지에 맞는) 과징금을 도입하겠다”고 답했다. 이 대통령은 다만 ‘초코파이 재판’을 언급하며 “다 좋은데 형사처벌 강화는 반대”라고 했다. ‘초코파이 재판’은 한 보안업체 직원이 사무실 냉장고에서 1050원가량의 과자를 꺼내 먹은 혐의로 기소돼 1심에서 ‘벌금 5만 원’을 선고받은 사건이다. 이와 관련해 이 대통령은 “1000원짜리 초코파이 (절도) 사건 갖고 재판하느라 얼마나 인력을 낭비했느냐”며 “실효성도 없는 형벌 조항을 빼고 과징금 조항을 넣는 게 어떠냐”고 제안했다.
특히 신고 활성화를 위한 포상금제도 거론했다. 이 대통령은 “과징금은 정부 수입이 된다. (암표 판매) 신고자에게도 과징금 부과액의 10%를 지급하는 등의 방안도 검토하라”고 포상금 지급을 지시했다.
한편 이날 더불어민주당 문화체육관광위원회와 문체부는 당정협의를 열고 암표 근절 대책으로 공연법·국민체육진흥법·체육시설설치법 등 이른바 ‘암표 3법’을 정기국회 내 개정하기로 했다."
219,"與 ""오세훈, 대권놀음에 종묘 제물로 바쳐…초고층 개발계획 철회하라""","[신현의 객원기자 shinhh00@gmail.com]
민주 문화예술특위 ""吳, 약자 아닌 업자와 동행""
'종로 지역구' 곽상언, 오세훈에 공개토론 제안
서울 종로가 지역구인 곽상언 더불어민주당 의원(가운데)과 민주당 종로구 지역위원회 소속 의원들이 11일 국회에서 서울시의 종묘 앞 고층 건물 개발 반대 기자회견을 하고 있다. ⓒ연합뉴스
더불어민주당은 11일 오세훈 서울시장을 향해 유네스코 세계유산 종묘(宗廟) 맞은편의 세운4구역 재개발을 둘러싼 논란과 관련, ""시대착오적인 초고층 건물 개발계획을 즉각 철회하라""고 촉구했다.
민주당 문화예술특별위원회는 이날 전현희·박홍근·서영교·박주민·김영배 의원과 기자회견을 열어 ""재개발은 필요하지만, 북촌이나 종묘 같은 문화유산은 보존이 생명이요 경쟁력""이라며 이같이 밝혔다.
특위는 ""유네스코가 인정한 수평의 장중함을 훼손하면 안 된다""며 ""그런 콘크리트 고층 건물은 종묘 앞이 아닌 다른 곳에서도 얼마든지 구현 가능하다""고 주장했다.
민주당 내 서울시장 후보군으로 거론되는 전 최고위원은 ""조선왕조 500년 역사의 뿌리이자 근간인 종묘의 수난시대""라며 ""전 세계인의 사랑을 받는 종묘가 오 시장의 무원칙 난개발로 세계문화유산 지정이 해제될 위기에 처했다""고 비판했다.
박홍근 의원은 ""차기 시장, 그리고 대권 놀음을 위해서 종묘를 제물로 바치겠다는 것이냐""고 따졌다. 김영배 의원은 ""'약자와의 동행'을 말하는데, '업자와의 동행'임을 명백히 보여주는 사례""라고 비난했다.
종로가 지역구인 곽상언 의원은 국회에서 별도로 연 기자회견에서 ""종묘의 경관을 훼손해 얻는 이익은 특정 사업자에게 귀속될 뿐이고 서울시민의 관점에서나 국민의 관점에서는 거의 없거나 미미하다""고 주장했다.
그는 ""종묘 앞을 고층 빌딩으로 가리는 것은 서울의 정체성을 삭제하고 도시 경쟁력을 파괴하는 막가파식 행정에 다를 바 없다""며 ""서울시 미래에 대한 책임 있는 논의를 위해 오 시장에게 공개토론을 제안한다""고 말했다.
정원오 서울 성동구청장도 유튜브 방송 《김어준의 겸손은힘들다 뉴스공장》에 출연해 ""꾸준한 협의 과정을 통해 만들어진 것을 (오 시장이) 지금 거의 독단으로 풀려고 한다""며 ""유네스코나 시민이 판단해야 될 문제""라고 지적했다."
220,평양 한복판 위성에서 포착된 '검은 연기'…760평 건물 전소,"[the300]
지난 2일 평양에서 화재가 발생한 것으로 11일 파악됐다. /사진=SI 애널리틱스'(SI Analytics) 보고서 갈무리
북한 평양 중심부에서 화재가 발생해 공장 또는 창고로 보이는 건물이 전소했다고 미국 북한 전문 매체 NK 뉴스가 보도했다. 정부도 관련 사안을 인지해 구체적 내용을 분석 중이다.
통일부 관계자는 11일 서울 종로구 정부서울청사에서 취재진과 만나 ""지난 2일 (평양 화재가) 발생한 것으로 파악되고 위성 기반 분석을 하고 있다""고 밝혔다.
그는 ""위성 영상을 확인해보니까 화재 흔적이 있는 건물이 1개 동 있었다""며 ""가로 세로 50m 크기의 건물이고, 어떤 용도인지는 확인이 필요하다""고 말했다.
NK뉴스는 평양을 가로지르는 대동강의 지류인 보통강 인근의 초고층 건물인 류경호텔(101층)과 조국해방전쟁승리기념관 근처를 촬영한 플래닛랩스(Planet Labs) 위성사진을 인용해 관련 내용을 보도했다.
이 위성사진은 지난 2일 오전에 찍혔는데, 오전 11시50분 기준으로 화재로 인한 검은 연기가 치솟는 모습이 영상에 포착됐다.
미 항공우주국(NASA) 화재정보자원관리시스템(FIRMS)도 같은 날 오전 10시 34분 위성을 통해 평양 일대의 온도 변화를 포착해 평양에서 발생한 화재를 탐지했다고 한다.
두 영상의 시간 차이를 감안하면 상당 시간 화재가 지속된 것으로 보인다. 다만 북한 매체에선 화재에 대한 보도가 전혀 나온 바 없어, 구체적인 피해 상황과 사상자 규모는 가늠하기 어려운 상황이다.
지난 3~4일에 찍힌 위성사진에선 화재가 발생한 것으로 추정되는 건물이 완전히 파괴된 모습이 선명하게 확인되기도 했다.
북한 지리정보 분석가인 제이콥 보글은 NK뉴스에 ""화재가 발생한 곳은 소규모 창고 혹은 공장이며 '정부 기관 건물'은 아니었다""며 ""작업 과정에서 사고로 화재가 발생한 것으로 추정된다""고 전했다."
221,"한동훈, 조국 ‘대장동 수익 환수 불가’ 주장에 “무식한 티 난다”","한동훈 법무부 장관, 조국 전 법무부 장관.  연합뉴스
한동훈 전 국민의힘 대표는 11일 조국 전 조국혁신당 비상대책위원장이 ‘대장동 사건의 범죄 수익금은 국가가 몰수·추징할 수 없다’는 내용의 주장을 편 데 대해 “의도와 다르게 무식한 티만 난다”고 했다.
한 전 대표는 이날 페이스북에 “조국이 법을 말하는 것, 교수 조국을 알던 사람들은 헛웃음 나올 것 같다”며 이같이 밝혔다.
그는 “조국은 본인 글에서 ‘피해 회복이 심히 곤란하다고 인정되는 경우에는 몰수·추징할 수 있다’고 규정한 부패재산몰수법 제6조 제1항을 써놓고도 ‘성남시가 민사소송을 제기할 수 없는 경우에만 몰수·추징이 가능하다’고 우겼다”고 했다.
이어 “조국이 판결문을 못 봤을 수도 있고 봐도 무슨 말인지 몰랐을 수도 있지만 그 둘은 전혀 다른 말이라는 점이, 즉 조국 말이 헛소리라는 것이 대장동 일당 판결문에 친절하게 나와 있다”고 했다.
그러면서 “피해자 성남도시개발공사는 민사 소송을 제기했더라도 부패재산몰수법 제6조 제1항 피해 회복이 심히 곤란하다고 인정되는 경우라는 것이 법원의 판단”이라고 설명했다.
한 전 대표는 대장동 사건 판결문을 인용하며 “전직 교수 조국씨 도망가지 말고 판결문 읽어봤는지, 계속 우길 것인지 답하라”라며 “조국이 모르면서 대충 우기는 것을 국민이 언제까지 들어줘야 하나”라고 했다.
앞서 조 전 위원장은 이날 페이스북을 통해 “많은 언론에서 대장동 재판 항소 포기 관련해 한동훈 등 국민의힘 정치인들의 주장을 점검 없이 그대로 싣고 있다”고 했다.
그는 “성남시는 이미 민사소송을 제기했고, 검찰의 항소 포기 이후 손해배상액을 증대할 것이라고 공표했다”며 “검찰의 항소 포기로 민사소송의 손해액 산정에 부정적 영향을 줄 수 있다고 주장할 수는 있으나, 이번 사건은 국가가 몰수·추징할 수 없는 사건”이라고 강조했다.
이어 “법조계에서 회자하는 유명한 농담성 문구가 있다. ‘검사 10년에 민사를 모르고, 검사 15년에 형사를 모르고, 검사 20년에 법 자체를 모른다’(는 문구이다)”며 검찰을 힐난했다.
조 전 위원장은 서울대 법학전문대학원 교수 출신으로, 문재인 정부에서 민정수석과 법무부 장관을 지냈다."
222,"국힘 “대장동 항소 포기, 국정조사·특검 통해 李 탄핵해야”","국민의힘 장동혁 대표가 11일 오전 서울 서초구 대검찰청 앞에서 검찰의 대장동 개발 비리사건 항소 포기 관련 긴급 현장 규탄대회를 열고 발언하고 있다. /뉴시스
장동혁 국민의힘 대표가 11일 검찰의 대장동 개발 비리 사건 항소 포기와 관련해 “국정조사와 특검을 통해 이재명 대통령을 탄핵해야 한다”고 했다.
장 대표는 이날 오전 서울 서초구 대검찰청 앞에서 긴급 현장 규탄 대회를 열고 “망가진 대한민국을 구하는 방법은 딱 하나다. 이재명 대통령을 자리에서 내려오게 하는 것뿐”이라며 이같이 밝혔다.
그는 “지금 대한민국에서는 일어날 수 없는 일들이 일어나고 있다. 오직 이재명이라는 사람이 대통령 자리에 앉아 있기 때문”이라며 “단군 이래 최대 개발 비리 범죄가 일부 무죄가 선고됐는데도 (검찰은) 항소를 포기했다”고 했다. 이어 “8000억원짜리 개발 비리를 400억원짜리로 둔갑시켰는데도 항소를 포기했다”며 “검찰이 8000억원 범죄 수익을 확보했는데도 불구하고 항소를 포기하고 그 돈을 돌려주라고 하는 나라”라고 했다.
그러면서 “김병기 원내대표도 말한 것처럼 국정조사를 하자. 특검도 하자”며 “법원은 이재명 대통령에 대한 재판을 재개해야 한다. 그것이 대한민국을 구하는 유일한 길”이라고 했다.
국민의힘 장동혁 대표, 송언석 원내대표 등 의원들이 11일 오전 서울 서초구 대검찰청 앞에서 검찰의 대장동 개발 비리사건 항소 포기 관련 긴급 현장 규탄대회를 마친 뒤 검찰 반부패부장 면담을 요구하며 청사 진입을 시도하고 있다. /남강호 기자
송언석 원내대표도 “이재명이라고 하는 범죄자를 대통령으로 만들어놨더니 범죄자와 그 추종 세력은 대한민국을 범죄자가 당당한 나라로 만들고 있다”고 했다.
그러면서 “범죄자들을 의인으로 만들고 범죄자들에게 수천억의 부당이득을 두둑이 챙겨주면서 이를 기소하려고 했던 검사들은 조작 기소라고 몰아세우고 부당한 항소 포기에 항의하는 검사들은 항명이라고 몰아붙이고 무도하고 파렴치한 정권 바로 이재명 정권”이라고 말했다.
송 원내대표는 노만석 검찰총장 직무대행의 사퇴를 요구했다. 그는 “노 직무대행은 검사라는 호칭도 아깝다”며 “권력이라는 바람 앞에 자기 스스로 벌렁 드러누워버린 것”이라고 했다. 그러면서 “용산과 법무부에 아부하느라 70년 검찰의 역사와 자존심을 대장동 잡범들에게 팔아먹은 노만석을 강력 규탄한다”며 “이재명 정권의 부역자 노만석은 즉각 사퇴하라”고 했다.
의원들은 지도부의 규탄사가 끝난 후 대검찰청 청사 진입을 시도했으나, 청사 직원들이 제지하면서 내부로 들어가진 못했다. 장동혁 대표는 “누구나 들어갈 수 있는 검찰청 진입을 막는 데는 이유가 있을 것 아니냐”며 “설명해달라”고 따지기도 했다.
이날 국민의힘의 대검 규탄 대회에는 장 대표, 송 원내대표, 김도읍 정책위의장 등 지도부를 비롯해 소속 의원 30여 명이 참여했다. 현장에는 ‘최대최악 비리 대장동 범죄 검찰 항소를 멈추게 한 거대 악 누구인가’라는 현수막이 걸렸다. 의원들은 “항소 포기 국민 우롱 방탄 정권 규탄한다” 등의 구호를 외쳤다."
223,"野 ""국정조사 통해 李 탄핵해야""…항소포기 규탄대회 총공세","국민의힘이 11일 검찰의 대장동 개발 비리 사건 1심 항소 포기와 관련해 대검찰청에서 규탄대회를 열고, 노만석 검찰총장 권한대행의 사퇴를 촉구했다. 또 국정조사와 특검, 나아가 이재명 대통령 탄핵도 주장했다.
이날 규탄대회에는 장동혁 대표, 송언석 원내대표, 김도읍 정책위의장 등 지도부를 비롯해 소속 의원 30여명이 참여했다.
국민의힘 장동혁 대표와 김도읍 정책위의장이 11일 서울 서초구 대검찰청 앞에서 검찰의 대장동 개발 비리사건 항소 포기와 관련해 규탄대회를 연 뒤, 노만석 검찰총장 대행과 면담을 요구하며 항의방문을 시도하고 있다. 연합뉴스
이들은 ‘항소포기 규탄 사법정의 암매장’, ‘검찰항소 멈추게 한 진짜 윗선 누구입니까’, ‘검찰 직무유기 부정부패 면죄부’이라고 적힌 플래카드를 들고 대회를 진행했다. 이들은 또 ‘직무유기 직권남용, 항소포기 규탄한다’, ‘정권방탄 정의파괴 정치검찰 각성하라’ 등의 구호도 외쳤다.
국민의힘 장동혁 대표와 송언석 원내대표 및 의원들이 11일 오전 서울 서초구 대검찰청 앞에서 검찰의 대장동 개발 비리사건 항소 포기 관련 긴급 현장 규탄대회를 열고 발언하고 있다. 뉴시스
장 대표는 이날 “지금 엉망으로 망가지는 대한민국을 구할 방법은 이재명을 대통령의 자리에서 내려오게 하는 것뿐”이라고 밝혔다. 이어 “지금 대한민국에서는 일어날 수 없는 일들이 일어나고 있다”며 “오직 이재명이라는 사람이 대통령 자리에 앉아 있기에 일어나는 일들”이라고 주장했다.
그는 “단군 이래 최대의 개발 비리 범죄가 일부 무죄가 선고됐는데도 (검찰은) 항소를 포기했다”며 “검찰이 8000억 원 범죄 수익을 확보했는데도 항소를 포기하고 그 돈을 돌려주라고 하는 나라”라고 지적했다.
장 대표는 또한 “정성호 법무부 장관이 (검찰에 항소 포기를) 신중하게 결정하라고 했다는 말이 저에게는 조폭 두목이 밤길 조심하라는 말로 들린다”며 “이 모든 것이 이재명 때문”이라고 비판했다. 그러면서 “국정조사와 특검을 통해 이재명을 탄핵해야 한다”며 “그리고 지금 즉시 법원은 이재명에 대한 재판을 재개해야 한다. 그것이 대한민국을 구하는 유일한 길”이라고 강조했다.
국민의힘은 이날 규탄대회를 마치고 노 총장 대행과 면담을 요구하며 항의방문을 시도하기도 했다."
224,"李대통령, 국무회의서 국세청 공개 칭찬…""열심히 잘하고 있다""","""대기업, 요즘 아주 잘해…기술탈취·中企 부당압박 없게 챙겨야""
이재명 대통령, 국무회의 발언
(서울=연합뉴스) 한상균 기자 = 이재명 대통령이 11일 용산 대통령실에서 열린 국무회의에서 발언하고 있다. 2025.11.11 xyz@yna.co.kr
(서울=연합뉴스) 설승은 황윤기 기자 = 이재명 대통령이 국무회의 도중 국세청을 공개적으로 칭찬했다.
이 대통령은 11일 서울 용산 대통령실에서 주재한 국무회의에서 일반 주식 투자자들의 장기 투자에 대한 세제 혜택이 필요하다고 주문한 뒤 해당 업무와 관련이 있는 국세청에 대한 언급을 이어갔다.
이 대통령은 ""요새 국세청이 세외 수입(조세 이외의 수입) 관리 등에서 아주 열심히 잘하고 있는 것 같다""고 말했다.
특히 ""조세 정의 측면에서 보면 세외 수입뿐 아니라 체납금 관리도 철저히 해야 한다. 이는 일자리에도 꽤 도움이 되는 일""이라며 국세청이 이와 관련해 좋은 성과를 내고 있다고 격려했다.
이는 국세 체납액이 110조원을 넘어선 가운데 국세청이 고액 체납자 추적 특별 기동반을 신설해 적극적으로 징수 활동에 나선 것을 염두에 둔 발언으로 보인다.
한편 이 대통령은 국내 대기업들에 대해서도 ""국가 정책으로 가장 혜택을 보는 곳이 대기업과 수출기업인데, 요즘 대기업들이 아주 잘하고 있다""고 평가했다.
이어 ""전부터 문제가 됐던 중소기업 (대상) 기술 탈취 같은 게 많이 없어졌다""고 덧붙였다.
그러면서도 ""(기업들이) 독점, 과점적 지위를 악용해 부당 이익을 취하려는 경우가 가끔 있는데, 쌀 속의 뉘(등겨가 벗겨지지 않은 채로 섞인 벼 알갱이) 같은 것이어서 반드시 골라내야 한다""고 기업들의 주의를 당부했다.
또 당국을 향해 ""혹여 또 모르니 기술 탈취 등 중소기업에 대한 부당한 압박이 벌어지지 않도록 각별히 챙겨달라""며 ""자기만 살겠다고 힘없는 사람을 쥐어짜 부당 이익을 취하는 것을 철저히 막아달라""고 촉구하기도 했다.
ses@yna.co.kr"
225,李대통령 “사실적시 명예훼손 폐지 검토하라…형사처벌 할 일 아냐”,"李 “민사로 해결할 일…해외 법례 참고해 빨리 개정”
[이데일리 황병서 기자] 이재명 대통령은 사실을 드러낸 표현이라도 상대방 명예를 해친 경우 처벌하는 이른바 ‘사실적시 명예훼손 조항(형법 제307조1항)’의 폐지 여부를 검토하라고 법무부에 지시했다.
이재명 대통령이 11일 용산 대통령실에서 열린 국무회의를 주재하고 있다.(사진=연합뉴스)
이 대통령은 11일 오전 용산 대통령실에서 열린 국무회의에서 “혐오표현 처벌과 관련한 형법을 개정할 필요가 있어 보이는데, 만약 개정하게 되면 사실적시 명예훼손 제도를 동시에 폐지하는 것을 검토하라”고 말했다.
이 대통령은 “있는 사실을 이야기한 것을 명예훼손이라고 하는 것은 민사로 해결해야 할 것 같고 형사처벌 할 일이 아니다”라며 “독일이나 해외 법례를 참고해서 시간 걸리지 않게 빨리 (개정)하면 좋겠다”고 했다.
이에 정성호 법무부 장관은 “신속히 하겠다”고 답했다"
226,"혁신당, 전당대회 레이스 돌입...조국 ""지선서 양당 독점 파괴""","조국혁신당이 오늘(11일) 전국당원대회 출발식을 열고 새 지도부 선출을 위한 전당대회 일정에 공식 돌입했습니다.
오는 21일부터 23일까지 온라인 투표로 당 대표와 최고위원 2명이 선출되고, 결과는 23일 청주 오스코에서 열리는 전당대회 행사에서 발표됩니다.
당 대표 선거에는 조국 전 비상대책위원장이 단독 출마했고 최고위원 후보는 임형택 익산시 공동지역위원장, 정춘생 의원, 정경호 전 한국로슈 노동조합위원장, 신장식 의원 등 4명입니다.
조 전 위원장은 출발식에서 내년 지방선거에서도 혁신당의 힘으로 지방정치 교두보를 세우겠다며 양당 독점 지역에 창조적 파괴를 일으키겠다고 말했습니다.
※ '당신의 제보가 뉴스가 됩니다'
[카카오톡] YTN 검색해 채널 추가
[전화] 02-398-8585
[메일] social@ytn.co.kr"
227,"“일절 무관한 일” 대통령실, ‘檢 대장동 항소 포기’ 개입 의혹 ‘선 긋기’","“대통령실 관여 주장 전혀 근거없어”
[연합]
[헤럴드경제=손미정 기자] 검찰의 ‘대장동 사건 항소 포기’를 두고 정치권의 공방이 격해지는 가운데, 대통령실이 “이번 사안은 대통령실과는 무관한 일”이라는 입장을 밝혔다. 특히 야권 일각에서 제기하는 ‘대통령실 개입 의혹’과 관련해서는 일절 사실이 아니라며 단호하게 선을 그었다.
10일 연합뉴스에 따르면 대통령실의 한 관계자는 “검찰의 이번 결정에 대통령실이 개입할 여지가 없다”고 밝혔다.
이 관계자는 “확인 결과 민정라인 역시 (검찰의) 항소 포기 결정 후에 통보만 받았을 뿐 의사결정 과정에 관여하지 않은 것으로 확인됐다”며 “대통령실이 관여했다는 주장은 전혀 근거없는 얘기”라고 말했다.
대통령실의 다른 관계자도 “지금은 외교·안보 이슈를 고민하거나 민생·경제 현안을 챙기기에도 바쁜 상황”이라며 “이재명 대통령을 끌고 들어가려는 시도가 있더라도, 굳이 거기에 말려들 필요가 없다”고 밝혔다.
다만 대통령실은 대변인 브리핑이나 논평 등 공식 대응은 내놓지 않고 있는 상태다.
특히 이번 항소포기 결정에 대해 검찰 내부에서 반발이 터져나오는 것을 두고는 대통령실 내 일각에서는 격앙된 반응도 감지된다.
한 관계자는 “지난 정부에서는 조용히 정권의 편을 들던 일부 정치검찰들이 갑자기 태도가 돌변했다”며 “이럴수록 검찰개혁의 필요성에 대한 공감대만 강해질 것”이라고 말했다."
228,"'내란가담' 공직자 솎아낸다…정부 TF, 49개 중앙행정기관 조사","내년 2월까지 가동…軍·검경·외교·법무·행안·문체부 등 12곳은 집중 대상
계엄 전후 10개월, 업무용PC·서면자료 열람 가능…""내란청산 공직사회 신뢰회복""
김민석 국무총리
[연합뉴스 자료사진]
(서울=연합뉴스) 황윤기 기자 = 정부가 12·3 비상계엄과 관련해 공직자들의 불법행위 가담 여부를 조사할 자체 태스크포스(TF)를 내년 2월까지 가동한다.
국무총리실은 11일 김민석 국무총리가 이날 국무회의에서 제안한 '헌법존중 정부혁신 TF'의 세부 추진 계획을 공개했다.
조사 대상은 대통령 직속 기관 및 독립기관을 제외한 49개 전체 중앙행정기관이다.
이 가운데 군(합동참모본부)과 검찰·경찰, 국무총리실과 기획재정부·외교부·법무부·국방부·행정안전부·문화체육관광부, 소방청·해경청 등 12개 기관은 집중점검 대상으로 지정됐다.
각 기관은 오는 21일까지 내부에 자체 조사 TF를 구성하고 다음 달 12일까지 기관별 조사 대상 행위를 확정해야 한다. 조사는 내년 1월 31일까지 이뤄진다.
이후 총괄 TF가 조사 결과를 토대로 검토한 뒤 2월 13일까지 인사 조치를 마무리하게 된다.
정부세종청사
[연합뉴스 자료사진]
조사 범위는 작년 12월 3일을 기점으로 직전 6개월부터 직후 4개월까지 총 10개월간 비상계엄을 모의·실행·정당화·은폐한 행위다.
조사 과정에서 업무용 PC와 서면 자료는 모두 열람할 수 있으며, 개인 휴대전화는 자발적 제출을 유도하되 의혹이 있는데도 협조하지 않으면 대기발령·직위해제 후 수사 의뢰하는 것도 고려하겠다고 총리실은 밝혔다.
기관별 조사 TF는 법조 경력자 등 외부 전문가를 활용하거나 자체 감사 조직을 활용할 수 있고, 이 둘을 조합한 형태도 가능하다.
총리실은 ""내란재판과 특검 수사의 지연으로 내란 청산이 장기화하면서 정부에 대한 국민의 불신이 점증하고 공직사회 내부의 반목과 불만도 확산하고 있다""며 ""정부 내 내란 청산을 통한 조속한 공직사회의 신뢰 회복 추진이 필요하다""고 추진 배경을 설명했다.
water@yna.co.kr"
229,평양 류경호텔 인근서 대형 화재… 위성 사진엔 전소된 건물 선명히,"지난 2일 촬영된 평양 위성사진. 건물이서 검은색 연기가 치솟고 있다. /SI-애널리틱스
북한 평양 중심부에서 대형 화재가 발생해 공장이나 창고로 추정되는 건물이 전소된 것으로 파악됐다.
10일 북한 전문 매체 NK뉴스는 위성 사진 업체 플래닛랩스(Planet Labs) 등을 인용, 이달 초 평양 도심에서 대형 화재가 발생해 류경호텔과 조국해방전쟁승리기념관 인근의 건물이 잿더미로 변했다고 보도했다.
지난 2일 오전 11시 50분 플래닛랩스 저해상도 위성 사진을 보면, 소규모 공장 또는 창고로 보이는 곳에서 높이 치솟는 연기 기둥이 포착됐다. 위성의 온도 데이터를 활용해 열점을 식별하는 미 항공우주국(NASA)이 제공하는 매핑 플랫폼 화재정보자원관리시스템(FIRMS)에서도 같은 날 오전 10시 34분 해당 화재가 감지됐다. 두 자료의 시차를 감안하면 불길은 한 시간 이상 지속된 것으로 추정된다.
북한의 공식적인 보도가 없어 피해 규모와 인명 피해는 파악이 어렵지만, 지난 3~4일 촬영된 위성 사진에는 건물이 완전히 파괴된 모습이 포착됐다.
지난 2일 평양에서 화재가 발생한 것으로 11일 파악됐다. 지난 3일 촬영된 위성사진(오른쪽)에 건물이 전소된 모습이 선명히 보인다. /SI-애널리틱스
위성 사진 분석 기업 SI-애널리틱스(SI-Analytics)도 지난 7일 자 보고서에서 화재 전후 모습을 담은 위성 사진을 공개하고, 이 화재가 대량의 가연성 물질을 취급하는 소규모 공장과 관련이 있을 것이라고 추정했다. 북한 지리 정보 분석가인 제이컵 보글은 NK뉴스에 “화재가 난 건물은 소규모 창고나 공장이지 정부 건물은 아닐 것”이라며 “일상 작업과 연관된 사고, 예컨대 우발적인 불꽃이나 화학물질 용기에서 불이 붙은 것 같다”고 말하기도 했다.
통일부에 따르면, 화재는 건물 1개 동에서 발생했으며, 이 1개 동의 건물 부지는 가로와 세로 각각 50m·50m 크기로 확인됐다. 다만 통일부는 건물의 구체적인 용도는 추가 분석이 필요하다는 입장이다. 통일부 당국자는 “화재 추정 날짜는 지난 2일”이라며 “정확한 피해 규모 등은 관계 기관과 함께 추가적인 분석이 필요하다”고 했다."
230,"한동훈, 조국 '대장동 수익금 추징 불가' 주장에 ""무식한 티만 나""","""헛웃음 나올 것 같아…판결문 읽어봤는지 답하라""
[서울=뉴시스] 추상철 기자 = 한동훈 전 국민의힘 대표와 조국 전 조국혁신당 대표가 18일 오전 서울 동작구 국립서울현충원 현충관에서 열린 '김대중 전 대통령 서거 15주기 추도식'에 참석해 있다. 2024.08.18. scchoo@newsis.com
[서울=뉴시스] 이승재 기자 = 한동훈 전 국민의힘 대표는 11일 조국 전 조국혁신당 비상대책위원장이 대장동 사건의 범죄 수익금은 국가가 몰수·추징할 수 없다는 취지의 주장을 편 데 대해 ""의도와 다르게 무식한 티만 난다""고 했다.
한 전 대표는 이날 자신의 페이스북에 ""조국이 법을 말하는 것, 교수 조국을 알던 사람들은 헛웃음 나올 것 같다""며 이같이 적었다.
이어 ""조국은 본인 글에서 '피해 회복이 심히 곤란하다고 인정되는 경우에는 몰수·추징할 수 있다'고 규정한 부패재산몰수법 제6조 제1항을 써놓고도 '성남시가 민사소송을 제기할 수 없는 경우에만 몰수·추징이 가능하다'고 우겼다""고 했다.
그는 ""조국이 판결문을 못 봤을 수도 있고 봐도 무슨 말인지 몰랐을 수도 있지만 그 둘은 전혀 다른 말이라는 것이, 즉 조국 말이 헛소리라는 것이 대장동 일당 판결문에 친절하게 나와 있다""고 했다.
그러면서 ""피해자 성남도시개발공사는 민사 소송을 제기했더라도 부패재산몰수법 제6조 제1항 피해회복이 심히 곤란하다고 인정되는 경우라는 것이 법원의 판단""이라고 덧붙였다.
한 전 대표는 대장동 사건 판결문을 인용하면서 ""전직 교수 조국씨 도망가지 말고 판결문 읽어봤는지, 계속 우길 것인지 답하라""라며 ""조국이 모르면서 대충 우기는 걸 국민들이 언제까지 들어줘야 하나""라고 했다.
앞서 조 전 위원장은 이날 자신의 페이스북을 통해 ""많은 언론에서 대장동 재판 항소 포기 관련해 한동훈 등 국민의힘 정치인들의 주장을 점검 없이 그대로 싣고 있다""고 했다.
그러면서 ""이 사건(대장동 민간업자 사건)의 피해자는 국가가 아니라 성남시, 정확히는 성남도시개발공사""라며 ""성남시가 민사소송을 제기할 수 없는 경우에만 몰수·추징이 가능하다""고 했다．"
231,"정부, 49개 중앙행정기관 전수조사…'내란 관여 공직자' 찾는다","총리실, 정부혁신 TF 구성 계획 발표
각 기관, 반드시 '제보센터' 운영해야
협조 땐 징계 차등…공적 발견 시 포상
정부가 49개 중앙행정기관 공직자를 대상으로 12·3 비상계엄 관여 행위를 조사해 인사 조치에 나선다. 국무총리실 산하 총괄 태스크포스(TF)를 중심으로 49개 중앙행정기관별 TF가 가동된다. 사진은 이재명 대통령과 김민석 총리. /뉴시스
정부가 49개 중앙행정기관 공직자를 대상으로 12·3 비상계엄 관여 행위를 조사해 징계 등 인사 조치에 나선다. 국무총리실 산하 총괄 태스크포스(TF)를 중심으로 기관별 TF가 가동될 예정이다. 정부는 내년 1월까지 각 기관 결과 보고를 토대로 설 연휴 이전까지 이를 마무리할 방침이다.
총리실은 11일 이같은 내용을 담은 '헌법존중 정부혁신 TF 구성 추진계획'을 발표했다. 총괄 TF는 윤창렬 국무조정실장을 단장으로 총리실에 설치된다. 조사 대상과 기관, 사후 조치 등 기준을 마련하는 등 전반적인 관리 역할을 수행한다. '내란행위 제보센터'를 별도로 운용해 제보도 받는다.
총괄TF 산하에는 49개별 중앙행정기관별 TF가 구성된다. 각 기관은 열흘 내 TF를 구성하되 의혹 대상자는 구성원에서 제외한다. 규모는 재량이지만 최소 10인 이상으로 꾸려야 한다. 기관별 TF 역시 제보센터 또는 제보창구를 반드시 포함해 운영해야 한다.
이번 TF는 김민석 총리의 제안으로 구성됐다. 앞서 김 총리는 이날 용산 대통령실에서 열린 국무회의에서 ""TF는 12·3 비상계엄 등 내란에 참여하거나 협조한 공직자를 대상으로 신속한 내부 조사를 거쳐 합당한 인사 조치를 할 수 있는 근거를 확보하는 것을 임무로 하려고 한다""고 밝혔다.
이에 이재명 대통령은 ""당연히 해야 될 일""이라며 동의 의사를 표했다.
TF 계획안에 따르면 조사 대상은 대통령 직속기관 및 독립기관을 제외한 전체 중앙행정기관 49개 대상이다. 특히 △합동참모본부 △검찰 △경찰 △총리실 △기재부 △외교부 △법무부 △국방부 △행정안전부 △문화체육관광부 △소방청 △해양경찰청 등 12개 기관이 '집중 점검' 대상으로 분류됐다.
조사 범위는 원칙적으로 12·3 비상계엄 전 6개월부터 계엄 선포 후 4개월까지다. 해당 기간 내란에 직접 '참여'하거나 '협조'한 행위다. 다만 내란 사전모의, 실행, 사후 정당화, 진실 은폐와 관련된 명백하고 직접적인 행위에 대해서는 상당한 시간적 차이가 있더라도 책임을 추궁한다.
세부적으로 참여는 △사전모의 △실행 △사후정당화 △은폐 등으로 규정된다. 협조는 이같은 참여 과정에 있지 않더라도 △공적 지위를 이용해 △내란 일련 과정에 물적·인적 지원을 도모하거나 실행한 경우다. 이에 포함되지 않더라도 언론 보도, 국회 등에서 지적된 내란 관련 사항은 일단 조사 대상에 포함된다.
구체적으로 내란 참여·협조 행위에 해당하는지는 기관별 TF에서 조사·판단하고, 총괄 TF에서 보완·검증한다.
조사는 공직자의 내란 위법성 인지 여부와 상관없이 이뤄진다. 내란 지지 의도 여부는 조사 후 징계 등 인사 조치 단계에서 개별적으로 고려된다. 진상 규명 차원에서는 이와 관계없이 의혹에 대해 철저히 조사하겠다는 게 정부 입장이다.
물론 내란을 지지했더라도 공사를 막론하고 단순한 견해 표명은 조치 대상에서 제외한다. 또 조사 기간 이후 특정 고위공직자의 정치적 활동과 관련된 사항도 대상에서 제외한다.
조사 방법으로는 인터뷰, 서면조사, 디지털 포렌식을 포함해 이미 실시된 내부조사, 수사, 재판자료 등도 활용된다. 공용재산인 업무용 PC나 서면자료 등은 조사 목적상 열람이 가능한 범위까지만 실시한다. 개인 휴대 전화 등은 자발적 제출을 유도하고, 상당한 의혹에도 비협조적인 경우 대기 발령 또는 직위해제 후 수사 의뢰 등을 고려한다.
징계 수위는 조사에 협조한 정도에 따라 차등될 예정이다. 조사 과정에서 내란 저지·지연 등 공적이 밝혀지면 포상 등이 추진된다.
정부는 오는 21일까지 기관별 조사 조직 구성을 완료하고, 내달 12일까지 기관별 TF가 조사 대상 행위를 총괄 TF에 보고하도록 할 계획이다. 이어 내년 1월 31일까지 기관별 조사 결과가 총괄 TF에 전달되면, 설 연휴 이전인 2월 13일까지 내부 인사 조치를 마무리한다는 방침이다.
발로 뛰는 더팩트는 24시간 여러분의 제보를 기다립니다.
▶카카오톡: '더팩트제보' 검색
▶이메일: jebo@tf.co.kr
▶뉴스 홈페이지: http://talk.tf.co.kr/bbs/report/write"
232,"대통령 호칭도 떼버린 장동혁 ""이재명 탄핵해야""... 대검 항의 방문","국힘 의원들 몰려가 대검 항의방문
송언석 ""이 대통령 범죄자 몸통""
장동혁 국민의힘 대표와 송언석 원내대표가 11일 서울 서초구 대검찰청에서 긴급 현장 규탄대회를 마친 후 대검 청사 내부로 항의방문을 위해 방호직원과 대치하고 있다. 뉴스1
국민의힘이 11일 검찰의 '대장동 개발 특혜 의혹' 사건 항소 포기를 두고 이재명 대통령을 정조준했다. 당 대표가 직접 나서 대통령 호칭까지 떼가며 '탄핵'이란 강경한 발언까지 서슴지 않는 모습이다.
장동혁 대표는 이날 서울 서초구 대검찰청 청사 앞에서 열린 현장 규탄대회에서 ""지금 엉망으로 망가지는 대한민국을 구하는 방법은 딱 하나""라며 ""이재명을 대통령의 자리에서 내려오게 하는 것뿐""이라고 주장했다. 이어 ""국정조사와 특검을 통해 이재명을 탄핵해야 한다""고 주장했다. 아울러 ""지금 즉시 법원은 이재명에 대한 재판을 재개해야 한다""고 촉구했다. 전날 '이 대통령의 개입 여부가 확인된다면 탄핵 사유'라고 탄핵을 조건부로 내걸었던 데 반해 한발 더 치고 나간 것이다.
장 대표는 검찰에 ""신중하게 결정하라""고 언급한 정성호 법무부 장관을 향해서도 ""조폭 두목이 밤길 조심하라는 말로 들린다""고도 비판했다.
송언석 원내대표는 ""대장동 비리 사건의 몸통, 이번 항소포기 사태의 진정한 몸통, 대장동 그분은 바로 '대장동은 내가 설계했다'고 자신 있게 얘기했던 이 대통령 바로 그분""이라며 ""이재명이라는 범죄자를 대통령으로 만들어 놓았더니 범죄자와 그 추종 세력이 대한민국 '범죄자가 당당한 나라'로 만들고 있다""고 비난했다.
송 원내대표는 ""범죄자들을 의인으로 만들고, 범죄자들에게 수천억 원의 부당이득을 두둑이 챙겨주면서, 이를 기소하려고 했던 검사들은 '조작기소'라고 몰아세우고, 부당한 항소포기에 항의한 검사들은 '항명'이라 몰아붙인 무도하고 파렴치한 정권, 바로 이재명 정권""이라고 했다.
아울러 일선 검사들을 향해선 ""여러분의 항의는 '항명'이 아니라 정의를 바로 세우기 위한 항거""라며 ""부당한 결정에 당당히 맞서 싸우고, 정당한 국민의 목소리를 대변해달라""고 촉구했다.
국회 법제사법위원회 소속인 나경원 의원도 ""범죄자 이재명이 대통령이 되니 나라가 온통 엉망진창""이라며 ""이 모든 혼란, 국가해체 프로젝트를 멈출 수 있는 방법은 이 대통령이 그 자리에서 물러나는 것""이라고 주장했다.
국민의힘 의원들은 이날 ""문 열어라"", ""대한민국 국민이 왜 못 들어가냐""라며 대검 청사 진입을 시도했지만, 들어가지 못했다. 노만석 검찰총장 권한대행은 이날 연차를 내고 출근하지 않았다."
233,"조국 ""대장동 사건, '국가의 몰수·추징' 불가"" vs 한동훈 ""판결문 봤나""","대장동 개발 비리 수익, 국가 환수 두고 '설전'
曺 ""성남시가 민사 소송… 국가는 추징 못 해""
韓 ""무식한 티… '피해 회복 심히 곤란' 적시""
한동훈(왼쪽 사진) 전 국민의힘 대표와 조국(오른쪽) 전 조국혁신당 비상대책위원장이 각각 법무부 장관 후보자 시절 국회 인사청문회에 참석해 있는 모습. 뉴시스·한국일보 자료사진
조국 전 조국혁신당 비상대책위원장과 한동훈 전 국민의힘 대표가 ‘대장동 개발 비리 수익’에 대한 국가의 환수 가능성을 두고 장외 설전을 벌였다. 이 사건 1심 판결에 대한 검찰의 ‘항소 포기’ 논란이 추징금 규모를 둘러싼 공방으로 비화하자, 상반된 입장을 드러낸 것이다.
조 전 위원장은 11일 페이스북을 통해 “정치인이 된 후 법학교수 출신 티를 안 내려고 하는데 이번 건은 할 수 없다. 많은 언론에서 대장동 재판 항소 포기와 관련해 한동훈 등 국민의힘 정치인들 주장을 점검 없이 그대로 싣고 있다”며 최근 언론 보도를 문제 삼았다. ‘검찰의 항소 포기로 부당 이익 7,800억 원을 추징할 길이 막혔다’는 주장은 잘못된 프레임이라는 지적이었다.
이러한 판단 근거로 제시한 건 ‘부패재산의 몰수 및 회복에 관한 특례법’ 제6조였다. 조 전 위원장은 “이 사건 피해자는 국가가 아니라 성남시다. 성남시가 민사소송을 제기할 수 없는 경우에만 몰수·추징이 가능하다. 그런데 성남시는 이미 민사소송을 제기했고 검찰의 항소 포기 이후 손해배상액을 증대할 것이라고 공표했다”고 짚었다. 이어 “검찰의 항소 포기로 민사소송의 손해액 산정에 부정적 영향을 줄 수 있다고 주장할 수는 있으나, 이번 사건은 국가가 (애초부터) 몰수·추징할 수 없는 사건”이라고 밝혔다.
그러자 한 전 대표는 곧바로 페이스북에 “조국의 의도와 다르게 무식한 티만 난다”고 적으며 역공을 펼쳤다. 그는 “조국은 본인 글에서 ‘피해 회복이 심히 곤란하다고 인정되는 경우에는 몰수·추징할 수 있다’고 규정한 부패재산몰수법 제6조 제1항을 써 놓고도, ‘성남시가 민사소송을 제기할 수 없는 경우에만 몰수·추징이 가능하다’고 우겼다”고 꼬집었다.
그러면서 “피해자 성남도시개발공사가 ‘민사소송을 제기했더라도’, 부패재산몰수법 제6조 제1항의 ‘피해 회복이 심히 곤란하다고 인정되는 경우’라는 것이 법원의 판단”이라고 주장했다. 한 전 대표는 “현재 피해자(성남도시개발공사)의 재산반환청구권 또는 손해배상청구권 행사 등 피해 회복 조치는 심히 곤란한 상태로 보이는 바, 뒤늦게나마 피해 회복 과정에 국가가 개입해 범죄피해재산을 추징한 다음 이를 다시 피해자에게 환부하는 조치를 취함으로써 신속한 피해 회복을 도모할 필요성이 크다”는 판결문 문구도 제시했다. 그는 “전직 교수 조국씨, 도망가지 말고 판결문 읽어 봤는지, 계속 우길 건지 답해 보라”고 비아냥대기도 했다."
234,"김용민 ""사실적시 명예훼손 폐지, 법안 통과 완수할 것""","""명예훼손죄, 사회적 약자 고발 위축…관련 규정 삭제 추진""
[서울=뉴시스] 김금보 기자 = 김용민 더불어민주당 의원이 20일 서울 여의도 국회에서 열린 법제사법위원회 국정감사에서 질의를 하고 있다. 2025.10.20. kgb@newsis.com
[서울=뉴시스]정금민 기자 = 김용민 더불어민주당 의원은 11일 이재명 대통령이 사실을 표현했더라도 상대방의 명예를 훼손하면 처벌하는 '사실적시 명예훼손 조항(형법 제307조1항)' 폐지 검토를 지시한 데 대해 ""법안으로 뒷받침하겠다""고 했다.
국회 법제사법위원회 여당 간사를 맡고 있는 김 의원은 이날 페이스북에 게시한 입장문을 통해 ""사실적시 명예훼손죄 폐지, 법안 통과까지 완수하겠다""며 이같이 썼다.
이어 ""사실적시 명예훼손죄는 진실을 말했더라도 타인의 명예를 훼손한다면 형사처벌이 가능한 조항""이라며 ""각종 피해를 폭로한 노동자 등 사회적 약자의 고발 활동을 위축시키고 언론의 감시 기능까지 제약한다는 이유로 이 법에 대한 비판은 꾸준히 제기돼 왔다""고 했다.
또 ""지난 9월 사실적시 명예훼손죄 규정을 삭제하는 형법 개정안을 이미 대표 발의한 바 있다""며 ""표현의 자유를 확대하고, 약자의 입을 막는 법을 바로잡기 위한 입법""이라고 했다.
그러면서 ""이 법안이 반드시 통과되고 공포될 수 있도록 끝까지 책임있게 추진하겠다""고 덧붙였다．"
235,"김 총리 “종묘 인근 개발, 국민적 토론 거쳐야…서울시와도 협의” 지시","종묘 앞 고층 재개발 계획에 종묘 “턱하고 숨 막혀…서울시 근시안적 단견”
“무리한 한강버스 시민부담 초래” 지적도…김건희 겨냥 “왕도 못 지나가는 길인데”
김민석 국무총리가 10일 서울시의 종묘 앞 고층건물 허용과 관련해 허민 국가유산청장, 유홍준 국립중앙박물관장 등과 함께 종로구 종묘를 방문, 유 관장의 저서인 ‘나의 문화유산답사기’를 보며 역사적 의미를 확인하고 있다. [연합]
[헤럴드경제=배문숙 기자] 김민석 국무총리는 10일 유네스코 세계유산 종묘(宗廟)를 직접 방문해 서울시의 인근 고층 재개발 계획에 대해 “마구 결정할 일이 아니다”라며 우려를 표했다.
김 총리는 이날 오전 유홍준 국립중앙박물관장, 허민 국가유산청장, 김경민 서울대 도시계획학과 교수 등과 함께 종로구 종묘를 찾아 외부 조망 등을 점검했다.
그는 종묘 앞 풍경을 바라보며 “(고층 건물이 들어서면) 몇층이라고 보면 되는 것이냐”고 물었고, 김 교수는 “20층 건물이 80∼90ｍ쯤 된다”며 “더 가까운 건물이 더 높게 지어지는 것”이라고 답했다.
김 총리는 “바로 턱하고 숨이 막히게 되겠다. 여기 와서 보니 (고층 건물이 들어오도록) 놔두면 기가 막힌 경관이 돼버리는 것”이라고도 했다.
이어 동행한 취재진에게 “종묘 인근을 개발할 것인가라는 문제는 국민적 토론을 거쳐야 하는 문제”라며 “서울시에서 일방적으로 밀어붙일 수 있는 사안이 아니고, 한 시기에 마구 결정할 수 있는 일도 아닌 것 같다”고 말했다.
또 “최근 김건희 씨가 종묘를 마구 드나든 것 때문에 국민께서 모욕감을 느끼셨을 텐데 지금 또 이 논란으로 국민 걱정이 크신 것 같다”며 “서울시에서 얘기하는 대로 코앞에 고층 건물이 들어서면 종묘에서 보는 눈을 가리고 숨을 막히게 하고 기를 누르게 하는 결과가 되는 게 아닐까 하는 걱정이 든다”고 언급했다.
그러면서 “문화와 경제, 미래 모두를 망칠 수 있는 결정을 지금 해선 안 된다는 관점에서 정부가 깊은 책임감을 갖고 이 문제에 임하겠다”고 강조했다.
김 총리는 허 청장으로부터 시설 설명을 듣던 도중 김건희 여사의 종묘 무단출입 및 ‘차담회’ 논란을 겨냥한 듯 “왕도 함부로 지나가지 못하는 길인데 그렇게 한 것이었군요”라고 말했고, 둘러보는 도중에도 출입이 제한된 계단 앞에서 “올라가지 말라고 돼 있으니까 올라가지 말자”고 했다.
김 총리는 이날 방문을 계기로 문화체육관광부와 국가유산청에 “종묘 보존을 위해 필요한 제도적 장치를 신속히 검토하라”며 “(그 과정에서) 서울시와 긴밀히 협의하라”고 지시했다.
아울러 종묘 훼손 방지를 위해 국민 의견을 폭넓게 수렴하고, 종묘를 둘러싼 상황과 세계유산 지위 유지를 위한 정부의 노력을 유네스코에 성실히 설명하라고 당부하기도 했다.
이날 페이스북 글을 통해서도 김 총리는 “기존 계획보다 두 배 높게 짓겠다는 서울시의 발상은 세계유산특별법이 정한 ‘탁월한 보편적 가치’를 훼손할 우려가 있고, K-관광 부흥에 역행해 국익적 관점에서도 근시안적인 단견이 될 수 있다”고 비판했다.
김 총리는 “최근 무리하게 한강버스를 밀어붙이다 시민의 부담을 초래한 서울시로서는 더욱 신중하게 국민적 우려를 경청해야 한다”며 “이번 문제를 적절히 다룰 법과 제도 보완 착수를 지시하겠다”고 밝혔다.
앞서 서울시는 지난달 30일 세운4구역 높이 계획 변경을 뼈대로 한 ‘세운재정비촉진지구 및 4구역 재정비촉진계획 결정’을 고시했다.
이에 따라 세운4구역의 건물 최고 높이는 당초 종로변 55ｍ·청계천변 71.9ｍ에서 종로변 101ｍ·청계천변 145ｍ로 변경됐다."
236,[한뼘뉴스] 청와대 이전 '다음 달 하순' 시작…시민 생활에 어떤 변화?,"[편상욱의 뉴스브리핑]
인터뷰를 인용보도할 때는 프로그램명 'SBS <편상욱의 뉴스브리핑>'을 정확히 밝혀주시기 바랍니다. 저작권은 SBS에 있습니다.
■ 방송 : SBS <편상욱의 뉴스브리핑> 월~금 (14:00~16:00)
■ 진행 : 편상욱 앵커
■ 대담 : 양만희 SBS 논설위원
--------------------------------------------
● 한뼘뉴스
양만희 / SBS 논설위원
""대통령실 청와대 이전, '내달 하순' 예상‥여민관·경호시설 등 보수 계획""
""청와대 내 관저 이동에는 설명 필요‥기존 관저 수리 후 사용해야""
▷ 편상욱 / 앵커 : 숨어있는 뉴스의 이면까지 샅샅이 한 발 더 깊이 들어가 살펴보는 <한뼘뉴스> 시간입니다. 오늘은 양만희 논설위원 나오셨습니다. 양 위원 어서 오세요. 대통령실 올해 안에 용산에서 청와대로 옮긴다고요? 대통령실이 밝혀왔는데 다음 달로 다가오면서 구체적인 이전 시기에 대해서 얘기가 나오고 있죠?
▶ 양만희 / SBS 논설위원 : 그렇습니다. 오늘 아침에 중앙일보가 보도를 하면서 다음 달 8일부터 14일 사이에 비서실과 경호실 등의 부처가 이동할 거다라는 보도가 나왔고 보도가 나오니까 후속 취재가 됐을 거 아니겠습니까. 그러다 보니까 저희가 확인해 보니까 8일부터 14일까지면 내달 중순에 해당하는데 그것보다 좀 늦춰져서 내달 하순쯤에 이전을 하고 대통령이 여하튼 올해가 가기 전에 청와대에서 집무를 시작한다, 이런 얘기를 하는 것이고요. 그래서 이 얘기를 좀 더 구체적으로 드리기 전에 이재명 대통령이 이전의 후보 시절 그다음에 최근에 강훈식 비서실장이 한 얘기를 좀 듣고 얘기를 이어가 보면 어떨까 싶습니다.
▷ 편상욱 / 앵커 : 그럼 내달 하순부터 대통령실 이전은 어떻게 진행되나요?
▶ 양만희 / SBS 논설위원 : 비서실과 경호실의 관련 부서들이 옮겨가게 될 텐데요. 일단 비서동을 보면 부속실처럼 대통령을 지근거리에서 보좌하는 경우는 청와대 본관 전에 사무실이 있었고요. 나머지 참모들은 걸어서 한 10분 거리에 있는 여민 1, 2, 3관에 나눠져서 근무를 했었거든요. 그런데 문재인 대통령 전 대통령의 경우에는 대통령과 참모들이 너무 떨어져 있으면 일의 효율이 떨어진다고 해서 여민관에 또 따로 집무실을 두고 근무하기도 했었거든요. 그래서 이번에는 비서진이 어떻게 나눠서 근무를 하는지 또 여민관에 대통령이 집무실을 두는지를 봐야 될 것 같고요. 경호시설도 3년 7개월 동안 주인 없는 공간이었기 때문에. 사실상 방치돼 왔다고 보면 그걸 재정비하는 일이 있었을 것 같고 청와대 전에 벙커라는 게 있습니다. 국가위기관리센터인데 그러면 군경이나 관련 부처에서 통신하고 정보를 주고받는 망이 제대로 돼 있는지 아마 검토했을 것 같고 대통령실 브리핑과 출입기자들이 일하는 춘추관, 이런 게 있을 것  같습니다. 그리고 대형 행사를 하려면 영빈관 같은 큰 공간이 있어야 하는데 없었거든요. 그래서 지난 정부에는 영빈관으로 와서 또 행사를 하고 그랬었거든요.
▷ 편상욱 / 앵커 : 청와대 영빈관에서 했었죠.
▶ 양만희 / SBS 논설위원 : 그렇죠, 영빈관이 있고 그다음에 경호관들이 체력 단련하는 연무관이라는 공간도 있습니다. 그래서 전에는 이렇게 떨어져 있었다고 하면 이제는 한 군데 모여서 대통령실이 일을 할 수 있게 되는 상황이 되었다고 말씀드릴 수 있습니다.
▷ 편상욱 / 앵커 : 집무실은 청와대라고 하더라도 관저 이전은 내년 상반기로 넘어간다는 얘기를 들었습니다.
▶ 양만희 / SBS 논설위원 : 비서실장 얘기는 보안 문제가 있고 공사 규모가 크다는 얘기를 하는데 지난 시기에 청와대가 개방됐을 때 관저, 그러니까 대통령 부부 가족이 머무는 곳이죠. 이곳도 함께 공개가 됐기 때문에 그러니까 외부가 공개가 돼서 이 부분을 보안을 높이는 수준으로 공사가 필요한 것 아닌가 하는 얘기가 있는 것이고 저는 유홍준 중앙박물관장 같은 경우는 여기가 풍수가 좋지 않다고 해서 근처에 있는 다른 삼청동 안가 같은 것을 대안으로 제시하기는 했습니다마는 되돌아보면 지난번에 용산으로 옮길 때 풍수학자 가 터를 봤다. 이런 부분이 논란이 되지 않았습니까. 그러니까 그런 걸 생각해 보면 혹시 청와대 경내에 있는 이 관저 말고 다른 곳으로 옮기게 된다면 왜 옮겨야 하는지에 대한 설명이 필요한 대목이어서 그런지 일단은 청와대 경내 안에 있는 관저 를 고쳐서 쓰는 것으로 일이 진행되는 것 같습니다.
▷ 편상욱 / 앵커 : 대통령실이 청와대로 다시 옮겨가게 되면 시민 생활에는 어떤 변화가 있을까요?
▶ 양만희 / SBS 논설위원 : 청와대 부근에 북악산이 그동안 개방이 돼서 많은 분들이 등산을 했었는데. 문재인 정부 말기에 또 추가로 공개되고 했거든요. 그렇기 때문에 아마 대 통령 경호에 필요한 수준으로 전에도 남측 등반 코스가 개방됐을 때 제가 가보니까 청와대 경내 안으로 못 들어가도록 보안 시설이 돼 있더라고요. 그런 부분들이 재확인이 되면 아마 문재인 정부 수준으로 개방되지 않을까 싶고 다만 이 대통령 경호구역이 되기 때문에 대통령 관저 주변의 어떤 집회나  시위에 관련돼서 경찰 입장에서 고민을 많이 해야 될 대목이 있습니다. 왜냐하면 대통령 관저 100m 안에 집회를 금지한 집시법에 대해서 3년 전에 헌재에서 헌법 불합치 결정을 내렸거든요. 그래서 그런 부분도 이전에 청와대의 풍경과는 좀 다를 수도 있겠다 하는 생각이 듭니다.
▷ 편상욱 / 앵커 : 알겠습니다. 오늘 말씀 여기까지 듣죠. 양만희 논설위원 잘 들었습니다.
※ 자세한 내용은 동영상으로 확인하실 수 있습니다.
(SBS 디지털뉴스편집부)"
237,암표 팔면 최소 10배 과징금… 신고포상제 도입,"당정 ‘암표 방지 3법’ 연내 처리
정부 “큰 경제적 손실 감내하게”
최휘영 문화체육관광부 장관이 11일 서울 여의도 국회에서 열린 문화체육관광위원회 전체회의에서 2026년도 예산안 관련 제안설명을 하고 있다. 연합뉴스
정부와 여당이 공연이나 스포츠 암표 판매 시 최소 10배 이상 과징금을 무는 법안을 추진한다. 암표 신고자에게는 신고 금액 이상의 포상금을 지급하는 신고포상금 제도도 신설된다.
더불어민주당 문화체육관광위원회와 문화체육관광부는 11일 당정협의를 통해 ‘암표 방지 3법’을 연내 처리하겠다고 밝혔다. 문화·스포츠 관람에 불필요한 사회적 비용을 초래하는 암표를 근절하기 위해 추진되는 대책으로, 공연법·국민체육진흥법·체육시설설치법을 칭한다. 법안엔 부정판매를 통해 취득한 이득에 대해 징벌적 과징금을 부과하고, 신고포상금 제도를 신설하는 등의 내용이 담길 전망이다. 민주당 문체위는 “시장거래 질서를 해치는 공연과 스포츠 분야 암표 거래가 기승임에도 예방과 단속이 이뤄지지 않고 있다”며 입법 배경을 밝혔다.
이재명 대통령도 이날 국무회의에서 공연·스포츠 경기 암표 문제를 거론하며 “과징금을 세게 (부과)하는 것을 검토하라”고 지시했다. 최휘영 문체부 장관은 이에 “(암표 판매자가) 부정적으로 취득한 이득보다 훨씬 큰 과징금을 부과해서 (범죄 수익금보다) 더 큰 경제적 손실을 감내하도록 하겠다”며 “관련법을 개정해 수단과 방법에 관계없이 웃돈을 받고 판매하는 것을 전면 금지하고, 위반하면 처벌을 강화하도록 하겠다”고 말했다.
현행 공연법과 국민체육진흥법은 암표 판매자에 대한 형벌 조항과 과태료 부과 조항만을 규정하고 있다. 하지만 온라인 거래 특성상 거래 적발이 쉽지 않다. 최근 한 장에 최대 10만원인 프로야구 한국시리즈 티켓이 최고 999만원에 거래돼 논란이 되기도 했다.
형벌은 재판 절차가 필요하고, 과태료는 구체적 법 위반 행위가 입증돼야 해 현행법상 규제가 실질적이지 않다는 지적도 있었다. 이에 이 대통령은 암표 판매 총액의 10~30배를 과징금으로 징수하는 방안을 사례로 들었다. 그러면서 “과징금은 정부 수입이 된다. (암표 판매) 신고자에게도 과징금 부과액의 10%를 지급하는 등의 방안도 검토하면 좋겠다”고 덧붙였다."
238,“니가 검찰 망쳤어” “탈영병 입 좀”…홍준표·한동훈 ‘티키타카’,"홍준표 후보가 4월29일 서울 여의도 국민의힘 당사에서 열린 제21대 대통령 후보자 국민의힘 3차 경선 진출자 발표 행사에서 탈락 발표가 난 후 퇴장하고 있다. 국회사진기자단
검찰의 ‘대장동 개발 비리 사건’에 대한 항소 포기 후폭풍이 거센 가운데, 홍준표 전 대구시장이 이에 대한 입장을 밝히자 한동훈 전 국민의힘 의원이 홍 전 시장을 ‘탈영병’이라 칭하며 “입 좀 다물라”고 말했다.
홍 전 시장은 11일 페이스북에 올린 글에서 “요즘 검사들은 월급 받는 샐러리맨에 불과하지 기개라는 건 찾아볼 수 없다”고 말했다. 이어 “검찰의 사명은 거악의 척결인데 거악의 인질이 되어 헤매다가 해체당하는 검찰은 도대체 뭐란 말인가?”라고 물었다.
홍 전 시장은 “검사들이 저 지경이 되고 검찰 조직이 해체되었는데도 아무런 저항도 하지 않고 각자도생에 급급한 모습을 보이는 건 아무래도 윤석열, 한동훈 같은 검찰을 망친 정치 검사들의 탓이 아닌가 (싶다)”라며 “정의를 향한 일념으로 검찰에 평생을 바친 훌륭한 선배들이 그리 많았는데도 어쩌다가 검사와 검찰이 저 지경까지 몰락하고 타락했을까?”라고 말했다. 그는 “결국 검찰의 정치화가 초래한 비극이지만 그 피해는 고스란히 국민들에게 돌아갈 거다”라며 “안타까운 일이다”라고 덧붙였다.
홍 전 시장이 검찰의 항소 포기 결정을 직접적으로 언급한 것은 아니지만 이번 일을 계기로 ‘윤석열 전 대통령과 한동훈 전 국민의힘 대표가 검찰을 망쳤다’는 기존 주장을 반복한 것으로 보인다. 홍 전 시장은 지난 9월 자신이 운영하는 개인 소통 채널 ‘청년의 꿈’에서 검찰청 폐지와 관련된 질문을 받고 “윤석열 한동훈이 망친 검찰”이라며 “자업자득이라서 할 말이 없을 것”이라고 답한 바 있다.
한 전 국민의힘 대표는 이날 홍 전 시장의 해당 게시물을 페이스북에 공유하며 “이재명 정권에 겁먹고 탈당해 도망간 ‘탈영병 홍준표’는 입 좀 다물죠”라고 말했다. 한 전 대표는 “지금 다들 싸우고 있는데, 이재명 정권에는 찍소리도 못하면서”라고 덧붙였다.
앞서 홍 전 시장은 국민의힘 대통령 후보를 뽑는 2차 경선에서 탈락한 지난 4월29일 탈당과 함께 정계 은퇴를 선언한 바 있다."
239,"‘헌법존중’ 표방하면서…‘與, 검사 항명 문책’ 이어 인사폭풍 예고","■ 이재명 대통령 ‘헌법존중 TF 구성’ 승인
李 “특검 의존 말고 독자 조사”
총리실 중심 공직자 책임 추궁
“내란청산 명목 찍어내기” 비판
항의 검사 18명 인사조치 전망
李대통령·鄭법무 ‘국민의례’
이재명 대통령이 11일 오전 서울 용산 대통령실에서 정성호(오른쪽) 법무부 장관 등이 참석한 가운데 열린 국무회의에서 국기에 대한 경례를 하고 있다.  연합뉴스
이재명 대통령이 헌법존중 정부혁신 태스크포스(TF) 구성을 결정한 것은 이른바 ‘3특검’(내란·김건희·채상병)의 수사 기간이 2주에서 한 달여 남은 상황에서 12·3 비상계엄 사태에 참여했거나 협조한 공직자를 대상으로 인사 조치를 할 수 있는 근거를 마련하기 위한 목적으로 해석된다. 헌법존중 정부혁신 TF의 조사가 끝나면 정부 부처 공직자들의 대대적인 인사이동이 이뤄질 것으로 보인다.
김민석 국무총리는 11일 서울 용산 대통령실에서 열린 국무회의에서 헌법존중 정부혁신 TF 구성을 제안하면서 “비상계엄에 참여하거나 협조한 공직자를 대상으로 신속한 내부조사를 거쳐 합당한 인사 조치를 할 수 있는 근거를 임무로 하려고 한다”고 말했다. 김 총리는 “(헌법존중 정부혁신 TF 구성은) 개인 처벌의 차원이 아니라 정부의 헌법수호 의지를 살려서 국민의 신뢰를 회복하겠단 취지”라고 설명했다.
이 대통령이 김 총리의 제안에 곧바로 화답하면서 금명간 총리실을 중심으로 헌법존중 정부혁신 TF가 가동될 전망이다. 각 부처와 기관별로 헌법존중 정부혁신 TF를 구성해서 내년 1월까지 신속하게 조사를 마치고, 설 명절 전에 후속 조치가 이뤄질 것으로 보인다. 이 대통령은 “내란 문제는 특검에서 형사처벌을 추진하고 있는데 관여 정도에 따라서 형사처벌을 할 사안도 있겠고 또는 행정책임을 물을 사안도 있고, 인사상 문책이나 인사 조치를 할 정도의 낮은 수준도 있어서 필요하다”며 “특검에 의존할 게 아니라 독자적으로 해야 한다”고 강조했다.
일각에서는 정부의 이번 헌법존중 정부혁신 TF 구성 결정을 두고 ‘전 정부 고위직 찍어내기’라는 비판의 목소리가 나온다. TF 조사 결과와 맞물려 내년 설 명절을 즈음해 정부 각 부처와 기관의 대대적인 인사 조치가 이뤄질 가능성이 있다. 이 경우 문재인 정부에서 밀어붙였던 적폐청산 움직임과 비슷한 수순을 밟아 정치보복으로 비칠 수 있다는 것이다.
노만석 검찰총장 직무대행에게 공개 항명성 서한을 보낸 전국의 검사장 15명과 고검 차장검사 3명 등 검찰 간부 18명에 대한 인사 조치가 이뤄질 수 있다는 전망도 나온다. 여당은 이들을 이른바 친윤(친윤석열) 검사로 규정하고 있다. 아울러 대장동 사건이 조작 기소됐다며 진상규명을 위해 국정조사·상설특검·청문회 등 가능한 모든 수단을 활용하겠다는 방침이다. 여기에 헌법존중 정부혁신 TF의 조사가 더해지면 검찰 간부들에 대한 인사조치 가능성을 배제할 수 없다는 것이다.
한편 이 대통령은 이날 국무회의에서 국유재산 헐값 매각 의혹에 대해 “정말 국기 문란”이라며 진상조사를 지시했다. 김 총리는 지난 5일 정부의 국유재산 매각 사례에 대한 전수 조사 및 감사를 실시하라고 긴급 지시했다. 여당도 당내에 관련 기구를 설치하기로 하고 위원장에 4선 박범계 의원을 임명했다."
240,"대장동 항소포기에 침묵한 대통령실, 내란 연루자에는 속도전","11일 국무회의에서 김민석 총리, 헌법존중 TF 구성 제안
김 총리 ""내란 가담자 승진자 명단 올라가는 등 헌법 가치 훼손""
李대통령 ""내란 문제는 특검에만 의존할 게 아니다"" 동의
대장동 항소 포기→  공세 '각' 잡은 野, 선동이라는 與
[이데일리 김유성 황병서 박종화 기자] ‘대장동 개발 비리’ 1심 판결에 대한 검찰의 항소 포기가 큰 파장을 일으킨 가운데, 이재명 대통령은 12·3 비상계엄에 협조한 공직자들을 자체 조사하도록 했다. 내란 특검이 수사 중이지만 일부 연루자가 공무원 승진자 명단에 포함되는 등 문제가 있다는 인식이 깔렸다.
이재명 대통령이 11일 용산 대통령실에서 열린 국무회의를 주재하고 있다. (사진=연합뉴스)
이 대통령은 11일 용산 대통령실에서 열린 국무회의에서 김민석 국무총리가 제안한 ‘헌법존중 정부혁신 태스크포스(TF)’ 구성에 동의했다. 이 대통령은 “내란 문제는 특검에만 의존할 게 아니다”면서 “내란에 관한 책임은 형사 처벌할 사안도 있지만, 행정 책임이나 인사상 문책 또는 인사 조치를 할 정도의 낮은 수준의 것도 있다”고 말했다.
이에 김 총리는 “내란 재판과 수사 장기화로 내란 극복 상황이 지지부진하다”면서 “내란에 가담한 사람이 승진자 명단에 올라가는 등 ‘헌법 가치가 훼손되는 것 아니냐’라는 지적이 있다”고 부연했다.
김 총리는 “헌법존중혁신 TF를 정부 내에서 구성했으면 좋겠다는 제안을 드린다”면서 “TF는 12·3 비상계엄 등 내란에 참여하거나 협조한 공직자를 대상으로 신속한 내부 조사를 거쳐 합당한 인사 조치를 할 수 있는 근거를 확보하는 게 (TF의) 임무”라고 설명했다.
국무회의 후 브리핑에서 강유정 대통령실 대변인은 “(대통령과 총리가) 신속한 내부 조사를 거쳐 합당한 인사 조치를 할 수 있는 근거를 마련한 후, 내년 1월 정도까지 한시적으로 운영하겠다고 말한 것으로 봐서는 ‘제한적이면서도 목적적인 TF’”라고 설명했다.
다만 조사 대상이나 방식에 대해서는 특정하지 않았다. 강 대변인은 “일단 내부 조사를 거쳐야만 드러날 수 있는 부분”이라며 “총리실에서 좀 더 자세한 내용을 밝히지 않을까 싶다”고 부연했다.
헌법존중혁신 TF 발족에 대해 대통령실은 명확한 입장을 냈지만, 검찰의 대장동 관련 항소 포기에 대해서는 별다른 입장을 밝히지 않고 있다. 대통령실 측은 “검찰의 소관이기 때문에 낼 이유가 없다”며 말을 아끼고 있다.
이 같은 상황에서 야당인 국민의힘은 공세 수위를 높이고 있다. 검찰의 항소 포기 배후에 대통령실이 있다는 주장이다. 지난 9일 국회 법제사법위원회 소속 국민의힘 의원들은 기자회견을 열고 정성호 법무부 장관과 노만석 검찰총장 대행 등에 “대통령실의 지시나 보고가 있었는지 소상히 밝히고 즉각 사퇴하라”고 요구했다.
이에 대통령실 관계자는 “야당이 제기하는 의혹에 일일이 대응하는 것은 적절치 않다”면서 “대통령실은 입장이 없다”고 재확인했다. 일부 검찰의 반발에 대해서도 “대통령실은 특별히 입장을 내놓을 계획이 없다”고 선을 그었다.
한편 검찰의 대장동 항소 포기는 국회의 새로운 정쟁 요소로 떠오르고 있다. 더불어민주당은 국민의힘이 노만석 검찰총장 직무대행 사퇴를 요구한 것에 대해 ‘무책임한 선동’이라고 주장했다. 국민의힘은 장외집회를 계획하는 중 다각도로 공세를 취한다는 계획이다."
241,“평양 중심가서 대형화재 발생…창고나 공장 전소”,"美 북한 전문매체, 위성사진 분석해 보도
보통강 북쪽 강둑에서 연기 기둥 치솟아
미 항공우주국 시스템도 이 화재 감지
2일 화재로 3~4일 전소된 건물 포착돼
판문점에 게양되어 있는 북한기. [로이터]
북한 평양 중심부에서 지난 2일 대형 화재가 발생해 공장이나 창고로 추정되는 건물이 잿더미가 됐다고 미국의 북한 전문매체 NK뉴스가 10일(현지시간) 보도했다.
NK뉴스는 평양을 가로지르는 대동강 지류인 보통강 인근의 초고층 건물인 류경호텔과 조국해방전쟁승리기념관 근처를 촬영한 플래닛랩스(Planet Labs) 위성사진을 인용해 이렇게 전했다.
지난 2일 오전 11시 50분에 찍힌 위성사진에는 보통강 북쪽 강둑에서 연기 기둥이 치솟는 장면이 담겼다.
적외선 데이터를 이용해 전 세계의 화재 발생 지점을 실시간으로 감지하는 미 항공우주국(NASA)의 화재정보자원관리시스템(FIRMS)도 같은 날 오전 10시 34분에 이 화재를 감지했다.
플래닛랩스와 NASA의 화재 감지 시간에 차이가 있다는 점을 감안하면, 이 화재는 진압 전에 상당 시간 지속된 것으로 보인다.
지난 3∼4일에 촬영된 위성사진에서는 전소된 건물 모습이 선명히 드러나 있다.
다만 북한에서는 이 화재에 대해 보도한 바가 없어 정확한 피해 상황을 확인하기는 어렵다.
위성사진 분석기업 SI-애널리틱스(SI-Analytics)도 지난 7일자 보고서에서 화재 전후의 모습을 담은 위성사진을 공개하고, 이 화재가 ‘대량의 가연성 물질을 취급하는’ 소규모 공장과 관련이 있을 것이라고 추정했다.
북한 지리정보 분석가인 제이컵 보글은 NK뉴스에 화재가 난 건물은 소규모 창고나 공장이지 정부 건물은 아닐 것이라면서 “무작위로 발생한 불꽃처럼 일상 작업 중 발생한 사고로 추정된다”고 말했다."
242,홍준표 “尹-한동훈이 검찰 망쳐”…韓 “탈영병은 입 다물라”,"지난 4월 23일 국민의힘 대선 경선 후보였던 한동훈 전 국민의힘 대표와 홍준표 전 대구시장이 서울 여의도 국민의힘 중앙당사에서 열린 2차 경선 토론회 미디어데이에서 포즈를 취하고 있다. 뉴스1
검찰 선후배인 홍준표 전 대구시장과 한동훈 전 국민의힘 대표가 검찰의 ‘대장동 개발 비리 사건’ 항소 포기 논란에 대해 11일 설전을 벌였다. 홍 전 시장은 이번 사태가 윤석열 전 대통령과 한 전 대표 등이 검찰을 정치화해 벌어진 비극이라고 주장했다. 이에 한 전 대표는 “이재명 정권에는 찍소리도 못하느냐”라고 맞받았다.
홍 전 시장은 이날 소셜네트워크서비스(SNS)를 통해 “검찰의 사명은 거악의 척결인데, 거악의 인질이 돼 헤매다가 해체당하는 검찰은 도대체 뭐냐”라며 “요즘 검사들은 월급 받는 샐러리맨에 불과하지 기개라는 건 찾아보려야 찾아볼 수 없다”고 지적했다.
이어 “검사들이 저 지경이 되고 검찰조직이 해체됐는데도 아무런 저항을 하지 않고 각자도생에 급급한 모습을 보이는 건 아무래도 윤석열·한동훈 같은 검찰을 망친 정치 검사들 탓이 아닌가 싶다”고 했다.
그러면서 “정의를 향한 일념으로 검찰에 평생을 바친 훌륭한 선배들이 그리 많았는데도 어쩌다가 검사와 검찰이 저 지경까지 몰락하고 타락했을까”라며 “결국 검찰의 정치화가 초래한 비극이다. 그 피해가 고스란히 국민에게 돌아갈 것 같아 안타깝다”고 덧붙였다.
이에 한 전 대표는 SNS에서 “이재명 정권에 겁먹고 탈당해 도망간 ‘탈영병 홍준표’는 입 좀 다물라”고 직격했다.
이어 “지금 다들 싸우고 있는데, (홍 전 시장이) 이재명 정권에는 찍소리도 못하지 않느냐”라고 비판하며 홍 전 시장과 이재명 대통령이 악수하는 사진을 첨부했다.
또 △홍 전 시장이 2023년 당시 더불어민주당 대표였던 이 대통령을 만나 윤석열 정부를 비판했다는 내용이 담긴 기사 △이 대통령이 정계은퇴를 선언한 홍 전 시장에 대해 ‘낭만의 정치인 홍준표를 기억하며’라고 적은 페이스북 글 등을 함께 공유했다.
홍 전 시장은 사법연수원 14기, 한 전 대표는 27기로 두 사람 모두 검사 출신이다.
홍 전 시장은 1993년 서울지검 강력부 검사 시절 ‘슬롯머신 업계 비호세력’ 사건과 관련해 ‘6공 황태자’로 불렸던 노태우 전 대통령의 처남 박철언 전 의원을 전격 구속하면서 주목받았다. 1995년 이 사건을 모티브로 한 TV 드라마 ‘모래시계’가 최고 64.5%라는 기록적인 시청률로 화제를 모아 그는 ‘모래시계 검사’라는 별명을 얻었다."
243,"""노만석 나와"" 대검 앞에 집결한 국힘...장동혁 ""이재명 탄핵해야""","[현장] '대장동 항소 포기' 노만석 총장 직무대행 규탄대회, 연일 이 대통령 탄핵 주장
▲ 국민의힘, 대검찰청 긴급 현장 규탄대회
국민의힘 장동혁 대표와 송언석 원내대표 등 소속 의원들이 10일 오전 서울 서초구 대검찰청 앞에서 긴급 현장 규탄대회를 마친 뒤 반부패부장과의 면담을 요구하고 있다.
ⓒ 이정민
""노만석 나와라.""
""역사에 '노만석의 난'이라고 기록될 거야.""
국민의힘 의원들이 대검찰청에 집결했다. 11일 오전 검찰의 대장동 사건 항소 포기 항의 방문에 나선 국민의힘 의원들은 ""노만석 나와라"", ""문 열어""라고 목소리를 높이며 대검찰청 내부 진입을 시도했으나 청사 직원들의 저지로 들어가지 못했다. 결국 의원들은 작동하지 않는 회전문 앞에서 발걸음을 돌려야 했다.
이날 대검찰청 앞에 모인 국민의힘 의원들은 노만석 검찰총장 직무대행(대검찰청 차장)의 사퇴를 촉구했고 당 지도부는 이재명 대통령 탄핵까지 입에 올렸다.
대검찰청 몰려간 국힘 ""대장동 몸통 이재명, 검찰 관뚜껑에 대못 박은 노만석""
▲ 국민의힘, 대검찰청 긴급 현장 규탄대회
국민의힘 장동혁 대표와 송언석 원내대표 등 소속 의원들이 10일 오전 서울 서초구 대검찰청 앞에서 긴급 현장 규탄대회를 하고있다.
ⓒ 이정민
국민의힘 소속 의원 40여 명은 이날 오전 8시 30분께 서울 서초구 대검찰청 앞에서 긴급 현장 규탄대회를 열었다. 의원들이 들고나온 손팻말에는 '검찰 항소를 멈추게 한 진짜 윗선 누구입니까?'라는 문구 사이에 이 대통령의 얼굴 사진이 담겨있었다.
장동혁 국민의힘 대표는 ""지금 대한민국에서는 일어날 수 없는 일들이 일어나고 있다. 오직 이재명이라는 사람이 대통령 자리에 앉아 있기 때문에 일어나는 일들""이라고 운을 뗐다. 이어 ""단군 이래 최대 개발 비리 범죄에 일부 무죄가 선고됐는데도 검찰이 항소를 포기했다""며 ""8000억 원의 범죄 수익을 확보했는데도 항소를 포기하고 그 돈을 돌려주라고 하는 나라""라고 말했다.
장 대표는 ""정성호 법무부 장관이 (검찰에) 신중하게 결정하라고 했다는 말이 저에게는 조폭 두목이 밤길 조심하라는 말로 들린다""며 ""이 모든 것이 이재명 때문이다. 국정조사와 특검을 통해 이재명을 탄핵해야 한다""라고 주장했다. 그러면서 ""지금 즉시 법원은 이재명에 대한 재판을 재개해야 한다""며 ""그것이 대한민국을 구하는 유일한 길""이라고 강조했다.
송원석 원내대표는 노 대행의 사퇴를 주문했다. 그는 ""누가 검찰을 죽였나?""라면서 ""문재인 정권의 검수완박(검찰 수사권 완전 박탈), 이재명 정권의 검찰 해체, 권력 입맛에 따라 수사·기소의 칼춤을 추는 3대 특검이 검찰을 죽였다. 그리고 마지막 순간 검찰의 관뚜껑에 손수 대못을 박아버린 자는 바로 비굴한 검찰총장 직무대행 노만석""이라고 목소리를 높였다.
송 원내대표는 ""노만석에겐 검사라는 호칭도 아깝다. 후배 검사들의 정당한 항소 요구를 아무런 설명도 없이 깔아뭉갰다""며 ""이재명 정권의 부역자 노만석은 즉각 사퇴하라""고 촉구했다.
이어 ""항소 포기 사태의 진정한 몸통은 '대장동을 내가 설계했다'고 자신 있게 얘기했던 이 대통령""이라며 ""검사 여러분의 항의는 '항명'이 아니라 정의를 바로세우기 위한 '항거'다. 부당한 지시에 당당히 맞서 싸우고, 정당한 국민의 목소리를 대변해 달라""고 호소했다.
규탄대회에 참석한 나경원 의원도 ""노만석과 (정진우)서울중앙지방검찰청장, (박철우)대검찰청 반부패부장이 모두 그 자리에서 물러나야 한다""며 ""즉각 사퇴하라""고 강조했다.
멈춘 회전문... '면담 거부' 당한 의원들
▲ 국민의힘, 대검찰청 긴급 현장 규탄대회
국민의힘 장동혁 대표와 송언석 원내대표 등 소속 의원들이 10일 오전 서울 서초구 대검찰청 앞에서 긴급 현장 규탄대회를 마친 뒤 반부패부장과의 면담을 요구하고 있다.
ⓒ 이정민
규탄대회를 마친 후 의원들은 ""대검찰청 고위 관계자들과 면담하겠다""며 대검찰청 정문 앞으로 몰려갔다. 하지만 내부로 이어지는 회전문이 작동하지 않아 진입에 실패했다. 의원들은 20여 분간 ""노만석 도망갔냐?"", ""비겁하다"", ""반부패부장 나오라고 해요""라고 소리를 질렀으나 결국 발걸음을 돌려야 했다.
이후 취재진과 만난 송 원내대표는 ""오늘 노 대행이 연가를 내고 출근하지 않았다고 한다""며 ""응당 해야 할 책무인 항소를 포기하고 스스로도 부끄러웠는지 출근조차 못 하는 상황""이라고 비판했다. 또 ""담당 검사장인 (박철우) 대검찰청 반부패부장에게도 면담을 요구했는데, 사유를 정확히 밝히지 않고 거부했다""며 ""이미 검찰은 죽은 것 같다""고 했다.
송 원내대표는 ""국가 공공기관 1층 현관문은 모든 국민에게 공개된 장소""라면서 ""그런데도 문을 꼭꼭 걸어 잠그고 안 열고 있다. 그에 대한 합당한 설명도 없다""며 ""역시 이 정부는 국민주권정부가 아닌 범죄자 주권정부인 것 같다""고 덧붙였다.
한편 그는 '여야 국정조사 협의 일정'을 묻는 말에 ""어제 김병기 민주당 원내대표와 최종 결론을 내지 못했다""면서 ""오늘 다시 만나자고 한 상황이다. 아직 시간은 정확히 모르겠다""고 답했다.
국민의힘은 이날 오후 경기 과천시 법무부 청사를 찾아 규탄대회를 이어간다. 직후 정성호 법무부 장관에 대한 면담을 시도할 계획이다."
244,"김민석 ""서울시 초고층 개발, 종묘에 위협적""…지방선거 앞두고 눈길","오세훈 겨냥 ""시가 마구 결정할 일 아냐…국익·국부 해치는 근시안적 단견""
여권의 차기 서울시장 후보군으로 꼽히는 김민석 국무총리가 오세훈 서울시장이 추진하는 세운지구 재개발 계획에 대해 정면 비판에 나서 눈길을 끌었다.
김 총리는 10일 종묘를 방문해 허민 국가유산청(옛 문화재청) 청장, 유홍준 국립중앙박물관장 등과 현장 간담회를 하기 전 페이스북에 올린 글에서 ""서울시의 초고층 (재개발) 계획에 대해 종묘의 세계문화유산 지정이 해지될 정도로 위협적이라는 심각한 우려가 제기되고 있다""고 비판했다.
김 총리는 윤석열 전 대통령 배우자 김건희 전 코바나컨텐츠 대표의 '종묘 차담회' 등 논란을 언급하며 ""종묘가 수난이다. 상상도 못 했던 김건희 씨의 망동이 드러나더니, 이제는 서울시가 코앞에 초고층 개발을 하겠다고 한다""고 두 사안을 함께 언급했다.
김 총리는 ""민족적 자긍심이자 상징인 세계문화유산과 그 주변 개발을 둘러싼 논쟁은 단순한 개발론과 보존론의 대립이 아니""라며 ""기존 계획보다 두 배 높게 짓겠다는 서울시의 발상은 세계유산특별법이 정한 '탁월한 보편적 가치'를 훼손할 우려가 있고, K-관광 부흥에 역행해 국익과 국부를 해치는 근시적안적 단견이 될 수 있다""고 강하게 경고했다.
특히 김 총리는 ""최근 한강버스 추진 과정에서 물의를 빚은 서울시로서는 더욱 신중하게 국민적 우려를 경청해야 할 것""이라고 오세훈 시장이 주도하는 서울시정 전반을 겨냥하는 태도를 보이기도 했다.
그는 ""서울시의회 조례 개정안이 상위법인 문화재보호법(현 문화유산법)과 충돌하는지 여부를 다룬 대법원 판결은, 특별법으로 관리되는 세계문화유산 코앞의 초고층 건물 건축에 관련한 모든 쟁점을 다루고 있지 않다""며 ""종묘 방문과 함께, 이번 문제를 적절히 다룰 법과 제도 보완 착수를 지시할 것""이라고 예고했다.
김 총리는 이후 종묘를 찾은 자리에서 기자들에게 세운지구 재개발 계획에 대해 ""서울시에서 일방적으로 밀어붙일 수 있는 사안이 아니고 마구 결정할 일도 아니다""라며 ""종묘 인근 개발 문제는 국민적 토론을 거쳐야 하는 문제""라고 지적했다. 서울시는 지난달 30일 고시한 '세운재정비촉진지구 및 4구역 재정비총진계획 결정'에서 세운4구역 건물 재개발 층고를 기존 '종로변 55미터·청계천변71.9미터'에서 '종로변 101미터·청계천변 145미터'로 변경했다.
그는 간담회 참석자들과의 대화에서 ""(초고층 개발이 되면) 기가 막힌 경관이 돼버린다"", ""턱 하고 숨이 막히게 된다""고 비판하고는 ""최근 김건희 씨가 종묘를 마구 드나든 것 때문에 국민께서 모욕감을 느끼셨을 텐데, 지금 또 이 논란으로 국민 걱정이 크신 것 같다""고 김 씨 관련 논란을 재차 언급하기도 했다.
김 총리의 이날 발언은 내년 지방선거를 앞두고 민주당이 오 시장에 대한 전면 공세를 강화하는 흐름 속에서 나와 눈길을 끌었다. 이날 민주당은 당 차원의 '(가) 오세훈 서울시정 실패 및 개인비리 검증 TF'를 구성하고 단장에 천준호 의원을 임명하기로 의결했다고 박수현 수석대변인이 최고위 결과 브리핑을 통해 밝혔다.
다만 김 총리는 지난 5일 방송인 김어준 씨가 진행하는 유튜브 방송에 출연해 자신의 서울시장 후보 차출설에 대해 ""제가 나가야만 이기는 것은 아닐 것""이라며 ""그런 상황은 안 만들어질 것으로 본다"", ""경쟁 과정을 거쳐 좋은 후보가 나올 것""이라고 일단 선을 그었다.
▲김민석 국무총리가 10일 서울시의 종묘 앞 고층건물 허용과 관련해 허민 국가유산청장, 유홍준 국립중앙박물관장 등과 함께 종로구 종묘를 방문, 외부 조망을 점검하고 있다. ⓒ연합뉴스"
245,"조국 ""대장동 범죄수익, 국가가 몰수·추징 못 해""","조국혁신당 조국 전 비상대책위원장은 대장동 사건의 범죄수익 환수와 관련해 국가가 몰수·추징할 수 없는 사건이라고 주장했습니다.
조 전 위원장은 오늘(11일) 자신의 SNS에, 이 사건의 피해자는 국가가 아니라 성남시, 정확히는 성남도시개발공사라면서 부패재산몰수법에 따라 성남시가 민사소송을 제기할 수 없는 경우에만 몰수·추징이 가능하다고 설명했습니다.
또 성남시는 이미 민사소송을 제기했고 검찰의 항소 포기 이후 손해배상액을 높이겠다고 공표했다며, 이번 사건이 국가가 몰수·추징할 수 없는 사건임은 분명하다고 거듭 밝혔습니다.
이어 '검사 10년에 민사를 모르고, 검사 15년에 형사를 모르고, 검사 20년에 법 자체를 모른다'는 법조계에 유명한 농담이 있다고 소개했습니다.
이는 국민의힘 한동훈 전 대표 등 검찰 출신 정치인들이 '검사가 항소를 포기해 범죄 수익을 환수할 수 없다'고 주장한 것을 비판한 것으로 풀이됩니다.
※ '당신의 제보가 뉴스가 됩니다'
[카카오톡] YTN 검색해 채널 추가
[전화] 02-398-8585
[메일] social@ytn.co.kr"
246,"김지호 ""검사들 항소포기 반발? 선택적 반발 아이러니"" [한판승부]","<김지호 민주당 대변인>
검찰의 대장동 수사 의혹 많아
정성호 개입한 것처럼 호도해
성남시가 손해배상 청구할 것
<송영훈 전 국힘 대변인>
檢 수뇌부 자기만 살겠다 변명
김만배 추징액, 고작 7%에 불과
대장동 일당 범죄 수익 어려워
CBS 박재홍의 한판승부
■ 방송 : CBS 라디오 <박재홍의 한판승부> FM 98.1 (18:00~19:30)
■ 진행 : 박재홍 아나운서
■ 대담 : 장윤미 더불어민주당 대변인, 윤희석 전 국민의힘 대변인, 김지호 더불어민주당 대변인, 송영훈 전 국민의힘 대변인
▶ 알립니다
*인터뷰를 인용보도할 때는 프로그램명 'CBS라디오 <박재홍의 한판승부>'를 정확히 밝혀주시기 바랍니다. 저작권은 CBS에 있습니다.
*아래 텍스트는 실제 방송 내용과 차이가 있을 수 있으니 보다 정확한 내용은 방송으로 확인하시기 바랍니다.
◇ 박재홍> 지난 주말 뜨거웠습니다. 검찰 수뇌부가 대장동 개발 비리 사건의 항소를 포기하면서 파장이 커진 것인데 수사 공판팀은 결정을 비판하고 나섰고 급기야 정진우 서울중앙지검장까지 사의를 표명한 상태죠. 오늘도 장윤미 더불어민주당 대변인, 윤희석 국민의힘 전 대변인 두 분과 함께합니다. 어서 오십시오.
◆ 장윤미, 윤희석> 안녕하세요.
◇ 박재홍> 그리고 김지호 더불어민주당 대변인, 송영훈 전 국민의힘 대변인 두 분도 어서 오십시오.
◆ 김지호> 반갑습니다.
◆ 송영훈> 안녕하세요.
◇ 박재홍> 일단 시한 만료 7분 전이었습니다. 금요일에서 토요일로 가기 직전인 밤 11시 53분이었는데 검찰에서 항소를 포기했습니다. 일단 총평부터 듣고 시작하죠. 이 검찰의 대장동 사건 항소 포기, 네 분이 한 줄로 요약해서 적어주시면 좋겠습니다. 지금 검찰 내에서는 또 반응이 크게 나오고 있기 때문에. 여러분의 의견을 한 줄로 적어주시면 되겠습니다. 되게 빨리 적으시는데 오늘은 네 분 다 신중하게 적으시는 것 같습니다. 한동훈 전 대표는 검사들의 자살이다 이런 얘기까지 했는데 일단 윤희석 전 대변인 정청래 긴장? 왜 그렇습니까?
◆ 윤희석> 대통령이 세다는 게 입증이 됐잖아요.
◇ 박재홍> 대통령이 세다?
◆ 윤희석> 대통령이 세죠. 그전까지는 뭐지? 여권 내부에서 대통령의 위상이 어느 정도인가 우리가 굉장히 헷갈리는 상황이 있었잖아요. 그런데 대통령이 이 정도로 세구나. 본인하고 연관됐다고 볼 수 있는 재판을 검찰에서 항소도 안 하는구나. 정청래 대표 정신 차리셔야 한다.
◇ 박재홍> 굉장히 새로운 해석인데, 정청래 긴장.
◆ 윤희석> 연구 많이 했습니다.
◇ 박재홍> 새로웠어요. 아주 좋아요. 우리 장윤미 대변인은?
◆ 장윤미> 저는 항소 자제 이렇게 표현 썼는데요. 일단 그런 것 같습니다. 일단 윤희석 대변인님 주신 말씀처럼 정무적으로만 고려하면 이게 여건에 좋은 것인가? 이런 생각이 드는 거예요. 왜냐하면 굉장히 논란이 많아지고 그리고 항소심에 가면 1심 판결이 뒤집어지는 가능성도 상당히 떨어지기도 합니다. 4, 5심, 속심 두 가지 성격이 다 있어서 이게 1심이 제대로 판단한 거야? 이걸 보면서 가급적, 왜냐하면 증거 조사 과정이 항소심에서는 제한돼요. 1심에서는 부를 수 있는 증인을 다 부르고 항소심에서까지 똑같이 다 그러기는 어렵다 보니까 1심 판단을 예우하고 존중하는 그런 또 판시가 있습니다. 그렇다 보니까 이게 뒤집어지거나 할 가능성이 없어서 항소심에 가더라도 저는 이게 크게 드라마틱하게 바뀌지 않았을 거라고 보는데 이 법을 정무적인 판단은 그렇다는 거고 오히려 이걸 할 이유가 정치적인 부분만 놓고 보면 없었다.
다만 법률적으로 봤을 때 대단히 이상한 것인가? 일단 구형과 관련해서 다 중형을 받았잖아요. 심지어 2명 같은 경우에는 구형량보다도 높기도 했고. 그리고 이 추징 몰수 얘기를 국민의힘에서 계속 많이 하시는데 기본적으로 배임죄는 이 형사 과정에서 추징 몰수를 하지 않습니다. 왜냐하면 피해자가 있는 범죄는 피해가 이 피해자에게 손해가 귀속해야 되기 때문에 국고로 귀속하지 않는 거예요. 범죄수익 은닉 규제법을 보도록 그렇게 돼 있습니다.
◆ 송영훈> 잠깐만요. 일단 제가 팻말 든 거 얘기하기 전에 방금 전에 피해자가 있는 범죄는 추징 몰수하지 않는다고 얘기하셨는데 제가 우리 장윤미 대변인께 한번 정정할 기회를 드릴게요. 완전히 틀린 말씀이시거든요. 정말로 그 주장 유지하시겠어요?
◆ 장윤미> 그냥 본인의 말씀을 하시죠.
◆ 송영훈> 그러면 말씀드릴게요. 대장동 판결문 안 읽어보셨어요? 대법원 판결에 이게 정반대되는 대법원 판례 판시가 있습니다. 작년 6월 13일에 나온 2023도17596 판결입니다. 우리 청취자들 중에서 변호사분들이나 법을 공부하시는 분들도 있기 때문에 제가 판결 번호까지 알려드리고요.
어떤 내용이냐, 부패 재산 몰수법상의 몰수 추징 제도는 검사가 범죄 피해 재산을 몰수 또는 추징한 다음에 이를 다시 피해자에게 환부하여 특정 범죄 행위로 인하여 피해자가 입은 재산상 피해를 회복시키기 위한 제도다, 이렇게 돼 있고요. 이번 대장동 판결문에 이 문장이 정확하게 인용돼 있습니다. 판결문을 보고 민주당에서 말씀하면 좋겠다는 얘기를 드리고요.
◇ 박재홍> 일단 저수지의 개들, 그건 뭐죠?
◆ 송영훈> 이거는 사람을 개에 비유하는 건 절대 아닙니다. 상황을 얘기하는 거고 이게 쿠엔틴 타란티노 감독이 1992년에 만든 아주 유명한 영화입니다. 여기 보면 나쁜 사람들인데 쉽게 말하면 범죄자들이죠. 전부 다 양복 입고 넥타이 찬 사람들이에요. 그런데 나중에는 서로 자기만 살겠다고 도망을 가고 나중에는 서로 총을 겨누고 싸웁니다.
지금 이 전대미문의 항소 포기 사건을 일으킨 뒤에 법무부 장관, 검찰총장 직무대행, 서울중앙지검장이 하고 있는 상황이 이 영화하고 똑 닮았어요. 서울중앙지검장은 자기만 살아 보겠다고 자기는 의견이 달랐다고 이야기합니다. 직권 남용의 피해자라는 의미가 되겠죠. 그다음에 검찰총장 직무대행은 법무부 의견을 참고한 거다. 그리고 오늘은 용산 법무부와의 관계를 고려해야 했다 이런 얘기까지 합니다. 그러니까 나 혼자 했냐 이런 의미가 될 거예요.
그다음에 법무부 장관은 어제는 뭐라고 했습니까? 자기는 아는 바가 없다고 했어요. 그러면 나 혼자 살아보겠다는 거잖아요. 물론 오늘은 또 얘기가 바뀌었습니다. 신중히 하라는 의견을 냈다고 하는데 어쨌든 이렇게 사람들이 저마다 말이 다르고 본인만 살아보겠다는 상황으로 가고 있어서 이 저수지의 개들이라는 영화가 연상이 됩니다.
◇ 박재홍> 김지호 대변인?
◆ 김지호> 저는 하여튼 검사들의.
◇ 박재홍> 친윤 검사 선택적 반발이다?
◆ 김지호> 이게 사실은 윤석열 내란 수괴 피의자가 구속 취소됐을 때도 이런 움직임이 없었고 김건희 씨의 도이치모터스 주가 조작 의혹 수사 관련해서도 조사받을 때 검사들이 핸드폰 반납하고 수사했고 그리고 그 이후에 무혐의 처분 받았을 때도 별다른 이야기 없지 않았습니까? 이 부분 관련해서 검사들이 이런 때는 반발하고 저런 때는 반발하지 않고 이게 참 아이러니하고요.
그리고 7800억 얘기 많이 하시는데 사실은 이 대장동 사업에서 성남시는 허가권은 있었지만 성남도시개발공사가 돈을 한 푼도 안 들이고 이 사업을 진행했습니다. 그리고 어떤 금융 비용은 다 이 사업자들이 가져온 거거든요. 그러면 7800억 중에 이자 비용도 나갔을 것이고 그래서 배당된 게 5800억인데 갑자기 그러면 이 전체를 다 몰수해야 된다고 얘기하면 이 자본주의 사회에서 말이 안 된다고 생각하거든요. 이 부분 관련해서 그 당시에 미래 수익을 어떻게 반영할 것인가, 분양 수익을 거둬들일 것인가 말 것인가 이 부분 관련해서 판사도 굉장히 고민이 있어서 판결을 이렇게 내린 걸로 보이고요.
이번 판결이 4년간 진행됐고 그리고 공판 횟수가 190회더라고요. 그리고 25만 쪽이랍니다. 재판 기록이. 저는 검찰도 나름대로 노력했지만 결과론적으로 보면 그래도 어느 정도 합리적인 판결을 받았고 이에 대해서 대검에서 결정한 거 아니겠습니까? 그런데 이렇게까지 반발하는 이유가 뭔지 잘 이해가 안 갑니다.
정성호 법무부 장관이 10일 오전 경기 정부과천청사 법무부로 출근하며 최근 검찰이 대장동 개발비리 의혹 사건에 대한 항소를 포기한 것과 관련해 입장을 밝히고 있다. 과천=류영주 기자
◇ 박재홍> 일단 쟁점이 많이 있긴 한 것 같습니다. 이게 부당이득 추징 환수에 대해서 일단 형사재판에서 원칙적으로 뇌물죄 마약 같이 피해자가 없는 범죄의 수익금만 추징할 수 있다. 반면 또 사기죄 배임죄같이 피해자가 있는 경제 범죄 수익금은 추징할 수 없다 이런 주장도 있기 때문에 이 얘기는 잠깐 후반부에 얘기하기로 하고요. 정성호 장관이 오늘 오전에 입장을 냈습니다. 어떻게 말씀했는지 잠깐 보고 이어가겠습니다. 정성호 법무부 장관 오늘 출근길에 얘기한 건데요. 그러니까 많이 받았던 분이 누구냐 유동규 씨가 검찰은 징역 7년을 받았는데 이분이 징역 8년을 받았다. 정민용 씨가 또 검찰에서 징역 5년을 받았는데 실제 징역 6년이 나왔다. 두 분을 얘기한 것 같습니다. 그러면서 뭐랄까 잘 된 재판이다 이렇게 하고 있는데 이 부분은 일단 우리 윤희석 대변인부터 말씀하시면?
◆ 윤희석> 저분 법무부 장관이잖아요. 잘 된 재판이라는 판단을 하려면 구형량보다 선고가 훨씬 세서 뭔가 더 징벌이 가해졌고 추징금 관련해서도 더 많이, 더 많이 나오기는 어렵겠지만 어느 정도 상응하게 나왔어야 되잖아요. 그런데 이분이 잘 됐다고 하는 얘기가 아까 김지호 대변인 말씀도 그렇고 거의 저 범죄자들의 변호인 같은 얘기예요. 범죄자들 변호인이 할 만한 얘기입니다. 이 정도 1심이면 굉장히 합리적으로 잘 된 재판이다. 이거는 저 사람들 범죄자들 변호인이 할 만한 얘기인데 한번 생각을 해 보세요.
추징금은 국고로 가는 거잖아요. 국고로 환수할 수 있다 없다 이걸 빼고 7800억원 정도를 몰수해야 됩니다라고 해서 구형을 때렸어요. 그런데 지금 473억밖에 안 돼요. 그러면 검찰 입장에서는 우리가 이렇게 주장을 한 게 한 5% 넘게만 인정이 된 거니까 당연히 항소하고 국고에 보충을 해야죠.
그런데 지금 그걸 안 하게 그냥 포기해 버리고 잘 된 재판입니다라고 얘기하면 저분의 직분이 정말 법무부 장관인지 국민들이 이걸 어떻게 이해하겠어요? 왜 범죄자를 두둔하냔 말이에요. 민주당이랑 법무부에서. 왜 범죄자를 두둔해요? 왜 추징금 조금 내는 거에 자꾸 이게 잘 된 거다, 검찰이 부풀렸다 말이 되는 얘기냔 말입니다.
◇ 박재홍> 장 변호사님?
◆ 장윤미> 범죄자를 두둔할 이유도 없고요. 두둔하지도 않았고 처음에 검찰이 공소장에 배임 액수를 얼마로 특정해서 넣었는지 아세요? 651억원 플러스 불상액이라고 기재했었습니다. 그게 나중에 4895억 원으로 떠요. 그 중간에 무슨 사정 변경이 있었느냐, 윤석열 정권이 출범했습니다. 그리고 이재명이라는 정치인을 향한 수사가 계속 이어졌죠.
그러면서 검찰도 이게 법원도 계산할 수 없다는 거예요. 부동산의 지가 상승, 개발이익 환수의 방법, 수용 방식의 어떤 이익 배분 너무나 많은 변수가 있어 특정해내지 못하는데 검찰이 651억원과 4895억원은 너무 갭이 크니까요. 그 부분만 있는 게 아닙니다.
1심 판결문 아까도 말씀 주셨지만 거기서 공범들이 기소가 된 거잖아요. 검찰 입장에서는. 이재명이라는 정치인이 이 수사를 받고 있었으니까. 그러면 원래 수사하던 거에 더 크게는 거기에 수사가 자제가 된단 말이에요. 그런데 별건으로 하면서 왜냐하면 다른 혐의를 덧붙여야 이 수사를 판을 벌일 수가 있으니까. 이해충돌 방지법 등등으로 수사를 합니다.
그 부분에 대해서 법원이 어떻게 판단했는지 아십니까? 증거 능력이 없다고 그랬어요. 공판 중심주의에서 이렇게 수사해서 증거로 현출해서는 법원이 이걸 증거 능력을 부여해서 판단의 근거로 삼을 수 없다고 그랬습니다. 이런 맥락이 있습니다. 이런 맥락을 지우고 이 사건은 접근할 수 없습니다.
◇ 박재홍> 송영훈 변호사?
◆ 송영훈> 항소 자제 말씀하시는데 저는 무슨 맥락에서 항소 자제라고 표현하는지 도저히 이해를 못 하겠어요. 피고인이 5명이잖아요. 그중에 일부에 대해서만 자제해서 항소를 안 했나요? 백번 양보해서 유동규 씨는 7년 구형에서 8년 나왔고 8.5억 추징해달라고 해서 8.1억 나왔고, 정민용 변호사는 5년 구형했는데 6년 나왔고 37억 추징 요청해서 37억 나왔어요.
그 두 사람에 대해서 항소 안 했으면 제가 백번 양보해서 이해하겠어요. 전원을 다 항소를 포기했잖아요. 그 수사팀이 밤 11시 20분 이후에 발 동동 구르면서 반부패부장 찾아가서 이거 김만배 씨한테라도 항소하게 해달라. 그렇게 했는데 그것조차 못 하게 했다는 거 아닙니까? 김만배 씨 추징금 6112억 추징해달라고 했는데 428억만 나왔어요. 7%입니다. 이게 어떻게 항소 자제입니까? 그리고 조금 전에 우리 김지호 대변인께서 성남시는 원가가 안 들었다고 말씀하셨는데 이 대장동 일당들이 8천억원 가까운 천문학적인 수익을 뭐 때문에 내게 됐습니까? 토지 수용을 했기 때문이잖아요. 관이 갖고 있는 수용권 때문에 가능했던 겁니다. 그게 아니었으면 이 사람들이 이 수익을 낼 수 있었어요? 그걸 생각하고 말씀하셔야 된다는 말씀까지 드리겠습니다.
◆ 윤희석> 제가 이걸 더 추가로 말씀드릴게요. 우리가 이게 4년도 전에 이 얘기 하도 많아서 제가 그 자료가 많잖아요. 제가 저한테 보내는 카톡방에 이걸 다 저장을 해놨어요. 다시 언젠가 꺼내 볼 일이 있으리라. 이걸로 꺼내 볼 줄은 몰랐어요. 여기 보면 우리가 그냥 7800억이다 473억이다 하니까 이게 감이 안 와요. 얼마를 넣었는데 얼마를 가져갔냐 이게 중요하잖아요.
천화동인이라는 게 있었죠. 천화동인 1호가 화천대유예요. 김만배예요. 얼마 냈냐 출자액이 1억 466만원. 그런데 배당을 1208억을 받아요. 천화동인 2호는 김만배 가족입니다. 3호는 김만배 누나예요. 똑같이 872만 원을 넣었는데 가져간 게 101억 원이에요. 1000배가 넘어요. 1100배 정도 돼요. 남욱은 딱 10배를 넣어요. 8721만원. 그럼 얼마 나가요? 1007억을 얻어요. 이런 짓을 했다니까요.
1000배 넘게 가져가는 걸 어떻게 우리가 이해하냔 말이에요. 그럼 이 과정에 뭐가 있겠죠? 이거를 수사하는데 거기에 윤석열이 왜 나오고 정권 교체가 왜 나와요? 검사가 왜 나와요? 이런 범죄자들에 대해서 추징하겠다는데 그걸 하겠다는데 검사들 보고 항소 못 하게 하고 나중에 나와서는 이거 잘 된 재판입니다. 신중하게 판단하라고 했습니다. 이게 논리가 섭니까? 도저히 이해 못 하겠는데 저는?
◇ 박재홍> 김지호 대변인?
◆ 김지호> 투자해서 벌어들인 부분 관련해서는 저도 의혹이 있어요. 그러면 정말 국내 굴지 은행과 증권회사가 껴서 했는데 왜 부분 관련해서는 검찰이 수사를 안 했나? 그렇잖아요. 위험도 안고 돈을 저렇게 조금 투자했는데 성남시에서 입찰이 들어왔을 때 천화동인으로 들어온 게 아닙니다. 하나은행 컨소시엄으로 들어온 거예요. 그런데 알고 보니까 저렇게 지배 구조를 가지고 많은 배당을 가지고 간 거잖아요.
그 부분 관련해서 검찰이 제대로 수사했습니까? 그리고 남욱 변호사는 유동규 씨가 검찰 측으로부터 검찰이라고 특정하지 않았지만 나는 3년형 약속 받았어. 그런데 지금 8년 나오지 않았습니까? 이 부분 관련해서 사실은 정민용하고 유동규 씨한테 뭔가 약속하지 않았냐 그런 의혹까지 있어요.
◇ 박재홍> 검찰이?
◆ 김지호> 예. 그리고 정일권 부장검사는 남욱 변호사 배를 가른다고 하잖아요. 왜 이렇게 반발하느냐, 저희가 따져보면 사실은 이런 불법적인 수사가 있지 않았나 이런 의심이 드는 상황입니다.
대장동 개발 비리 의혹 사건에 연루돼 특정경제범죄 가중처벌법상 배임 등 혐의로 기소된 남욱 변호사가 31일 서울 서초구 서울중앙지방법원에서 열린 1심 선고공판에 출석하고 있다. 황진환 기자
◆ 윤희석> 그러니까 지금 이 얘기는 범죄자들 편에 변호사들이 할 얘기란 말이에요. 우리는 검사가 어쩌고 법원이 어쩌고 다 필요 없고 범죄자들이 추징금을 한 푼이라도 더 내게 만드는 게 국민적 감정일 거예요. 그렇게 하기 위해서 검찰에서 수사를 했겠죠. 그런데 도대체 뭐예요? 지금 추징금 적게 낸 게 잘 됐다고 하고 있고 이 과정에서 검사가 수사를 무리하게 해서 뻥튀기를 했다는 거예요. 추징금 액수를. 이게 무슨 얘기예요? 이게 장관이 할 얘기예요?
◇ 박재홍> 잠깐만요. 그러니까 정성호 장관이 언급한 게 그러니까 남욱 씨가 11월 7일 법정 증언을 이런 내용을 합니다. 2022년 9월 당시에 정일권 부장검사가 애들 사진 보여주면서 애들 봐야 할 거 아니냐, 여기 계속 있을 거냐고 했다. 그러면서 배를 갈라서 장기를 다 꺼낼 수도 있고 환부를 도려낼 수도 있다. 내려가서 곰곰이 생각해 보라고 했다. 그날 잠을 한숨도 못 잤다. 그런데 이분이 이렇게 진술했어요. 정성호 장관 얘기는 이 얘기도 듣고 자기는 정말 충격을 받았다. 그래서 이 수사가 제대로 된 수사인지 따져볼 필요도 있다는 생각도 했다. 이런 얘기거든요.
◆ 송영훈> 선후 관계를 분명히 하죠. 남욱 변호사가 별건에서 법정 진술을 한 게 지난주 금요일이잖아요. 그런데 정성호 장관이 오늘 도어스테핑 하면서 본인은 보고 3번 받았다고 했어요. 그러니까 선고된 당일에 이렇게 선고됐습니다라고 보고받았고 한 3~4일 뒤에 다시 보고를 받아서 자기가 그러면 항소를 신중하게 하는 게 좋겠다고 얘기했다고 하는데 그럼 그 시점은 남욱 변호사가 법정 진술한 때보다 먼저잖아요. 그걸 보셔야죠. 그러면 남욱 변호사의 저 진술만 가지고 본인이 항소를 포기하는 게 좋다는 압력을 넣다시피 한 것이 정당화가 됩니까? 이것에 대해서 민주당 분들의 의견을 제가 들어보고 싶네요.
◇ 박재홍> 장 변호사님?
◆ 장윤미> 아마 정일권 검사의 증언은 시차가 있으니까 제가 정성호 장관 이 얘기를 들었을 때는 누군지 추정의 영역이잖아요. 강백신 고검장 같은 경우에 아주 총대를 메고 수사를 했던 이 수사팀 검사입니다. 보통 공판 검사는 사건 실체에는 떨어져서 그러니까 아주 잘 알기는 어려운 부분이 있어요.
그런데 처음부터 이 부분과 관련해서 어떤 의혹을 받았느냐, 유동규 씨를 기소 직전에 장시간 면담을 해요. 이건 조서를 남기면 장시간을 만나든 하루 이틀을 만나든 문제되지 않습니다. 조서를 남기지 않아요. 그 뒤에 나와서 유동규 씨가 뭐라고 얘기했다고 기사에도 나오느냐, 나 검찰이랑 다 끝냈다. 나는 3년 받는다고 하는 거예요. 그런 부분과 관련해서 그럼 검찰의 시각에서 유동규한테 상당히 많이 기대해 왔어요. 남욱은 지금 다른 얘기를 하고 있고. 유동규 씨는 일관되게 어쨌든 더 윗선을 경유하기 위해서 검찰의 입맛에 딱딱 맞는 말들을 해놓고 있는 거예요.
그런데 검찰이 구형을 적게 한 거죠. 판사가 그것보다 더 뛰어넘게 했으니까. 그럼 검사는 어떻게 해야 됩니까? 이 사람한테 약속한 것도 있고 만약에 거기에 대해서 본인들도 수사의 성과를 냈다면 항소를 해야 되는 거예요. 그 부분과 관련해서 제로 베이스로 만들어야 되는 그런 부분이 있는 거죠. 그런 시각도 있는 거다. 왜냐하면 부분 모해 위증의 혐의가 있다는 의혹을 강백신 검사가 떳떳하게 어떤 해명을 했는지는 제가 본 기억은 없습니다.
◆ 윤희석> 제가 거듭 말씀드리는데 다 좋아요. 검찰 수사가 무리할 수도 있고 그 과정에서 피고인의 권리가 침해될 수도 있고 그런 과정이 있을 수 있습니다마는 법무부 장관이 이 사람들 이재명 대통령하고 전혀 관련 없는 사람들이라고 지금 얘기하는 거 아니에요. 이 재판은 이재명 대통령이랑 관련이 없다고 법무부 장관이 얘기했잖아요.
그러면 어떻게 이런 특정한 재판에 대해서 법무부 장관이 대표로 나서서 추징금 액수가 이렇게 많았는데 이렇게 줄어든 것은 수사가 잘못된 것에 대해서 법원이 잘 판단한 것이니까 예를 들어서 항소를 신중히 판단해 달라고 한다든지 이런 논리를 전개할 수가 있는 겁니까? 어떤 범죄자이길래 현직 법무부 장관이 이런 식으로 실드를 치냔 말이에요. 딱 얘기만 저한테 답을 주세요. 저는 이해를 못 하겠어요. 검찰이 잘못했을 수 있고 검사가 무리한 수사를 했을 수 있고 그 과정에서 문제가 있을 수 있다고 치는데 왜 범죄자를 실드 치냐는 거예요.
◆ 김지호> 법무부 장관이 이 사건 관련해서 의견을 안 냈다고 얘기하잖아요. 그냥 신중하게 잘 판단해 달라. 그런데 왜 무슨 압력을 넣은 것처럼 송 변호사님도 얘기하시고.
◆ 송영훈> 다른 사건도 법무부 장관이 보고받으면 신중하게 항소 여부를 잘 판단하라고 얘기합니까?
◆ 김지호> 그렇게 얘기하잖아요. 그게 노만석 대행하고 직접적인 통화를 한 적이 없다고 얘기하는데 이 의혹 관련해서는 강백신 검사가 있지도 않은 사실을 법무부 장관이 개입한 것처럼 처음에 써서 의혹이 제기됐고 그래서 오늘 나가면서 얘기한 거 아닙니까?
◆ 송영훈> 그래서 도어스테핑에서 노만석 대행하고 직접 통화한 적 없다고 하면서 그다음에 뭐라고 했습니까? 기자가 또 묻잖아요. 그럼 어떻게 의견 전달했냐. 그러니까 법무부에 차관도 있고 국장도 있고 간부들도 있다 그런 이야기를 하지 않았습니까? 못 들으셨나요?
정성호 법무부 장관이 10일 오전 경기 정부과천청사 법무부로 출근하며 최근 검찰이 대장동 개발비리 의혹 사건에 대한 항소를 포기한 것과 관련해 입장을 밝힌 후 청사로 들어가고 있다. 과천=류영주 기자
◇ 박재홍> 그래서 오늘 정성호 장관이 또 한동훈 전 대표가 이 부분에 대해서 굉장히 많이 비판했습니다. 또 거기에 대해서 반박했는데요. 그 장면을 잠시 보고 이어가겠습니다. 정성호 장관이 한동훈 전 대표에 대한 반박인데 윤희석 대변인?
◆ 윤희석> 이거는 정말로 사실관계를 잘못 알고 말씀하시는 거예요. 두 가지를 아마 얘기하시는 걸로 보여요. 윤석열 전 대통령이 검찰총장 시절에 추미애 장관한테 징계 처분받죠. 2개월. 그거 징계 취소해 달라고 소송을 내요. 그래서 1심에서 정부가 이깁니다. 취소 정당하다고. 그런데 2심에서 바뀌어요. 윤 대통령이 이기는 거죠. 취소하라고.
그 과정에서 1심에서 승소한 변호인을 법무부에서 바꿔요. 왜 바꾸냐는 거죠. 이긴 변호인을 바꾸니까 2심에서 지지 않았느냐. 윤 대통령 보호하려고 한동훈 장관 때 한 거 아니냐는 얘기인데 변호인이 둘이었어요. 한 사람은 새로 선임된 법무부 법무실장이 친동생이야. 그래서 이해충돌이 있고요. 한 변호인은 재판부에 본인 스스로 어떤 의견서를 내요, 절차에 안 맞게. 그래서 해임이 되는 거예요. 바꿔요. 그러니까 그 과정이 있었고 한동훈 당시 장관은 이 건 관련해서 보고도 받지 않고 나는 관여하지 않는다고 분명히 선언을 해요.
두 번째, 이긴 다음에 상고를 안 합니다. 그러니까 대법원까지 안 가니까 왜 이거 안 하고 그냥 여기서 끝내느냐, 왜 대법원 판단을 안 받느냐는 지적이 있어요. 그런데 그 상고 포기는 한동훈 장관 때 있었던 일이 아니에요. 그다음에 있었던 일이란 말이에요. 적어도 이 건 관련해서 한동훈 전 대표가 법무부 장관으로 있었을 때의 일을 가지고 걸 거는 전혀 없다.
그런데 지금 계속 똑같이 민주당 쪽에서 패널로 나오시는 분이나 이런 분들이 똑같은 얘기를 해서 심지어 어제 두 분은 사과한다고 SNS에 올렸어요. 바로 잡는다고. 그러니까 이거 전혀 사실이 아니다. 장관조차 지금 잘 모르고 말씀하신다 이런 확인을 제가 하는 겁니다.
◇ 박재홍> 장 변호사님?
◆ 장윤미> 시점으로 보면 아마 상고할 때는 법무부 장관이 아니셨던 것 같고 보고는 안 받았다고 하지만 그 직전에는 법무부 장관이셨다는 말씀으로 제가 이해를 했는데 그 당시에 정치권에서 상당히 논란이 됐어요. 법원이 이거 침대 축구한다. 왜 이렇게 시간을 끌고 제대로 응소하지 않고 이러냐. 이 부분에 대해서 정성호 장관이 언급하신 것 같고.
이게 저는 한동훈 전 대표가 안타까운 게 정치적인 선택이 기본적으로 정치인이라면 더더군다나 대선 그런 욕심도 있으신 분으로 알고 있는데 이슈를 너무 쫓아다니는 거예요. 이 부분과 관련해서. 새벽 배송 이슈가 있으면 거기에 대해서 응하고 또 무슨 이슈가 생기면 거기에 대해서 그러고.
그리고 오늘도 제가 찬찬히 어떤 말씀을 주시나, 왜냐하면 법무부 장관이셨고 노하우가 있으실 테니까. 대단히 격앙되고 흥분돼 있다. 이 부분과 관련해서는 심지어 제지를 당할 정도의 톤 다운이 안 되는 그런 부분과 관련해서는 조금 가벼워 보였고 대단히 정파적으로 소구하려고 한다. 누구한테 소구하고자 하는 걸로 읽혔느냐, 국민의힘에. 지금의 아주 오른쪽으로 가 있는 국민의힘에 내부 구성원들에게 소구하자는 하나의 수단으로 이 이슈를 접근하나라는 인상을 개인적으로 받았습니다.
◆ 송영훈> 기본적으로 인상 비평은 평론이 아닙니다. 그리고 그 이슈나 콘텐츠에 대해서 할 말이 없을 때 사람의 말투나 말의 톤이나 이런 것들을 트집을 잡는 거죠.
◆ 장윤미> 그건 인상 평이 아닌가요, 송 변호사님?
◆ 송영훈> 말한 내용에 대해서 반박하고 싶으시면 내용을 반론하시면 됩니다.
◇ 박재홍> 김지호 대변인 짧게 하실까요?
◆ 김지호> 저는 이 부분 관련해서 제 개인적인 생각으로는 제가 성남시에 오래 살았고 이 사건이 일어났을 때 상황을 잘 알아요. 그런데 어찌 됐든 대장동 일당들이 그런 뇌물을 주고받은 건 사실이기 때문에 성남시가 지금 손해배상 청구를 해 놨습니다. 그 금액을 받아내는 그런 진행을 빨리 진행했으면 좋겠습니다.
◆ 윤희석> 5억 걸었어요. 지금 소송가액이 5억이에요. 물론 늘리기는 하겠지만. 인지대도 있고 지금 민사로 될 일이 아니에요. 형사가 이렇게 망가졌는데 민사를 어떻게 이깁니까?
◆ 송영훈> 민사 얘기 짧게만 하면 천신만고 끝에 성남시나 성남도시개발공사를 대리하는 변호사가 정말 유능하고 성실해서 모든 손해액 원 단위까지 다 입증해서 100%로 승소 판결 받는다고 가정해 볼게요. 돈을 받아내야 되잖아요. 못 받아내면 판결문은 그냥 종이 쪽지에 불과한 거예요. 일개 지방 공기업이 대장동 일당들이 은닉해 놓은 재산들을 제대로 다 찾아서 사행위 취소 소송하고 강제 집행하고 해서 환수할 수 있을 것 같습니까? 그런데 이게 추징금이 되면 뭐가 달라지냐, 대검찰청의 범죄수익 환수과라고 부서가 따로 있습니다. 부장검사가 거기 있어요. 그렇게 해서 이 은닉 재산들만 찾아내서 추징하는 부서가 있습니다. 국가 공권력이 해주는 거 하고 일개 지방공사가 스스로 하는 거는 천지 차이입니다. 이 부분을 아무도 말씀 안 하시기 때문에 제가 정확하게 오늘 짚어드립니다.
◆ 김지호> 2천억 몰수 보전 신청한 걸로 알고 있어요.
◆ 송영훈> 항소 안 해서 그걸 풀어줘야 되잖아요.
◇ 박재홍> 여기까지 하겠습니다. 한판승부 함께하고 계십니다.
※CBS노컷뉴스는 여러분의 제보로 함께 세상을 바꿉니다. 각종 비리와 부당대우, 사건사고와 미담 등 모든 얘깃거리를 알려주세요.
이메일 :
jebo@cbs.co.kr
카카오톡 :
@노컷뉴스
사이트 :
https://url.kr/b71afn"
247,"국힘, 대검 앞 몰려가 ‘대장동 항소 포기’ 규탄","“대한민국 구할 방법 딱 하나, 李 탄핵”
정성호 ‘항소 포기 신중’ 발언 두고
장동혁 “조폭이 밤길 조심하란 말”
검찰총장 대행 면담 불발...반부패부장도 못 만나
장동혁 국민의힘  대표가 11일 서울 서초구 대검찰청에서 검찰의 대장동 개발 비리사건 항소 포기와 관련해 규탄 발언을 하고 있다. [사진 출처 = 연합뉴스]
국민의힘 의원 40여명은 11일 오전 서초동 대검찰청을 방문해 검찰의 대장동 사건 항소 포기를 강하게 비판했다. 더불어민주당을 향해선 항소 포기와 관련해 국정조사와 특검 수사를 동시에 진행하자고 촉구했다. 지난 주말 검찰이 항소 포기를 결정한 뒤로 점점 메시지 톤을 올리는 모습이다.
장동혁 국민의힘 대표는 이날 오전 대검찰청 앞에서 “지금 엉망으로 망가지는 대한민국을 구할 방법은 이재명을 대통령의 자리에서 내려오게 하는 것뿐”이라며 “김병기 민주당 원내대표가 말한 것처럼 국정조사 하자. 특검도 하자”고 말했다.
그러면서 “국정조사와 특검을 통해 이재명을 탄핵해야 한다”며 “그리고 지금 즉시 법원은 이재명에 대한 재판을 재개해야 한다. 그것이 대한민국을 구하는 유일한 길”이라고 강조했다.
장 대표는 “정성호 법무부 장관이 (검찰에 항소 포기를) 신중하게 결정하라고 했다는 말이 저에게는 조폭 두목이 밤길 조심하라는 말로 들린다”며 “이 모든 것이 이재명 때문”이라고 꼬집기도 했다.
국민의힘 장동혁 대표(왼쪽 셋째)와 송언석 원내대표(왼쪽 둘째)를 비롯한 의원들이 11일 서울 서초구 대검찰청 앞에서 검찰의 대장동 개발 비리사건 항소 포기와 관련해 규탄대회를 연 뒤, 노만석 검찰총장 대행과 면담을 요구하며 항의방문을 시도하고 있다. [사진 출처 = 연합뉴스]
송언석 국민의힘 원내대표도 “이재명이라고 하는 범죄자를 대통령으로 만들어놓았더니 범죄자와 그 추종세력들은 대한민국을 범죄자가 당당한 나라로 만들고 있다”고 주장했다.
그러면서 “범죄자들을 의인으로 만들고 범죄자들에게 수천억의 부당이득을 두둑이 챙겨주면서 이를 기소하려고 헀던 검사들은 조작 기소라고 몰아세우고 부당한 항소 포기에 항의하는 검사들은 항명이라고 몰아붙이고 무도하고 파렴치한 정권 바로 이재명 정권”이라고 말했다.
의원들은 지도부의 규탄사가 끝난 후 노 대행과의 면담을 요청하며 대검찰청 청사 진입을 시도했으나, 청사 직원들이 제지하고 나서면서 들어가지 못했다. 연가 중인 노 대행 대신 박철우 대검찰청 반부패부장과의 면담을 시도했지만 이 역시 불발됐다. 송 원내대표는 ”휴가도 용산과의 관계를 고려해 냈나“라고 목소리를 높였다.
국민의힘은 오전 대검찰청에 이어 오후에는 법무부 청사를 항의 방문할 계획이다.
국민의힘 장동혁 대표(오른쪽)와 송언석 원내대표를 비롯한 의원들이 11일 서울 서초구 대검찰청 앞에서 검찰의 대장동 개발 비리사건 항소 포기와 관련해 규탄대회를 연 뒤, 노만석 검찰총장 대행과 면담을 요구하며 항의방문을 시도하고 있다. [사진 출처 = 연합뉴스]"
248,"대통령실, '대장동 항소 포기' 검찰 반발에 ""특별한 입장 없어""","대통령실은 검찰 지휘부의 대장동 사건 항소 포기 결정을 둘러싼 검사들의 집단 반발에 대해 특별한 입장이 없다고 밝혔습니다.
대통령실 관계자는 오늘(11일) 기자들과 만나, 관련 질문에 이같이 답했습니다.
이 관계자는 대통령실의 항소 포기 개입 의혹을 두곤, 야당이 제기한 정치적 의혹을 대통령실에서 대통령실 출입 기자가 묻는 건 적합하지 않다고 판단한다고 말했습니다.
또 다른 관계자는 YTN에, 질문 자체가 적합하지 않다는 발언은 항소 포기 결정에 대통령 지시가 없었다고 '일축'한 거라고 의미를 설명했습니다.
※ '당신의 제보가 뉴스가 됩니다'
[카카오톡] YTN 검색해 채널 추가
[전화] 02-398-8585
[메일] social@ytn.co.kr"
249,"한미관세협상 놓고…국힘 ""국회 비준해야"" 민주 ""일본·유럽은 안해""","국힘 ""헌법 60조는 재정부담 조약은 국회에 비준 동의권 있다고 해""
민주 ""상대방은 조약 취급 안하는데 괜히 했다가 분쟁시 문제 발생""
[서울=뉴시스] 고승민 기자 = 이철규 국회 산자위원장이 24일 서울 여의도 국회에서 열린 산업통상자원중소벤처기업위원회의 산업통상자원부 등 종합감사를 개의하고 있다. 2025.10.24. kkssmm99@newsis.com
[서울=뉴시스] 정윤아 남정현 기자 = 여야는 11일 한미 관세합의가 담긴 양해각서(MOU)의 국회 비준 동의 문제를 놓고 공방을 벌었다. 국민의힘은 ""헌법 60조에 따라 국회 비준이 필요하다""고 주장했고, 더불어민주당은 ""일본과 유럽도 안 하는데 왜 우리만 해야하느냐""고 반대했다.
박상웅 국민의힘 의원은 이날 오후 국회에서 열린 산업통상자원중소벤처기업위원회 전체회의에서 김정관 산업통상부 장관에게 ""왜 국회 비준 문제를 이렇게 두려워하느냐""며 ""우리가 이번 관세협상으로 나가는 돈만 봐도 단군 이래 가장 큰 국고유출 아니냐""고 했다.
박 의원은 ""미국은 MOU라 국회 비준동의를 안 받을테니 우리도 안 받아도 된다고 하는데 우리나라 법은 그렇지 않다""고 말했다.
김 장관은 ""비준 문제는 좀 복잡한 이슈가 있는 거 같다""며 ""다만 재정적인 부담과 관련된 부분들은 대미투자 관련 법안을 제출할 때 국회의 동의를 받아서 법안을 만들도록 하겠다""고 했다.
국민의힘 소속 이철규 산자위원장도 ""여당의원님들과 정부는 계속 국민들에게 국회에 보고를 하고 동의를 받아야한다는 취지로 알려왔다""며 ""그러다 갑자기 국회의 동의가 필요없다고 하면 국민들은 뭔가 숨기는게 있는 거 아니냐는 오해를 할 수 있다""고 말했다.
정동만 국민의힘 의원은 김 장관에게 ""헌법 제60조에는 '국회는 국가나 국민에게 중대한 재정적 부담을 지우는 조약 또는 입법사항에 관한 조약의 체결·비준에 대한 동의권을 가진다'고 돼있다""며 ""500조가 넘는 나라돈이 나가는데 국회 비준 동의가 필요 없다는 민주당의 주장에 동의하느냐""고 했다.
김 장관은 ""재정이 필요한 법안 관련해서 저희가 기금법을 만들어서 국회동의를 받을 예정""이라면서도 ""다만 MOU 같은 경우는 조약이 아니고 비구속적 성격을 가지고 있기 때문에 국회동의를 받지 않을 예정""이라고 답했다.
반면 민주당은 국회비준이 오히려 한미관세협상의 유연성을 축소할 수 있다며 반대했다.
이언주 민주당 의원은 ""관세는 미국이 일방적으로 자신들의 행정부에서 결정하는 거고 지금 협상하는 것 중에서 투자 문제는 우리의 부담""이라며 ""미국 내에 중간선거도 있고 정치적 상황으로 우리의 투자 금액이 낮아질 수도 있는데 우리가 국회에서 비준해 완전히 못을 박아버리는 건 바보 같은 짓""이라고 했다.
김원이 민주당 의원은 김 장관에게 ""미국하고 일본이 먼저 MOU를 체결했는데 이 두 나라가 국회에 보고하고 비준동의절차를 밟았느냐""고 물었다.
김 장관은 ""아니다""라며 ""일본 입장에서는 앞으로 불확실성한 상황이 계속 전개되는데 비준을 했을 경우 그런 부분들이 귀속될 수 있어 그런 부분들을 고려했다는 이야기를 들었다""고 설명했다.
김 의원은 ""한국은 국회의 비준동의를 받았는데 계약 상대자인 미국은 국회비준동의를 받지 않는 상황이 벌어지면 어떻게 되느냐""고 물었고, 김 장관은 ""저희가 전적으로 불리해 질 수 있다""고 답했다.
김한규 민주당 의원은 ""저쪽은 조약으로 취급 안하는데 우리가 비준했다가 분쟁 발생시 너네는 조약이라고 스스로 인정하지 않았느냐며 분쟁해결기구에서 해결하자고 나올 수도 있다""며 ""우리가 불필요한 의무를 굳이 질 이유가 없다""고 했다."
250,"내란 청산 명분 ‘공직자 솎아내기’... 전 부처에 TF, 李 “당연히 할 일”","金총리 “내년 1월까지 조사 완료, 설 전에 후속조치”
이재명 대통령이 11일 서울 용산 대통령실 청사에서 열린 국무회의에서 의사봉을 두드리며 개회 선언을 하고 있다./뉴시스
김민석 국무총리는 11일 국무회의에서 정부 모든 부처의 공직자를 대상으로 12·3 비상계엄에 관여한 이력이 있는지 조사하는 TF(태스크포스) 설치를 제안했다. 12·3 비상계엄과 연관이 있는 공직자는 승진에서 누락시키는 등의 조치를 취해야 한다는 것이다. 김 총리의 제안에, 이재명 대통령은 “당연히 해야 할 일”이라고 했다.
정치권에서는 김 총리의 제안이 진행되면, 문재인 정부 때의 ‘적폐 청산’이 이번에는 ‘내란 청산’이라는 이름으로 되풀이될 것이라는 우려가 나왔다. 문재인 정부 때 각 부처에 적폐청산위원회와 관련 TF가 구성됐던 것과 똑같다는 것이다.
김 총리는 이날 오전 대통령실에서 열린 국무회의에서 “현안 토의를 하기 전에 한 가지만 대통령님께 제안드리고 시작하겠다”며 말을 꺼냈다.
김 총리는 “현재 내란 재판과 수사가 장기화하면서 내란 극복이 지지부진한 상황인 게 현실”이라며 “가령, 내란에 가담한 사람이 승진 명부에 이름을 올리게 되는 등의 문제가 있다”고 했다. 이어 “결과적으로 공직 사회 내부적으로 반목을 일으키고 궁극적으로 국정 추진 동력을 저하시킨다는 목소리가 있다”고 했다.
김 총리는 그러면서 “종합적으로 판단한 끝에 ‘헌법 존중 정부 혁신 TF’를 정부 내에 구성하면 좋겠다는 제안을 드린다”며 “TF는 “12·3 비상계엄 등 내란에 참여하거나 협조한 공직자를 대상으로 신속한 내부 조사를 거쳐서 합당한 인사 조치를 할 수 있는 근거를 확보하는 것을 목표로 한다”고 했다. 이어 “정부의 헌법 수호 의지를 바로세워서 공직 내부의 갈등을 조속히 해소하고 회복하겠다는 취지”라며 “정부 각 부처와 기관별로 TF를 구성하고, 내년 1월까지 신속하게 조사를 완료하고, 설 전에 후속 조치까지 마련하겠다”고 했다. 김 총리는 “대통령님과 국무위원들께서 동의해 주시면 총리 책임하에 총리실에서 상세 추진 지침을 만들어 배포하고 추진하겠다”고 했다.
이 대통령은 김 총리의 제안에 “당연히 해야 할 일”이라고 했다. 이 대통령은 “내란에 관한 문제는 특검에서 수사를 통해 형사처벌을 하고 있는 건데, 내란에 관한 책임은 관여 정도에 따라서 형사처벌할 사안도 있겠고, 행정 책임을 물을 사람도 있고, 인사상 문책이나 인사 조치를 할 정도의 낮은 수준도 있기 때문에 꼭 필요할 것 같다”고 했다. 이 대통령은 “특검에 의존할 게 아니고 독자적으로 해야 할 일 같다”고 했다."
251,"대통령 집무실, 다시 청와대로 이전…12월에 춘추관부터","사진=뉴스1
대통령 집무실이 다음 달 청와대로 다시 이전한다.
11일 대통령실 등에 따르면, 지난 2022년 5월 윤석열 정부 출범과 함께 서울 용산으로 이전한 춘추관 등 대통령실 일부 시설이 12월 14일을 전후해 청와대로 옮겨진다. 대통령 집무실 등 대부분의 시설은 연내 이전을 마무리하고, 대통령 관저는 내년 상반기 중 이전할 계획인 것으로 알려졌다.
강훈식 대통령비서실장은 지난 6일 국회 운영위원회 국정감사에서 ""용산 대통령실을 청와대로 이전하는 문제는 연내를 목표로 공사가 진행 중""이라면서도 ""보안상의 문제 등으로 관저를 옮기는 문제는 내년 초나 상반기까지 봐야 할 것 같다""고 말했다.
관계 기관의 청와대 이전도 차차 진행될 것으로 보인다. 대통령경호처는 시설 정비 작업 막바지인 것으로 알려졌으며, 청와대 경호·경비를 맡는 서울경찰청 101·202경비단도 건물 수리 등 이전 작업을 마무리 중인 것으로 전해졌다.
서울 종로경찰서는 청와대 인근 파출소들을 다시 24시간 체제로 전환하는 방안을 검토 중이다. 현재 경복궁 서편의 통의파출소와 옥인파출소는 대통령실의 용산 이전 후 근무자 2명이 평일 오전 9시부터 오후 6시까지만 근무 중인데, 이를 5명 규모 팀 4개가 24시간 교대 근무하는 일반적 근무체계로 바꿔 늘어나는 치안 수요에 대응하겠다는 계획이다.
대통령실 경호·경비를 맡는 서울경찰청 101·202경비단도 이전 작업에 이미 착수했다. 101경비단은 과거 사용하던 청와대 경내 건물을 수리 중이다. 이 건물은 비어 있던 '용산 시대' 동안 노후화가 급격히 진행됐다고 한다. 101경비단 일부 인원은 앞서 청와대로 옮겨와 경내 작업자 감시 등의 업무를 수행 중이다.
대통령실 외곽 경비를 맡는 202경비단도 종로구 창성동의 기존 건물로 돌아올 예정이다. 이 건물은 그동안 경찰청 전기통신금융사기 통합신고센터와 실종아동찾기센터, 인권보호센터 등이 사용해 왔으나, 현재는 모두 퇴거했다.
청와대 복귀는 이재명 대통령의 공약이자 초기 국정 설계 구상에 포함돼 있던 과제였다. 이 대통령은 ""대통령 당선 직후에는 용산 대통령실을 사용하고, 청와대를 빠르게 보수해 최대한 이른 시일 내에 청와대로 들어가겠다""고 밝힌 바 있다. 이에 따라 청와대 민간 개방도 지난 8월 종료돼 복귀 작업이 이어지고 있다."
252,"국힘 김은혜·안철수 ""항소 포기로 대장동 눈물...범죄자들이 7천억 다 먹어""","성남 분당구를 지역구로 둔 국민의힘 김은혜·안철수 의원은 검찰이 항소를 포기해 대장동 주민들이 재산을 되찾을 기회를 잃어버렸다고 규탄했습니다.
이들은 오늘(11일) 성남 지역 당협 위원장들과 국회에서 기자회견을 열어, 대장동 일당이 천 배 넘는 '잭팟'에 환호성 지를 때 원주민들은 반값에 토지 수용을 당한 채 삶의 터전을 잃고 떠돌아다녀야 했다고 비판했습니다.
김은혜 의원은 대장동 주민과 성남시민 피눈물이 서린 7천억 원을 이재명 정부는 범죄자 일당에게 귀속시켰다면서, 민사소송으로 환수할 수 있다는 민주당과 정성호 법무부 장관의 말은 궤변이라고 지적했습니다.
안철수 의원은 권력을 향해 공정하게 휘둘러야 할 검찰의 칼이 권력을 보호하는 방패로 바뀌었다면서, 항소 포기로 대한민국 정의의 등불이 꺼졌다고 말했습니다.
※ '당신의 제보가 뉴스가 됩니다'
[카카오톡] YTN 검색해 채널 추가
[전화] 02-398-8585
[메일] social@ytn.co.kr"
253,국힘 “대장동 7800억원 속에 ‘그분’의 몫 있음을 알고 있다”,"장동혁 국민의힘 대표가 10일 충북 청주시 흥덕구 복대동 충북도당사에서 열린 최고위원회의에서 모두발언을 하고 있다. 2025.11.10/뉴스1 ⓒ News1
국민의힘이 11일 대검찰청을 항의 방문해 검찰의 ‘대장동 사건’ 항소 포기를 규탄하며 사태의 책임이 이재명 대통령에게 있다고 주장했다. 국민의힘 장동혁 대표는 이날도 “이 대통령을 탄핵해야 한다”고 했다.
● 장동혁 “李대통령 탄핵해야”
국민의힘 지도부는 이날 서울 서초구 대검찰청 앞에서 ‘대검찰청 긴급 현장 규탄대회’를 열고 이같이 밝혔다.
장 대표는 이 자리에서 “단군 이래 최대의 개발 비리 범죄가 일부 무죄가 선고 됐는데도, 8000억 원짜리 개발 비리를 400억 원짜리로 둔갑시켰는데도 항소를 포기했다”며 “오직 이재명이라는 사람이 대통령 자리에 앉아있기 때문에 일어나는 일들”이라고 주장했다.
이어 “정성호 법무부장관이 (대검에) ‘신중하게 결정하라고 했다’는 말이 저에게는 조폭 두목이 밤길 조심하라는 말로 들린다”며 “이 모든 것은 이재명 때문이다. 민주당 김병기 원내대표도 말한 것처럼 국정조사와 특검을 하자”고 말했다.
그러면서 “지금 엉망으로 망가지는 대한민국을 구하는 방법은 딱 하나”라며 “이재명을 대통령 자리에서 내려오게 하는 것 뿐”이라고 했다. 그는 “국정조사와 특검을 통해 이재명을 탄핵해야 한다”며 “그리고 지금 즉시 법원은 이재명에 대한 재판을 재개해야 한다”고 강조했다.
● 송언석 “민주당, 대장동 일당 변호사 역할”
국민의힘 송언석 원내대표도 이 대통령을 정조준했다. 그는 “김만배 대장동 일동의 7800억 원에 달하는 어마어마한 비리자금 속에 ‘대장동 그 분’의 몫이 있다는 것을 이미 알고 있다”며 “그 분이 이번 항소 포기 결정의 외압에 관여돼있는가 국민들은 그것을 알고 싶다”고 했다.
송 원내대표가 언급한 ‘그 분’은 2023년 검찰이 유동규 전 성남도시개발공사 본부장로부터 대장동 수익금 배분 관련 진술을 받는 과정에서 언급된 인물이다. 국민의힘 등은 ‘그 분’을 이 대통령이라고 가정하고 공세를 펼쳐왔다.
그는 또 민주당 지도부가 대장동 사건의 ‘변호인’ 역할을 한다고 비판했다. 송 원내대표는 “민주당 일부 지도부는 항소 포기에 대한 일선 검사들의 정당한 항의를 항명이라고 이상한 프레임을 만들고 있다”며 “ 집권여당 지도부가 대장동 일당의 변호사란 말인가”라고 지적했다.
그러면서 “7800억 원에 달하는 부동산 개발 비리 자금을 온전하게 보전하게 된 이번 항소 포기 외압에 직간접적으로 관여하고, 묵인하고 조장하고 동의하는 사람들은 대장동 비리의 공범이라고 생각한다”고 밝혔다.
발언을 마친 국민의힘 지도부가 대검 진입을 시도하는 과정에서 소란이 일기도 했다. 이들은 노만석 검찰총장 권한대행과 반부패 부장을 향해 “나와라”라고 요구했다. 이를 막아서는 보안 직원들과 한때 실랑이도 벌였다.
이날 노 권한대행은 하루 휴가를 내고 대검에 출근하지 않은 상태였던 것으로 알려졌다.
송 원내대표는 “(대검이) 문을 꼭꼭 걸어 잠그고 열어주지 않고 있다”며 “역시 이재명 정권은 국민 주권정부가 아니라 범죄자 주권정부인 것 같다. 검찰의 오늘날 초라한 현주소”라고 했다."
254,"대통령실, 이르면 12월 8일부터 '청와대 이사' 시작","대통령실이 이르면 다음달 8일부터 서울 용산 대통령 집무실을 청와대로 이전하는 작업을 시작할 것으로 보입니다.
청와대 이전 업무를 맡고 있는 대통령실 관리비서관실은 최근 일부 대통령실 관계자들에게 이와 같은 이전 시점 계획을 공유한 것으로 전해졌습니다.
한 대통령실 관계자는 ""부서별로 날짜를 나누어 청와대로 옮겨갈 계획""이라면서, 구체적인 날짜와 이전 순서가 확정된 건 아니라고 설명했습니다.
다만 올해 안에 모든 부서를 다 청와대로 옮기긴 어려운 상황이라고 이 관계자는 전했습니다.
대통령실은 그동안 '청와대 연내 이전'을 목표로 공사와 작업을 진행 중이라는 방침을 밝혀왔습니다.
연합뉴스TV 기사문의 및 제보 : 카톡/라인 jebo23"
255,"송언석, 법무부 찾아 ""대장동 '친구·깐부·담벼락' 정성호 사퇴""","규탄대회 ""신중하게 판단 한마디가 바로 협박이고 외압""
송언석 국민의힘 원내대표가 11일 오전 서울 서초구 대검찰청 항의 방문이 가로막힌 후 취재진에게 입장을 밝히고 있다. 2025.11.11/뉴스1 ⓒ News1 신웅수 기자
(과천·서울=뉴스1) 김정률 손승환 기자 = 송언석 국민의힘 원내대표는 11일 대장동 사건 항소 포기와 관련해 정성호 법무부 장관을 ""범죄자들의 친구, 범죄자들의 깐부, 대장동 범죄 일당의 든든한 담벼락""이라고 비판했다.
송 원내대표는 이날 오후 과천 법무부 앞에서 '긴급 현장 규탄대회'를 열고 ""정성호 장관은 이재명 대통령의 사법연수원 동기, 오랜 친구, 친명 좌장으로 알려진 분이다. 과거 이 대통령의 최측근인 김용 특별면회 시 이대로 가면 이재명이 대통령이 된다. 마음 단단히 먹으라 알리바이를 잘 만들라고 하는 조언을 한 적이 있다""며 이같이 말했다.
그는 ""정 장관은 검찰의 항소 계획을 보고받고 신중하게 판단하라고 지시했다고 한다""며 ""이게 무슨 조폭, 깡패짓이냐. 신중하게 잘 판단하라 그 한마디가 바로 협박이고 외압 아니겠냐""고 했다.
송 원내대표는 ""대한민국 사법 시스템을 파괴시킨 장본인은 결코 대한민국의 법무장관 자리를 지킬 수 없다는 점을 분명히 지적한다""며 ""대장동 범죄 집단 친구, 대장동 범죄 집단 변호사 정 장관은 사퇴하라""고 촉구했다.
그는 ""정 장관 윗선에서 외압을 행사한 그 사람이 누구인지 국민이 묻고 있다""며 ""국정조사, 특검 수사를 해야 한다""고 강조했다.
송 원내대표는 ""이재명 대통령이 항소 포기 외압 사태에 대한 진상조사를 하라는 지시를 하지 않는다면, 끝까지 이 전대미문의 사태에 대해 꿀먹은 벙어리를 계속 간다면 국민들은 항소 포기 외압의 몸통, 대장동 7800억 원 범죄 수익의 몸통은 바로 대장동의 그분, 이재명 대통령이라고 생각할 것""이라고 했다."
256,캐나다 향하는 조현…루비오 만나 팩트시트 협의 마무리하나,"조현 외교부 장관이 11일 주요 7개국(G7) 외교장관회의 참석을 위해 캐나다로 향한다. 이번 회의에는 마코 루비오 국무장관도 참석하는 만큼 아직 매듭짓지 못한 한·미 안보 분야 '팩트시트' 관련 막판 논의가 진행될지 주목된다. 한·미 정상급에서 공감대를 이룬 원자력잠수함(원잠) 도입 문제를 팩트시트에 어떻게 반영할지를 두고 현재 미국 내에서 추가 조율이 이뤄지고 있으며, 이후 한국과의 최종 조율도 남아 있는 상황이다.
조현 외교부 장관이 지난달 30일 경주 국제미디어센터에서 열린 APEC 합동각료회의(AMM) 기자회견에서 취재진 질문에 답하고 있다. 연합뉴스.
외교부에 따르면 조 장관은 이날 새벽 캄보디아 출장 일정을 마치고 귀국해 오는 14일까지 캐나다에서 열리는 G7 외교장관회의에 초청국 자격으로 참석한다. 루비오 장관과의 한·미 정상회담이나 모테기 도시미쓰(茂木敏充) 일본 외상까지 포함하는 한·미·일 외교장관회의가 열릴지는 아직 미정이다.
다만 어떤 형식으로든 루비오 장관과 만날 기회가 있을 경우 한·미 간 최대 현안인 팩트시트에 대한 의견 교환이 이뤄질 가능성이 크다. 조 장관은 이번 회의에서 '해양 안보 및 번영', '에너지 안보 및 핵심광물'을 의제로 한 확대회의 세션에서도 발언할 예정이다.
조 장관은 앞서 지난 6일 국회 예산결산특별위원회에서 ""국무부로부터 받은 전갈은 '조금만 더 기다려달라'는 것""이라며 ""미국 측에서도 여러 관계 부처 간 최종 확인을 받고 있다고 들었다""고 설명했다.
이는 국무부 뿐 아니라 국방부, 에너지부, 상무부 등이 각각 의견을 개진 중이라는 뜻으로 풀이된다. 외교 소식통은 “트럼프 행정부 들어 국무부의 영향력이 크지 않고 루비오 장관도 정치적 이유로 트럼프 대통령의 뜻에 보조를 맞추는 편”이라며 “여러 부처가 의견을 내고 있지만 결국 최종 결정은 트럼프 대통령이 내리게 될 것”이라고 말했다.
지난 4일 용산 대통령실에서 열린 국무회의에서 위성락 국가안보실장(왼쪽부터), 조현 외교부 장관, 김정관 산업부 장관이 대화하고 있다. 연합뉴스.
대통령실 고위 관계자도 지난 7일 ""현재는 '새 이슈'에 대한 조정도 대체로 마친 상태""라며 ""미국에서 의견을 추가로 수렴하느라 시간이 걸리고 있다""라고 말했다. '새 이슈'는 지난달 29일 한·미 정상회담에서 급부상한 원잠 문제를 뜻하는 것으로 보인다. 팩트시트는 A4 용지 3장 가량 분량으로, 원잠과 원자력 협정 뿐 아니라 국방비 인상 등 동맹 현대화와 기술 협력 관련 내용도 담길 전망이다. 주한미군의 역할 및 규모 조정으로 이어질 수 있는 미국의 '전략적 자율성' 기조에 대한 양국의 입장도 팩트시트를 통해 규정될 것으로 보인다.
최대 쟁점인 원잠 문제는 건조 장소와 연료 공급 방식 등이 핵심으로 꼽힌다. 도널드 트럼프 미국 대통령은 지난달 30일 미국 필리조선소를 건조 장소로 지목했지만, 위성락 국가안보실장은 ""미국에서 건조하는 것은 생각하고 있지 않다""(지난 6일, 국회 운영위원회)고 선을 그었다. 트럼프 대통령은 한국의 원잠을 자국 조선업 부흥 방안의 하나로 간주하는 것으로 보이지만, 필리조선소는 방사능 차폐시설 등 기본 인프라가 부족해 애초에 부적합하다는 지적이 나온다.
정부는 선체와 원자로는 국내에서 제작하고 연료인 농축우라늄은 미국에서 들여오는 방안에 무게를 두고 있는데, 구체적인 연료 공급 방식 또한 쟁점이 될 수 있다. 원자력의 군사적 활용을 금지하는 현행 한·미 원자력협정의 한계를 보완하기 위한 신규 협정 체결 필요성도 정부는 검토하고 있다. 이와 별개로 산업적 측면에서 한국의 농축·재처리 권한 확대를 위한 원자력 협정 개정 논의가 필요하다는 방향성 또한 팩트시트에 반영될 예정이다.
이재명 대통령과 도널드 트럼프 미국 대통령이 지난달 29일 경북 경주박물관에서 열린 한미 정상회담에 앞서 악수하고 있다. 대통령실.
다만 원잠 연료 확보를 위한 원자력의 군사적 이용 논의와 산업적 측면에서의 현행 원자력협정 개정 논의가 뒤섞이면서 논의가 매끄럽지 못하고 혼선을 빚고 있다는 우려도 나온다. 이병철 경남대 극동문제연구소 교수는 “정부는 우선 현행 원자력협정의 틀 안에서 한국이 자체적으로 20% 미만 저농축을 할 수 있는 경로를 여는 데 협상력을 집중했어야 한다”고 지적했다."
257,"조국 “교수 티 안 내려 했는데…대장동, 추징·몰수할 수 없는 사건”","조국 조국혁신당 전 비상대책위원장이 10일 국회 소통관에서 당대표 출마 기자회견을 하고 있다. 연합뉴스
조국 조국혁신당 전 비상대책위원장은 국민의힘 일각에서 검찰이 대장동 개발비리 사건 항소 포기를 결정해 ‘범죄 수익금을 환수할 수 없게 됐다’는 말이 나오는 데 대해 “이번 사건이 국가가 몰수·추징할 수 없는 사건임은 분명하다”고 11일 반박했다.
조 전 위원장은 이날 페이스북을 통해 “정치인이 된 후 법학교수 출신 티를 안 내려고 하는데, 이번 건은 할 수 없다”며 “많은 언론에서 대장동 재판 항소 포기 관련해 한동훈 등 국민의힘 정치인들의 주장을 점검 없이 그대로 싣고 있다”고 밝혔다.
조국 조국혁신당 전 비상대책위원장 페이스북 캡처
조 전 위원장은 부패재산 몰수 및 회복에 관한 특례법 제6조를 언급하며 “제3조(부패재산) 재산이 범죄피해재산으로서 범죄피해자가 그 재산에 관해 범인에 대한 재산반환청구권 또는 손해배상청구권 등을 행사할 수 없는 등 피해회복이 심히 곤란하다고 인정되는 경우에는 몰수·추징할 수 있다”고 설명했다.
이어 “이 사건 피해자는 국가가 아니라 성남시(정확히는 성남도시개발공사)”라며 “성남시가 민사소송을 제기할 수 없는 경우에만 몰수·추징이 가능하다”고 덧붙였다.
조 전 위원장은 그러면서 “그런데 성남시는 이미 민사소송을 제기했고 이번 검찰의 항소 포기 이후 손해배상액을 증대할 것이라고 공표했다”고 강조했다.
조 전 위원장은 “법조계에 회자되는 유명한 농담성 문구가 있다. 검사 10년에 민사를 모르고, 검사 15년에 형사를 모르고, 검사 20년에 법 자체를 모른다”고 비꼬았다.
조 전 위원장은 “그리고 국민의힘이나 보수 언론은 이번 항소 포기를 이재명 대통령과 연결시키는 프레임을 구사하는데, 이 대통령은 이번 항소 포기로 얻는 이익이 없다”는 말로 글을 맺었다."
258,"국힘 ""헌법존중정부TF는 공직자색출TF…언제까지 내란 타령""","""선량한 공무원 괴롭히지 말고 대장동 재판부터 받아라""
""文정부 땐 적폐청산, 지금은 내란청산…정치보복 칼날""
최보윤 국민의힘 수석대변인이 2일 오후 서울 종로구 서울지방경찰청 민원실을 찾아 민중기 특별검사와 채희만 검사 등 수사팀 관계자들을 직권남용 혐의로 고발한 뒤 취재진 질문에 답하고 있다. 2025.10.2/뉴스1 ⓒ News1 박지혜 기자
(서울=뉴스1) 한상희 기자 = 국민의힘은 11일 12·3 비상계엄에 가담한 공직자를 인사 조치하기 위해 국무총리실 산하에 꾸려지는 '헌법 존중 정부 혁신 태스크포스(TF)'를 두고 ""정치보복 TF"", ""공직자 색출 TF""라고 반발했다.
최보윤 수석대변인은 이날 논평을 통해 ""내란특검이 사실상 빈손으로 끝나고 내란특별재판부가 여론에 막혀 좌초되자 이번에는 '정부 버전 내란청산'으로 우회하려는 그야말로 신박한 시도""라며 이같이 주장했다.
앞서 김민석 국무총리는 국무회의에서 ""내란에 참여하거나 협조한 공직자를 대상으로 신속한 내부 조사를 거쳐 합당한 인사조치를 할 수 있는 근거를 확보할 수 있는 걸 임무하려 한다""며 TF 구성을 제안했다. 이재명 대통령은 이에 대해 ""당연히 해야 할 일""이라며 ""특검에 의존할 게 아니고 독자적으로 해야 할 일""이라고 답했다.
최 수석대변인은 ""도대체 이재명 정부는 언제까지 ‘내란 타령’만 할 작정인가""라며 ""정권이 바뀔 때마다 공직자를 죄인으로 몰아붙이는 정치보복의 반복은 이제 국민 피로를 넘어 분노로 치닫고 있다""고 지적했다.
그는 ""문재인 정부 때는 ‘적폐청산’ 지금은 ‘내란청산’, 이름만 바꿔 달았을 뿐 본질은 똑같다""며 ""정권에 불편했던 공무원을 골라내고 다른 생각을 가졌던 사람을 ‘숙청’하겠다는 ‘정치보복’의 칼날이 다시 번뜩이고 있다""고 비판했다.
또 ""대장동 항소 포기로 정국이 불리해지자 국민의 시선을 또다시 ‘망상의 내란 프레임’으로 돌리려는 것 아닌가""라고 했다.
그러면서 ""국정의 동력을 찾고 싶다면 허깨비 같은 내란 프레임에 매달릴 게 아니라 대통령 스스로의 사법 리스크부터 마주하길 바란다""며 ""선량한 공무원을 괴롭히지 말고 '대장동 재판'부터 받는 것이 국민에 대한 최소한의 도리""라고 덧붙였다."
259,홍준표 “尹·한동훈이 검찰 망쳐”…韓 “탈영병은 입 다물라”,"‘대장동 사건’ 항소 포기 논란에
홍준표 “검찰 망친 정치 검사들”
한동훈 “李 정권에는 찍소리도 못해”
[이데일리 권혜미 기자] 검찰 선후배이자 국민의힘 대선 후보를 놓고 경쟁했던 홍준표 전 대구시장과 한동훈 전 국민의힘 대표가 ‘대장동 개발 비리 사건’ 항소 포기 논란에 대해 설전을 벌였다.
지난 4월 25일 서울 종로구 동아미디어센터 채널A스튜디오에서 국민의힘 대선 2차 경선 진출자인 홍준표한동훈 당시 후보가 기념 촬영을 하고 있다.(사진=국회사진기자단)
11일 홍 전 시장은 자신의 페이스북에 “요즘 검사들은 월급 받는 샐러리맨에 불과하지 기개라는 건 찾아볼래야 찾아볼 수가 없다”며 “검찰의 사명은 거악의 척결인데 거악의 인질이 되어 헤매다가 해체당하는 검찰은 도대체 뭐란 말인가”라고 지적했다.
이어 “검사들이 저 지경이 되고 검찰조직이 해체됐는데도 아무런 저항을 하지 않고 각자도생에 급급한 모습을 보이는 건 아무래도 윤석열, 한동훈 같은 검찰을 망친 정치 검사들 탓이 아닌가 싶다”고 윤석열 전 대통령과 한 전 대표를 언급했다.
홍 전 시장은 “정의를 향한 일념으로 검찰에 평생을 바친 훌륭한 선배들이 그리 많았는데도 어쩌다가 검사와 검찰이 저 지경까지 몰락하고 타락했을까”라며 “결국 검찰의 정치화가 초래한 비극이다. 그 피해가 고스란히 국민에게 돌아갈 것 같아 안타깝다”고 덧붙였다.
이에 한 전 대표 또한 자신의 페이스북에 글을 남기고 홍 전 시장의 말에 반박하고 나섰다. 한 전 대표는 “이재명 정권에 겁먹고 탈당해 도망간 ‘탈영병 홍준표’는 입 좀 다물라”고 며 “지금 다들 싸우고 있는데, (홍 전 시장이) 이재명 정권에는 찍소리도 못하지 않느냐”라고 비판했다.
동시에 한 전 대표는 홍 전 시장과 이재명 대통령이 악수하는 사진을 첨부했다. 그러면서 홍 전 시장이 2023년 당시 더불어민주당 대표였던 이 대통령을 만나 윤석열 정부를 비판했다는 내용이 담긴 기사와 이 대통령이 정계은퇴를 선언한 홍 전 시장에 대해 ‘낭만의 정치인 홍준표를 기억하며’라고 적은 페이스북 글 등을 함께 공유했다."
260,이 대통령 “사실적시 명예훼손죄 폐지 검토하라”,"정당 혐오 현수막 대책 마련 주문도
이재명 대통령이 11일 오전 서울 용산 대통령실에서 열린 제49회 국무회의를 주재하고 있다. 김지훈 기자
이재명 대통령이 형법에 명시된 ‘사실적시 명예훼손 조항’의 폐지 여부를 검토하라고 법무부에 지시했다. 상대방의 명예를 훼손했더라도 사실을 적시한 경우에는 형사가 아닌 민사로 다툴 문제라는 것이다.
이 대통령은 11일 용산 대통령실에서 열린 국무회의에서 “혐오 표현 처벌과 관련한 형법을 개정할 필요가 있어 보인다”면서 “만약 개정하게 되면 사실적시 명예훼손 제도를 동시에 폐지하는 것을 검토하라”고 정성호 법무부 장관에게 말했다.
이어 “있는 사실을 이야기한 것을 명예훼손이라고 하는 건 민사로 해결해야 할 것 같고, 형사 처벌할 일이 아니다”면서 “집회 및 시위에 관한 법률과 형법 개정 문제는 신속히 해야 할 것 같다”고 강조했다. 이에 정 장관은 “신속히 하겠다”고 답했다.
이 대통령은 최근 각 정당이 설치하고 있는 현수막의 혐오 표현에 대해서도 문제를 제기했다. 이 대통령은 “인종 혐오나 차별, 사실관계를 왜곡·조작하는 잘못된 정보 유통은 민주주의와 일상을 위협하는 행위로 추방해야 할 범죄”라면서 대책 마련을 주문했다.
이 대통령은 “길바닥에 저질스럽고 수치스러운 내용의 현수막이 달려도 정당이 게시한 것이어서 철거하지 못하는 일도 있다고 한다”며 “사실인지 모르겠으나 현수막을 달기 위해 ‘현수막 정당’을 만들기도 하고, 일부에 의하면 무슨 종교단체와 관계가 있다는 설도 있다”고 지적했다.
정당 현수막은 2022년 개정된 옥외광고물법에 따라 장소의 제약이 거의 없이 게시되며 훼손 시 처벌받는다. 이로 인해 정당 현수막에 담긴 혐오 표현이 쉽게 노출되고 퍼진다는 지적이다.
이 대통령은 “정당이라고 해서 아무 곳에나 현수막을 달게 하는 게 옳은 일인지 모르겠다”며 “(정당 현수막 규제를 완화하는 법은) 제가 더불어민주당 대표로 있을 때 만든 법이긴 하나 악용이 심하면 법을 개정하든 없애든 해야 하는 것 아니냐”고 말했다. 또 “일종의 특혜 법이 될 수도 있다. 옛날대로 돌아가는 방안을 정당과 협의해 달라”고 지시했다."
261,"대통령실, '공식 입장' 안 내...""지시 없어"" 일축","대통령실, 대장동 사건 항소 포기 관련 입장 안 내
별도 입장 표명 없이 관련 논란에 거리 두는 분위기
검찰의 항소 포기, 민정수석실엔 보고된 거로 파악
""정쟁에는 거리 두고 민생 현안에 집중하려는 기류""
[앵커]
대통령실은 검찰이 '대장동 사건'의 항소를 포기한 걸 두고 논란이 커지는 것과 관련해, 공식 입장을 내지 않고 있습니다.
다만 내부적으론 대통령실이 지시한 일이 아니라며 일축하고, 민생 현안에 집중하겠단 분위기입니다.
강진원 기자의 보도입니다.
[기자]
'대장동 사건' 항소 포기를 둘러싼 논란에 대해 정성호 법무부 장관이 직접 의견을 밝힌 당일.
대통령실은 따로 공식 입장을 내지 않았습니다.
이른바 정국의 '뜨거운 감자'로 떠오른 사안에 대해 거리를 두는 분위기였습니다.
복수의 대통령실 관계자는 YTN에 그 배경을 이렇게 전했습니다.
대통령실이 시작하거나 개입한 일이 아닌 만큼 입장을 밝힐 이유가 없다는 겁니다.
검찰이 '대장동 사건'의 항소를 포기하는 과정에서 관련 내용이 '대통령실 민정수석실'에는 보고된 것으로 파악됐습니다.
다만, 그 이후에 어떻게 조치하란 식의 지시는 없었다는 게 대통령실 관계자들의 설명입니다.
대통령실의 이런 기류는 정치권 공방에 굳이 뛰어들 필요가 없단 판단에 따른 거로 풀이됩니다.
정쟁에 참전하는 대신 경주 APEC 정상회의 성과 후속 조치와 경제 살리기에 집중하겠단 겁니다.
다만, 내부에선 최근 일부 검찰의 행태에 격앙된 분위기도 감지됩니다.
대통령실의 한 고위관계자는 검찰의 '기계적인 항소'와 '집단주의' 관행을 지적하며, 이런 문제를 굉장히 비판적으로 보고 있다고 말했습니다.
APEC과 주요 양자회담 등 최근 외교 성과를 토대로 국정 지지도가 반등세를 보인 만큼, 대통령실은 이번 논란에 대해선 선을 긋고 민생 행보에 힘을 쏟을 거로 보입니다.
YTN 강진원입니다.
영상기자 : 최영욱 김정원
영상편집 : 전주영
디자인 : 임샛별
※ '당신의 제보가 뉴스가 됩니다'
[카카오톡] YTN 검색해 채널 추가
[전화] 02-398-8585
[메일] social@ytn.co.kr"
262,"'암표 팔다 걸리면 30배 과징금'...李 ""신고자 포상도 추진""","[이재명 대통령이 11일 용산 대통령실에서 열린 국무회의에서 발언하고 있다. (사진=연합뉴스)]
이재명 대통령은 공연·스포츠 경기 암표 거래 근절 방안과 관련해 ""과징금을 세게 하는 것을 검토하라""고 지시했습니다.
이 대통령은 오늘(11일) 용산 대통령실에서 주재한 국무회의에서 최휘영 문화체육관광부 장관이 처벌 강화 및 암표 판매 신고자 포상금 지급을 골자로 하는 공연·스포츠 분야 암표근절 방안을 보고하자 ""처벌보다 과징금의 효과가 훨씬 크다""면서 이같이 말했습니다.
최 장관은 ""암표는 일반 팬들과 창작자를 비롯해 시장 전체의 질서를 무너뜨리고 모두에게 큰 피해를 주기 때문에 반드시 막아야 한다""며 ""티켓을 정가보다 높은 가격으로 판매하는 경우 상습 위반자는 가중처벌하고 (암표 판매자가) 부정적으로 취득한 이득보다 훨씬 큰 과징금을 부과해서(범죄 수익금보다) 더 큰 경제적 손실을 감내하도록 하겠다""고 밝혔습니다.
이어 ""암표 판매 행위를 신고하면 그 액수의 몇 배 이상인 포상금을 지급하는 방안도 강구하겠다""고 보고했습니다.
이에 이 대통령은 암표 판매 총액의 10~30배를 과징금으로 징수하는 방안 등을 사례로 들었습니다.
이 대통령은 ""처벌보다 과징금의 효과가 훨씬 크다""면서 ""다 좋은데 형사처벌 강화는 반대""라며 ""야구장 암표 판매에 법원이 징역형을 선고할 리도 없고 괜히 수사와 재판에 돈만 들고 역량을 낭비하게 된다""고 지적했습니다.
또 ""실효성도 없는 형벌(형사 처벌) 조항을 없애야 한다. 지난번 1천 원짜리 초코파이 (절도) 사건 갖고 재판하느라 얼마나 인력을 낭비했느냐""며 ""과징금 조항을 넣고 형벌 조항은 빼는 게 어떠냐""고 제안하기도 했습니다.
그러면서 ""과징금은 정부 수입이 된다. (암표 판매) 신고자에게도 과징금 부과액의 10%를 지급하는 등의 방안도 검토하면 좋겠다""고 말했습니다.
당신의 제보가 뉴스로 만들어집니다.
SBS Biz는 여러분의 제보를 기다리고 있습니다.
홈페이지 = https://url.kr/9pghjn"
263,"법사위 37분만에 파행 野 ""李대통령이 공범"" 與 ""정치기소""","국힘 ""무기징역까지 선고될 사건 사후보고 받았을까""
민주 ""무죄 3번 날 거 1번 난게 다행"" ""국정 발목잡기""
11일 서울 여의도 국회에서 열린 제429회국회(정기회) 법제사법위원회 제13차 전체회의에서 추미애 위원장이 의사봉을 두드리고 있다. 2025.11.11/뉴스1 ⓒ News1 이승배 기자
(서울=뉴스1) 한상희 기자 = 여야 국회 법제사법위원회 위원들은 11일 검찰의 대장동 항소 포기 사태와 관련한 법사위 긴급 현안질의가 파행 끝 37분 만에 정회되자 서로에게 책임을 돌렸다. 국민의힘은 이재명 대통령의 항소 포기 개입 의혹을 제기한 반면, 더불어민주당은 이번 사안을 ""검찰의 조작 기소""로 규정했다.
국민의힘 법사위원들은 정회 직후 법사위 회의실에서 기자회견을 열고 ""우리는 정성호 법무부 장관·이진수 차관·노만석 검찰총장 직무대행 등 4명과 항소 포기 외압을 처음 제기한 수사·공판 담당 검사 4명을 함께 부르자는 4 대 4 명단을 역제안했다""며 ""그런데 민주당은 이를 거부해 놓고 오히려 우리가 협상을 거부했다고 엉터리 거짓말을 하고 있다""고 주장했다.
나경원 의원은 ""긴급 현안질의 증인은 선서하는 증인이 아니라 위원장이 요구하면 나오는 공직자""라며 ""저렇게 텅 비워놓고 (하는 건) 맹탕 긴급현안질의 아닌가. 국회법에 따른 회의 개의 요구에 따라 억지로 시늉만 하는 것""이라고 비판했다.
이어 ""항소 포기의 진실을 덮고자 하는 이 대통령과 대통령실, 정 장관과 함께하는 추미애 법사위원장이 바로 공범""이라며 ""내일(12일) 전체회의를 비롯해 앞으로 국회에서 이 항소포기 진실을 밝혀내겠다""고 강조했다.
주진우 의원도 ""법무부 장·차관이 나오지 못하는 상황 자체가 대통령실이 배후에 있다는 유력한 증거""라고 지적했다. 주 의원은 ""백해룡 경정 수사팀 파견 등 자잘한 사안까지 지시하는 사람이 과연 본인이 재판 중인 사건이 유죄가 나면 무기징역까지 선고되는 사건에 대해 사후보고를 받았을까""라며 ""이 사안은 오늘 회의를 피해간다고 결코 끝나지 않는다""고 경고했다.
신동욱 최고위원은 ""범죄를 밝히고 싶지 않은 게 범인""이라며 ""(이번 항소 포기로) 7400억 원이 허공에 뜨게 생겼다. 김만배가 7400억으로 파티하게 생겼는데 왜 그런지 따지지 말자는 게 국회가 맞나""고 따져 물었다.
반면 민주당 법사위원들은 책임은 국민의힘에 있다고 반박했다.
여당 법사위 간사 김용민 의원은 ""국민의힘이 법을 위반한 무리한 주장을 했다. 일단 증인을 부르자고 하는데 증언감정법상 증인은 7일 전에 소환장을 보낸다. 물리적으로 어려운 상황에 요구해서 합의가 되지 않았다""고 했다.
이어 ""내일 법사위 전체회의에 법무부 장관이 출석한다. 궁금한 게 있으면 어차피 내일 현안질의를 하니 내일 해도 문제 없다. 하루 차이에 이러는 건 오로지 불필요한 정쟁을 하며 법사위 파행을 이끌겠다는 것""이라고 비판했다. 그러면서 ""국민의힘의 국정 발목잡기는 어디까지 가려 하는지 심히 우려된다""고 지적했다.
박균택 의원은 ""검찰이 이 대통령을 잡기 위해 말도 안되는 조작기소 정치기소를 한 건데 이건 검사들이 잘못된 거고 부끄러운 꼴 당한 걸 반성할 일""이라며 ""자기 정권때 그런 일이 난 걸 국민의힘은 사죄해야지 왜 항소 안 하냐고 따지는 게 말이 되나""고 했다.
이어 ""항소심 상고심 가도 무죄날 게 초등생이 봐도 뻔한데, 무죄 3번 날 거 1번 난 게 다행""이라며 ""대통령을 엮는 이 정치공세를 용납할 수 없다""고 했다.
이성윤 의원도 ""국민의힘은 입만 열면 기승전 이재명""이라며 ""검찰이 길길이 뛰는 거 이해할 수 없다. 김건희 무혐의, 윤석열 구속 취소에 찍소리 못하더니 이게 뭔가. 18명 검사가 연판장을 냈다. 항소를 못 한 걸로 나라가 혼란에 빠졌다며 검찰총장 직무대행에 입장을 요구했다. 이 검사들을 즉각 인사조치하고 징계해야 한다""고 했다."
264,"이재명 대통령 ""사실적시 명예훼손 폐지 검토"" 지시","이재명 대통령이 11일 사실적시 명예훼손 제도의 폐지를 검토하라고 지시했다.
이 대통령은 이날 용산 대통령실에서 국무회의를 주재하며 정성호 법무부 장관에게 이같이 지시했다.
이재명 대통령이 11일 용산 대통령실에서 열린 국무회의에서 혐오발언 대응방안 관련 법무부 보고에 대해 발언하고 있다. 연합뉴스
이 대통령의 지시는 정 장관으로부터 혐오표현 관련 대책을 보고받은 뒤 나왔다. 이 대통령은 ""혐오표현의 처벌을 위한 형법 개정을 해야 할 게 있어 보인다""며 ""사실적시 명예훼손 제도도 이번 기회에 동시에 폐지하는 것을 검토하라""고 밝혔다.
이 대통령은 ""있는 사실을 얘기한 것으로 무슨 형사처벌을 (하느냐)""며 ""그것은 민사로 해야 할 일 같다""고 말했다.
현재 형법은 공연히 사실을 적시해 사람의 명예를 훼손한 자는 2년 이하의 징역 또는 금고, 또는 500만 원 이하의 벌금에 처한다고 규정하고 있다."
265,"송언석 ""대장동 항소 포기 몸통은 李대통령…무도하고 파렴치한 정권""","""노만석은 이재명 정권의 부역자…검사란 호칭도 아까워""
""집권여당이 대장동 일당의 로펌이냐""
송언석 국민의힘 원내대표가 10일 서울 여의도 국회에서 열린 의원총회에 참석해 모두발언하고 있다. 2025.11.10/뉴스1 ⓒ News1 이승배 기자
(서울=뉴스1) 한상희 기자 = 송언석 국민의힘 원내대표는 11일 ""검찰의 대장동 항소 포기 사태의 진정한 몸통은 '대장동은 내가 설계했다'고 자신있게 얘기했던 이재명 대통령""이라고 직격했다. 노만석 검찰총장 대행에 대해선 ""70년 검찰 역사의 자존심을 대장동 일당 잡범들에게 팔아먹은 이재명 정권의 부역자""라며 사퇴를 요구했다.
송 원내대표는 이날 서울 서초구 대검찰청 앞에서 열린 긴급 규탄대회에서 ""이재명이라고 하는 범죄자를 대통령으로 만들어놓았더니 범죄자와 그 추종세력들은 대한민국을 범죄자가 당당한 나라로 만들고 있다""고 주장했다.
이어 ""범죄자들을 의인으로 만들고 범죄자들에게 수천억의 부당이득을 두둑히 챙겨주면서 이를 기소하려고 했던 검사들은 조작 기소라고 몰아세우고, 부당한 항소 포기에 항의하는 검사들은 항명이라고 몰아붙이고 있다""며 ""무도하고 파렴치한 정권이 바로 이재명 정권""이라고 날을 세웠다.
노 대행을 향해서는 비판 수위를 한층 높였다. 송 원내대표 ""마지막 순간 검찰의 관뚜껑에 손수 대못을 박아버린 자는 바로 비겁하고 비굴한 검찰총장 직무대행이다. 노만석은 검사라는 호칭도 아깝다""며 ""권력의 바람 앞에 자기 스스로 벌렁 드러누워버렸다""고 비난했다.
그는 특히 노 대행의 '용산 법무부 관계를 고려했다'는 발언에 대해 ""과연 검사로서 검찰총장으로서 할 수 있는 말인가. 전혀 이해가 되지 않는 궤변""이라며 ""용산과 법무부에 아부하느라 70년 검찰 역사의 자존심을 대장동 일당 잡범들에게 팔아먹은 노만석을 강력히 규탄한다. 이재명 정권의 부역자 노만석은 즉각 사퇴하라""고 목청을 높였다.
송 원내대표는 ""이번 항소 포기의 가장 중요한 점은 단군이래 최대한 부동산 개발비리인 7800억이 넘는 비리자금을, 당연히 성남시민이나 대한민국 국민에게 돌아가야 할 자금이 대장동 일당들의 배를 채워주는 데 보전조치 했다는 점""이라고 강조했다.
그는 더불어민주당을 향해 ""검찰 전체 검사 전체를 범죄자 집단으로 매도하고 있다. 급기야 민주당 일부 지도부에서는 항소 포기에 대한 일선 검사들의 정당한 항의를 항명이라고 이상한 프레임을 만들고 있다""며 ""도대체 집권여당이 대장동 일당의 로펌이란 말인가. 집권여당 지도부가 대장동 일당의 변호사란 말인가""라고 비판했다.
그는 ""검사들의 항의는 항명이 아니라 정의를 바로세우기 위한 항거""라며 ""대장동 항소 포기 외압의 진실을 밝혀내고 모든 책임자들이 죄에 상응하는 벌을 받을 수 있도록 이 땅에 정의가 바로설 수 있도록 국민과 함께 끝까지 싸우겠다""고 밝혔다."
266,"""조작기소"" ""면죄부"" 항소포기 공방…휴가 낸 檢총장대행에 막말도","與 ""손배 문제는 민사서 해결 가능""…국힘 ""범죄자들에 이익 돌려주는 것""
범여 의원들, 노만석에 ""멍청한 엑스"" ""미친X, 배 가른다던 검사X 감찰해야""
'항소 포기' 공세 반박하는 민주당 법사위원들
(서울=연합뉴스) 김주성 기자 = 국회 법제사법위원회 김용민 의원 등 더불어민주당 소속 위원과 무소속 최혁진 위원이 11일 서울 여의도 국회에서 전체회의 정회 뒤 대장동 사건 항소 포기 관련 국민의힘의 주장을 반박하고 있다. 2025.11.11 utzza@yna.co.kr
(서울=연합뉴스) 이슬기 기자 = 여야는 11일 국회 법제사법위원회 전체회의에서 검찰의 대장동 개발 비리 사건 항소 포기를 두고 거친 공방을 벌였다.
더불어민주당은 이 사건에 대한 검찰의 기소 자체가 조작이었다며 항소하지 않는 것이 온당하다고 주장했다. 대장동 업자들의 범죄 행위를 다룬 이번 1심 판결은 이재명 대통령의 재판과 무관하다고 방어막을 치기도 했다.
국민의힘은 검찰의 항소 포기는 공범으로 기소된 이 대통령과 당시 성남시 수뇌부에 대한 면죄부를 주는 것이라고 맞섰다. 국민의힘은 법사위 현안질의 개의를 요구하면서 정성호 법무부 장관, 노만석 검찰총장 직무대행 등을 출석시켜 사태의 전말을 따져 물어야 한다고 주장했다.
민주당 박균택 의원은 ""검찰이 애초 기소를 잘못했고, (피해액 환수를 목적으로) 추징을 청구하는 것 자체가 잘못됐다""며 ""법원이 피해 액수를 산정할 수 없는 사안이라고 선고했기 때문""이라고 말했다.
박 의원은 ""애초 검찰이 해서는 안 되는 '조작질 공소제기'를 했기 때문에 1심에서 불가피하게 무죄를 선고할 수밖에 없었다""며 ""항소심에서도 되지 않을 사건을 두고 검찰이 다퉈서 이기겠다고 주장하는 것이냐""고 반문했다.
같은 당 김기표 의원은 ""손해배상 청구는 이미 민사에서 해결할 수 있는 문제다. 마치 항소를 안 하면 몇천억원을 국가에서 잃어버리는 듯한 선동을 하면 안 된다""며 ""검찰이 항소하지 않아도 이 대통령 (재판에서) 좋아진 것은 없다""고 거들었다.
그러면서 ""검찰은 내란수괴의 구속취소에 대해서는 침묵하고, (검찰이) 즉시 항고를 안 했을 때도 침묵했다""며 ""김건희가 명품백 수수 의혹 때 여왕이나 된 것처럼 검사들을 불러 수사받을 때 가만히 있던 일부 정치 검찰이 정치 세력화했다""고 목소리를 냈다.
정성호 법무장관 출석 요구하는 국힘 법사위원들
(서울=연합뉴스) 김주성 기자 = 나경원 의원 등 국민의힘 소속 법제사법위원회 위원들이 11일 서울 여의도 국회에서 전체회의 정회 뒤 대장동 사건 항소 포기 관련 정성호 법무부 장관의 현안질의 출석을 요구하고 있다. 2025.11.11 utzza@yna.co.kr
반면 국민의힘 송석준 의원은 ""이 대통령이 성남시장 당시 '대장동은 하이리스크 하이리턴 사업'이라고 했는데, 결과적으로 7천800억원에 가까운 엄청난 특혜가 발생했다""며 ""검찰이 항소를 포기함으로써 범죄자들에게 (이익을) 되돌려주겠다는 것""이라고 주장했다.
이어 ""검찰이 항소를 왜 포기하나. 이것은 바로 이 대통령과 (당시 성남시의) 수뇌부에 대한 면죄부를 주는 것""이라고 강조했다.
같은 당 곽규택 의원은 ""온 국민의 관심이 집중된 초대형 비리 사건의 1심 판결에 대해 검찰이 항소를 포기하도록 법무부 장관이 불법적인 지시를 했다는 것이 확인됐다""고 말했다.
그러면서 ""제대로 된 법사위, 법사위원장이라면 지금 이 자리에 법무부 장관, 검찰총장 직무대행, 법무부 차관, 대검 반부패수사부장, 서울중앙지검장 등을 나오라고 해 긴급 현안질의를 하는 것이 당연하다""고 요구했다.
하지만 추미애 법사위원장은 전체회의 도중 거듭해 ""오늘 회의는 안건 미정으로 진행된다""고 말했다.
항소 포기 결정을 내린 노 검찰총장 직무대행을 두고는 범여권에서 원색적 비난과 욕설이 나왔다. 검사장들이 이번 결정 경위를 설명하라는 성명을 내는 등 사안이 급박하게 돌아가는 데도 휴가를 낸 노 대행의 태도를 문제 삼은 것으로 보인다.
민주당 박지원 의원은 ""선택적 항명을 하는 검찰조직에 대해 이대로 용납해선 안 된다""며 ""물론 (노) 대행도 '멍청한 엑스(X)'이고 (이미 사의를 표명한) 정진우 서울중앙지검장은 비겁하다""고 말했다.
친여 성향의 무소속 최혁진 의원은 ""노 대행은 지금 이 상황에 연가를 냈다. 미친X 아니냐""며 ""(수사 중 피의자에게) '배를 가르겠다'고 한 검사X을 데려다가 당장 감찰하고 수사해 조치를 취해야지 방구석에 들어가 숨을 때냐""고 질타했다.
정 장관은 12일 예정된 법사위 예산안 심사에 출석할 예정이다. 이 자리에서 여야 의원들의 '대장동 사건 항소포기'를 둘러싼 공방이 재연될 전망이다.
wise@yna.co.kr"
267,"계엄협조 공직자 조사 TF‥""내년 1월까지 조사""","[정오뉴스]
정부가 공직자들의 12·3 비상계엄 협조 여부를 조사해 앞으로 인사에 반영하기 위한 임시 기구를 설치하기로 했습니다.
이재명 대통령은 오늘 국무회의에서 ""특검 수사를 통해 형사처벌을 하고는 있지만, 내란 관여 정도에 따라 행정책임을 묻거나 문책이나 인사 조치를 하는 등 낮은 수준의 대응을 해야 할 사안도 있다""며 '헌법존중 정부혁신 TF'를 구성하라고 지시했습니다.
TF 설치를 제안한 김민석 국무총리는 ""내란 혐의 수사와 재판이 장기화하면서 내란 극복이 지지부진한 상황""이라면서 ""내년 1월까지 조사를 마치고 설 연휴 전에 후속 조치를 할 수 있도록 총리실에서 추진 지침을 준비하겠다""고 설명했습니다.
MBC 뉴스는 24시간 여러분의 제보를 기다립니다.
▷ 전화 02-784-4000
▷ 이메일 mbcjebo@mbc.co.kr
▷ 카카오톡 @mbc제보"
268,"검란에도…용산 “항소포기 입장 낼 사안 아냐, 뭐 눈엔 뭐만 보여”","서울 용산 대통령실 청사. 연합뉴스
대통령실이 검찰의 ‘대장동 사건 항소 포기’를 둘러싼 정치권 공방에 대해 “입장을 낼 사안이 아니다”라며 신중한 태도를 유지했다. 야권이 대통령실 개입 의혹을 제기하고 있지만, 대통령실은 “전혀 사실이 아니다”며 선을 긋는 모양새다.
10일 대통령실 관계자는 “검찰의 결정에 대한 정부의 입장은 이미 정성호 법무부 장관이 충분히 설명했다”며 “대통령실이 추가로 입장을 낼 일은 아닌 것으로 본다”고 밝혔다.
이 관계자는 특히 대통령실 개입 의혹과 관련해 “실제로 전혀 개입이 없었다고 한다”며 “민정라인 역시 항소 포기 결정 후 통보만 받았을 뿐, 의사 결정 과정에는 관여하지 않았다”고 강조했다.
이어 “지금은 외교·안보 현안이나 민생·경제 문제를 챙기기에도 바쁜 시점”이라며 “이재명 대통령을 끌어들이려는 정치적 시도가 있더라도 굳이 대응할 필요가 없다”고 덧붙였다.
그러면서 야당의 의혹 제기에 대해 “시안견유시(豕眼見惟豕), 돼지의 눈에는 돼지만 보인다는 말이 있다”며 “있는 그대로를 보지 못하고 자신이 보고 싶은 것만 보는 것”이라고 일축했다.
정성호 법무부 장관 역시 이날 정부과천청사에서 기자들과 만나 “핵심 피고인인 유동규 전 성남도시개발공사 본부장에 대해 검찰은 징역 7년을 구형했지만, 법원은 8년을 선고했다”며 “구형보다 높은 형이 선고돼 항소할 필요성이 크지 않다고 판단했다”고 설명했다.
정 장관은 또 “대검에서 항소 여부를 검토할 때 ‘여러 가지를 고려해 신중하고 합리적으로 판단하라’는 취지로 말했을 뿐, 외압을 행사한 사실은 없다”고 반박했다."
269,"중국대사 “중한 관계, 제3국에 좌우 안 돼…반중시위 실질적 조치해야”","“다카이치 발언, 중국으로선 받아들이기 어려워”
다이빙 중국대사 등이 11일 서울 중구 프레지던트 호텔에서 열린 ‘글로벌전략협력연구원 한중 싱크탱크 대화’에 참석해 단체사진을 찍고 있다. 서영지 기자
다이빙 주한 중국대사가 11일 “중한 관계는 제3국을 겨냥하지 않으며, 제3국에 의해 좌우돼서도 안 된다”고 말했다. 그는 한국의 반중 시위와 관련해 “중한 우호를 해친다. 실질적인 해결 조치를 취해달라”고 말했다.
다이 대사는 이날 서울 중구 프레지던트 호텔에서 열린 ‘글로벌전략협력연구원 한중 싱크탱크 대화’에 참석해 “양쪽은 전략적 자주성을 확고히 유지하며 외부 간섭을 배제해야 한다”며 “일방주의, 보호주의, ‘디커플링(탈동조화)’ 등은 양국의 공동이익을 해친다. 우리는 함께 이러한 흐름에 반대하고 국제적 공정과 정의를 수호해야 한다”며 이렇게 밝혔다. 이는 사실상 미국을 겨냥한 발언으로 한-중 관계가 미국의 영향을 받아서는 안 된다는 취지로 풀이된다.
다이 대사는 지난달 말 경주 아시아태평양경제협력체(APEC) 정상회의를 계기로 시진핑 중국 국가주석이 방한하면서 한-중 관계는 새로운 국면을 맞았다고 평가했다. 다이 대사는 “시 주석과 이재명 대통령은 국빈 행사와 아펙 회의 참석 기간 오랜 시간 깊이 있는 대화를 나누며 중요한 합의를 이끌어냈다”며 “그중 핵심은 ‘중한 전략적 협력 동반자 관계의 재확인’이다. 지난 몇 년 간 양국 관계가 굴곡을 겪었지만, 상호 의존과 공동 이익의 현실적 기반은 변하지 않았다”고 강조했다. 이 대통령과 시 주석은 지난 1일 한-중 정상회담을 열고 70조원(4000억위안) 규모의 원-위안 통화스와프 계약서 등 7건의 양해각서(MOU)를 체결한 바 있다.
다이빙 주한중국대사. 연합뉴스
그는 한중 양국은 ‘중요한 이웃’이자 불가분의 협력 파트너라고 강조했다. 다이 대사는 “국제 정세가 복잡하게 변하는 지금, 양국의 우호 협력은 그 어느 때보다 중요하다”며 “양측은 전략적 소통을 강화하고, 서로를 객관적으로 이해하며, 장기적 관점에서 관계를 바라봐야 한다. 일시적인 사안으로 관계의 방향이 흔들려서는 안 된다”고 말했다. 반중 시위에 대한 조치도 요구했다. 다이 대사는 “일부 극우 세력이 중국 관련 허위 정보를 퍼뜨리거나 반중 시위를 벌이는 것은 중한 우호를 해칠 뿐 아니라 한국의 국가 이미지에도 손상을 준다”며 “한국 측은 이러한 문제를 근본적으로 해결하기 위한 실질적인 조치를 취하길 기대한다”고 말했다.
그는 지난달 31일 경주에서 열린 미-중 정상회담이 “대국관계의 안정에 기여했다”고 평가했다. 다이 대사는 “미국이 일으킨 관세전쟁·무역전쟁·기술전쟁은 중국을 꺾지 못했으며, 오히려 중국이 자주적 발전과 개방 확대를 이루는 계기가 됐다”며 “중국은 상호존중, 평화공존, 협력상생의 3원칙에 따라 미국과 관계를 발전시켜 나갈 것”이라고 말했다. 이어 그는 “미측도 중국과 마주 보며 대국의 책임을 다하고, 말과 행동을 일치시켜, 양국 정상의 합의를 착실히 이행하기를 바란다”며 “그렇게 할 때 미-중 관계는 안정적이고 지속가능하게 발전하며, 양국과 세계에 더 많은 ‘큰일, 실질적 일, 좋은 일’을 함께 추진할 수 있을 것”이라고 덧붙였다.
다이 대사는 다카이치 일본 총리에 대해서는 부정적 평가를 내놨다. 다이 대사는 “이번 (아펙) 회의 기간에 중-일 양자회담도 이뤄졌다. 하지만 아쉽게 일본의 신임 총리가 최근 들어 중국에 관련된 부정적 말을 하고 있는데, 중국으로선 받아들이기 어렵다”며 “중-일 관계의 건전한 발전에도 부정적 영향을 미친다”고 말했다. 시 주석과 다카이치 총리는 지난달 31일 경주에서 중-일 정상회담을 가졌지만, 웃음기 없는 표정으로 30분간 원론적인 입장만 주고받았다. 다카이치 총리가 지난 7일 일본 중의원(하원)에서 대만 유사시에 일본이 집단 자위권을 행사할 수도 있다는 입장을 밝히자 일본 주재 중국 외교관이 “죽음의 길”이라고 강하게 반발하며 양국 간 갈등이 커지고 있다."
270,"주한중국대사 ""한·중 정상, 중요한 합의""‥일본 총리 '대만' 발언에는 경고","한중 싱크탱크 대화 포럼
지난 1일 경주 APEC 정상회의를 계기로 열린 한·중 정상회담과 관련해 다이빙 주한중국대사는 ""이재명 대통령과 시진핑 주석이 오랜 시간 깊이 있고 우호적으로 소통하며 중요한 합의에 도달했다""고 평가했습니다.
다이빙 대사는 오늘 오전 서울 중구 프레지던트호텔에서 열린 글로벌전략협력연구원 한·중 싱크탱크대화에 참석해 ""시 주석 방문 기간 양국은 한·중 FTA 2단계 협상 가속화와 신흥 분야 협력에 합의했다""며 이같이 밝혔습니다.
이어 ""지난 몇 년 한·중 관계가 우여곡절을 겪었지만 양국의 이익이 융합되고 운명을 함께하는 현실적 기반은 변하지 않았다""며 ""상호 신뢰와 이익 협력, 두 나라 국민의 우호 감정 제고가 필요하다""고 강조했습니다.
그러면서 ""한국 극우 세력이 중국 관련 허위 정보를 조작하고 반중 시위를 벌이는 것은 한·중 우호를 해칠 뿐만 아니라 한국의 국가 이미지도 손상시킨다""며 ""한국 측은 이를 근본적으로 해결하기 위한 실질적인 조치를 취해야 한다""고 언급했습니다.
다이빙 대사는 APEC 정상회의 성과물인 '경주 선언'과 관련해서도 ""일부 국가에서 선언문에 세계무역기구나 국제통화기금 관련 내용을 포함하는 것을 반대했다""며 ""협의 과정에서 중국은 한국에 강력한 지지를 보냈다""고 말했습니다.
한편 다이빙 대사는 이 자리에서 다카이치 사나에 일본 총리의 대만 관련 발언을 언급하며 ""중국으로서 받아들이기 어려우며 중·일 관계 발전에도 부정적 영향을 미칠 것""이라고 경고했습니다."
271,전직 법무장관들 난타전…한동훈·정성호·추미애·조국 고소에 법리논쟁까지,"韓 “내가 법무장관때 尹검찰총장 징계 행정소송 개입·상고포기? 허위사실유포”
“현직 장관 鄭 고의·악의적 허위사실유포에 기회 줘도 사과 거부…민·형사조치”
“이미 민주당 인사들 같은 허위발언했다가 공개사과”…秋 가세에도 “법적조치”
秋 장관 징계에 尹 불복소송…2심 패소 뒤집힌 법무, 韓 사퇴 8일 뒤 “상고포기”
대장동 수천억 범죄수익 추징무산에 鄭·曺 “민사 가능”…韓 “판결 봐도 모르나”
제69대 법무부 장관을 지낸 한동훈 국민의힘 전 당대표가 더불어민주당 정권의 전·현직 법무장관 3명과 정면 충돌했다. 현직인 정성호 장관(71대)과 추미애 전 장관(67대·현 민주당 의원)에 대해 허위사실유포 명예훼손 혐의로 고소에 나선다. 또 조국 전 장관(66대·조국혁신당 전 비상대책위원장)과는 검찰 항소포기로 인한 ‘성남 대장동 개발비리’ 범죄수익 환수 차질을 둘러싼 ‘법리 논쟁’을 벌였다.
11일 정치권에 따르면 한동훈 전 당대표는 전날(10일) 정성호 장관을 향해 “불법 항소포기 사건을 물타기하려고 ‘한동훈 법무장관 당시 윤석열 대통령(검찰총장 재임 기간) 징계소송을 상고 포기했다’고 전국민 상대로 악의적인 허위사실을 유포했다”며 “현직 법무장관의 고의적 허위사실 유포로 피해가 크고, 오늘 제가 충분한 사과의 기회를 줬음에도 사과하지 않았다”며 민·형사상 조치를 예고했다.
왼쪽부터 정성호 제71대 법무부 장관, 69대 법무장관을 지낸 한동훈 국민의힘 전 당대표, 67대 법무장관을 역임한 추미애 더불어민주당 의원.<연합뉴스 사진 갈무리>
2022년 5월 17일~2023년 12월 21일 법무장관 재임했던 그는 “저는 (윤석열 전 검찰총장) 징계소송에 관여하지 않았을 뿐 아니라, 그 상고 포기는 제가 법무장관을 그만 둔 뒤(2023년 12월 29일)에 있었던 일로 저와 아예 무관하므로 명백한 허위사실이다. 복수의 민주당 측 인사 김진욱·성치훈씨 등이 같은 허위사실 발언을 했다가 ‘사실이 아님을 공개적으로 인정하고 사과’했다”고 설명했다.
그러면서 “그 이후 정 장관이 똑같은 허위사실을 유포한 것”이라며 “명예훼손 혐의로 형사고소하고 민사상 손해배상도 청구하겠다”고 밝혔다. 한 전 대표는 같은 날 ‘검찰총장 징계 당사자’였던 추미애 의원이 SNS를 통해 “한동훈은 이미 패소할 결심으로 윤석열의 징계를 씻어주기 위해 법무부가 이긴 판결도 항소심에서 느슨하게 대응해 일부러 지게 만들고 상고 포기했다”고 주장한 것에도 공박했다.
그는 “추미애는 ‘조국 사태’ 때보다 상태가 더 나빠진 것 같다. ‘한동훈이 상고포기했다는 거짓말’에 정 장관에 이어 추미애 추가. 추미애 헛소리하는 거야 일상이지만 그래도 허위사실 유포에 대해 법적조치하겠다”고 쏘아붙였다. 거론된 ‘상고 포기’는 문재인 정부 시절인 2020년 12월 ‘추미애 법무부’ 검사징계위에서 정직 2개월 징계를 가하자 윤 당시 검찰총장이 불복·취소 청구한 행정소송에서 비롯됐다.
2021년 10월 1심 법원은 “징계 사유 중 판사 문건 작성, 채널 A 감찰·수사 방해는 정당하다”며 원고 일부 패소 판결을 내렸다. 그러나 윤석열 정부 시기 2023년 12월 19일 서울고법 2심은 “징계를 청구한 법무장관(추미애)은 사건 심의에 관여하지 못한다는 규정 위배, 징계심의 의결 및 정족수 위배, 방어권 침해 위법이 있었다”며 징계사유와 무관하게 징계 자체와 1심이 취소돼야 한다고 판결했다.
2심 열흘 뒤(29일) 법무부는 “징계 처분을 취소한 이번 판결에 헌법·법률·명령·규칙 위반 등 상고 이유가 없다”며 상고 포기를 알렸다. 이는 한 전 대표가 국민의힘 비상대책위원장직을 수락하며 법무장관직을 사퇴(2023년 12월 21일)한 8일 뒤 결정이기도 하다. 한 전 대표는 2022년 5월 9일 국회 법사위 법무장관 인사청문회에서 “취임하면 이 부분(소송)에 관여하지 않겠다”고 밝힌 바 있다.
제66대 법무부 장관을 지낸 조국 조국혁신당 전 비상대책위원장이 11일 국회 본청에서 열린 조국혁신당 전국당원대회 출발식에서 발언하고 있다.<연합뉴스 사진>
한편 한 전 대표는 거듭된 SNS 메시지에서 검찰이 추정한 대장동 개발 범죄수익 7886억여원 전액 추징이 1심 항소포기로 무산됐단 비판을 부정한 여권을 향해 “국민 상대로 사기친다”고 했다. 그는 “정 장관은 ‘몰수나 추징은 피해자가 없을 때 하는 제도이니 추징금 때문에 항소포기를 잘못이라고 하지 말라’고 주장했는데, 현직 법무장관이 한 말이라고 믿기 어려울 정도로 무식한 소리”라고 했다.
대장동 개발 공익환수 제한으로 성남도시개발공사가 배임 손실 피해자로 지목되는데, ‘화천대유 대주주’ 김만배씨 일당에 대한 형사상 추징·환수가 불필요하단 게 여권의 뉘앙스다. 한 전 대표는 “오히려 ‘부패재산몰수법’상의 몰수 추징 제도는 ‘피해자가 있을 때 많이 쓰이는, 피해자를 위한 제도’”라며 “불법 항소포기로 국가가 수천억 추징금을 못받고 대장동 일당 재벌 만들어줬다”고 지적했다.
“정치인이 된 후 법학교수 출신 티를 안 내려고 하는데”라며 참전한 조국 전 장관에게도 반격했다. 한 전 대표는 “조국은 본인 글에서 ‘피해회복이 심히 곤란하다고 인정되는 경우에는 몰수·추징할 수 있다’고 규정한 부패재산몰수법 6조 1항을 써놓고도 ‘성남시가 민사소송을 제기할 수 없는 경우에만’ 몰수·추징이 가능하다고 우겼다”며 “판결문 봐도 무슨 말인지 몰랐을 수도”라고 비꼬았다.
1심 판결문엔 ‘대장동 관련 형사소송 결과가 모두 나온 뒤에 민사소송 절차를 통하여 피해를 회복하는 것은 심히 곤란하게 되었다’는 대목이 있다. 한 전 대표는 “피해자 성남도개공은 ‘민사소송을 제기했더라도’ 부패재산몰수법 6조 1항 ‘피해회복이 심히 곤란하다고 인정되는 경우’란 게 법원 판단”이라며 “모르면서 대충 우기는 것으로 교수 때부터 지금까지 도대체 몇십년을 버티냐”고 쏘아붙였다."
272,대통령실 “항소 여부 관심 둘 만큼 한가하지 않다”,"檢항소 포기 개입 의혹에 선 그어
“대통령실 코 꿰려고 해” 불쾌감도
고위당정협의회 발언하는 강훈식 비서실장 - 강훈식 대통령 비서실장이 9일 서울 종로구 총리공관에서 열린 고위당정협의회에서 발언하고 있다. 연합뉴스
대통령실이 10일 검찰의 ‘대장동 사건 항소 포기’ 결정 논란과 관련해 “관심을 둘 만큼 한가하지 않다”며 재차 선을 그었다. 전날 “입장 낼 것 없다”고 말한 데 이어 이틀 연속 단호한 입장을 표명한 것이다.
대통령실 관계자는 이날 “(국민의힘이) 대통령실을 걸고 넘어지고 코를 꿰려 한다”며 이같이 밝혔다. 한미 관세 협상과 안보 협상 등의 결과를 담은 조인트 팩트시트(공동 설명자료) 발표 등을 앞두고 현안이 산적한 만큼 대통령실 역량을 다른 곳에 분산할 여유가 없다는 뜻으로 풀이된다.
대통령실은 전날에 이어 이날도 항소 포기 논란과 관련된 공개적인 언급은 일절 하지 않았다. 이날 강훈식 비서실장 주재로 용산 대통령실에서 수석보좌관회의가 열렸지만 관련 발언은 나오지 않았다.
야권은 대검찰청이 서울중앙지검에 항소 포기 지시를 한 배경에 대통령실의 개입이 있었을 것이라는 의혹을 제기했다. 앞서 이재명 대통령은 지난 9월 30일 국무회의에서 “검사들이 되지도 않는 걸 기소해서 무죄가 나오면 면책하려고 항소와 상고를 해 국민에게 고통을 준다”고 지적한 바 있다. 정치권 일각에선 이 발언이 항소 포기 결정에도 영향을 미쳤을 것이라는 분석이 나온다.
그러나 대통령실은 ‘전혀 관여하지 않았다’는 입장이다. 검찰의 항소 포기에 대해 대통령실 개입 의혹으로 키우지 않고 선을 그으며 정쟁과는 거리를 두겠다는 의도로 보인다. 특히 봉욱 민정수석을 비롯한 민정수석실 관계자들이 검찰의 항소 포기를 주도했다는 의혹과 관련해서는 대통령실 내부에 불쾌한 기류가 역력한 것으로 전해진다."
273,"조국혁신당 전당대회 출발식…조국 ""지방선거서 창조적 파괴 일으킬 것""","""세가 불리하다고 위축, 회피하지 않을 것""
정춘생·신장식 등 최고위원 후보도 출마 변
[서울=뉴시스]조국혁신당은 11일 오전 국회에서 '2025 전당대회 출발식'을 진행했다. (사진=조국혁신당 유튜브 채널 캡처) 2025.11.11. photo@newsis.com *재판매 및 DB 금지
[서울=뉴시스] 이창환 기자 = 조국혁신당은 11일 '2025 전당대회 출발식'을 열고 새 지도부 선출을 위한 공식 선거 일정을 시작했다.
서왕진 조국혁신당 비상대책위원장 권한대행 겸 원내대표는 이날 오전 국회에서 열린 전당대회 출발식에서 ""오늘의 출발식은 경쟁이 아닌 연대의 출발선""이라며 ""우리는 서로를 세우며 함께 걷는 혁신의 동지다. 서로 맞잡은 손으로 신뢰의 원을 완성할 때 당은 가장 안전하고 평등한 혁신의 운동장이 될 것""이라고 했다.
당대표·최고위원 후보자들도 출마 의지를 피력했다.
조국 조국혁신당 대표 후보는 이날 ""제 전당대회 슬로건은 '멈추지마, 직진 조국, 이제 조국' 3가지""라며 ""정치·민생 개혁, 경제·사회·인권 개혁을 멈추지 않겠다. 평등한 기회의 나라, 사회권 선진국, 모두의 성장. 무엇보다 서민과 청년이 집과 돌봄을 걱정하지 않는 나라. 국민이 원하는 제7공화국으로 가는 길을 멈추지 않겠다""고 했다.
이어 ""당만의 가치와 방식으로 지방선거에 임하겠다. 양당 독점 지역에 창조적  파괴를 일으키겠다""며 ""지난 총선에서 독자적 힘으로 국회 교두보를 마련했듯 내년 지방선거에서도 지방 정치의 교두보를 세우겠다. 세가 불리하다고 위축되거나 회피하지 않겠다""고 말했다.
임형택 최고위원 후보는 ""당원과 국민이 참여하는 직접 민주주의 플랫폼을 운영하겠다""며 ""배심원제, 오디션 방식을 도입하고 공천 혁신 대상자는 선거 비용을 전액 지원하겠다. 돈, 정보, 조직 격차를 해소하는 정치 혁신(을 하겠다)""고 말했다.
정춘생 최고위원 후보는 ""지방의회 중대선거구제를 도입해서 3인 이상 모든 선거구에 혁신당 후보를 당선시키겠다""며 ""차별금지법, 생활동반자법, 비동의 간음죄 도입을 더 이상 미루지 않겠다. 헌법불합치 판결을 받은 낙태죄도 폐지하겠다""고 했다.
정경호 최고위원 후보는 ""소통과 통합, 대화와 회복으로 당이 초심으로 돌아가는 데 소임을 다하겠다""며 ""창당 주역들과 당원들, 자발적으로 안타깝게 떠나가신 분들, 국민의 관심과 애정을 다시금 돌아오게 하는 매개체가 되겠다""고 말했다.
신장식 최고위원 후보는 ""내년 지방선거는 당의 도약과 민주 진보 진영의 승리를 다 잡아야 한다. 극우 내란 동조 세력의 아지트 국민의힘을 제로로 만들어야 한다""며 ""강한 당, 지방선거 승리, 사회권 선진국 실현을 이루기 위해 모든 것을 쏟겠다""고 했다.
한편 조국혁신당은 혁신 검증 대담회, 온라인 공개 토론회 등을 거쳐 오는 23일 전당대회에서 당대표와 최고위원 2명을 선출한다. 이달 21~23일 대의원 및 당원 투표 결과를 통해 새 지도부가 확정된다."
274,"與 “사법부, 내란재판 무작위 아닌 지정배당 정황…고발 검토”","전현희 단장이 10일 서울 여의도 국회에서 열린 더불어민주당 사법불신 극복·사법행정 정상화 TF 전체회의에서 발언하고 있다. 뉴스1
더불어민주당은 11일 법원이 윤석열 전 대통령의 내란 혐의 사건을 ‘무작위 전산 배당’이 아닌 ‘지정 배당’ 방식으로 처리한 정황이 드러났다며 고발 조치를 검토하고 있다고 밝혔다. 민주당은 이를 두고 “사법부가 사건의 향방에 개입했을 가능성을 강하게 시사한다”고 지적했다.
민주당 ‘사법불신 극복 및 사법행정 정상화 태스크포스(TF)’ 단장 전현희 의원은 이날 유튜브 방송에서 “처음부터 조희대 대법원장이 지귀연 재판부로 사건을 배당했고, 윤 전 대통령 구속 기소 과정에 개입한 정황이 의심된다”며 “관련 경위를 면밀히 추적한 뒤 고발 조치 등을 검토할 예정”이라고 밝혔다.
박창진 선임부대변인도 논평에서 “장경태 의원의 국정감사 질의에서도 법원이 내란 사건을 ‘적시 필요·중요 사건’으로 분류해 특정 재판부에 집중 배당한 정황이 확인됐다”며 “의도된 배당 조작이라면 단순 사법 농단을 넘어 ‘사법 쿠데타’에 해당한다”고 말했다.
민주당이 문제 삼는 핵심 사례 중 하나는 김용현 전 국방부 장관 사건이다. 서울중앙지법은 지난해 12월 27일 해당 사건을 사회적 파장이 크다는 이유로 ‘적시처리 필요·중요 사건’으로 지정했으나, 이후 일반 사건으로 바뀌면서 경제·식품·보건 분야 전문인 지귀연 재판부에 배당됐다. 민주당은 이 과정이 ‘지정 배당’의 전형적 사례라고 주장했다.
민주당은 이어 “법원이 ‘무작위 전산 배당’을 주장해 왔지만, 실제로는 사건 접수 단계부터 지정 배당이 이뤄진 정황이 드러났다”며 “조희대 대법원장의 관여 여부도 면밀히 조사할 것”이라고 밝혔다. 전 의원은 “국가 근간을 흔드는 내란 재판의 공정성을 의도적으로 훼손했다면 이는 민주주의에 대한 중대한 도전”이라며 “사실이 밝혀진다면 조 대법원장은 결자해지해야 한다”고 강조했다.
한편 민주당은 확보한 증거 자료를 토대로 국회 법제사법위원회와 TF를 통해 배당 과정을 분석하고, 필요한 경우 고발 등 법적 대응을 추진할 방침이다."
275,"대통령실, 이르면 내달 8일부터 순차적 청와대 이전","대통령실이 이르면 다음달 8일부터 서울 용산 대통령 집무실을 청와대로 이전하는 작업을 시작할 것으로 보입니다.
대통령실 한 관계자는 오늘(11일) ""대통령실 부서별로 날짜를 나누어 청와대로 옮겨갈 계획""이라고 밝혔습니다.
다만, 구체적인 이전 날짜와 부서별 이전 순서가 확정된 것은 아니라고 이 관계자는 설명했습니다.
이런 가운데 청와대 이전 업무를 맡고 있는 대통령실 관리비서관실은 최근 일부 대통령실 관계자들에게 이와 같은 이전 시점 계획을 공유한 것으로 전해졌습니다.
하지만 올해 안에 모든 부서를 다 청와대로 옮기긴 어려운 상황인 것으로 알려졌습니다.
대통령실은 그동안 '청와대 연내 이전'을 목표로 하고 있다는 방침을 밝혀왔습니다.
강훈식 비서실장은 지난 7일 국회 운영위원회 국정감사에서 ""연내를 목표로 공사가 진행 중에 있다""고 말하기도 했습니다.
또한 '대통령 관저 이전'의 경우 내년 상반기까지 미뤄질 수 있다고 언급했습니다.
청와대 [연합뉴스 자료사진]
#대통령 #집무실 #청와대이전 #용산대통령실 #강훈식
연합뉴스TV 기사문의 및 제보 : 카톡/라인 jebo23"
276,"나경원, 생방송 중 앵커 지적…""정성호 대변인 같아""","""대장동 항소 포기, 정성호가 외압 행사한 것""
""정성호, 궤변 늘어놔…검찰 지휘부 5명 사퇴해야""
국민의힘 지방선거 총괄기획단장인 나경원 의원이 지난 7일 국회에서 열린 기획단 회의에서 발언하고 있다. 연합뉴스
나경원 국민의힘 의원이 라디오 생방송에서 검찰 수뇌부의 대장동 사건 항소 포기 논란 관련 인터뷰를 진행하던 중 “정성호 대변인 같다”며 앵커의 질문을 지적했다.
나 의원은 11일 YTN라디오 ‘김영수의 더 인터뷰’에서 앵커가 ‘어제 정성호 장관이 검찰 수사의 문제점도 지적을 했다. 남욱 변호사를 위협했다는 것’이라고 말하자 이 같이 반응했다.
앵커가 ‘여당 박주민 의원에게도 똑같이 질문했다. 여야의 입장을 똑같이 들으려 한 것’이라고 말하자, 나 의원은 “정성호 장관이 ‘뭐라 했다’고 자꾸 반박하라 한다”며 “정성호 장관에 관한 것만 계속 물어본다”고 불편함을 드러냈다.
나 의원은 이날 라디오에서 “대장동 사건 항소 포기 논란과 관련해 사실상 정성호 법무부 장관이 외압을 행사한 것”이라며 정 장관과 법무부 차관, 검찰총장 대행 등 지휘부 5명에 대해 사퇴를 요구했다.
그는 “이번 사건으로 검찰 항소권은 보장되지 않고 이재명 대통령 면죄권만 적용된 결과를 낳았다”며 “검찰의 가장 굴욕적인 날이었고 검찰의 최대 정치 부역 스캔들인 만큼 이에 책임을 지고 정성호 장관, 노만석 검찰총장 대행, 이진수 법무부 차관, 정진우 서울중앙지검장, (박철우) 대검 반부패부장까지 5명 모두 사퇴해야 한다”고 압박했다.
특히 정 장관이 ‘검찰의 항소 포기는 문제없다’, ‘성공한 재판과 수사였다’, ‘신중하게 판단하라고 했을 뿐 (검찰에) 지침을 준 적 없다’고 말한 것을 두고 “궤변 중 궤변”이라고 비난했다.
이어 “이재명 대통령이 당 대표이던 시절에 (정 장관에 대해) ‘끝까지 같이 갈 사람이다, 배신하지 않을 사람이다’라고 말했다”며 “이 대통령의 연수원 18기 동기인 정성호 장관의 눈물 겨운 대통령 지키기이고 실질적으로 이것은 외압을 자백한 것”이라고 주장했다.
또, 나 의원은 항소 포기를 외압으로 판단한 이유로 수사 검사들이 만장일치로 항소를 결정한 뒤 법무부 의견을 구하는 과정에서 정 장관이 ‘신중하게 판단하라’고 말한 것을 들었다.
나 의원은 “이 같이 말한 것은 항소 불허를 말한 것이 아닌가”라며 “노만석 검찰총장 대행이 ‘용산과 법무부의 의견을 고려했다’고 했다. 이것이 바로 외압을 말하는 것”이라고 주장했다.
그러면서 “검찰청법 8조에 따르면 검찰을 법무부에서 지휘할 수 있는 것은 법무부 장관이 구체적 사건에 대해서 반드시 서면으로 하게 돼 있다”며 “노 대행의 말 자체가 사실은 서면으로 하지 않았다는 얘기고, 이것은 꼭 조폭이 한 마디 하는 것 같은 느낌으로 들린다”고 지적했다.
앞서 검찰은 대장동 개발 비리 혐의로 실형을 선고받은 유동규 전 성남도시개발공사 기획본부장과 김만배씨 등 민간업자들에 대한 항소를 포기했다.
이에 대해 정 장관은 ""항소를 안 해도 문제가 없다고 판단했다""며 ""대검찰청에 여러 가지 사정을 고려해 신중히 판단해 달라는 의견을 전달했다""는 입장을 밝힌 바 있다."
277,“국힘 단체장 ‘0’ 목표로”… 조국 두 번째 당권 도전,"23일 전당대회… 당대표 복귀 유력
조국혁신당 조국(사진) 전 비상대책위원장은 10일 “과감한 혁신으로 국민 신뢰를 회복하겠다”며 차기 당대표 선거 출마를 공식 선언했다. 조국신당(혁신당 전신)을 창당하고 초대 당대표를 지낸 조 전 위원장의 두 번째 당권 도전이다. 조 전 위원장은 국회 기자회견에서 “지금까지의 조국을 과거의 조국으로 남기고 ‘다른 조국’ ‘새로운 조국’으로 국민과 다시 시작하겠다”고 했다. 조 전 위원장은 일각에서 제기된 더불어민주당과의 합당 가능성을 “설익고 무례한 흡수합당론”으로 규정하며 독자 노선을 걷겠다는 뜻을 재확인했다. 그는 “혁신당을 개혁과 민생, 선거에 강한 ‘이기는 강소정당’으로 만들겠다”며 “총선에서 국민이 주셨던 마음을 되찾겠다”고 했다.
조 전 위원장은 거대 양당의 독점정치 종식, 검찰·사법개혁 완수, 차별금지법 도입 등을 공약으로 제시했다. 아울러 “내년 6월 지방선거에서 내란·극우세력 국민의힘을 심판해야 한다”며 “국민의힘 소속 광역단체장 ‘제로(0)’를 만들고, 기초단체장들을 반토막 내 내란세력의 뿌리를 뽑겠다”고 했다. 혁신당은 23일 충북 청주에서 전당대회를 열어 새 당대표를 선출할 예정이다."
278,"김민석 '종묘 숨 막혀' 지적에…오세훈 ""부동산 혼란의 현장은 가셨나""","[강윤서 기자 kys.ss@sisajournal.com]
오세훈 ""이재명 정부, 감성적 표현으로 국민 선동…지방선거 의식하나""
""세운상가 허물면 최대 수혜자는 종묘가 될 것…과학적으로 접근하라""
오세훈 서울시장이 16일 서울시청에서 열린 정비사업 연합회 간담회에서 발언하고 있다. ⓒ연합뉴스
오세훈 서울시장은 서울시 정책을 비판하고 나선 김민석 국무총리를 전면 반박하며 나섰다. 최근 이재명 정부가 우려를 표명한 세운 재정비 촉진지구 4구역 고도 제한 완화에 대해 ""최대 수혜는 종묘가 될 것""이라며 김 총리를 향해 감성적인 표현을 써서 국민을 선동하고 있다고 비판했다.
오 시장은 11일 CBS 라디오 《김현정의 뉴스쇼》에 출연해 전날 김 총리가 종묘를 방문한 뒤 서울시 세운 재개발 사업을 지적한 데 대해 '사실과 맞지 않는 주장'이라고 일갈했다. 이어 ""세운4구역 높이 제한을 완화한 것은 종묘의 경관을 전혀 해치지 않는다""며 ""정부가 사안을 정치적인 이슈로 만들고 있다. 지방선거 때문이 아닌가""라고 반문했다.
서울시는 현재 세운 재정비 촉진지구 4구역의 높이 제한을 71.9m에서 141.9m로 2배 가까이 늘리는 계획을 추진 중이다. 이를 두고 김 총리를 비롯한 이재명 정부 일각에선 세계 문화유산인 종묘 앞을 개발하면 경관을 해치게 될 것이라는 비판을 제기했다.
오 시장은 서울시 재개발 작업이 경관을 해친다는 주장에 대해 ""법에 정해져 있는 거는 종묘 정문, 종묘 경계로부터 100m 안쪽까지 영향이 없으면 괜찮다는 건데, 종묘에서 세운상가까지 170m가 떨어져 있다""고 설명했다. 그러면서 ""더군다나 종묘 정문부터 정전까지는 또 안쪽으로 300m가 떨어져 있다. 따라서 총 500m가 떨어져 있어 전혀 영향을 주지 않는다""고 강조했다.
김민석 국무총리가 11월9일 서울 종로구 총리공관에서 열린 고위당정협의회에서 발언하고 있다. ⓒ연합뉴스
세운 재개발 사업은 단순히 헌 건물을 없애고 새 건물을 짓겠다는 관점으로 바라봐선 안 된다는 의미다. 오 시장은 세운상가를 철거해야 하는 이유에 대해 ""지어진 지 58년 됐다. 허물어야 할 타이밍""이라며 ""2년 전엔 지나가던 행인이 떨어지는 콘크리트에 맞아 발등을 크게 다쳤다""고 했다. 이어 ""종묘 바로 앞에 남산까지 이어지는 폭 100m 녹지축이 생기는데, 이것이 종묘를 훨씬 더 돋보이게 할 것""이라며 ""세운상가를 허물면 최대 수혜자는 종묘""라고 했다.
그는 김 총리를 겨냥해선 ""김민석 총리께선 '숨이 턱 막힌다', '기가 눌린다', '눈이 답답할 거다' 이런 감성적인 표현을 쓰시는 데 그렇게 감성적으로 이야기할 게 아니라 과학적으로 얘기해야 한다""며 ""자꾸 감성을 자극하는 말씀을 하시면서 국민감정을 자극하려고 하는데 이건 선동""이라고 꼬집었다.
오 시장은 정부가 지금 집중해야 할 부분은 부동산 대책 관련 후속 조치라고 지적했다. 그는 ""김 총리에게 지금 필요한 건 재개발, 재건축 예정지를 방문하면서 10·15 부동산 대책 때문에 생긴 현장의 혼란을 수습하는 게 가장 급선무라고 생각한다""며 ""그런 곳은 제가 기억하기로 한 번도 안 나가셨지 싶다""고 비판했다.
한편 내년 6월 지방선거 출마와 관련해선 ""정치인의 행보는 발끝을 보면 안다""며 ""일정 시점이 되면 거취를 결정하겠지만 지금 제가 시작해 놓은 일들이 참 많고 하고 싶은 일도 많다""고 밝혔다."
279,"당정 ""정기국회서 '암표 3법' 처리…신고포상금·과징금 신설""","저작권법 개정으로 문체부에 불법 사이트 차단 권한도 부여
2026년도 예산안 관련 제안설명하는 최휘영 장관
(서울=연합뉴스) 박동주 기자 = 최휘영 문화체육관광부 장관이 11일 서울 여의도 국회에서 열린 문화체육관광위원회 전체회의에서 2026년도 예산안 관련 제안설명을 하고 있다. 2025.11.11 pdj6635@yna.co.kr
(서울=연합뉴스) 박재하 기자 = 당정은 11일 공연·스포츠 경기 암표 거래의 처벌을 강화하는 이른바 '암표 3법'을 정기국회 내 처리하기로 했다.
국회 문화체육관광위원회 소속 더불어민주당 의원들은 이날 오후 문화체육관광부와 당정협의 직후 암표 근절 대책으로 공연법·국민체육진흥법·체육시설법 개정안 등 '암표 3법' 처리를 추진한다고 밝혔다.
'암표 3법'은 매크로 프로그램 이용 여부와 관계없이 모든 입장권의 부정판매를 금지하고 부정판매를 통해 취득한 이득을 몰수하는 등의 제재를 강화하는 내용을 골자로 한다.
신고포상금 제도와 징벌적 과징금 제도 등을 신설해 실질적으로 단속을 강화하고 암표 거래를 근절하는 방안도 포함됐다.
또 저작권법 개정으로 지식재산권 등을 침해한 사람에 대해 제재를 강화하는 한편 해외 서버로 영상·영화·웹툰 등의 콘텐츠를 불법 유통하는 웹사이트를 확인하는 즉시 긴급 차단할 수 있게 하는 방안도 마련할 방침이다.
특히 문체부에도 불법 사이트에 대한 접속차단 권한을 부여하기로 했다.
이외에도 당정은 국민문화 향유 증진과 K-컬쳐 진흥, 창작자 권리 보호 등을 위한 법안을 추진함으로써 사람 중심의 문화정책과 한류 산업의 지속적 세계화를 위해 노력하기로 했다.
앞서 이재명 대통령은 이날 국무회의에서 암표 거래 근절 방안과 관련해 ""처벌보다 과징금의 효과가 훨씬 크다""며 ""과징금을 세게 (부과)하는 것을 검토하라""고 지시한 바 있다.
jaeha67@yna.co.kr"
280,공직사회 ‘내란 가담’ 조사 TF 가동…검경·군 등 집중 점검,"정부가 내년 2월까지 12·3 비상계엄과 관련해 공직자들의 불법행위 가담 여부를 조사할 자체 태스크포스(TF)를 가동합니다.
국무총리실은 오늘(11일) 김민석 국무총리가 국무회의에서 제안한 ‘헌법존중 정부혁신 TF’의 세부 추진 계획을 발표했습니다.
조사 대상은 대통령 직속 기관 및 독립기관을 제외한 49개 전체 중앙행정기관입니다.
특히 이 가운데 많은 의혹이 제기된 검경과 군, 외교부, 법무부, 국방부 등은 집중 점검 기관으로 지정됐습니다.
각 기관은 이달 21일까지 내부에 자체 조사 TF를 구성한 뒤 다음 달 12일까지 기관별 조사 대상 행위를 확정해야 합니다.
조사는 내년 1월 31일까지 이뤄지며, 이후 총괄 TF가 조사 결과를 토대로 검토한 뒤 2월 13일까지 조사 결과를 반영한 인사 조치를 마무리하게 됩니다.
조사 범위는 지난해 12월 3일을 기점으로 직전 6개월부터 직후 4개월까지 총 10개월 동안 비상계엄을 모의하거나 실행, 정당화, 은폐한 행위입니다.
총리실은 “내란 사전 모의, 실행, 사후 정당화․진실 은폐와 관련된 명백하고 직접적 행위에 대해서는 12월 3일과 상당한 시간적 차이가 있더라도 조사 또는 책임을 추궁할 수 있다”고 설명했습니다.
조사 과정에서 업무용 PC와 서면 자료는 모두 열람할 수 있고, 개인 휴대전화 등은 자발적 제출을 유도하되 상당한 의혹에도 불구 비협조적인 경우 대기발령 또는 직위해제 후 수사 의뢰 등을 고려할 계획입니다.
기관별 조사 TF는 법조 경력자 등 외부 전문가를 활용하거나 자체 감사 조직을 활용할 수 있고 외부 자문단과 조직 내 감사 관련 조직을 혼용할 수도 있습니다.
총리실은 “공직사회의 동요 방지를 위해 대상을 한정해 단기간에 마무리하는 것을 추진하겠다”며 “동일 행위라 하더라도 조사에 협조한 정도에 따라 징계 수위는 차등적일 것”이라고 설명했습니다.
또 “조사를 통한 책임자에 대한 징계와는 별개로 조사 과정에서 내란 저지나 지연 등의 공적이 밝혀지는 경우 포상 등을 추진할 것”이라고 밝혔습니다.
[사진 출처 : 연합뉴스]
■ 제보하기
▷ 전화 : 02-781-1234, 4444
▷ 이메일 : kbs1234@kbs.co.kr
▷ 카카오톡 : 'KBS제보' 검색, 채널 추가
▷ 네이버, 유튜브에서 KBS뉴스를 구독해주세요!"
281,"조국 ""대장동, 국가가 범죄 수익금 몰수할 수 없는 사건""","검찰 항소 포기 관련 '범죄 수익금 환수 불가' 주장 반박
[서울=뉴시스] 고승민 기자 = 조국 전 조국혁신당 비상대책위원장이 10일 서울 여의도 국회 소통관에서 당대표 출마 선언 후 취재진 질문에 답하고 있다. 2025.11.10. kkssmm99@newsis.com
[서울=뉴시스] 한재혁 기자 = 조국 조국혁신당 전 비상대책위원장은 11일 대장동 사건의 1심 항소 포기를 두고 국민의힘 일각에서 '범죄 수익금을 환수할 수 없게 됐다'는 주장이 나오는 데 대해 ""이번 사건이 국가가 몰수·추징할 수 없는 사건임은 분명하다""고 반박했다.
조 전 위원장은 이날 페이스북에 ""법조계에 회자되는 유명한 농담성 문구가 있다. '검사 10년에 민사를 모르고, 검사 15년에 형사를 모르고 검사 20년에 법 자체를 모른다'(는 말이다)""라며 이같이 썼다.
그는 ""정치인이 된 후 법학교수 출신 티를 안 내려고 하는데 이번 건은 할 수 없다""며 ""많은 언론에서 대장동 재판 항소 포기 관련하여 한동훈 등 국민의힘 정치인들의 주장을 점검 없이 그대로 싣고 있다""고 주장했다.
이어 ""부패재산 몰수·추징은 언제 가능한지는 부패재산의 몰수 및 회복에 관한 특례법 제6조가 규정하고 있다""고 썼다.
해당 조항은 '부패재산이 범죄피해재산으로서 범죄 피해자가 그 재산에 관해 범인에 대한 재산반환청구권 또는 손해배상청구권 등을 행사할 수 없는 등 피해회복이 심히 곤란하다고 인정되는 경우에는 몰수·추징할 수 있다'는 취지로 규정하고 있다.
조 전 위원장은 ""이 사건(대장동 민간업자 사건)의 피해자는 국가가 아니라 성남시, 정확히는 성남도시개발공사""라며 ""성남시가 민사소송을 제기할 수 없는 경우에만 몰수·추징이 가능하다""고 적었다.
그러면서 ""성남시는 이미 민사소송을 제기했고 이번 검찰의 항소 포기 이후 손해배상액을 증대할 것이라고 공표했다""며 ""요컨대 검찰의 항소 포기로 민사소송의 손해액 산정에 부정적 영향을 줄 수 있다고 주장할 수는 있으나 이번 사건이 국가가 몰수·추징할 수 없는 사건임은 분명하다""고 강조했다.
한편 조 위원장은 이날 또다른 게시글에서 박성재 전 법무부장관이 12·3 비상계엄을 정당화하는 취지의 문건을 작성했다는 보도를 언급하며 ""(박성재 전) 법무부장관과 법무부 소속 검사들이 계엄을 정당화하는 반역을 하고 있었다""며 ""박성재에 대한 구속영장은 재청구 돼야 한다. 또한 이 문건을 같이 본 '안가 법률가 5인방'도 다시 철저히 수사해야 한다""고 하기도 했다．"
282,"노만석 검찰총장대행 “차관이 항소 포기 선택지 제시”… 野 “정성호 게이트” [檢, 대장동 항소 포기 파장]","법무부 외압 의혹 점입가경
“盧, 사실상 포기 압박 시인” 해석
檢개혁 후속입법 연관성도 내비쳐
“지시 없었다” 鄭 입장과 정면 배치
안철수·김은혜 ‘민사 환수’ 비판
“당정 공범… 대장동 주민 피눈물”
與는 “檢, 반성 않고 개혁 저항”
검찰의 대장동 개발비리 사건 항소 포기 사태를 두고 법무부 장·차관과 노만석 검찰총장 권한대행(대검찰청 차장검사)의 설명이 미묘하게 엇박자를 내면서 후폭풍이 이어지고 있다. 정성호 장관과 이진수 차관은 직접적으로 항소 포기를 요구한 게 아니라 ‘신중히 판단하라’는 의견을 전한 것뿐이라고 했지만, 노 대행은 검찰 구성원들에게 ‘용산(대통령실)과 법무부와의 관계를 고려한 결정’이라고 해명해 외압 의혹의 불씨를 남겼기 때문이다. 정치권에선 “법무부가 법의 힘으로 국민이 아닌 범죄자를 지키는 부처가 됐다”는 등 맹비난이 쏟아졌다.
11일 법조계에 따르면 노 대행은 전날 자신을 보좌하는 대검 부장(검사장급), 과장(부장검사급)들과 연구관(평검사)들이 연달아 자신을 찾아와 항소 포기 결정에 대한 부연 설명과 거취 표명 등을 요구하자 “법무부 차관이 항소에 대한 우려를 전달하며 몇 개의 선택지를 제시했다. 선택지 모두 사실상 항소 포기를 요구하는 내용이라 어쩔 수 없는 상황이었다”거나 “용산과 법무부와의 관계를 고려해 항소 포기 결정을 내린 것”이라고 설명했다. 이를 두고 노 대행이 사실상 정부의 항소 포기 압박을 시인한 것이란 해석이 나왔다.
검찰 소용돌이
‘대장동 사건 항소 포기’ 사태를 둘러싸고 검찰 내부에서 노만석 검찰총장 직무대행의 책임론이 확산하고 있는 11일 서울 서초구 대검찰청에 설치된 조형물 ‘서 있는 눈’의 모습. 노 대행은 이날 연가를 내고 거취에 대한 고심에 들어갔다.
연합뉴스
특히 노 대행이 ‘용산’을 언급한 건 정 장관이 이번 항소 포기가 “이재명 대통령과는 무관한 일”이라고 선을 그은 것과 정면 배치되는 내용으로 읽힌다. 노 대행을 찾아갔던 대검 연구관들의 말을 종합하면 해당 발언은 ‘향후 검찰개혁 후속입법과 관련해 검찰이 대통령실·법무부와 관계를 고려하지 않을 수 없었다’는 취지였다고 한다.
이 차관은 항소장 제출 시한이 임박한 7일 노 대행과 통화한 것으로 지목된 인물이다. 정 장관은 전날 도어스테핑(약식 문답)에서 이 차관을 통해 “신중하게 판단하라”는 의견을 대검에 전달했다고 밝혔는데, 이 의견을 이 차관이 노 대행에게 직접 전달한 것으로 보인다.
이 차관은 법무부 소속 검사들에게 “항소 포기를 하라고 한 적 없다. 대검이 알아서 정리한 것”이라는 취지로 설명한 것으로 알려졌다. 노 대행의 발언과 상반된 발언이다. 법무부 내부에선 추가적인 공식 입장을 낼지 여부 등을 논의 중인 것으로 전해졌다.
여야는 이날 이 같은 엇박자를 겨냥해 각기 다른 해석을 내놓으며 공방을 이어갔다.
대장동이 위치한 경기 성남 분당구를 지역구로 둔 국민의힘 안철수·김은혜 의원은 국회에서 기자회견을 열고 정부·여당을 규탄했다.
김 의원은 “민사소송을 통해 (부당이익) 환수가 가능하다는 더불어민주당과 정 장관의 궤변은 대장동 주민을 두 번 죽이는 말”이라며 “대장동 주민들의 피눈물이 어린 그 7000억원을 범죄자 주머니에 털어준 이재명정부와 민주당은 단군 이래 최대 범죄인 대장동의 공범”이라고 직격했다.
국민의힘 장동혁 대표와 송언석 원내대표가 11일 서울 서초구 대검찰청 앞에서 검찰의 대장동 개발 비리사건 항소 포기와 관련해 규탄대회를 연 뒤, 노만석 검찰총장 대행과 면담을 요구하며 항의방문을 시도하덩 중 박준태 의원(가운데)과 귀엣말 하고 있다. 연합뉴스
국민의힘은 항소 포기 외압 의혹과 관련한 국정조사나 특별검사, 필요시 책임자 탄핵까지 불사하겠다는 입장이다. 장동혁 대표는 “이번 항소 포기는 ‘정성호 게이트’라며 “노 대행과 정 장관(의 책임)은 이미 밝혀졌다고 생각하고 대통령의 책임이 있는지 국조와 특검을 실시해 책임이 밝혀진 사람들에 대해선 탄핵을 추진할 것”이라고 예고했다.
민주당은 이번 사태에 반발하는 검사들의 집단행동을 ‘검찰개혁에 대한 저항’으로 규정했다.
서영교 의원은 라디오에서 “검찰 자신이 무슨 짓을 했는지 돌아보고 반성해야 할 때이지, 이건 검란(檢亂)”이라고 주장했다. 아울러 민주당은 탄핵을 언급한 국민의힘 장 대표를 겨냥해 “검찰의 항소 자제 결정을 마치 정권의 외압이나 비호에 의한 정치적 거래인 양 단정하며 검찰의 독립적인 사법 판단을 폄훼한다”며 “이는 사법시스템 신뢰를 훼손하는 행위이자 공당 대표가 해서는 안 될 정치 프레임”이라고 밝혔다."
283,"대통령실, 검찰 내부 ‘대장동 항소 포기’ 반발에 “특별한 입장 없다”","대통령실 개입 의혹 묻자 “출입기자가 야당발 의혹 묻는 건 부적절”
서울 용산 대통령실 청사 전경./뉴스1
대통령실은 11일 검찰 내에서 ‘대장동 재판 항소 포기’에 대해 노만석 검찰총장 직무대행에 대한 비판과 사퇴 요구 등 집단 반발이 나오는 데 대해 “대통령실은 특별한 입장이 없다”고 밝혔다. 대통령실 관계자는 이날 오후 기자들과 만나 검찰 내부의 집단 반발 움직임에 대한 대통령실 입장을 묻는 질문에 이같이 답했다.
대통령실은 검찰이 항소 시한 마지막 날이었던 지난 7일까지 항소장을 제출하지 않으면서 항소 포기 논란이 터져 나온 뒤 “입장 없다”는 입장을 유지해 왔다. 이번 항소 포기에 법무부가 관여하고 대검 수뇌부가 결정한 것으로 알려진 상황에서 ‘대통령실 개입 의혹’을 차단하기 위한 조치로 해석됐다.
대통령실 관계자는 이날 ‘야당에서는 항소 포기 과정에서 ‘대통령실과 사전 교감이 있었다’는 주장도 나오는데 대통령실은 이에 대해선 어떤 입장인가’라는 물음에는 “야당에서 제기하는 정치적 의혹에 대해, 대통령실을 출입하는 기자가 묻는 것은 적합하지 않다고 판단한다”고 답했다.
이 관계자는 이후 “특정 질문을 하지 말라는 의미로 한 말은 아니었다. 터무니없는 의혹이라는 말을 하려 했는데 잘못 전달했다”며 유감을 표했다."
284,'이재명표 적폐청산'…계엄동조 공직자 솎아낸다,"'헌법존중 TF' 총리 건의에
李대통령 ""당연히 해야할 일""
내년 1월 말까지 조사활동
정부가 국무총리실 산하에 '헌법존중 정부혁신 태스크포스(TF)'를 설치하고 지난해 12·3 비상계엄에 협력한 공직자 색출에 나선다. 오는 21일까지 49개 중앙행정기관에 기관별 TF가 설치되고 내년 1월 말까지 고위 공직자를 중심으로 비상계엄 동조 여부에 대한 조사가 진행된다. 이후 정부는 내년 2월 중순까지 관련자에 대한 인사 조치를 신속히 마무리할 계획이다.
3대 특검(내란·김건희·채상병) 수사가 진행 중인 상황에서 정부가 계엄 동조자에 대한 별도 조사 기구를 발족해 공직사회에 대한 대대적인 물갈이에 나서겠다는 뜻으로 보인다. 과거 문재인 정부에서 부처별로 적폐청산위원회와 적폐청산TF가 설치됐던 것과 유사한 움직임이라는 평가도 나온다.
이재명 대통령은 11일 국무회의에서 김민석 국무총리가 헌법존중 TF 구성을 건의하자 ""당연히 해야 할 일""이라며 ""특검에 의존할 게 아니고 독자적으로 해야 할 일 같다""고 말했다. 그러면서 ""(공직자의)내란 책임은 관여 정도에 따라 형사처벌할 사안도 있고, 인사 조치할 정도의 낮은 수준도 있을 것""이라고 지적했다.
앞서 김 총리는 ""현재 내란재판과 수사가 장기화되며 내란 극복이 지지부진한 것이 현실""이라며 ""결과적으로 공직사회 내부에서도 반목을 일으키고 국정 추진 동력을 저하시킨다는 목소리가 많은 만큼 헌법존중 TF를 정부 내에 구성했으면 좋겠다는 제안을 드린다""고 했다.
[오수현 기자 / 류영욱 기자]"
285,"박형준 “검찰 대장동 항소 포기, 완장 권력의 국가 포획”","“민주당, 행정 권력까지 장악 시도”
“‘비명횡사 친명횡재’ 현실화됐다”
“국가 사유화 계속땐 민심 뒤집혀”
박형준 부산시장/국민일보DB
박형준 부산시장이 검찰의 대장동 개발 비리 사건 항소 포기를 두고 “완장 권력의 정치적 국가 포획”이라며 현 정권을 강하게 비판했다. 정권의 사법 개입 논란이 이어지는 가운데 지방자치단체장이 정권 운영 방식을 정면으로 문제 삼은 것은 이례적이다.
박 시장은 11일 자신의 사회관계망서비스(SNS)에 “검찰의 대장동 재판 항소 포기를 보며 두 가지 말이 떠올랐는데, 첫 번째가 ‘국가 포획(State Capture)’이라는 표현”이라며 “30년 전 동구 사회주의 국가들이 무너질 때 부패한 정치인과 기업 세력이 국가 기구를 장악해 사욕을 챙기는 모습을 보며 세계은행이 사용한 개념”이라고 설명했다.
박형준 부산시장의 사회관계망서비스/ 페이스북 캡처
박 시장은 11일 자신의 사회관계망서비스(SNS)에 “검찰의 대장동 재판 항소 포기 사태를 보며 두 가지 말이 떠올랐다”고 밝혔다.
그는 “첫 번째가 ‘국가 포획’이라는 말”이라며 “이 말은 30년 전 동구 사회주의 국가들이 무너지고 시장경제로 전환할 때 부패한 정치인과 기업인 세력이 국가 기구를 하나씩 장악해서 사욕을 챙기는 모습을 보고 세계은행이 사용하기 시작한 말”이라고 설명했다.
이어 “민주당 정권의 행태가 이와 다르지 않다”며 “부당한 검찰의 항소 포기는 한마디로 완장 권력의 정치적 국가 포획”이라고 직격했다. 그는 “민주당은 입법 권력에 이어 행정 권력을 장악한 뒤 국가 기구를 하나씩 점령하고, 합법을 가장해 대통령의 사법 리스크를 차례차례 해소하려 한다”고 주장했다.
박 시장은 “두 번째로 생각난 말은 지난 총선 때 유행했던 ‘비명횡사 친명횡재’”라며 “정권의 이익에 반한다고 판단되는 세력과 국가 기관은 이미 횡사했거나 곧 당하기 직전이고, 검찰은 이미 횡사 당했다”고 꼬집었다.
그는 또 “헌법의 기본 가치는 자유, 민주, 공화이며, 공화란 권력의 공유와 절제된 사용”이라며 “우리 정치사의 불행은 권력의 독점과 사유화의 유혹에서 비롯됐다”고 했다.
이어 “민주당 정권은 국회에서 압도적 다수를 차지한 후 폭주를 거듭하더니 국가를 사유화하려 한다”며 “정권이 국가 포획의 폭주를 계속한다면 민심의 배가 뒤집어질 수 있음을 알아야 한다”고 경고했다.
한편, 검찰은 대장동 개발 비리 1심에서 김만배 씨 등이 일부 무죄를 선고받자 항소하지 않기로 해 논란이 일고 있다. 서울중앙지검 공판팀이 항소 의견을 냈지만 검찰 수뇌부가 이를 받아들이지 않으면서 내부 반발이 이어졌고, 검사장·지청장 등 간부들까지 이례적으로 입장을 밝혔다. 법무부는 “구형보다 높은 형이 선고돼 항소할 이유가 없다”고 했지만, 검찰 내부와 야권은 “정권의 사법 리스크를 덮기 위한 정치적 결정”이라고 반발하고 있다."
286,"개혁신당, 10·15 대책 취소 소송…""정부 패소 땐 장관 해임해야""","▲ 개혁신당 천하람 원내대표가 10.15 부동산 대책 행정소송 및 효력정지 신청을 위해 11일 서울 서초구 서울행정법원을 방문하고 있다.
천하람 개혁신당 원내대표는 이재명 정부의 10·15 부동산 대책이 위법하다며 법원에 규제 지역 주민을 원고로 하는 취소 청구 소송과 효력정지 가처분 신청을 제기했습니다.
천 원내대표는 오늘(11일) 서울행정법원을 찾아 ""이재명 정부가 불법적으로 10·15 부동산 대책을 남발해 국민의 재산권을 침해하고 세금을 중과했다""며 ""패소하면 일부 대책 해제는 물론 국토교통부 장관을 해임해야 한다""고 주장했습니다.
천 원내대표는 ""9월 주택가격 통계를 적법하게 반영했다면 서울과 경기 일부 지역은 이번 대책에 포함되지 않는다""며 ""정부가 대책 발표 전날에 통계를 확보했음에도 폭넓게 규제하겠다는 의도로 무리해서 숨겼다""고 지적했습니다.
이어 ""이재명 정부는 문재인 정부처럼 부동산 때문에 인기 떨어지는 것을 피하고 싶은 것 같다. 이런 정치적 의도로 유리한 통계를 숨기는 '통계의 정치화'는 이제 멈춰야 한다""고 강조했습니다.
이번 소송에는 국민의힘 소속인 최재형 전 감사원장이 합류해 대리인 명단에 이름을 올렸습니다.
천 원내대표는 취재진에게 ""최 전 원장은 부당하고 위법한 행위에 맞선 대쪽 같은 분""이라며 ""개혁신당 대의에 공감하는 분들과는 언제든 협력할 수 있다""고 말했습니다.
(사진=연합뉴스)"
287,“100만원 가방은 보편적…뇌물 아냐” 성일종의 김기현 옹호,"“망신 주기 한다 생각…특검이 할 일인가 싶다”
성일종 국민의힘 의원. 연합뉴스
김건희 여사가 4일 서울 예술의전당에서 열린 2023 문화예술인 신년인사회에 참석하고 있다. 대통령실제공
김기현 국민의힘 의원 배우자가 김건희 여사에게 100만 원대 ‘로저 비비에’ 명품 가방을 선물한 것에 대해 성일종 국민의힘 의원이 “100만 원 정도 되는 백이 무슨 뇌물이냐”고 말했다. 국민의힘 의원 중 김 의원을 옹호하는 공개 발언이 나온 건 처음이다.
성 의원은 11일 KBS라디오 ‘전격시사’와 인터뷰에서 김 여사가 받은 가방에 대해 “우리 직원들한테 물어보니 돈 100만 원 정도(라고) 그러더라”면서 “그게 무슨 뇌물이냐”고 말했다.
특히 성 의원은 “인사를 가야 되니까 아마 (김 의원) 사모님께서 그 정도 사셔서 가신 것 같은데 글쎄 돈 100만 원 정도 되는 보편적인 백을 갖고 갔다고 뇌물로 연결한다는 게 특검이 할 일일까 (싶다)”고 강조했다.
그는 이재명 대통령을 겨냥해 “야당 대표를 하신 분이지 않나”라며 “그 격에 맞지 않는 망신 주기를 하고 있다고 생각이 된다”고 말했다.
앞선 지난 6일 김건희 특검팀은 윤석열 전 대통령 부부 자택을 압수수색하면서 로저 비비에 가방과 함께 김 의원 부인 이름이 적힌 편지 등을 확보했다.
그러자 김 의원은 8일 입장문을 내고 “제 아내가 2023년 3월 국민의힘 전당대회에서 제가 당 대표로 당선된 후 김 여사에게 클러치백(손가방) 1개를 선물한 사실이 있다고 한다”고 인정했다. 다만 김 의원은 “사회적 예의 차원의 선물”일 뿐 ‘대가성’이나 ‘청탁용’은 아니라고 강조했다.
한편 김 여사는 공식석상에서 로저비비에 가방을 즐겨 드는 모습을 보였다. 그는 2022년 11월 인도네시아 발리 가루다 위스누 끈짜나 문화공원에서 열린 주요 20개국(G20) 환영 만찬에서 이 브랜드 가방을 들고 나왔다. 같은 제품을 이듬해 1월 서울 서초구 예술의전당에서 열린 문화예술인 신년인사회 때도 들었다."
288,남편들 아내에게 미안해지는 한마디...“100만원 가방이 무슨 뇌물? 보편적인 백”,"아크로비스타서 나온 ‘로저비비에’ 클러치백 두고
성일종 의원, 11일 라디오 인터뷰서 밝혀
김기현 의원 “배우자가 전달” 인정
김건희 여사가 2022년 주요 20개국(G20) 환영 만찬에서 로저 비비에 브랜드의 클러치백을 든 모습.  [연합뉴스]
김기현 국민의힘 의원 배우자가 김건희 여사에게 100만원대 ‘로저 비비에’ 명품 가방을 선물한 사실과 관련 성일종 국민의힘 의원이 “100만원 정도 되는 백이 무슨 뇌물이냐”고 주장했다.
성 의원은 11일 KBS 라디오 ‘전격시사’ 인터뷰에서 해당 가방의 가격을 언급하며 “우리 직원들한테 물어보니 돈 100만원 정도더라. 그게 무슨 뇌물이냐”고 말했다.
그는 “인사를 가야 되니까 (김 의원 측) 사모님께서 그 정도 사셔서 가신 것 같다”며 “보편적인 백을 갖고 갔다고 뇌물로 연결하는 게 특검이 할 일인가 싶다”고 덧붙였다.
앞서 김건희 특검팀은 이달 6일 윤석열 전 대통령 부부의 자택을 압수수색하며 로저 비비에 가방과 김 의원 부인의 이름이 적힌 편지 등을 확보했다.
성일종 국민의힘 의원. [연합뉴스]
이후 김 의원은 8일 입장문을 통해 “제 아내가 2023년 3월 전당대회에서 제가 당 대표로 당선된 뒤 김 여사에게 클러치백 1개를 선물한 사실이 있다고 한다”며 뒤늦게 선물 사실을 인정했다. 그는 다만 “사회적 예의 차원일 뿐 대가성이나 청탁 의도는 없다”고 강조했다.
그러나 이로 인해 윤 전 대통령 부부의 ‘당무 개입’ 논란이 다시 수면 위로 떠오르자 국민의힘 내부에서도 공개 비판의 목소리가 나오고 있다.
신지호 전 국민의힘 전략기획부총장은 지난 8일 유튜브 ‘어벤저스 전략회의’에 출연해 김 의원의 해명을 두고 “그러면 돈 없는 사람은 예의도 못 지킨다는 거냐. 김기현? 답을 해봐라”라고 직격했다.
박정하 국민의힘 의원 역시 10일 MBC 라디오를 통해 “있을 수 없는 일”이라며 “(김 여사가) 어떤 브랜드를 좋아한다는 소문을 확인하고 ‘전당대회 도와줘서 고맙다’는 말까지 하면서 해당 가방을 찾아 전달한 것, 그 과정 자체가 국민들께 죄송스럽고 부끄럽다”고 지적했다.
한편 특검팀은 김 의원의 당대표 선출과 가방 선물과 대가성이 있는지 검토하고 이에 대한 처벌이 가능한지 들여다보고 있는 것으로 알려졌다."
289,"“탈북민은 안 돼”…경호처, 청와대 출입제지 논란","[앵커]
대통령경호처가 탈북민이란 이유로 화물 운송 기사가 청와대에 들어가는 걸 막아 논란입니다.
탈북민도 대한민국 국민인데 왜 안되는 걸까요?
논란이 일자 경호처는 행정 착오였다며 사태 수습에 나섰습니다.
서주희 기자입니다.
[기자]
9년 전 탈북한 장 모 씨는 남한에 정착해 5년 째 화물 운송 기사로 일하고 있습니다.
이달 3일 청와대 보수를 위해 한 인테리어 업체로부터 바닥 타일 운송 의뢰를 받았습니다.
그런데 하루 전, 돌연 취소 통보를 받았습니다. 인테리어 업체에게 물었더니 ""대통령 경호처에서 탈북민 출입을 허가하지 않았다""는 겁니다.
당시 운송 기사는 6명이었는데 장 씨를 포함해 4명이 탈북민이었습니다.
그 사이 일은 다른 업체에게 배정됐고 장 씨 등은 하루 일당을 날렸습니다.
[장 모 씨 / 탈북민 운송기사]
""(청와대) 입구에서 하역 하고 검사 받고 나오면 끝입니다. (청와대에) 현재 대통령실이 있는 것도 아니고.""
장 씨는 차별을 받았다고 생각해 이달 4일 국가인권위원회에 진정서를 제출했습니다.
경호처 관계자는 그제야 장 씨에게 연락 해 사과했습니다.
[대통령 경호처 관계자(음성변조)]
""행정적으로 오류가 있어서 불편함을 드린 것 같은데 상처를 드린 것 같아서 죄송합니다.""
[장 모 씨 / 탈북민]
""저희는 가슴이 찢어지는 것 같아가지고.""
[대통령 경호처 관계자(음성변조)]
""재발하지 않도록 조치를 취했습니다.""
[장 모 씨 / 탈북민]
""저희는 엄연하게 헌법이 보장하는 대한민국 국민인데 왜 탈북민이 안 되냐 그게 지금 제일 의문이거든요.""
이에 대해 경호처 관계자는 채널A에 ""소통 문제로 인한 행정적 실수""라며 ""재발 방지에 최선을 다하겠다""고 밝혔습니다.
채널A 뉴스 서주희입니다.
영상취재 : 김기범
영상편집 : 형새봄"
290,"""검사들, 갑자기 힘이 솟았나""…민주당 ""선택적 항명"" 비판","국민의힘 ""노만석 규탄""…대검 항의 방문
[앵커]
이처럼 검사들의 집단 반발이 커질수록 역으로 지난 정부 때 침묵했던 검사들의 행태가 주목 받습니다. 민주당은 이 점을 지적하며 '선택적 항명'이라고 비판했습니다. 국민의힘은 대검을 찾았다가 실랑이가 벌어지기도 했습니다.
김안수 기자입니다.
[기자]
""초라하고 볼품 없던 검사들, 갑자기 힘이 솟았나?""
정청래 더불어민주당 대표는 '대장동 사건 항소 포기'에 반발하는 검사들에 ""비겁하다""고 비판했습니다.
윤석열 전 대통령이 구속 취소됐을 때 심우정 전 검찰총장의 항고 포기 판단이나 김건희 씨 비리에 대한 '봐주기' 수사 논란일 때는 침묵하지 않았냐는 겁니다.
[박지원/더불어민주당 의원 : 선택적 항명을 하고 있는 내란세력, 이 검찰에 대해서는 법무장관은 단호한 인사조치로 공직기강의 모습을, 내란청산의 모습을 보여야 한다.]
임은정 동부지검장도 ""검사 누구든 각오하고 항소장에 서명해서 제출했으면 됐다""며 반발하고 있는 검찰을 비판했습니다.
증언 강요 등 무리한 수사였다는 게 드러나고 있는만큼 반성이 먼저 아니냐는 지적도 나옵니다.
[박주민/더불어민주당 의원 (YTN 라디오 '김영수의 더 인터뷰') : 어떻게든 한번 엮어보려고 했다가 사실은 법원에 의해서 이런 증거들은 쓸 수 없다고 무더기로 배제되는 그런 결정이 담겨 있거든요. 이런 부분에 대해서 반성하거나 이런 내용은 전혀 없고…]
국민의힘은 대검찰청을 찾아 노만석 검찰총장 직무대행 등 지휘부 면담을 요구했습니다.
[노만석 나와라! 항소 포기하고 어디 숨은 거야.]
대검 측이 청사 출입문을 걸어 잠궈 실랑이가 벌어지기도 했습니다.
[송언석/국민의힘 원내대표 : 용산과 법무부에 아부하느라 70년 검찰 역사의 자존심을 대장동 잡범들에게 팔아먹은 노만석을 강력히 규탄한다.]
법무부 항의방문도 이어갔지만, 정성호 법무부 장관 역시 면담 요구에 응하지 않았습니다.
[장동혁/국민의힘 대표 : 법무부 장관은 자리에 없습니다. 피할 것이 아니라 국민 앞에 나서서 당당히 밝히고 본인들의 책임을 지기 바랍니다.]
[화면출처 YTN 라디오 '김영수의 더 인터뷰']
[영상편집 강경아]"
291,여야 ‘대장동 국정조사’ 줄다리기..李외압 vs 檢조작 프레임싸움,"더불어민주당 김병기 원내대표와 문진석 원내수석부대표, 국민의힘 송언석 원내대표와 유상범 원내수석부대표가 11일 서울 여의도 국회에서 만나고 있다. 연합뉴스
[파이낸셜뉴스] 여야는 11일 검찰의 대장동 개발 비리 1심 항소 포기와 관련한 국정조사 실시를 협의했지만 합의에 다다르지 못했다. 국민의힘이 이재명 정부가 항소 포기 외압을 가했다며 의혹을 제기하는 반면, 더불어민주당은 검찰의 조작기소 문제에 초점을 맞추며 ‘프레임싸움’을 하는 탓이다.
野 ‘정권 외압 국정조사’ 압박..與 ‘검찰 조작기소’ 국면전환
김병기 민주당·송언석 국민의힘 원내대표를 비롯한 여야 원내지도부는 이날 국회에서 회동해 대장동 국정조사 실시 여부를 논의했지만 끝내 불발됐다. 다만 추후 다시 회동해 협의를 이어가기로 했다.
여야가 부딪히는 부분은 조사 대상이다. 대장동 항소 포기 논란에 최초 국정조사를 요구한 국민의힘은 정부 외압 의혹을 핵심으로 보고 있고, 민주당은 검찰의 조작기소와 항명을 조사해야 한다는 입장이다. 이 때문에 국정조사 명칭도 서로 달리 부르고 있다. ‘검찰 조작기소·항명’은 공통이지만 국민의힘은 ‘항소 포기 외압’을 붙였고, 민주당은 ‘항소 자제’로 순화해 덧붙였다.
이는 여야가 국정조사를 매개로 프레임 싸움을 하는 것으로 읽히는 대목이다. 국민의힘은 외압 의혹으로 정부·여당이 이재명 대통령의 사법리스크를 비호한다는 모양새를 부각하려는 의도이다. 반면 민주당은 자칫 ‘대통령 방탄’ 역풍을 맞을 수 있어 국정조사 협의에는 응하면서도 검찰의 조작기소 문제로 관심을 돌리려는 속셈이다. 더 나아가 항소 포기에 대한 검찰 내부 반발도 항명으로 규정함으로써 정권 외압이 아닌 검찰의 기득권 저항으로 프레임을 전환하려는 것이다.
민주당은 이 같은 시각차를 내세워 국정조사에 협조하지 않을 공산이 크다. 협의에 응하며 대통령 비호 역풍은 피하면서도, 국정조사가 실시되는 데까지는 이르지 못하게 하는 전략이다. 10~11일 민주당 전국 지역위원장 워크숍에서 내년 6월 지방선거를 앞두고 섣불리 국정조사가 이뤄지는 것은 위험하다는 의견이 모이기도 한 것으로 전해졌다.
당정, 12일 법사위서 논란 진화 시도..변수는 野 공세 수위
특히 압도적인 여대야소라 국민의힘만으로는 국정조사를 관철할 수 없어 민주당으로서는 구태여 무리할 필요가 없는 입장이다. 일단 강성인 추미애 민주당 의원이 이끄는 국회 법제사법위원회를 통해 청문회 자리를 마련해 정부·여당이 논란의 여지를 해소하는 게 우선이라는 의견이 다수인 것으로 알려졌다.
실제로 추 위원장은 국민의힘의 대장동 현안질의 요구에 따라 이날 전체회의를 열면서도 증인은 채택하지 않아 여야 위원들 공방만 벌이도록 했다. 12일에는 외압 의혹 당사자인 정성호 법무부 장관을 상대로 현안질의가 이뤄지는데, 정부·여당이 협력해 해명에 나서 논란을 가라앉히려는 자리가 될 전망이다.
변수는 국민의힘의 향후 공세 수위이다. 정 장관은 물론 이 대통령 탄핵안을 추진하며 탄핵정국으로 모는 한편, 단식과 삭발 등 과감한 퍼포먼스를 가미한 장외투쟁에 나서면 논란이 쉽게 가라앉지 않을 수 있어서다. 과거 2018년 자유한국당(국민의힘 전신)의 김성태 당시 원내대표가 단식투쟁으로 드루킹 특검을 관철시켰던 전례도 있다. 지난 10일 의원총회에서 해당 사례가 거론되며 강수를 둬야 한다는 목소리가 나왔던 것으로 전해졌다.
국민의힘은 이날 대검찰청과 법무부를 항의방문하며 정 장관과 노만석 검찰총장 직무대행 탄핵, 또 국정조사 결과에 따라 이 대통령 탄핵도 추진할 수 있다는 입장을 밝혔다. 장동혁 대표는 “엉망으로 망가지는 대한민국을 구하는 방법은 단 하나, 이재명을 대통령 자리에서 내려오게 하는 것”이라며 “국정조사와 특검을 통해 (진상규명을 하고) 이재명을 탄핵해야 한다”고 외쳤다.
원외 인사들을 동원해 화력을 키우려는 움직임도 있다. 항소 포기 논란에 적극적으로 목소리를 내고 있는 한동훈 전 대표가 거론된다. 검사와 법무장관을 지낸 이력이 있어 저격수 역할로 제격이라는 게 당내 평가이다. 거기다 한 전 대표와 가까운 김종혁 전 최고위원과 김준호·박상수 전 대변인 등은 자체적으로 규탄집회를 열기도 했다."
292,추미애 “총 맞았나” vs 한동훈 “상태 더 나빠져”,"[앵커]
항소 포기 논란을 둘러싼 장외 설전도 치열합니다.
5년 전 '조국 수사' 때 맞붙었던 추미애 조국 전 장관과 한동훈 당시 수사검사가 또 다시 맞붙었습니다.
""총 맞았냐"" ""상태가 안 좋다"" 격한 말이 오고 갔습니다.
백승연 기자입니다.
[기자]
추미애 더불어민주당 의원은 ""가엽게도 총 맞은 것처럼 정신이 너무 없어보인다""며 한동훈 전 대표를 저격했습니다.
한 전 대표가 대장동 항소를 포기한 검찰을 연일 비판하자, 비판 자격을 문제 삼은 건데 한 전 대표는 ""5년 전 조국 사태 때보다
상태가 더 나빠진 것 같다""고 맞받았습니다.
당시 추미애 법무장관이 조국 전 대표 수사를 지휘했던 한 전 대표를 좌천 인사했던 과거를 불러일으킨 겁니다.
조국 전 조국혁신당 대표도 가세했습니다.
""법학 교수 출신 티를 안 내려 하는데 이번 건은 할 수 없다""면서 한 전 대표 주장을 반박했습니다.
성남도시개발공사가 민사소송을 제기해 사실상 피해 회복이 곤란하지는 않아 국가가 범죄 수익을 몰수·추징할 수 없다는 겁니다.
[한동훈 / 전 국민의힘 대표(어제, SBS 라디오 '김태현의 정치쇼')
""4000억 내지는 7000억 원 되는 돈을 국가가 포기해 버린 거고.""
한 전 대표는 1심 판결문은 읽어 봤냐고 반문했습니다.
'성남도개공의 피해 회복이 심히 곤란하다고 인정된다'고 명시돼 있단 겁니다.
""모르면서 대충 우기는 걸로 도대체 몇 십년을 버티는 거냐""고 비꼬았습니다.
채널A 뉴스 백승연입니다.
영상편집: 이태희"
293,'항소 포기' 검찰 밉지만…그래도 감싸는 국힘의 속내,"'일부 정치검사' 나눠 투트랙으로
검찰에 날 세운 한동훈과 구별되는 모습
장동혁 국민의힘 대표와 송언석 원내대표를 비롯한 주요 당직자들이 11일 서울 서초구 대검찰청 본관 정문 앞에서 대검찰청 긴급 현장 규탄대회를 마친 뒤 청사로 진입하자 검찰 관계자에게 가로막히고 있다. 류영주 기자
국민의힘이 대장동 일당 1심 항소 포기 사태에 윗선의 외압이 있었을 거라고 주장하면서 검찰을 피해자로 묘사하고 있다.
항소를 포기한 주체가 검찰이라는 점에서 전선 설정에 고심이 깊지만 당장은 '일부 검사'를 분리하는 전략을 취하는 모양새다. 한동훈 전 대표가 '자살'이나 '폐지' 같은 강한 표현으로 검찰 조직에 날을 세운 것과 구별된다.
국민의힘 의원 수십명은 11일 오전엔 대검찰청, 오후엔 법무부를 직접 찾아 '항소 포기' 사태 경위를 따져 물었는데, 검찰을 향해서는 발언 수위를 조절하는 모습이었다.
송언석 원내대표는 대검찰청 앞에서 ""대다수 검사들은 억울한 국민의 편에 서서 공익의 대변자로서 범죄를 소탕하고 정의를 바로세우기 위해 어려운 상황 속에서 수사에 매진하고 있다""고 말했다.
이어 이번 사태의 '키맨'으로 꼽히는 노만석 검찰총장 직무대행이나 검찰 내 여권 성향으로 분류되는 임은정 서울동부지검장 등을 ""일부 정치검사""라고 표현하면서 그쪽에 영점을 맞췄다.
자칫 검찰 전체를 싸잡아 몰아세울 경우 여권이 꾸준히 제기해온 '검찰 개혁' 의제에 명분만 키워줄 가능성이 있기 때문에 일종의 '투트랙' 프레임을 들고 나온 것으로 보인다.
이는 더불어민주당이 '항소 포기' 결정을 검찰의 내부 반성으로 평가하면서 동시에 여기에 반발한 담당 수사팀을 '항명'이라고 규정해 역공하는 것과, 입장은 다르지만 비슷한 전략이라고 볼 수 있다.
황진환 기자
국민의힘 내부에선 이번 사태 초기부터 항소 포기를 결정한 검찰을 원망하는 반응도 많았지만 그런 메시지가 표출될 경우 사안이 검찰내 권력 투쟁으로 비치진 않을까 경계해왔다.
반면 검사 출신 한동훈 전 대표의 경우 항소 포기 결정 직후 ""대한민국 검찰은 자살했다""며 친정을 향해 강한 불만을 드러냈다. ""권력 오더 받고 개처럼 항소 포기해 주는 이따위 검찰을 폐지하는 데 국민이 반대해줘야 할 이유는 뭐냐""고 몰아세우면서다.
국민의힘은 이와 함께 노만석 직무대행 등 검찰 고위급과 정권의 사정라인을 콕 집어 비판하고 있다.
이날 오후 법무부를 찾은 송언석 원내대표는 정성호 법무부장관이 검찰에 ""신중하게 판단했으면 좋겠다""고 밝힌 일을 언급하며 ""이게 무슨 조폭인가. 깡패인가. 이것이 바로 외압""이라고 강조했다.
또, 지난 7일 △이진수 법무차관이 노만석 직무대행에게 전화로 항소 포기 필요성을 시사한 일과 △대검  지휘부가 밤늦게 항소 포기를 지시했다는 점을 거론하며 ""정성호 장관보다 더 윗선의 외압이 있었다는 방증""이라고 해석했다.
관련 기사 : [단독]이진수 차관, 노만석 대행에 '항소 포기' 법무부 의견 전달
장동혁 대표는 나아가 ""국정조사와 특검을 통해 이재명 (대통령)을 탄핵해야 한다""며 이 대통령을 정조준했다.
장 대표가 그동안 '탄핵 사유'라거나 어떤 전제를 들어 '탄핵 대상'이라고 표현한 적은 있었지만 탄핵해야 한다는 주장을 명시적으로 밝힌 건 정권 교체 후 처음이다.
※CBS노컷뉴스는 여러분의 제보로 함께 세상을 바꿉니다. 각종 비리와 부당대우, 사건사고와 미담 등 모든 얘깃거리를 알려주세요.
이메일 :
jebo@cbs.co.kr
카카오톡 :
@노컷뉴스
사이트 :
https://url.kr/b71afn"
294,野 “김만배에 1600억 돌려줘야”,"[앵커]
1심이 대장동 주범으로 지목한 김만배 씨는 대장동으로 큰 돈을 벌었죠.
검찰이 찾아서 동결시킨 재산만 2천 억 원입니다.
이번 항소 포기로, 1심 대로 판결이 나면, 야당 측은 이 중 1600억 원은 고스란히 김만배 씨에게 돌려줘야 한다고 주장합니다.
항소 포기로 대장동 일당 배만 불려주게 됐다고요.
이어서 남영주 기자입니다.
[기자]
1심 법원이 인정한 대장동 일당 김만배 씨의 범죄수익 추징금은 428억 원.
야권은 검찰의 항소 포기로 법원이 동결시켜놓은 김 씨의 범죄수익 2000억 원 중 상당수를 돌려주게 생겼다고 했습니다.
1심 보다 더 추징하는 건 불가능해졌다는 겁니다.
[주진우 / 국민의힘 의원(채널A 라디오쇼 '정치시그널')]
""이거 즉시 풀어줘야 됩니다. 국가가 받을 돈이 428억 원밖에 없는데 2천 억원을 묶을 수 없는 거죠. 1600억 원 가까이를 당장 김만배 씨한테 돌려줘야 하고요. 딱 그 현금 부자인 거죠. 1600억 원 가지고 부동산 쇼핑하고 다녀도 누가 뭐라고 하겠습니까?""
평범한 서민이 불법 로비 하나로 2천억 대 자산가가 되는 건 엄청난 반칙 아니냐고 목소리를 높였습니다.
[주진우 / 국민의힘 의원(채널A 라디오쇼 '정치시그널')]
""김만배 씨가 화천대유에 넣은 돈이 1억 몇천만 원이에요. 그런데 천몇백 억을 배당을 받고 분양 과정에서 부대 수익들이 엄청 많았습니다. 오로지 한 거라고는 로비밖에 없는데 2000억대 자산가가 된 겁니다.""
야당은 감옥에 몇 년 살고 대장동 일당들이 떼돈을 벌게 됐다며 항소 포기를 비판했습니다.
[송언석 / 국민의힘 원내대표]
""7천억이 넘는 범죄수익의 국고환수를 포기해서 대장동 일당들이 자자손손 부귀영화를 누릴 수 있는 재벌로 만들어주었습니다.""
국고환수가 사실상 막혀 국민들도 손해를 보게 됐다며 대국민 배임이라고 했습니다.
채널A 뉴스 남영주입니다.
영상취재 : 이철
영상편집 : 박형기"
295,우상호 “항소 포기가 李 구하기? 대통령 됐는데 뭘 더 구하나”,"우상호 대통령실 정무수석이 11일 대장동 사건 항소 포기에 대통령실이 개입했다는 의혹에 대해 “우리가 그 사람들에게 도움이 될 만한 정치 개입을 왜 하겠느냐”며 일축했다. 대통령실 고위급 인사가 이번 논란에 대해 공개적으로 입장을 밝힌 건 이날이 처음이다.
우상호 대통령실 정무수석이 지난 6일 서울 여의도 국회에서 열린 국회운영위원회의 대통령비서실 등에 대한 국정감사에서 의원 질의에 답변하고 있다. 뉴스1
우 수석은 이날 SBS 유튜브 방송 ‘스토브리그’에 출연해 “남욱·김만배·유동규라는 사람은 이재명 대통령이 2022년 대선 때 낙선되도록 기여한 사람이고, 우리는 그 사람들이 아주 패가망신하기를 바란다”며 대통령실 개입 의혹을 부인했다. 그러면서 “이 재판의 항소 포기로 그 사람들의 7000억원 재산을 환수 못 하게 했다고 말하는 사람이 있는데, 우리가 무슨 이유로 남욱·김만배·유동규의 재산을 보전해주려고 했겠느냐”고 반문했다.
‘검찰의 항소 포기를 대통령실이 진짜 몰랐느냐’는 물음에도 우 수석은 “제가 비서실장과 민정수석에게 다 물어봤다”며 “사전에 이걸 계획한 사람이 없다”고 강조했다. ‘대통령 구하기 차원 아니냐’는 진행자 물음에는 “대통령이 이미 되셨고, 대통령 관련 재판은 다 중단됐는데, 뭘 더 구하느냐”고 되물은 뒤 “이 재판에 개입해서 대통령이 얻을 실익이 없는데, 굳이 이 재판에 왜 우리가 껴서 사달을 만들겠느냐”고 했다.
우 수석은 검찰 수뇌부의 ‘항소 포기’ 결정 이후 반발하고 있는 수사·기소 검사들에 대해선 “반성부터 해야 하는 것 아니냐”며 “화를 내는 게 잘 이해가 안 간다”고 했다. 우 수석은 “(이들은) 일단 구형에 실패했다. (일부 피고인은) 구형보다 징역형이 더 높았다”며 “그동안 검사가 시킨 대로 발언을 조작한 대가로 구형을 싸게 한 거냐고 저는 의심할 수 있다”고 했다.
다만 우 수석은 “제가 정무수석인데, 이 이슈가 커질수록 정권에 부담이 된다는 걸 왜 모르겠는가”라며 “억울한 측면들을 제가 항변한 것”이라고 했다. 이어 “저희는 차분하게 특별한 입장을 내지 않고 특별히 우리가 꼬투리 잡힐 일은 만들지 말아야겠다(는 입장)”이라며 “정쟁의 한가운데 들어가면 안 된다. 아직 (한·미 관세 협상) 팩트시트도 완성이 안 됐는데”라고 했다.
대통령실은 이날도 공식적으론 “대통령실은 특별한 입장이 없다”고 밝혔다. 대통령실 관계자는 기자들을 만나 “대통령실은 어떤 입장도 없다”며 이같이 강조했다. 하지만 이 과정에서 취재진의 질문이 이어지자 “야당에서 제기하는 정치적 의혹에 대해 대통령실을 출입하는 기자가 묻는 것은 적합하지 않다고 판단한다”고 말해 논란을 빚기도 했다."
296,"막장 논란 속 여야 박수받은 기재위…임이자 ""민생국감 자부"" [인터뷰+]","국민의힘 3선 임이자 국회 기재위 위원장 인터뷰
'최악 국감' 속 여야 의원 모두에게 박수 받았다
""코스피 5000? 숫자 매몰 아닌 기반 마련해야""
""배당소득분리과세, 반드시 통과…여야 공감대""
""국민주권정부라면 관세 협상 국회 비준 받아야""
임이자 국회 기획재정위원장/ 사진=뉴스1
'역대 최악의 국감.'
매년 국정감사가 끝날 때마다 정치권에서 수식어처럼 반복되는 말이지만, 올해는 이 표현이 유난히 설득력을 얻고 있다. 여야가 국정운영에 대한 검증보다는 정쟁으로 일관했고, 주요 상임위는 고성으로 얼룩지고 파행은 일상화되면서다. 특히 일부 상임위원장들의 일방적이고 극단적인 진행 방식은 '최악의 국감'이라는 논란을 키웠다.
이런 가운데 여야 위원들 모두에게서 여러 차례 박수를 받았던 위원장, '이 상임위만큼은 정책 국감을 제대로 했다'는 평가를 듣는 곳도 있었다. 바로 국회 기획재정위원회다. 정쟁 없이 정책 위주의 질의가 이뤄지다 보니 위원 한 사람 한 사람에 대한 평가도 모두 좋아 '낙제자가 없었다'는 이야기가 나왔다.
사진=이슬기 한경닷컴 기자
국민의힘 소속 임이자 국회 기재위원장은 10일 한경닷컴과 인터뷰에서 ""의정활동의 꽃은 국정감사""라며 ""민생국감을 하겠다고 결심하고, 중립적인 시각에서 보려고 노력했다""고 밝혔다.
그러면서 ""여성 특유의 섬세함과 제 단호함이라는 기질이 잘 어우러져 이번 국감을 잘 마쳤다는 평가를 많이 해주셨다""며 ""첫 여성 기재위원장으로서 데뷔했는데 평가가 좋아 너무 감사하다""고 말했다.
노동운동가 출신인 임 위원장은 지난 의정 생활 10년 내내 환경노동위원회에서 활동했다. 20·21대 국회에서 환노위 간사 등을 맡으며 노동 관련 문제를 사실상 전담했고, 당내에선 '전투력'을 입증했다. 이 때문에 그가 기재위원장으로 선출됐을 당시, 일각에서는 우려의 목소리가 나오기도 했다.
10월 16일 세종청사에서 열린 국세청 감사가 끝난 뒤 여당 간사인 정태호 민주당 의원을 비롯한 여야 위원들이 임이자 위원장에게 박수를 보내고 있다. / 영상= 임이자 의원실 제공
결과적으로 임 위원장은 기재위 여야 위원 모두에게서 박수받는 장면을 만들어내며 이런 우려를 불식했다. 그는 ""전사적이고 투사적인 이미지가 있다 보니 기재위도 그렇게 끌고 갈 것 아닌가 하는 우려""가 있었다고 했다.
그러면서 국감에서 가장 기억에 남는 순간 중 하나로 지난 10월 16일 국세청 감사차 세종시에 갔을 때를 꼽았다. 그는 ""감사 후 여야 위원들이 제게 '위원장으로서 사회를 잘 보고 리드를 잘한다고 박수를 쳐주며 격려했는데 그 장면이 기억에 남는다""고 했다.
종합감사가 이뤄지기 전에 피감기관들로부터 지적사항에 대한 대응 계획을 받아 공개한 것도 큰 호응을 얻었다. 한국은행, 국가데이터처, 국세청, 관세청, 조달청, 한국수출입은행, 한국투자공사, 한국조폐공사, 한국재정정보원, 한국원산지정보원, 한국통계정보원 등 11개 피감기관을 대상으로, 국감에서 지적된 사안에 대한 구체적인 조치계획을 받아 이를 공개한 것.
임 위원장은 ""피감 기관이 이미 공개적으로 조치 계획을 약속했기 때문에 감사 결과 보고서 채택 여부와 상관없이 제도 개선이 이행될 수 있다""며 ""이런 것이야말로 민생 국감이라고 생각한다""고 강조했다.
지난 10월 13일 서울 여의도 국회에서 열린 기획재정위원회 국정감사에서 임이자 위원장이 의사봉을 두드리고 있다./사진=뉴스1
국회 기재위는 국정감사를 마쳤지만, 배당소득 분리과세나 한미 관세 협상 등 국회 비준 동의 등 굵직한 현안도 여전히 산적해 있다.
임 위원장은 배당소득 분리과세에 대해선 ""반드시 통과돼야 하고 통과될 것으로 믿는다""며 ""여야 기재위 의원들이 발의한 안을 보면 (최고세율) 25%가 합리적이라는 의견이 많다""고 말했다.
그러면서 ""저는 자본시장 활성화와 국민의 자산 증식을 위한다는 목표를 고려하면, 배당 성향에 대한 전제 조건 자체도 없애야 한다고 주장하기도 했는데, 이것이 가장 획기적 방안이라고 본다""고 말했다. 기재위 산하 예산소위는 이달 안으로 배당소득 분리과세 안건을 상정할 예정이다.
그는 국회 비준 동의 논란이 제기된 한미 관세 협상과 관련해선 ""(정부 관계자들의) 말이 앞뒤가 전혀 맞지 않는다""고 강하게 문제기를 제기했다. 협상 결과를 담은 '조인트 팩트 시트'(공동 설명자료) 발표가 늦어지면서, 정부에 대한 신뢰도가 떨어지고 있다는 지적이다.
임이자 국회 기재위원장이 지난 10월 20일 서울 중구 한국은행에서 열린 국회 기획재정위원회의 한국은행에 대한 국정감사에서 의사봉을 두드리고 있다. / 사진=연합뉴스
특히 한미 관세 협상이 국회 비준 동의 대상인지를 두고 여야는 기 싸움을 벌이는 중이다. 민주당은 한미 관세 협상이 상호 신뢰를 기반으로 한 양해각서로 비준 동의 대상이 아니라는 입장이지만, 국민의힘은 천문학적 규모의 외화가 해외로 유출될 수 있는 사안인 만큼 헌법 60조에 따라 국회 비준 동의 절차를 강하게 요구하고 있다.
헌법 60조는 '국회는 상호원조 또는 안전보장에 관한 조약, 중요한 국제조직에 관한 조약, 우호통상항해조약, 주권의 제약에 관한 조약, 강화조약, 국가나 국민에게 중대한 재정적 부담을 지우는 조약 또는 입법사항에 관한 조약의 체결·비준에 대한 동의권을 가진다'고 규정하고 있다.
임 위원장은 ""국민 주권 정부라면서 왜 국회 비준은 안 받겠다는 건가""라며 ""헌법에 따르면 이 정도 사안은 분명히 비준 동의를 받아야 한다""고 강조했다. 이어 ""어차피 여당 (의석) 숫자가 훨씬 많아서 다 통과시킬 수 있는데, 왜 특별법으로 가겠다는 거냐""며 ""정부가 계속 이런 식으로 일을 할 수 있다는 것이 굉장히 불안하다""고 덧붙였다.
다음은 임 위원장과의 일문일답이다.
▶헌정사상 첫 여성 기재위원장으로서 올해 국감을 치른 소감은?
""제가 국회 환경노동위원회에만 있다가 기재위원장으로 처음에 왔을 때 많은 분이 우려했다고 하더라. 저에게 전사적이고 투사적인 이미지가 있다 보니 기재위도 그렇게 끌고 갈 것 아닌가 하는 우려였다. 하지만 헌정사상 첫 여성 기재위원장이라는 기대도 많았다. 여성 특유의 섬세함과 제 단호함이라는 기질이 잘 어우러져 이번 국감을 잘 마쳤다는 평가를 많이 해주셨다.
저는 국회의원 의정 활동의 꽃은 국정감사라고 생각한다. 특히 국정감사는 의원 한 사람 한 사람의 땀과 보좌진들의 수고로움이 합쳐져 민생을 업그레이드하고 개선해 나가는 작업이기 때문에 애초에 '민생 국감'을 하겠다고 결심했었다. 중립적인 시각에서 보려고 노력했고, 좋은 질의나 정책을 제안하는 의원들은 북돋아 주려고 노력했다. 그래서 의원들이 위원장인 제게 불만 없이 잘했던 것 같다. 첫 여성 기재위원장으로서 데뷔했는데 평가가 좋으니 너무 감사하다.""
▶특히 종합 감사 전에 피감 기관의 대응 계획을 미리 정리해 공개한 것이 인상 깊었다.
""헌정사상 제가 최초로 시도한 방식일 것이다. 제가 3선으로 (의정 활동이) 10년째인데, 이렇게 보면 국감 후 감사 결과 보고서를 채택하는 과정에서 여야 간 미묘한 쟁점 때문에 보고서 채택이 지연되는 경우가 빈번하다. 감사를 했으면 시정이든 제도 개선이든 빨리 이행돼야 하는데, 보고서 채택이 안 되면 그간의 노력이 무의미해진다.
그래서 제가 종합감사(종감) 전에 의원들의 주요 질의 내용을 정리하고, 피감 기관에 조치 계획을 미리 제출하도록 했다. 종감이 남아있었기 때문에 피감 기관들이 계획서 제출에 모두 잘 협조했다. 피감 기관이 이미 공개적으로 조치 계획을 약속했기 때문에 감사 결과 보고서 채택 여부와 상관없이 제도 개선이 이행될 수 있다. 저는 이런 것이야말로 민생 국감이라고 생각한다.""
▶여당 시절부터 주식시장 밸류업에 관심이 많았던 걸로 알고 있다. '코스피 5000'이 목표라는 이재명 정부의 국내 증시 부양 목표에 대한 생각과 평가는?
""우리나라 주식 시장이 저평가된 것은 사실이지 않나. 자본 시장 활성화를 위한 코스피 5000 정책 방향 자체에는 동의하고, 바람직하다고 생각한다.
다만, 숫자를 목표로 세워놓고 추진하는 것은 매우 위험할 수 있다. 기업이 스스로 체질 개선을 이루고 자생적으로 성장해 코스피가 올라가는 것이 가장 바람직하다. 숫자(코스피 5000)에만 매몰돼 실물 경제를 외면한다면, 국민의 불신을 초래해 자본 시장 활성화 정책이 오히려 침체로 이어질 수 있다.
지금은 기관 투자자들이 주식 시장을 받쳐주고 있으나, 이것이 무너지면 개미 투자자들에게 주식에 대한 불신을 가져올 수 있다는 의미다. 따라서 근본적으로는 기업이 자생적으로 잘 성장할 수 있도록 튼튼한 기반을 마련해 주는 것이 중요하다. 숫자에 매몰되고 있는데 대해선 강하게 우려하고 있다.""
▶국회 기재위에서 배당소득 분리과세 논의는 어떻게 진행되고 있나?
""배당소득 분리과세(세제 개편안은) 반드시 통과돼야 하고, 통과될 것으로 믿는다. 배당소득 분리과세 안건은 11월에 소위원회에 상정될 예정이다. 그동안 정부는 35% 세율을 고집해 왔다. 그러나 기재위 여야 의원들이 발의한 안을 보면 25%가 합리적이라는 의견이 많다. 정부의 35% 안은 현실성이 떨어진다는 공감대가 있으며, 양도소득세와의 형평성을 고려할 때 25% 정도는 돼야 한다는 의견이 대체적이다.
저는 자본 시장을 활성화하고 국민의 자산 증식을 위한다는 목표를 고려하면, 배당 성향에 대한 전제 조건 자체도 없애야 한다고도 화끈하게 주장하기도 했다. 이것이 가장 획기적인 방안이라고 본다.""
▶국회 비준 동의 논란 등이 있는 한미 관세 협상에 대한 평가는?
""국민의 알 권리를 충족시켜 줘야 하는데 아직도 팩트 시트가 안 나왔다. 이상하다. 정부가 어떤 일을 하려고 하면 신중하고 꼼꼼하게 체크해서 마지막에 가서 공개해야 하는데, 말이 계속 바뀌지 않나. 처음에는 '합의문이 필요 없을 정도라 협상이 잘 됐다'고 하더니 나중엔 '국익에 반하는 것은 서명하지 않겠다고 한다. 말의 앞뒤가 전혀 안 맞는다.
기존에 미국에서 한국 자동차에 대한 관세가 0%였고 EU나 일본이 2.5%였는데, 15%로 같아졌다. 우리에게 12.5%가 와야 잘 된 협상이라고 본다. 15% 관세면 우리는 경쟁력이 오히려 더 약해진 것이다. 뭘 잘했다는 건가. 또 처음에는 '이건 절대 현금 투자가 아니고 보증이나 대출'이라고 했는데, 지금 와 보니 현금 투자가 맞지 않나. 단지 할부만 할 뿐이다. 어떤 이익 분배 구조도 나아진 게 없지 않나. 쌀이나 소고기 관련돼서도 미국은 계속 '한국이 전면 개방'이라고 한다. 있는 그대로 솔직하게 얘기해야 한다.
국민 주권 정부라면서 왜 국회 비준은 안 받겠다는 건가. 헌법에 따르면 이 정도 사안은 분명히 비준 동의를 받아야 는 것 아닌가. 어차피 이리 가나 저리 가나 민주당 의석수가 훨씬 많아서 다 통과시킬 수 있는데, 왜 특별법으로 가겠다는 건가. 뭐 켕기는 게 있는 건가 의심된다. 국민 주권 정부라고 하지 말든지, 국민 주권 정부가 모양새 빠지는 짓을 하고 있다."""
297,"대통령실, 나흘 만에 “입장 없다”","[앵커]
야당은 대통령실이 결국 시켰을 거라고 계속 주장하고 있죠.
대통령실 검찰 항소 포기 나흘 만에 첫 공식 입장을 냈습니다.
뭐라고 냈는지 홍지은 기자가 보도합니다.
[기자]
대통령실이 검찰의 대장동 항소포기 나흘 만에 첫 공식 입장을 밝혔습니다.
기자 질의에 대한 대통령실 관계자의 답은 ""특별한 입장이 없다""였습니다.
항소 포기와 관련해 사전에 교감이 있었을 거라는 야당의 주장에 대해 묻자 ""야당이 제기하는 정치적 의도에 대해 대통령실 출입기자가 묻는 건 적합하지 않다""고 기자를 비판했습니다.
우상호 대통령 정무수석은 한 유튜브 출연에서 대통령실 개입은 없었다고 선을 그었습니다.
[우상호 / 대통령 정무수석(SBS 유튜브 '정치컨설팅 스토브리그')]
""우리가 그 사람들에게 도움 될만한 정치 기획을 왜 합니까? 이 재판에 왜 개입해요. 이 이슈가 커질수록 정권에 부담이 된다는 사실을 제가 왜 모르겠습니까, 정무수석인데. 그런데 억울한 측면들을 제가 항변한 거고….""
그러면서 반발하고 있는 검찰을 비판했습니다.
[우상호 / 대통령 정무수석(SBS 유튜브 '정치컨설팅 스토브리그')]
""(검사들이) 항의하기 전에 1심에서 무죄 받은 거에 대해서 먼저 반성해야 되는 거 아니에요?""
대통령실 관계자는 공식으로 대응할 생각이 없다고 했습니다.
야당의 프레임을 말려들지 않기 위한 의도로 풀이됩니다.
하지만 ""계속 검사들이 이런 식으로 나오면 기강의 문제""라며 검찰의 반발 기류에 불쾌감을 드러냈습니다.
채널A 뉴스 홍지은입니다.
영상취재 : 김기태 박희현
영상편집 : 이희정"
298,"與 ""집단항명 검사 강력조치""…징계에 국조·청문 카드 수면위로(종합)","정청래 ""尹에 침묵 초라한 검사들 갑자기 힘 솟았나""…김병기 ""호구로 아나""
""친윤 정치검찰이 내란 뿌리이자 국힘 본진"" 맹폭…방법론엔 의견 분분
민주당 지역위원장 워크숍
(경기광주=연합뉴스) 김주성 기자 = 더불어민주당 정청래 대표와 김병기 원내대표가 10일 경기 광주시 곤지암리조트에서 열린 '2025 전국지역위원장 워크숍'에서 지역위원장 등 참석자들과 함께 국기에 경례하고 있다. 2025.11.10 utzza@yna.co.kr
(서울=연합뉴스) 김영신 김정진 안정훈 기자 = 더불어민주당은 11일 대장동 사건 항소 포기에 대한 검찰 일각의 반발을 ""집단 항명""으로 규정하며 강력한 대응을 예고했다.
정청래 대표는 이날 페이스북에서 ""조작 기소, 집단 항명한 검사들은 국정조사 등 강력한 조치가 필요하다""고 밝혔다.
정 대표는 ""윤석열 구속 취소에 침묵했던 비겁한 검사들, '그대 앞에만 서면 나는 왜 작아지는가'란 노래 가사처럼 초라하고 볼품없던 검사들이 갑자기 힘이 솟았나""라고 강하게 비판했다.
김병기 원내대표는 국회에서 여야 원내대표단 회동 전 기자들과 만나 ""검찰이 이래도 되느냐. 가만 안 두겠다""며 정성호 법무부 장관에게 검찰에 대한 징계 요청을 건의하겠다고 말했다.
김 원내대표는 ""(검찰이) 민주당 정권을 호구로 아는 것 같다. 검사장, 검사, 지청장, 평검사까지 대놓고 해보자는 것이냐""며 ""전부 다 징계 처리해야 한다""고 거듭 강조했다.
그는 ""이 건이 문제 있다고 치고(치면), 그것을 내부에서 얘기해야지 어떤 공무원이 외부에다 대고 이렇게 얘기를 하느냐""며 ""밖에서 보라고 하는 것 아니냐""고 목소리를 높였다.
국정조사 또는 청문회 추진 여부를 묻자 ""하자는 것 (모두) 다, 그리고 하지 말자는 것도 하겠다""고 했고, '하지 말자는 게 뭐냐'는 후속 질문엔 ""일단 특검을 안 하려고 할 것""이라고 답했다.
김 원내대표는 지난 9일 기자회견에서도 ""대장동 수사팀의 조직적 반발이 검찰의 행태라면 국정조사, 청문회, 상설특검을 해야 한다""고 밝힌 바 있다.
최고위원회의에서 발언하는 김병기 원내대표
[연합뉴스 자료사진]
다만 당 내부에서는 이번 사태에 대한 구체적 대응 수위와 방식을 놓고 의견이 엇갈리는 모습이다.
당 핵심 관계자는 연합뉴스와 통화에서 ""법사위 단계에서 얼마든 할 수 있는 청문회부터 해야 한다""며 ""충분치 않으면 필요시 국정조사까지 가야 한다""고 말했다.
이 관계자는 김 원내대표가 거론한 상설특검에 대해선 ""특검은 재판 중인 사건에 대해서는 못하게 돼 있어 힘들다""고 했다.
다른 관계자는 ""청문회나 현안 질의로 다루면 된다""며 ""이미 사실관계가 다 나와 있어 심층 조사를 할 게 아니어서 국정조사까지 갈 사안은 아니다""라고 말했다.
한편 민주당은 항소 포기가 정권의 외압이라며 이재명 대통령 탄핵까지 거론하는 국민의힘을 향해선 '내란 정당' 공세를 퍼부으며 외압 의혹을 일축했다.
조승래 사무총장은 이날 페이스북을 통해 ""역시 내란의 뿌리는, 국민의힘의 본진은 친윤 정치검찰""이라며 ""뿌리이자 본진인 (검찰의) 항명 신호에 따라 일사불란하게 움직이는 국민의힘은 마치 파블로프의 개를 보는 것 같다""고 말했다.
박주민 의원은 YTN 라디오에서 항소 포기에 대한 국민의힘의 '윗선 개입' 의혹 제기에 대해 ""노만석 검찰총장 대행은 지시받기보다는 본인이 의견을 구했다고 했다""며 ""정성호 법무부 장관도 '의견을 구해 왔길래 신중히 검토해서 판단하면 될 것 같다'는 취지의 가벼운 의견을 전달했다는 것이다. 특별한 지시나 외압 정황은 드러나지 않는다""고 선을 그었다.
서영교 의원도 KBS 라디오에서 ""검찰이 법무부에 보고는 당연히 하는 것이고 (정 장관이) 왜 신중히 판단하라고 얘기했겠느냐""며 ""그동안 검사들이 무리하게 수사를 공작·조작·기소하면서 자신들의 정적 제거용으로 사건을 키운 사례들이 너무나 많았기에 지금의 검찰개혁이 이뤄지고 있는데 그 버릇을 아직도 못 버렸다""고 질타했다.
서울 서초구 서울중앙지방검찰청
(서울=연합뉴스) 이동해 기자 2025.11.11 eastsea@yna.co.kr
shiny@yna.co.kr"
299,국힘 성일종 “100만원 백이 무슨 뇌물이냐”…김기현 옹호,"성일종 국회의원
국민의힘 성일종 의원은 11일 같은 당 김기현 의원의 배우자가 김건희 여사에게 100만 원 상당의 가방을 선물한 데 대해 “100만 원 정도 되는 가방이 무슨 뇌물이냐”며 김 의원을 두둔했다. 성 의원은 100만 원 정도의 가방은 ‘보편적인 백’이라고 했다.
성 의원은 이날 KBS 라디오 ‘전격시사’에서 “그게 무슨 뇌물일 것이며, (김 여사가) 보신 적도 없을 것 같다”고 주장했다.
성 의원은 “인사를 가야 하니까 아마 (김 의원) 사모님께서 그 정도 사셔서 가신 것 같다”며 “돈 100만 원 정도되는 보편적인 백인 것 같다”고 주장했다.
그러면서 성 의원은 “그걸 뇌물로 연결하는 게 특검이 할 일이냐”고 주장했다.
앞서 6일 김건희 특검은 김 여사의 서울 서초구 아크로비스타 자택을 압수수색하는 과정에서 프랑스 명품 브랜드인 로저비비에의 클러치백(손가방) 2개를 압수한 것으로 확인됐다.
특검은 현장에서 가방과 함께 압수한 ‘감사편지’ 등을 토대로 김 의원의 부인이 김 여사에게 이 가방을 건넨 것으로 보고 정확한 사실관계를 파악하고 있다.
김 의원은 8일 입장문에서 “제 아내가 2023년 3월 국민의힘 전당대회에서 제가 당대표로 당선된 후 김 여사에게 클러치백 1개를 선물한 사실이 있다고 한다”며 “제 아내가 김 여사에게 했던 선물은 배우자끼리 사인간의 의례적인 예의차원의 인사였을 뿐 그 이상 그 이하의 의미도 없다”고 했다.
김 의원은 “제 아내가 신임 여당 대표의 배우자로서 대통령의 부인에게 사회적 예의 차원에서 선물을 한 것”이라며 “여당 대표와 대통령이 서로 원만히 업무 협력을 하는 것이 필요하다는 생각으로 덕담 차원의 간단한 인삿말을 기재한 메모를 동봉했다고 한다”고 했다.
그러면서 김 의원은 “이미 여당 대표로 당선된 저나 저의 아내가 윤 대통령 부부에게 청탁을 할 내용도 없었고 그럴 이유도 없었다”고 했다.
김 의원은 “특검이 별 성과를 내지 못한 채 민중기 특검 자신의 주식투자 사기 의혹으로 인해 국민적 비난에 부딪히자 시선 돌리기용 언론 플레이를 하는 것은 아니기를 바란다”고 했다.
아울러 김 의원은 “사실 확인 없는 억측을 바탕으로 마치 범죄 혐의라도 있는 것처럼 보도되지 않도록 해주실 것을 언론인 여러분들께 정중히 부탁드린다”고 했다."
300,"與 ""항명 검사 조치해야"" VS 野 ""범죄 덮는 자도 공범""","野 대장동 현안질의 요구로 열린 법사위
여야 언쟁만 벌이다 추미애 '정회 선포'
현안질의 무산되고 자정 자동산회 수순
12일 정성호 상대로 현안질의 예정
나경원 국민의힘 의원을 비롯한 법사위원들이 11일 국회에서 열린 제429회국회(정기회) 법제사법위원회 제13차 전체회의 정회 후 대장동 사건 항소 포기 관련 현안질의 및 증인 채택 등에 대해 입장을 밝히고 있다. 뉴스1
[파이낸셜뉴스] 여야가 검찰의 대장동 개발 비리 1심 항소 포기를 두고 11일 국회 법제사법위원회에서 격돌했다. 국민의힘은 이재명 정부의 항소 포기 외압 의혹을 받는 정성호 법무부 장관 등을 '공범'이라며 압박했다. 이에 더불어민주당은 검찰의 조작기소 행태가 드러난 것이며 일부 검사의 집단항명에 단호히 대처해야 한다고 요구하며 맞대응했다.
이날 법사위 전체회의는 국민의힘의 대장동 항소 포기 현안질의 요구로 열렸다. 하지만 여야 협의가 이뤄지지 않으면서 증인도 채택하지 못한 채 진행됐다.
민주당은 국회법상 7일 전 증인을 채택해야 소환이 가능하다고 지적하는 반면 국민의힘은 증인 대다수가 공직자이기에 국회의 부름에 당연히 응해야 한다고 반발했다.
결국 증인 부재로 현안질의는 진행되지 못하고 여야 법사위원들의 의사진행발언 공방만 벌어졌다.
조배숙 국민의힘 의원은 ""검찰이 내부적으로 항소하기로 결정했다가 마감 7분 전에 결정이 뒤집혔다""며 ""정치적인 외압이 가해진 것이고 윗선이 법무부장관, 그리고 대통령이라는 의혹이 제기된다""고 주장했다.
같은 당 송석준 의원은 ""대장동 사건이 아주 잘 된 판결이라면서 정 장관이 신중 검토가 필요하다고 메세지를 내고 이런 개입까지 하며 항소를 취소했다""며 ""이건 이재명 대통령에게 면죄부를 주는 것이고 이익을 범죄자에게 주는 것""이라며 목소리를 높였다.
법제사법위원회 소속 더불어민주당 의원들이 11일 서울 여의도 국회 법제사법위원회 전체회의가 정회된 후 기자회견을 하고 있다. 뉴스1
김기표 민주당 의원은 재판 결과에 따른 추징금은 국고 환수가 아닌 성남도시개발공사에 돌아간다고 반박했다. 국민의힘이 줄곧 주장하는 항소 포기로 인한 국가의 범죄 수익 추징 실패가 애당초 존재할 수 없다는 취지다.
같은 당 박지원 의원도 ""법무부장관의 지시 의혹은 이미 해명이 됐다""며 ""항명하고 있는 내란세력인 검찰에 대해 법무장관은 단호한 인사 조치로 공직기강을 바로 세우는 모습을 보여야 한다""고 요구했다.
의사진행발언이 끝나자 법사위원장인 추미애 민주당 의원은 현안질의 관련 여야 협의가 필요하다며 정회를 선포했다. 그러자 여야는 법사위 회의장에서 입장을 밝혔다.
민주당 법사위 간사인 김용민 의원은 ""내일(12일) 현안질의가 있고, 법무장관이 나온다""며 ""내일 질의해도 문제가 없으나 이걸 가지고 이러는 것은 오로지 정쟁하고 불필요한 문제제기를 하며 파행으로 이끌겠다는 것으로 밖에 보이지 않는다""며 지적했다.
나경원 국민의힘 의원은 ""참담한 심정이다. 오늘 긴급현안 질의는 한 마디로 맹탕회의""라며 ""이 대통령이 죄를 면하기 위한 항소 포기 진실이 밝혀질까 진실을 가리고 싶어 하는 것""이라며 맹공했다.
그러면서 ""이 진실을 덮고자 하는 이재명 대통령과 대통령실, 정 장관과 추 위원장은 공범""이라며 ""내일 전체회의를 비롯해 국회에서 항소 포기의 진실을 밝혀내겠다""고 덧붙였다."
301,"""檢 선택적 항명"" ""윗선 불법 지시""…법사위 또 고성 난장판","검찰의 ‘대장동 사건 항소 포기’ 결정을 둘러싸고 여야가 충돌했다. 11일 오후 열린 국회 법제사법위원회(법사위) 전체회의는 시작 40여 분 만에 고성과 함께 정회됐다. 여당은 “검찰의 선택적 항명”을, 야당은 “윗선의 불법 지시”라고 주장하며 맞섰다.
이날 회의는 국민의힘이 긴급 현안질의를 요구하면서 열렸지만, 정성호 법무부 장관과 노만석 검찰총장 직무대행 등 정부 측 인사는 불출석했다. 안건조차 ‘미정’인 상태에서 회의가 시작되자 양측의 공방은 초반부터 격화됐다.
11일 서울 여의도 국회에서 열린 제429회국회(정기회) 법제사법위원회 제13차 전체회의서 추미애 위원장이 정회를 선포하고 있다. 뉴스1
국민의힘은 항소 포기 결정 배후에 법무부 장관과 대통령실의 외압이 있었다고 주장했다.
곽규택 의원은 “78년 검찰 역사상 초대형 비리 사건에서 항소를 포기한 전례가 없다”며 “법무부 장관이 불법 지시를 한 사실이 이미 확인됐다”고 말했다. 조배숙 의원 역시 “권력형 대형 비리 사건에서 항소를 포기한 건 검찰 역사상 처음”이라며 “윗선이 대통령일 가능성이 있다”고 했다.
곽 의원은 이어 “안건도 정하지 않은 상태에서 회의를 여는 게 제정신이냐”며 추미애 위원장을 향해 고성을 질렀다. 추 위원장은 “상습적으로 ‘제정신이냐’는 발언을 하는데 도를 넘었다”며 나경원 의원의 의사진행 발언 요청을 받아들이지 않았다.
나 의원은 이후 기자회견에서 “추 위원장이 회의를 형식적으로 열고 진실을 가리고 있다”며 “이재명 대통령의 혐의를 덮기 위한 ‘항소 포기 공범’”이라고 비판했다.
나경원 의원 등 국민의힘 법제사법위원회 위원들이 11일 오후 국회 법제사법위원회 전체회의장에서 이날 열린 전체회의에 대한 입장을 밝히고 있다. 임현동 기자
반면 더불어민주당은 검찰의 항명과 조작 기소를 문제 삼았다.
박지원 의원은 “사법부 판결을 존중한 검찰의 결정”이라며 “선택적 항명으로 내란을 일으키는 세력에 단호히 대응해야 한다”고 주장했다. 김용민 의원은 “검찰이 대장동 사건을 정치적으로 조작했고, 그게 드러나자 집단 항명으로 맞서는 것”이라며 “절대 용납할 수 없다”고 말했다.
박균택 의원은 “애초에 검찰이 잘못 기소했고, 추징 청구도 부당했다”며 “항소해도 판결이 뒤집힐 가능성은 없다”고 했다. 김기표 의원도 “항소 포기와 무관하게 이재명 대통령에게 유리해지는 건 없다”며 “성남도시개발공사가 손해배상 소송을 제기해 환수가 가능하다”고 반박했다.
민주당은 또 국민의힘을 향해 “김건희 여사 도이치모터스 사건, 윤석열 전 대통령 구속취소 즉시항고 포기 때는 침묵하더니 왜 이제 와서 항명하느냐”고 맞받았다.
더불어민주당 법제사법위원회 김용민 간사와 의원, 무소속 최혁진 의원이 11일 오후 국회 법제사법위원회 전체회의장에서 이날 열린 전체회의에 대한 입장을 밝히고 있다. 임현동 기자
추미애 법사위원장은 회의 진행이 난항에 빠지자 “국민의힘이 안건 협의를 거부하고 무리하게 회의를 요구했다”며 “국회 증언감정법상 증인 출석 요구는 7일 전에 송달해야 한다”고 설명했다. 그러면서 “현안질의 방식과 일정에 대해 여야 간 협의가 이뤄질 때까지 정회한다”고 선언했다.
국민의힘은 즉시 반발했다. 조배숙 의원은 “정상적인 현안질의를 가로막은 것”이라며 “법무부 장관과 검찰총장 대행을 출석시켜 항소 포기의 진상을 규명해야 한다”고 요구했다.
결국 이날 법사위 회의는 개의 40여 분 만에 정회됐다. 여야는 서로에게 책임을 돌리며 “정치공세” “진실 은폐”라며 맞섰다. 법사위는 12일 법안 심사를 위한 전체회의를 다시 열 예정이다. 이 자리에는 정성호 법무부 장관이 출석할 예정이다."
302,정치권 휘감은 ‘대장동 항소포기’ 논란…‘극단 진영주의’ 나라 쪼개질라,"국민의힘, 11일 대검·법무부 항의방문…현장 규탄대회 ‘전면전’
공세 수위 점점 더 높이는 국힘…나경원 “이재명 탄핵감” 목소리까지
노만석 검찰총장 직무대행, 거취고민 중…檢 내부 집단 반발 격화
민주당 “檢의 조작 기소” 프레임으로 역드라이브…필요시 상설특검까지
송언석 국민의힘 원내대표가 11일 서울 서초구 대검찰청에서 열린 검찰의 대장동 개발 비리사건 항소 포기와 관련한 규탄대회에서 발언하고 있다. [연합뉴스]
대장동 비리 사건 항소포기 논란이 점입가경이다. 정치권까지 빠르게 확산되면서 극단의 진영정치를 유발, 정국이 얼어붙은 모습이다. 나라가 둘로 쪼개질 위기에 처한 게 아니냐는 우려의 목소리까지 나온다.
국민의힘 의원 40여명은 11일 오전 서초동 대검찰청 청사 앞에서 검찰의 대장동 사건 항소 포기 관련 규탄대회를 열고 노만석 검찰총장 직무대행의 사퇴와 국정조사 및 특검을 통한 진상규명을 촉구했다.
장동혁 대표는 “단군 이래 최대의 개발 비리 범죄가 일부 무죄가 선고됐는데도 항소를 포기했다”며 “김병기 더불어민주당 원내대표도 말한 것처럼 국정조사를 하고, 특검도 하자”고 운을 뗐다. 이어 장 대표는 “지금 즉시 법원은 이재명 대통령 재판을 재개해야 한다”며 “그것이 대한민국을 구하는 유일한 길”이라고 목소리를 높였다.
송언석 원내대표는 “용산과 법무부에 아부하느라 70년 검찰 역사의 자존심을 대장동 잡범들에게 팔아먹은 노만석을 강력히 규탄한다”고 말했다. 이어 송 원내대표는 “범죄자에게 수천억 원의 부당이득을 챙겨주고, 부당한 항소 포기에 항의하는 검사들을 항명으로 몰아붙이는 무도하고 파렴치한 정권”이라고 성토했다.
나경원 의원은 이날 YTN 라디오 ‘김영수의 더 인터뷰’에 출연해 노 대행, 정성호 법무부 장관, 이진수 법무부 차관, 박철우 대검 반부패부장 등 주요 인사들이 사퇴해야 한다고 주장했다. 나 의원은 “대통령도 탄핵감이고 법무부 장관도 탄핵감이고 검사장급 이상들, 검찰총장 대행부터 탄핵감”이라고 공세 수위를 높였다.
법조계에 따르면, ‘대장동 항소 포기’ 사태로 검찰 내부 반발 역시 거세지면서, 검찰 지휘부의 동반 사직 조짐까지 보이고 있다.
노 대행은 사태 이후 검찰 후배들로부터 지속적인 사퇴 요구를 받고 있다. 대검 부장(검사장) 7명은 전날 오전 회의석상에서 노 대행에게 사퇴를 촉구했고, 지방검찰청장·고검 차장 등 18명은 검찰 내부망에 글을 올려 “항소 포기 경위를 상세히 설명하라”고 압박했다. 평검사인 대검 연구관들도 같은 날 노 대행을 찾아가 “검찰의 핵심 기능인 공소 유지 의무를 스스로 포기했다”면서 거취를 결정하라고 쏘아붙였다.
반면 민주당은 검찰 내부의 집단 반발을 ‘친윤 검사들의 조직적 항명’으로 규정하고 역드라이브를 걸고 있다.
국민의힘이 ‘항소 포기 외압’ 국정조사를 압박하자, 민주당은 ‘대장동 조작 기소 의혹’ 프레임으로 대응하고 국회 현안질의와 청문회, 필요하면 상설특검까지 가겠다는 입장이다. 민주당은 검찰이 오히려 형량 판단과 기소 전략 관련 스스로의 무리한 수사 과정을 감추기 위해 정치적 공세를 펴고 있다고 맞불 작전을 펴고 있다."
303,"정의당도 반발 “대장동 비리, 결재권자 李 사법리스크…정부 항소포기 개입 납득불가”","당 논평서 “檢에 ‘신중 판단하라’ 말했다는 정성호 법무장관, 정치검찰 망령 소환”
“최대규모 민간 특혜 개발비리…檢 항소포기시켜 7814억 중 6%밖에 추징 못해”
“李 사법리스크에 정부 더욱 중립 지켰어야, 대통령 재판중지법처럼 불필요 논란”
“내란수괴 석방 침묵하던 검사들 후안무치해도, 장관이 항소포기 정당화 더 문제”
권영국 대표 명의론 ‘대북 무인기’ 尹 일반이적죄 기소 질타 “이런 악귀들 또 있나”
성남 대장동 개발비리 1심 검찰 항소포기 외압 의혹으로 여야 공방이 치열한 가운데, 범여(汎與)권에서 정의당이 “항소 포기 납득 어렵다”는 입장을 냈다.
11일 정치권에 따르면 정의당은 전날(10일) 공식 성명에서 “검찰이 ‘대장동 개발 특혜 사건’에 대한 항소를 포기했다. 정성호 법무부 장관은 자신이 대검찰청에 ‘신중하게 판단하라’고 말했다고 밝혔다”며 “권력의 향배에 따라 수사 의지가 달라지는 정치검찰의 망령을 법무장관이 다시 불러일으킨 셈이다. 납득하기 어려운 결정”이라고 비판했다.
정의당은 “이 사건과 관련해 검찰이 (이해충돌방지법 등에 근거해) 추징을 요구한 금액이 7814억원에 달한다. 대한민국 최대 규모의 민간 특혜 개발비리”라며 “지난 제20대 대선을 뿌리부터 뒤흔든 사건에 대해 1심 재판부는 피고인 5명 중 3명에 구형보다 낮은 형을 선고했고, 뇌물 혐의와 특경법상 배임 혐의에는 아예 무죄를 선고했다”고 지적했다.
권영국 정의당 대표가 지난 8월 26일 서울 용산 대통령실 앞에서 금융정의연대와 전국사무연대노동조합 등과 함께 기자회견을 열고 신협(신용협동조합)의 여비 부당수령, 법인카드 사적 유용 등을 비판하며 비리 근절과 지배구조 개선을 촉구하고 있다.<정의당 홈페이지 사진 갈무리>
이어 “검찰의 항소 포기로 추징금은 6% 수준인 473억원으로 축소됐다. 구형보다 낮은 형량을 선고받은 김만배(화천대유 대주주)·남욱·정영학 등 3인은 항소를 통해 형이 더 깎일지도 모른다”며 “대장동 사건은 민·관결탁과 대규모 이익 편취 등 구조적 부패의 전형이나, 검찰의 선택적 수사와 항소 포기로 그 진실의 윤곽을 밝힐 수 없게 됐다”고 했다.
또한 “이 사건은 당시 성남시장으로 최종 결재권자였던 이재명 대통령의 ‘사법리스크’”라며 “정부는 더욱 철저히 중립을 지켰어야 할 사안인데도 법무부가 절차와 순리, 관례에 맡기지 않고 이례적인 항소 포기에 개입한 건 대단히 문제다. 똑같이 불필요한 논란을 부른 ‘현직 대통령 재판중지법’이 철회된 지 며칠 지나지도 않았다”고 문제 삼았다.
특히 “이게 사법 정의인가. 정치검찰 청산을 명분으로 검찰개혁을 강력하게 추진하는 이재명 정부에서 도리어 앞장서 검찰을 정치화한 결정을 국민은 어떻게 이해해야 하냐”며 “내란수괴 석방 때 침묵하던 검사들이 이제 와 정의의 투사 행세하는 게 후안무치하지만, 정성호 장관이 그 일을 언급하며 항소포기를 정당화하는 건 더 부적절하다”고 질타했다.
정의당은 “검찰개혁을 ‘내로남불’로 만드는 꼴밖에 더 되느냐”며 “정의당은 검찰의 권력독점 청산과 시민의 기본권 보호가 검찰개혁의 핵심 원칙”이라고 밝혀뒀다. 그러면서 “정부는 항소 포기에 관여해 또다시 검찰을 살아있는 권력 방패로 삼고, 검찰은 막대하게 부당이익을 챙긴 대장동 일당의 환수 부담을 현저히 감면해준 결과를 초래했다”고 했다.
그러면서 “진정한 검찰개혁은 검찰이 스스로 권력화하거나 권력의 도구로 전락하지 않도록 제도를 개혁하는 것이다. 검찰의 권력분산과 함께 ‘정치의 사법화’를 방지할 방안을 강구해야 한다”며 “대장동 일당의 불법 수익을 환수하고 실체적 진실을 규명할 방안도 찾아야 한다. 철저한 진상규명으로 이번 사건의 경위를 파악하고 국민 앞에 합리적으로 설명하는 것도 반드시 필요하다. 이재명 정부는 적극적으로 그 방안을 강구하라”고 촉구했다.
한편 정의당은 11일 권영국 대표 명의의 논평에서 12·3 비상계엄 내란 혐의 외에도 일반이적죄로 추가 기소된 윤석열 전 대통령과 군부를 비판했다. 대북 무인기 침투작전을 두고 권영국 대표는 “군이 ‘전시 혹은 이에 준하는 국가비상사태’란 계엄 명분을 만들기 위해 무인기를 북한의 가장 예민한 곳에 침투시키는 것으로 군사작전을 기획했다”고 질타했다.
특히 “국지적인 포격과 격침을 수반하는 안보위기에서 피난을 고려할 수 있는 군사적 충돌까지도 유인하기 위해 무인기를 침투시켰단 것”이라며 “군통수권자와 군지휘권자들이 대통령실에 앉아 국민의 생명과 안전을 권력 유지의 볼모로 잡고 군사적 도발을 감행한 거다. 사실이라면 이런 ‘악귀’들이 또 어디있나”라면서 법원에 ‘최고 엄벌’을 촉구했다."
304,"국힘, 대통령 칭호도 뗀 채 ""이재명 탄핵해야"" 총공세... 장외집회 카드도 만지작","오전 대검 오후 법무부 연달아 항의 방문해
'대통령' 칭호 생략한 채 탄핵 압박 수위 높여
""이르면 이번 주말 장외집회 가능성"" 관측
장동혁 국민의힘 대표가 11일 정부과천청사 법무부 앞에서 당 소속 의원들과 현장 규탄 대회를 하고 있다. 민경석 기자
국민의힘은 '대장동 사건 항소 포기 파문'과 관련 이재명 대통령 탄핵까지 서슴없이 거론하며 총공세를 폈다. 특히 대통령 칭호도 생략하며 공세 수위를 최고조로 끌어올렸다. 이날 대검찰청 및 법무부 릴레이 항의 방문에 나선 데 이어 이번 주말(15, 16일) 장외집회를 재개할 수 있다는 관측도 나온다.
""이재명 범죄자"" 원색적 비난
국민의힘 지도부는 11일 오전과 오후 각각 서울 서초구 대검 청사와 정부과천청사 법무부에서 현장 규탄 대회를 열고 이 대통령을 직격했다. 장동혁 대표는 대검 앞에서 대통령이라는 칭호도 떼버린 채 ""이 모든 것은 이재명 때문이다. 국정조사와 특검(특별검사 수사)을 통해 이재명을 탄핵해야 한다""고 목소리를 높였다. 전날 ""대통령까지 보고받았다면 탄핵 사유라고 생각한다""며 '조건부 탄핵'을 언급했던 것보다 한발 더 나아간 것이다. 송언석 원내대표도 ""이재명이라고 하는 범죄자를 대통령으로 만들어 놨더니 범죄자와 추종 세력들이 대한민국을 범죄자가 당당한 나라로 만들고 있다""고 원색적 비난을 쏟아냈다.
정성호 법무부 장관에 대한 탄핵도 경고했다. 장 대표는 이날 오후 법무부 방문 뒤 기자들과 만나 이 사안을 '정성호 게이트' '노만석의 난'으로 명명하면서 ""스스로 물러나지 않는다면 탄핵을 추진할 것""이라고 말했다. 정 장관의 ""신중히 알아서 판단하라고 얘기했다"" 발언과 노만석 검찰총장 직무대행의 ""용산·법무부와의 관계를 따라야 했다"" 발언을 외압 실토로 규정한 것이다.
다만 지도부의 격한 공세와 달리 이날 대검·법무부 항의 방문에는 당 소속 의원 107명 중 약 40명만 모이는 등 결집력이 떨어지는 듯한 모습도 보였다. 국민의힘 의원들은 현장 방문 당시 정 장관과 노 대행 면담을 요구하며 대검·법무부 진입을 시도했지만 청사 직원들에게 막혀 실패했다. 정 장관과 노 대행은 각각 '외부 일정'과 '연차 사용'을 이유로 면담을 거부했다.
장동혁(왼쪽 세번째) 국민의힘 대표와 송언석(두번째) 원내대표 등 당 소속 의원들이 11일 서울 서초구 대검찰청에 항의 방문해 청사 진입을 막는 직원에게 항의하고 있다. 연합뉴스
""한번 나가면 돌아오기 어려워"" 장외집회 고심
이에 국민의힘은 원내 규탄도 병행했다. 국민의힘은 이날 열린 국회 법제사법위원회에서 항소 포기 과정에 대통령실과 법무부 등 윗선 개입 여부를 규명해야 한다고 목소리를 높였다. 반면 더불어민주당은 대장동 사건 자체를 조작 기소로 규정하면서 정치 공세를 중단하라고 물러서지 않았다. 특히 민주당 소속 추미애 법사위원장이 발언에 끼어들었다는 이유로 나경원 의원의 발언권을 제한하면서 국민의힘 의원들이 거세게 항의하는 사태도 있었다.
김은혜(오른쪽) 국민의힘 의원과 안철수 의원이 11일 국회에서 '대장동 사건 항소 포기 파문' 관련 기자회견을 열고 있다. 연합뉴스
국민의힘은 원내·외 여론전을 계속 끌고 간다는 계획이다. 12일 국회에서 당원들과 규탄 대회를 하고 16일 장외집회도 검토 중인 것으로 전해졌다. 당 일각에서는 지도부가 '삭발 투쟁'이라도 해야 한다는 강경론까지 나왔다. 다만 ""한번 장외로 나가면 출구를 마련하기 쉽지 않아 지도부가 신중히 결정해야 한다""는 여론도 있어 지도부는 대응 수위를 고심 중이다."
305,대통령실 “검찰 집단행동은 기강 문제… 좌시 않을 것”,"여권 “검찰 스스로 무덤 파는 셈”
연합뉴스
대통령실은 검찰의 ‘대장동 항소 포기’ 논란에 선을 그으며 공식 입장을 삼가고 있지만, 검찰의 집단 반발 움직임 확산에는 촉각을 기울이고 있다. 대통령실은 ‘검란’을 기강 문제로 인식하고 있는 것으로 전해졌다. 야권의 공세에는 대응하지 않겠지만 검찰의 기강 해이까지 용인할 수는 없다는 것이다.
대통령실 핵심 관계자는 11일 대장동 항소 포기 사건 이후 빚어진 검찰 반발과 관련해 “집단행동이라고 판단되는 순간, 그것은 기강의 문제가 되는 것”라며 “기강 문제는 그냥 좌시하고 넘어가지 않을 것”이라고 밝혔다. 대통령실은 최근 일부 검사장들이 검찰총장 직무대행에게 항소 포기 경위를 공개하라는 집단 서한을 전달하는 등의 조직적 움직임에 대해 특히 관심을 기울이고 있다.
우상호(사진) 대통령실 정무수석은 이날 SBS 유튜브 채널에 출연해 검찰의 움직임을 정면으로 비판했다. 우 수석은 “수사·기소를 맡았던 검사는 화를 내는 게 아니라 구형 실패한 것에 대한 반성을 먼저 해야 한다”면서 “조작된 발언을 한 대가로 구형을 낮춘 것 아니냐는 의심도 든다”고 꼬집었다. 이어 “배임죄 공소유지를 제대로 하지 못해 무죄를 받은 것 아니냐”며 “기업인과 정치인에겐 배임죄에 대해 정반대 잣대가 있다”고 말했다.
대통령실은 이번 항소 포기 결정이 법무부와 검찰 사이의 일인 만큼 정치적 의혹으로 끌고 가는 야당 공세에는 정면 대응하지 않겠다는 방침을 세운 것으로 알려졌다. 실제 이재명 대통령은 이날 생중계된 국무회의에서도 관련 언급을 일절 삼간 채 다른 예정된 안건들만 처리했다.
대통령실 관계자는 이날 비공개 브리핑에서 ‘대통령실과 (법무부의) 사전 교감이 있었다는 야당의 지적’에 대한 입장을 묻는 말에 “입장이 없다. 야당이 제기하는 정치적 의혹에 대해 대통령실 출입기자가 묻는 건 적합하지 않다고 본다”고 불쾌감을 드러냈다.
대통령실 내부에서는 이번 사태가 검찰개혁 필요성을 자연스럽게 드러내는 계기가 될 수 있다는 시각도 존재한다. 정치적 논란을 낳는 검찰 권한을 제도적으로 정비해야 할 이유가 증명됐다는 것이다. 다른 대통령실 핵심 관계자는 “이런 상황이 계속되면 조작 수사에 관여한 검사들의 실체가 드러날 수밖에 없고, 결국 검찰에 대한 대대적인 개혁이 불가피할 것”이라고 말했다. 대장동 재판에 출석한 남욱 변호사가 “검찰의 별건 수사 협박이 있었다”고 증언한 것을 염두에 둔 발언으로 풀이된다. 한 여권 관계자도 “검찰이 스스로 무덤을 파고 있는 셈”이라고 말했다."
306,"中 정부 조직원에 군사 기밀 빼돌린 현역 병장, 징역 5년형","자료사진. 중앙포토
중국 정부 관계자에게 군사 기밀을 빼내준 현역 병사에게 징역 5년형이 선고됐다. 이 병사는 중국에서 태어나 성장한 한국 국적자로 어머니가 중국인이고 외조부는 과거 중국군 고위 간부를 지냈던 것으로 파악됐다.
제3지역군사법원은 11일 일반 이적과 군기누설, 부정처사후수뢰 등 혐의로 기소된 현역 병장 A씨에게 징역 5년과 추징금 1800만 원을 선고했다.
A씨는 지난해 8월부터 올해 3월까지 소속 부대에서 국방망에 접속해 주한미군 주둔지 명칭과 위치, 적의 정밀 타격 대상이 될 수 있는 표적 위치 등 군사상 기밀을 넘긴 혐의로 구속기소 됐다. A씨는 그 대가로 1800만원을 중국의 결제서비스 '알리페이'로 받은 것으로 조사됐다.
A씨는 자신이 군사 기밀을 넘긴 상대에 대해 ""국가 산하 연구원으로 알았고 중국 정부 산하 조직원인 줄 몰랐다""고 주장했으나, 법원은 받아들이지 않았다. 재판부는 ""A씨가 조직원을 만난 뒤 미국과 중국의 정보기관을 검색했고 수사 기관에서도 중국 정보기관 소속일 수 있다는 의심을 했다는 취지로 진술했다""고 밝혔다.
해당 중국 조직이 또 다른 현역 군인을 포섭하는 과정에서 A씨가 유출한 군 문건을 보유하고 있었던 사실도 고려됐다.
누설된 군사 기밀이 비밀 등급에 부여될 정도의 기밀은 아니었다고 한다. 하지만 재판부는 ""비공개 군사 자료를 달라는 제안을 수락하고 대가를 받아 수집, 탐지해 전달한 점을 보면 중국 정부 조직에 제공한 군사상 이익에 상응하는 만큼 대한민국의 군사상 이익을 해하였다""고 했다.
하지만 일부 자료의 경우 군부대 내 인트라넷에서 누구나 접근 가능한 점, 구체적 내용을 확인할 수 없는 점을 들어 일부 혐의는 인정되기 않았다."
307,"[더in터뷰] 전현희 ""윤석열 때는 '입꾹닫'…집단항명, 정치검사 입증""","""김건희, '빼박' 증거만 자백…보석심문 기각 당연""
""한쪽은 뇌물수수, 한쪽은 실행…윤 부부 공범관계""
""항소포기 본질은 정치검찰 조작 수사…국힘, 뻔히 공작""
""서울시장 출마, 결심 굳혀가는 단계…오세훈 실정 심판""
■ 방송 : JTBC 이가혁 라이브 / 진행 : 이가혁
■ 저작권은 JTBC 뉴스에 있습니다. 인용보도 시 출처를 밝혀주시기 바랍니다.
※ 아래 텍스트는 실제 내용과 차이가 있을 수 있습니다. 정확한 내용은 영상을 통해 확인해주시기 바랍니다.
[앵커]
좀 더 깊이 더 자세히 들어보는 더인터뷰 시작하겠습니다. 명품 선물 수수를 줄곧 부인해 오던 김건희 씨가 최근 두 차례 샤넬 가방을 받았다 이렇게 인정했습니다. 보석으로 풀려나기 위한 전략 아니냐 이런 분석도 나오는데 바로 내일이 김건희 씨 보석 심문날입니다. 전현희 더불어민주당 최고위원과 이야기 나눠보겠습니다. 어서 오십시오.
[전현희/더불어민주당 최고위원 : 안녕하세요.]
[앵커]
법 전문가시니까요. 일단 내일 김건희 씨 보석심문이 있는데 받아들여질지 기각될지 어떻게 전망하십니까?
[전현희/더불어민주당 최고위원 : 당연히 기각될 거다라고 생각합니다. 일단 지금 빼박 증거에 관해서는 사실상 어쩔 수 없이 몰려서 자백을 했고요. 그리고 나머지 아직 증거가 확실하지 않은 부분에 대해서 대부분 부인을 했습니다. 그라프 다이아몬드 목걸이의 경우에도 사실상 받지 않았다 부인을 했고요. 그래서 이런 자신의 잘못의 반성 없이 부인하는 이런 것은 사실상 보석 결정에 있어서 결정적인 기각 사유다 이렇게 보고요. 기각이 될 것이 확실하다 이렇게 생각합니다.]
[앵커]
기각될 것이 확실하다. 그런데 이 보석을 청구한 날 샤넬백 2개 받았다 이거 하는 인정서도 법정에 냈거든요. 이건 어떻게든 보석을 좀 받아보겠다 이런 전략이라고 봐도 될까요?
[전현희/더불어민주당 최고위원 : 그렇게 보이지만 유효하지 않은 전략이다. 왜냐하면 건진법사가 그리고 또 다른 증인들이 실물로 핸드백이라든지 이런 것을 내놓은 그래서 도저히 부인할 수 없는 사건에 대해서만 사실상 자백을 한 것으로 진정성이 없다 이렇게 보이고요. 스스로 반성하면서 그런 자백을 한 것이 아님이 명백하기 때문에 그런 것은 보석을 받기 위한 전략의 일환이지 그런 진정성 있는 반성이나 보석의 요건에는 해당하지 않는다 이렇게 봅니다.]
[앵커]
유효한 전략도 아니다 이렇게 판단하시고요. 이런 와중에 명품선물 의혹이 또 하나 터졌습니다. 김기현 국민의힘 의원이 당대표 당선되고 나서 그 부인이 김건희 씨에게 클러치백을 선물했다는 겁니다. 그런데 이에 대해서 양측 다 준 측, 받은 측 다 해명이 나왔는데 사회적 예의 차원이다 이렇게 해명을 했습니다. 이 해명은 어떻게 평가하십니까?
[전현희/더불어민주당 최고위원 : 일단 온갖 명품의 향연을 김건희 씨의 사안에서 보는데요. 정말 이름도 듣도 보도 못한 명품이 정말 많은 것 같습니다. 그런데 그 백의 경우에 백과 함께 대표 당선을 도와줘서 고맙다라는 문자까지 같이 발견이 됐다고 합니다. 그 문자의 내용은 이 클러치백을 수수한 것이 사실상 뇌물이다 이런 것을 입증하는 명백한 증거다 이렇게 보고요. 실제로 당시에 김기현 대표의 당대표 선거 과정에서 여러 가지 용산의 개입을 알 수 있게 하는 그런 정황들이 많았습니다. 이준석 전 대표가 사실상 축출이 됐고 그리고 또 그 과정에서 나경원, 경쟁자인 나경원 의원에 대해서는 초선 의원들 연판장이 돌려졌고 그리고 또 경선 룰도 기존에 일반 여론조사가 들어가는 것을 다 100% 당원 여론조사로 바꾸면서 사실상 윤심이 당대표 선거를 결정할 수 있도록 그렇게 다 바뀌었습니다. 명백하게 당시 용산의 개입이 있었다 이런 것이 의심되는 정황이었고요. 그게 오히려 이번에 김기현 클러치백 사건에서 나온 문자메시지를 통해서 당시에 용산의 선거 개입이 있었구나 이런 것을 확신하게 해 주는 그런 내용이고 대가성이 있는 사안이다. 그래서 뇌물죄라든지 용산 대통령실의 부당한 선거 개입, 정당법 위반 이런 것이 확인이 되는 그런 사안이다 이렇게 봅니다.]
[앵커]
지금 용산 대통령실이라고 표현하셨는데 조금 더 구체적으로 그러면 윤 전 대통령뿐만 아니라 김건희 씨가 당시 대통령의 부인인 김건희 씨가 당무에 개입했을 가능성도 있다고 보십니까?
[전현희/더불어민주당 최고위원 : 김건희와 윤석열은 당시에 한몸으로 거의 움직인 거로 보이고요. 김건희 씨를 통해서 이런 뇌물이라든지 명품들을 수수한 걸로 보이고 거기에 상응하는 대가에 관련된 그런 권력이 움직이는 그것을 윤석열이 직접 행한 것이 아닌가 이런 의심이 들고요. 그리고 윤석열이 스스로 국정농단 사건에서 최순실 씨와 박근혜 전 대통령 사이의 경제적 공동체다. 그래서 최순실이 수수한 이런 금품이 뇌물로 제3자 뇌물죄가 성립된다 이것을 만든 게 윤석열 대통령 당시 특검 아니겠습니까? 그래서 이번 김건희 씨 사안은 대부분 윤석열과 김건희가 경제적 공동체로 한몸으로서 한쪽은 이런 뇌물을 받고 한쪽은 거기에 상응하는 청탁을 이루어주는 이런 공범의 관계에 있었다 이렇게 보입니다.]
[앵커]
김건희 특검이 이것도 수사를 한다고 하니까 지켜보겠습니다. 그런데 성일종 국민의힘 의원이 100만 원 정도가 보편적인 가방이다. 이게 무슨 뇌물이냐 이렇게 라디오에서 발언을 했습니다. 이건 또 어떻게 봐야 합니까?
[전현희/더불어민주당 최고위원 : 부정한 청탁과 또 대가성이 있다면 이거는 금품의 가액에 상관없이 뇌물이고요. 세상에 만약 200만 원 상당의 명품 클러치백이 뇌물이 아니라면 가액이 낮아서 뇌물이 아니라면 세상에 그런 대한민국의 국민들 중에 그것에 동의할 사람은 거의 없다 생각합니다. 국민들의 가슴에 억장이 무너지는 그런 말도 안 되는 주장을 하고 있다. 서민들은 하루하루 먹고살기 힘든데 이런 사안에 대해서도 가액이 너무 높지 않으니까 뇌물로 볼 수 없다 이런 주장을 정치인이 한다는 것은 정말 믿겨지지 않는 그런 말씀입니다.]
[앵커]
아무튼 또 나온 명품 수수 의혹 이것도 지켜봐야 할 것 같습니다. 그리고 앞서 저희 4명과의 토론에서 치열하게 붙은 사안인데 항소 포기 후폭풍 많이 거세지고 있습니다. 오늘 국민의힘에서는 대검 그리고 오후에는 법무부 가서 정성호 장관 사퇴하라 이렇게 외치는 그런 모습도 보였는데 의원님께서 보시기에는 어떤 부분을 가장 주목하고 계십니까?
[전현희/더불어민주당 최고위원 : 이 사건의 본질은 대장동 사건의 수사 과정에서 있었던 정치검찰의 압박과 회유 그리고 또 협박 그런 것으로 인한 이런 조작 수사다, 조작 공작 기소다 이게 본질이다 이렇게 봅니다. 그래서 그런 부분에 관해서는 명백히 정치검찰들의 불법 수사에 관해서 국정조사라든지 청문회 등을 통해서 진상이 규명돼야 할 필요가 있는 매우 중대한 위법이 확인된 판결이었다 이렇게 보고 있고요. 그런데 이 사안을 오히려 국민의힘이 느닷없이 프레임 전환을 한 걸로 보입니다. 그래서 이번에 항소를 사실상 하지 않은 것은 그동안 대검 예규라든지 대법원 판례에 의하면 지극히 정당한 거고요. 그동안에 항소를 남발해 왔던 검찰의 검찰권 남용 여기에 대한 자성과 반성이 적용이 된 검찰의 정상화의 일환이다 이렇게 보고 있습니다. 실제로 내용을 보면 유동규의 경우에는 검찰이 구형한 형량보다 훨씬 높은 형량을 구형했는데 이걸 검찰이 왜 항소를 합니까? 항소의 실익이 당연히 없는 것이죠. 그리고 또 대검 예규에 보면 형량에 구형량에 2분의 1 이하의 경우에는 항소를 하지 않도록 예규에 규정이 되어 있습니다. 그렇기 때문에 대검 예규에 따라서도 항소를 할 수 없는 거고요. 또 지금 국힘 주장이 무죄 난 부분에 대해서 검찰이 항소해야 하는 것 아니냐 이런 주장을 하는데요. 실제로 무죄 난 부분을 판결 내용을 자세히 살펴보면 이해충돌방지법이 무죄가 났는데요. 그 사유는 배임죄에서 이미 이해충돌방지법에 해당하는 기본적인 사실관계가 동일한 부분에서 유죄가 났기 때문에 이해충돌방지법이라는 새로운 그런 기소명으로 기소를 한 것은 법원에서도 문제가 있다, 부당하다, 이미 반영이 된 거다 이렇게 봤기 때문에 그 부분에 대해서는 이미 유죄가 난 상황과 마찬가지이므로 검찰이 항소를 할 실익이 없다 이렇게 본 겁니다. 그래서 법과 원칙에 따라서 이번에 검찰에서 항소를 하지 않은 걸로 보이고요. 여기에 대해서 국민의힘이 저렇게 주장을 하는 것은 이것을 하나의 정쟁으로 몰아서 자신들에게 지금 불리한 전직 당대표들이 다 뇌물죄로 기소되거나 또 내란 혐의로 지금 현재 특검의 구속영장이 청구가 된 상황 아닙니까?]
[앵커]
추경호 의원도 그렇고요.
[전현희/더불어민주당 최고위원 : 그런 상황에 몰려 있는 상황에 이걸 프레임을 전환하려는 그런 뻔한 정치공작에 불과하다 이렇게 생각합니다.]
[앵커]
다만 항소의 실익 여부에 대해서 국민의힘은 또 다른 주장을 하고 있기는 합니다. 그리고 더 나아가서 항소 포기 결정이 나온 배경에 법무부 또는 더 나아가서 대통령실 개입이 있는 거 아니냐 이게 국민의힘 쪽의 주장거든요. 이거 어떻게 보십니까?
[전현희/더불어민주당 최고위원 : 지금 법무부 쪽에서는 실제적으로 항소를 하지 않은 것에 대해서 신중한 검토를 할 필요가 있다 정도 입장을 얘기를 한 거지 거기에 대해서 항소를 하지 마라, 해라 이런 압력을 행사한 바 없다라고 밝히고 있고요. 대통령실은 전혀 여기에 무관하다라고 밝히고 있습니다. 실제로 이 사안은 대검이나 중앙지검에서 협의해서 결정한 사안이고요. 여기에 외부의 압력이 있었다고 보기는 어렵고요. 그런데 여기에 대해서 문제는 검찰이 이례적으로 집단 항명을 하는 것이 매우 심각한 문제다 이렇게 봅니다. 검찰이 그동안 김건희 씨의 그런 도이치모터스 주가조작이나 디올백 사건에 대해서 사실상 원칙에 어긋나는 그런 무혐의 결정을 했고 나중에 거의 다 유죄라는 것이 드러나고 있는 이런 상황 아닙니까? 거기에 대해서 무혐의를 했을 때 검찰이 이렇게 집단적으로 문제를 제기했다는 얘기를 들어보지 못했습니다. 그리고 또 윤석열에 대한 구속 취소 결정에 대해서 즉시항고를 검찰 수뇌부 심우정 검찰총장이 포기를 했을 때에 이게 사상 초유의 일이었고 또 검찰에 많은 국민들의 비판이 이렇게 있었음에도 불구하고 검찰 내부에서는 거기에 대해서 정말 입꾹닫 거기에 대해서 제대로 문제제기를 하지 않았습니다. 그러니까 이번에 지금 검찰이 집단적으로 항명하는 것은 사실상에 검찰이 스스로 자기들이 정치적 중립성을 상실하고 한쪽 정권에 부역하는 정치 검사였다 이런 것을 입증하는 매우 바람직하지 못한 모습이라고 보고요. 또 집단 항명은 이것은 공무원의 정치적 중립 의무에도 위반하고 공무원의 정치적인 집단행위를 금지하는 국가공무원법 위반 소지도 매우 높다. 그래서 검찰이 이렇게 이례적으로 집단 항명을 보이는 것은 철저한 감찰과 함께 공무원 징계법에 따른 징계가 필요한 사안이다 이렇게 봅니다.]
[앵커]
일종에 선택적 반발을 하느냐 말씀하신 것 같습니다.
[전현희/더불어민주당 최고위원 : 맞습니다.]
[앵커]
앞서 정성호 법무부 장관이 외압이나 지휘를 하지 않았다라고 말씀하셨는데 물론 정 장관도 어제 신중하게 판단하라는 의견을 전달했다, 지침을 준 거 없다라고 어제 기자들에게 설명하기는 했습니다. 다만 이걸 어떻게 해석하느냐에 따라서 이게 사실상 수사지휘 아니냐 장관이 신중하게 판단하라라고 하는 그걸 받아들이기에 따라서는 이거 하지 말라는 소리 아니야, 그렇게 해석할 수밖에 없는 거 아니야. 이렇게 국민의힘 쪽에서는 해석을 하거든요.
[전현희/더불어민주당 최고위원 : 이렇게 묻고 싶습니다. 당시에 윤석열에 대한 구속 취소 결정에 대해서 그때 검찰의 일선 수사팀에서는 항고를 할 필요가 있다 이렇게 강력하게 의견을 개진했습니다. 그것을 묵살한 것이 당시에 대검 심우정 검찰총장이고요. 그런데 그렇게 일선 수사팀의 의견을 묵살하고 즉시 항고를 포기했을 때 그때 당시 검찰의 태도가 어땠느냐. 그것을 지금 상황과 비교한다면 검찰의 서로 다른 이중 잣대 그리고 윤석열 정권에는 정말로 순한 양처럼 아무런 말을 못하던 그런 검찰이 지금 이재명 정부에 대해서는 이게 검찰의 항소가 원칙에 따른 항소다 이런 대검 예규나 이런 증거 정황이 있음에도 불구하고 이것을 정치적인 해석을 하면서 이재명 정부를 흠집내는 데 검찰이 지금 앞장서고 있거든요. 그래서 이건 사실 검찰이 정치검사라는 것을 너무나 명백히 드러내는 그런 정황이다 이렇게 보고요. 매우 부적절한 행태다 이렇게 생각합니다.]
[앵커]
당분간은 정치권이 이것 때문에 뜨거울 것 같긴 합니다. 지켜보겠습니다.
분위기를 바꿔서 종묘 이야기를 좀 해 볼게요. 종묘 가보면 정말 좋잖아요. 요즘 같은 가을 날씨에. 세운상가 재개발을 놓고 김민석 국무총리랑 오세훈 서울시장 간에 대립이 벌어진 양상입니다. 그런데 이에 대해서 어제 전 의원께서 최고위에서 개발을 빙자한 역사 파괴 이렇게 직격을 하셨는데 어떤 배경에서 나온 겁니까?
[전현희/더불어민주당 최고위원 : 이번에 종묘 앞에 세운상가 구역에 오세훈 시장이 초고층 빌딩을 세우는 개발을 하겠다 이렇게 발표를 했습니다. 그런데 그 근거가 대법원에서 마치 허가를 해 준 듯이 이렇게 주장을 하고 있는데요. 실제로 사실과는 다릅니다. 일단은 대법원이 결정한 것은 이 역사적 문화재에 100m 이내에 있을 경우에는 문화재 측이 개발에 관해서 협의를 해야 된다 이렇게 규정이 돼 있는데 이번 사안은 100m 밖에 있기 때문에 문화재청과 협의를 할 사안이 아니다 이렇게 결정을 한 거고요. 그게 대법원의 결정 어디에도 그런 문화재 근처에 이런 개발을 해야 된다라는 개발허가증을 준 적은 없습니다. 그런데 그 협의를 안 해도 된다는 것을 마치 오세훈 시장은 대법원이 개발을 허가해 줬다 이런 식으로 지금 시민들을 오도하고 있다 이렇게 보고요. 사실은 종묘라는 것은 우리 민족의 혼이 담겨 있는 그런 건물이고요. 유네스코 무형문화재에 등록되어 있는 우리 대한민국 서울의 자랑입니다. 그런데 유네스코에서 그 근처에 이런 개발이 있으면 사실상 유네스코 등재를 취소할 수도 있는 이런 사안이고요. 실제로 해외 사례에도 그런 무분별한 개발로 유네스코 무형문화재 등록이 취소가 된 이런 다수의 사례가 있습니다. 그렇기 때문에 이번에 사실상에 종묘의 경관을 해칠 수 있고 또 종묘의 이런 역사적인 문화적인 가치를 훼손할 우려가 있는 그런 개발에 대해서는 사실상 다시 한 번 재검토를 해 달라 이런 요청을 하는 거고요. 이 문제는 그냥 정쟁의 문제가 아니라 종묘라는 역사적인 문화재를 보존하고 그 가치를 지키느냐의 문제이기 때문에 이것을 자신의 지방선거 출마의 하나의 명분으로 삼고 이것을 정쟁의 도구로 삼는 이런 오세훈 시장의 태도에 대해서는 매우 부적절한 행태다 이렇게 지적합니다.]
[앵커]
물론 오 시장 측에서는 종묘뿐만 아니라 낡은 세운상가도 좀 봐달라 이렇게 주장을 반론을 펼치기도 합니다. 그런데 방금 지방선거 언급하셨는데 전 의원께서는 내년에 서울시장 출마하는 것 아니냐 언론에서도 보도가 많이 나오고 있습니다. 앞서 인터뷰에서 조만간 결심한다라는 취지로 밝히신 걸로 알고 있는데 혹시 마음을 정하신 게 있으십니까?
[전현희/더불어민주당 최고위원 : 지금 거의 결심을 굳혀가는 단계고요. 실제로 이번에 오세훈 시장의 종묘 훼손을 보면서 더 이상 이런 분에게 서울시장을 맡겨서는 안 된다. 이런 책임감이 확실히 들었습니다. 그래서 서울을 지키기 위해서도 또 오세훈 시장의 이런 실정에 대해서 심판을 해야 한다 그리고 이런 서울이 더 이상 망가져서는 안 된다. 이런 생각으로 지금 이제 결심을 굳여가는 그런 단계다 이렇게 말씀드립니다.]
[앵커]
굳여가고 있다. 그러면 혹시 공식적인 발표는 언제쯤 가늠을 하고 계십니까?
[전현희/더불어민주당 최고위원 : 지금 구체적인 일정은 아직 생각하지는 않았지만 가까운 시일 내에 일단은 결단을 할 생각입니다.]
[앵커]
지켜보겠습니다. 정청래 민주당 대표가 취임 100일을 지난 주말을 맞았습니다. 그런데 기자회견 이런 것 없이 유기견 봉사활동을 했거든요. 이 행보는 어떻게 보세요.
[전현희/더불어민주당 최고위원 : 일단 사실 100일 기자회견을 하라는 주위의 권유가 매우 많았습니다. 그런데 정청래 대표께서 사실상 대통령이 지금은 좀 더 빛나야 하는 거 아니냐. 그리고 당대표가 너무 자기 정치하는 모습을 보이는 것은 바람직하지 않다 이런 생각으로 스스로 기자회견을 하지 않고 유기견 봉사활동이라든지 소방대원 격려활동이라든지 이렇게 좀 묵묵한 조용한 행보를 하는 그런 선택을 한 걸로 보입니다. 그래서 그런 부분에 대해서는 우리가 매우 바람직한 모습이었다 이렇게 평가를 하고요. 또 실제로 그동안 정청래 대표께서 어려운 시기에 또 당대표를 맡아서 내란을 종식하는 그런 다양한 특검법 통과라든지 이런 활동을 하셨고 또 사법개혁, 검찰개혁 이런 것도 선봉에 서셔서 잘 진행을 하고 있고요. 그리고 또 용산과 잘 소통하면서 이재명 정부의 성공을 위해서 집권여당의 대표로 저희 역할을 충실히 하고 있는 그런 모습을 보이고 있다 이렇게 평가합니다.]
[앵커]
100일간의 성과를 설명해 주셨는데 그렇다면 지금 1분 정도 남았는데요. 앞으로 그러면 풀어야 할 과제라고 할까요? 이건 어떤 게 있을까요.
[전현희/더불어민주당 최고위원 : 지금 아직 내란이 완전히 종식되었다고 보기가 어렵고요. 여전히 진행 중이다 생각합니다. 그래서 내란을 지금 특검 수사와 함께 마무리 짓고 그리고 여러 가지 사법개혁 과제나 이런 것이 아직 많이 남아 있는 상황입니다. 그래서 올해 내에 이런 3대 개혁 과제를 마무리짓고 내년부터는 민생 회복과 경제 성장에 좀 더 집중하면서 이재명 정부의 성공을 뒷받침하는 이런 역할이 정청래 당대표의 가장 중요한 임무다 이렇게 봅니다.]
[앵커]
짧게 이것만 더 여쭐게요. 연내 법원 행정처 폐지 법안 발의가 되나요?
[전현희/더불어민주당 최고위원 : 제가 사법 행정 청산 TF를 단장을 맡고 있는데요. 방금 말씀드린 대로 모든 사법개혁이나 3대 개혁 과제는 연내에 마무리하는 것이 목표입니다. 그래서 최대한 또 신속하게 그렇지만 정교하게 그리고 관계기관의 의견을 소통해 가며 공론화 과정을 거쳐서 올해 내에 입법을 마무리할 계획입니다.]
[앵커]
올해 내에 알겠습니다. 오늘 말씀 잘 들었습니다. 지금까지 전현희 더불어민주당 최고위원이었습니다. 고맙습니다.
[전현희/더불어민주당 최고위원 : 감사합니다.]"
308,"신정훈 ""尹, 전두환도 이겼다?...전직 대통령 최초 외환 이적죄 기소, 이젠 측은함도""[여의도초대석]","“본인 권력, 이재명 한동훈 제거 위해 전쟁 불사”
“위험한 줄 알았지만...국가 국민 다 내팽개쳐, 엽기”
“대장동 항소포기, 이 대통령 재판과 뭔 상관...무관”
“전남, 에너지분산특구 지정...에너지-AI 메카로”
“이재명 대통령 시대, 우리 농어촌 새 시대 맞을 것”
△유재광 앵커: 서울광역방송센터입니다. 조은석 내란 특검팀이 윤석열 전 대통령을 일반이적죄 혐의로 추가 기소했습니다. 일반이적죄는 형법상 외환죄에 속하는 범죄인데 전직 대통령이 외환 혐의로 재판을 받는 것은 윤석열 전 대통령이 처음입니다. 대장동 사건 검찰 항소포기 여파가 이른바 검난 조짐까지 보이며 일파만파 번지고 있습니다. ‘여의도초대석’, 국회 행정안전위원회 위원장을 맡고 있는 신정훈 더불어민주당 의원과 정치권 그리고 지역 현안 짚어보겠습니다. 위원장님 어서 오십시오.
▲신정훈 의원: 네. 안녕하세요.
△유재광 앵커: 윤석열 전 대통령 일반이적죄 추가 기소, 대통령이 전쟁을 유발하려 했다. 뭐 이런 내용인데 이거 어떻게 보셨나요?
▲신정훈 의원: 정말 엽기적이죠. 나라를 지켜야 될 군대 또 나라를 지켜야 될 그런 정보 자산을 가지고 북한을 상대로 오히려 도발의 기회를 조성하면서까지 자기 자신들의 정치적인 위기 국면을 탈출하려고 했다 하는 것이 대단히 국민으로서는 용서받지 못할 그런 정치 행태라고 생각합니다. 제가 행안위에서 이제 접경 지역 문제를 가지고 논의할 때 여기서 날리는 대북 전단이 있었고요. 또 대남 오물 풍선이 있었습니다. 근데 전체적으로 보면 대북 전단을 한 30번 날리면 대남 오물 풍선이 날아왔어요. 그러니까 원인 제공은 우리가 해 놓고 오물 풍선을 향해서 원점 타격하겠다? 그때부터 굉장히 긴장되더라고요. 이게 오물 풍선을 안 넘어오게 하려면 대북 전단을 안 날리면 되지 않습니까. (안 보내면 안 오는데.) 안 보내면 안 오는데 보내면서 계속 넘어오는 오물 풍선에 대해서 원점 타격하겠다 그러니까. 그 북한 지역을 타격하게 되면 전면적으로 서로 교전이 일어날 수밖에 없는데. 이 정부는 이런 갈등과 분쟁뿐만 아니라 이렇게 무력 충돌까지를 도발하는 그런 거를 계속 했었는데, 이번에 이제 무인기 평양까지 날린 거 그리고 여러 가지 뭡니까. 공군 헬기 접경 지역까지 날린 거, 이런 것들이 소위 말해서 계엄의 명분을 만들기 위한 그런 의도적인 행위였다. 이런 것들은 이번 특검 과정을 통해서 윤석열 정부가 얼마나 위험한 정부였는지를 보여주는 굉장히 중요한 혐의고요. 또 대통령으로서 해서는 절대 안 될 그러니까 구시대 유신시대에 있을 법한 이야기죠. 북풍 공작 아닙니까.
△유재광 앵커: 유신시대 때도 이런 거는 없지 않았나요? 그리고 12·12 내란 쿠데타 전두환도 여러 가지 혐의로 재판받았는데 일반이적죄 이런 건 없었는데. 윤석열 전 대통령은 도대체 무슨 생각을 했던 건가요? 진짜.
▲신정훈 의원: 그러니까요. 이게 이제 우리 이재명 당대표, 그때 당시에는, 정적을 죽이기 위한 다양한 조작 수사도 했고 또 정치 공작도 했습니다마는 그게 안 되니까 북풍 공작에 가까운 외환 유도죄를 했는데 이거는 대단히 위험한 내용이고 국가를 위태롭게 만드는 그런 용서받지 못할 범죄 행위다. 이렇게 생각합니다.
△유재광 앵커: 박지영 특검보 언론 브리핑 하는 거 보니까는 “수사를 해가면서 설마 했던 게 사실로 드러나는 걸 보면서 실망보다는 참담함을 느꼈다” 그렇게 얘기를 하던데, 진짜 이거는 그 사람 특검들도 수사를 하면서 ‘야, 이게 어떻게 이런 일이 벌어졌을까’ 그런 생각을 진짜 했을 것 같아요.
▲신정훈 의원: 특검 수사 이후에 법정에서 벌어지는 대통령과 지휘를 받아서 현장에 출동했던 군인들 간의 대화, 대통령의 어떤 유도 신문 이런 것들을 보면서 대통령으로서의 역할뿐만 아니라 인간적인 측은함까지 느낄 수밖에 없는 그런 상황이 계속 발생했는데요. 이번 소위 말해서 외환 유도죄 이 문제는 자신들의 권력 유지를 위해서 국민들의 안위마저도 내팽개치는 참으로 무책임한 처사다. 이렇게 말하지 않을 수 없습니다.
△유재광 앵커: 근데 우리가 측은해해야 하나요, 윤석열 전 대통령을? 대장동 일당들 1심 선고 뒤에 검찰이 항소를 포기해서 지금 뭐 검찰도 난리지만 정치권도 공방인데. 이거 결국 이재명 대통령 대장동 재판 연관해서 좀 편하게 해주려고 한 거 아니냐. 무죄 난 거는 이제 확실히 다 무죄로 굳혀주고 그러려고 한 거 아니냐. 그렇게 보는 사람들 많은데. 그거 어떻게 보세요?
▲신정훈 의원: 그거 역시 마찬가지로 대장동은 일부 공무원과 민간 업자들이 결탁된 소위 말하면 부패 사건이잖아요. 그것을 정치적인 상대를 죽이기 위한 이재명 부패 사건으로 이렇게 뒤바꿨고 수사 과정이나 재판 과정에서 이제 검찰의 여러 가지 비리라든가 잘못이 드러났단 말이에요. 물론 이제 지금 이 문제에 대해서 형사법을 전공하는 분들이 충분히 이야기하고 있으니까 제가 거기까지는 이야기할 필요는 없지만, 일단은 소위 말해서 성남도시개발공사의 부패 사건을 성남시장으로 있었던 이재명 대표의 부패 사건으로 만들려다가 미수 사건에 그쳤고.
△유재광 앵커: 관계가 없으면 굳이 항소를 포기하지 말고 일부 무죄가 난 거나 추징금 7천억 원 넘게 거의 8천억 가까이 신청을 했는데 선고는 몇 백 억 안 나왔는데, 그거 그냥 한 번 더 항소해서 받아낼 수 있을 만큼 받아내면 되는 거 아닌가요?
▲신정훈 의원: 법 정의를 제대로 실현하고자 하는 새로운 정부의 어떤 검찰권에 대한 행사를 좀 더 기준을 잡는 과정이라고 생각합니다. 그러니까 지금 이게 무리한 조사 과정에서 무리한 기소가 있었고 또 그런 것들이 여러 가지 드러났습니다마는 일단 이 주범들에 대해서는 소위 말해서 재판부가 아주 엄중한 판결을 했단 말이에요. 그러니까 검찰이 구형한 양보다도 오히려 더 많은 것이 나왔단 말이에요. 일단은 구형량의 2분의 1만 1 이상만 나와도 항소 포기의 조건은 된다고 하는 게 형사소송법상 이야기 아니겠습니까. 그런데 이제 소위 말해서 구형량보다 더 많은 중형이 나왔고 또 수사 과정이나 재판 과정에서 무리한 기소 또 심지어는 조작 기소까지. 조사받는 피고인들에게 배를 가를 테니까 제대로 답변하라. 이건 아니죠. 검찰이 의도한 대로 답변을 유도했던 것이 여러 가지 드러났었고.
△유재광 앵커: 이재명 대통령 사건이랑은 무관하다는 말씀인 거네요. 그러니까.
▲신정훈 의원: 그렇죠. 재판 과정에서 이재명 대통령에게 씌워졌던 여러 가지 혐의점들이 사실상 관계없는 걸로 결론이 났다. 이렇게 볼 수 있는 거고. 이 재판은 그동안 검찰권 남용에 대한 새 정부의 어떤 바로잡기 이런 차원에서 봐야 한다. 이재명 대통령의 혐의를 무마하기 위한 내지는 번지는 것을 막기 위한 이런 꼬리 자르기다. 이것은 전혀 논리적으로 맞지 않는 이야기죠.
△유재광 앵커: 사람들이 각자 신고 있는 신발이 다르면 서로 각자 다 다른 곳을 쳐다보는데. 이거는 이론의 여지가 참 많은 것 같습니다.
▲신정훈 의원: 네. 네.
△유재광 앵커: 지역 현안 얘기해 보겠습니다. ‘전남 모든 지역이 분산에너지특구로 최종 선정됐다. 200만 전남 도민과 함께 환영한다’라고 페이스북에 적으셨던데. 분산에너지특구 이게 뭔가요?
▲신정훈 의원: 지금까지 대한민국의 전기는 모두 한전에서 생산돼 가지고 또 한전을 통해서 이렇게 전력거래소를 통해서 판매하지 않습니까? 그런데 이제 지역에서 생산된 에너지를 지역에서 바로 소비할 수 있는 그러니까 직거래할 수 있는 그러니까 전력의 소비 단계를 굉장히 간편화하는 그런 법안이다. 이렇게 생각하면 되겠습니다.
△유재광 앵커: 전기 생산은 한전에서 하나요? 아니면 별도로 어디 다른 데가 하나요.
▲신정훈 의원: 별도로 다 지금. 이제 이 신재생 에너지가 되면서 과거에는 발전 3사라든가 이런 것에 의해서 생산되는 것이 전체 대한민국 국민들이 썼다면 이제는 재생에너지 그러니까 각 지역에서 생산되는 전력을 지금까지 체계로 보면 한전이 다 사들여가지고 공급하는 체계지만 앞으로는 이제 생산된 곳에서 바로 소비할 수 있는, 소비자에게 공급할 수 있는 그런 체계들을 만든다. 이런 거죠.
△유재광 앵커: 그러니까 가령 신안에서 태양광이나 해상풍력으로 누군가 전기를 만들어 내면은 그냥 그 전남 내에서, 한전한테 안 팔고, 바로 직접 쓸 수 있다 그렇게 되는 건가요?
▲신정훈 의원: 네, 네, 네.
△유재광 앵커: 그렇게 되면 뭐가 좋아지는 건가요? 지역 주민들한테는.
▲신정훈 의원: 우선은 이제 이 전력 소비가 지금까지는 생산해 놓고도 재생에너지 같은 경우는 수요를 초과해서 많이 생산될 때 이 ‘커테일먼트’라고 해가지고 버려지는 전기가 굉장히 많았지 않습니까? 그런 것들을 효율적으로 사용할 수 있기 때문에 재생에너지의 생산 능력이 훨씬 더 커지는 거죠. 확장되는 것이고. 또 그 지역에서 바로바로 소비될 수 있다면 더 값싼 전기를 제공받을 수 있고. 그 지역에서 소비하는 여러 가지 가정용 전기든지 산업용 전기가 굉장히 다양한 형태로 팔려나갈 수 있기 때문에 지역 산업에도 굉장히 도움이 되고 또 우리 지역 같은 경우는 에너지가 많이 생산되는 지역이기 때문에 에너지를 소비하는 그런 산업을 키울 수 있는 여건이 되는 거죠.
△유재광 앵커: 그럼 삼성이나 SK 같은 대기업을 유치하는 데도 도움이 되겠네요. 그러면은.
▲신정훈 의원: 그렇죠.
△유재광 앵커: 근데 나주, 지금 의원님 지역구인데, “나주를 대한민국 AI 두뇌로 자리 잡게 하겠다” 이렇게 말씀을 하셨던데 이게 어떤 얘기인가요? AI 대한민국 두뇌.
▲신정훈 의원: 지금 정부하고 민간 기업들이 우리 전남 서남권에다가 AI 컴퓨팅센터라든가 초대형 데이터센터를 유치하겠다 그랬고요. 지금까지 또 전남뿐만 아니라 광주광역시에서는 그 관련한 전후방 산업들을 위한 그런 연구 인력 또 이 여러 가지 전후방 산업들을 키우기 위한 기반 시설들을 지금 만들고 있단 말이에요. 관련해서 나주는 지금 이제 한국에너지공과대학이라고 하는 굉장히 AI 또 에너지 전문 대학이 들어서 있고 한전과 관련 계열사들이 들어서 있기 때문에 에너지와 AI의 호조건들 좋은 자원들을 잘 이용해서 우리 지역의 산업들을 키워나가겠다. 이렇게 생각하고 있습니다.
△유재광 앵커: 나주에도 근데 뭐가 이런 AI 관련한 게 뭐가 있나요? 가령 아까 에너지공대 그거랑 AI랑 어떻게 연결이 되는 건가요?
▲신정훈 의원: AI 관련돼 있는 연구 인력들이 이미 준비돼 있고요. 또 특히 AI가 가장 효율적으로 이용될 수 있는 여건은 에너지하고 관련성입니다. 에너지가 AI 시스템을 작동할 수 있게 하는 기반시설이 되고 또 에너지 자체가 AI 시스템을 가장 많이 효과적으로 활용할 수 있는 그런 산업 분야입니다.
△유재광 앵커: AI랑 에너지가 약간 동전의 앞뒤 같은 거네요.
▲신정훈 의원: 네, 네. 그렇게 연관돼 있는 사업이기 때문에 광주의 AI와 또 전남의 에너지라고 하는 것이 애시당초부터 서로에 윈윈 할 수 있는 산업 기반으로서의 역할이 있었는데요. 이번에 이제 더 많은 조건들이 전남에 들어서게 됐기 때문에 우리 나주가 그런 문제들을 좀 더 주도적으로 역할을 해 나가겠다 이렇게 생각하고 있습니다.
△유재광 앵커: 저는 나주 하면은 죄송한데 배만 먼저 생각이 나는데. 이제 전기, AI 이런 것도 이렇게 연상이 되는 도시가 되겠네요?
▲신정훈 의원: 네, 네. 지금 한국에너지공과대학은 에너지 전문 특화대학입니다. 단일 학과입니다. 근데 그게 핵심적으로 스마트 그리드라든가, 에너지, AI라든가 그러니까 전문 분야가 딱 특화돼 있습니다. 그리고 이제 이번에는 또 우리 나주시와 전라남도가 차세대 에너지의 상징적인 시설로 일컬어지는 핵융합 실증 시범 사업들을 우리 지역에 유치하기 위해서 지금 노력하고 있잖아요. 이러한 것들이 한국에너지공과대학이라고 하는 연구 또 인재 양성 기관과 무관하지는 않습니다.
△유재광 앵커: 요즘 농어촌기본소득 입법간담회 부지런히 다니시고 계신 것 같던데 농어촌 기본소득 저번에 한번 모셔서 설명을 좀 충분히 들어보지 못했는데. 어떤 건지 일단 간략하게 다시 좀 설명을 해주세요.
▲신정훈 의원: 우선 소멸에 직면한 농어촌을 다시 되살리기 위한 정책이다 이렇게 일단은 규정하고 싶고요. 그 취지는 지금까지 대한민국의 산업화, 도시화 과정에서 기여한 사회적인 기여에 대한 보상이 필요하다. 이런 것과 또 그 과정에서 발생한 도시 또 수도권과의 어떤 격차를 해소하는 그런 정책으로서 월 일정액을 모든 지역 주민들에게 이 소멸 지역에 한해서 이렇게 제공함으로써.
△유재광 앵커: 얼마씩 주나요. 월 한 사람당?
▲신정훈 의원: 정부 입안 계획은 15만 원씩 이렇게 돼 있습니다. 그래서 1년에 180만 원을 지급하고. 또 원래 저희들이 법안으로 낸 것은 월 30만 원으로 설계를 했는데요. 이번에 정부의 시범 사업은 15만 원으로 이렇게 설계돼 있습니다.
△유재광 앵커: 그럼 시범 사업이 끝나면 30만 원으로 가는 건가요? 어떻게 되는 건가요.
▲신정훈 의원: 아니요. 그건 다시 조정될 겁니다.
△유재광 앵커: 근데 그거 월 15만 원, 추후에 액수는 변동이 있을 수 있다고 말씀하셨는데, 그게 실질적인 변화나 효과가 있을까요? 그런데.
▲신정훈 의원: 이 부분은 이제 이것만으로 그 지역이 살아난다. 아니면 청년이 돌아온다 이런 이야기는 아니죠. 기본적으로 격차에 대한 사회적 책임, 정부의 책임을 제대로 보상해 주는 그런 성격이 있고요. 그다음에 지금 양곡관리법이라든가 농안법이라든가 한우법이라든가 농어촌 지역을 지원하는 다양한 입법이 진행되고 있지 않습니까. 또 지역소멸 대응기금을 운영하고 있고, 그래서 이게 여러 가지 사업과 함께 융,복합되면 그런 역할들을 충분히 해낼 수 있을 것이다 이렇게 생각합니다.
△유재광 앵커: 그러니까 이거 하나로 다 어떻게 해보겠다가 아니라 집을 짓는 데 큰 주춧돌이나 기둥 같은 걸로 세워 놓겠다. 그런 말씀처럼 들리네요.
▲신정훈 의원: 네. 지금까지 대한민국의 발전 과정에서 이 농어촌의 기여가, 단순히 농어촌의 기여로 끝난 게 아니고 굉장히 희생적인 기여였거든요. 그리고 또 농어촌의 농수산업이라고 하는 것이 국민들에게는 굉장히 안보재로서의 어떤 역할도 충분히 했고, 그렇기 때문에 그런 공익적 기능에 대한 보상적 성격도 있고요. 지금 현재 인구가 지역 소멸이라고 하는 극단적인 상황에 도래했기 때문에 지금까지의 재정지출 방식을 전면적으로 좀 더 혁신해서 지역 시설과 기반 시설에 투자하는 것보다는 좀 더 사람에게 직접 투자해서 이 위기에 대한 새로운 전환기를 맞이하자. 이런 뜻이 있습니다.
△유재광 앵커: 근데 제가 오늘 달력 보다 보니까 11월 11일 오늘이 젊은 사람들한테는 젓가락 과자 나눠 먹는 날인데. 보니까 ‘농업인의 날’로 돼 있던데. 이게 법정 기념일이던데, 젊었을 때 농민운동 세게 하셨잖아요. 농업인의 날, 이거는 왜 11월 11일이 농업인의 날인가요?
▲신정훈 의원: 오늘이 30주년인데요. 아마 이제 그때 제가 생각할 때는 1995년도에 김영삼 정권에 의해서 이렇게 쌀이 수입 개방되는 그 해였거든요. 그 이후에 농심을 달래기 위한 하나의 조치도 있었을 테고. 그래서 정치적인 의미도 있지만. 어쨌든 간에 농업인들의 사회적 기여에 대한 어떤 상징적인 위로의 날이 아닌가 생각합니다. 특히 이제 11월 11일이라고 하는 날짜가, 흑 토(土) 자입니다. 흙 토 자를 떼어놓고 보면 十 一, 11 하면 흙이 되고. 11월 11일이라고 하는 것이 그래서 흙 토 자가 2개 연이어서 만들어지는 그런 또 조어의 의미가 있습니다. 그래서 흙을 통해서 인간의 생명을 건강하게 가꾸는 농업인들을 좀 치하하고 위로하는 그런 날이다. 이렇게 생각하면 되겠습니다.
△유재광 앵커: 11월 11일이 그래서 농업인의 날이 된 거는 오늘 처음 알았는데. 시간이 다 됐는데 우리 농민들께 하시고 싶은 말씀 마무리 말씀 겸해서 듣도록 하겠습니다.
▲신정훈 의원: 어려운 여건 속에서 농촌을 지켜온 농업인 여러분께 다시 한번 진심으로 위로와 축하의 말씀드립니다. 생명산업 그리고 또 국가 안보산업이라고 하는 그 가치가 제대로 보상받고 또 실현될 수 있도록 저희도 힘껏 지원하겠습니다. 다시 한번 농업인 날을 진심으로 축하드리고 여러분 모두 즐겁고 행복한 날 되시길 빌겠습니다.
△유재광 앵커: 내년 지방선거 전남지사 얘기는 오늘 시간이 다 돼서 못 여쭤볼 것 같고 다음에 다시 모셔서 한번 다시 들어보도록 하겠습니다.
▲신정훈 의원: 알겠습니다.
△유재광 앵커: 오늘 말씀 고맙습니다.
▲신정훈 의원: 네. 고맙습니다.
△유재광 앵커: 지금까지 서울광역방송센터에서 신정훈 더불어민주당 의원과 함께 전해드렸습니다.
네이버 다음카카오 포털 및 유튜브 검색창에 “여의도초대석”을 치면 더 많은 콘텐츠를 볼 수 있습니다.
#대장동 #항소포기 #이재명대통령 #윤석열 #이적죄 #농업인의날 #KBC #신정훈"
309,회의 안건·증인 채택 충돌…법사위 개회 38분 만에 정회,"野 ""항소 포기 정치적 외압 밝혀내야""
與 ""검찰의 조작 기소가 더 문제""
증인 채택 두고 공방 벌이다 정회
11일 서울 여의도 국회에서 열린 법제사법위원회 전체회의에서 추미애 위원장이 정회를 선포하고 있다. 이날 국민의힘 소속 위원들은 대장동 사건 항소 포기와 관련해 정성호 법무부 장관의 출석하지 않은 것에 대해 항의했다. 연합뉴스
검찰의 '대장동 개발 비리 사건 항소 포기'와 관련해 국민의힘 요구로 11일 국회 법제사법위원회 전체회의가 열렸으나 여야 간 상반된 입장차만 확인한 채 맹탕으로 마무리됐다.
회의 안건과 증인 채택 등을 두고 양당의 입장이 갈리자 추미애 법사위원장은 개회 38분 만에 정회를 선포했다.
전체회의에선 국민의힘이 요구하는 '현안질의 개최의 건'이 상정되지 않아 여야 의원들의 의사진행 발언이 주를 이뤘다. 국민의힘은 검찰의 항소 포기 결정에 관한 현안질의를 요구했으나 민주당이 받아들이지 않았기 때문이다.
국민의힘 의원들은 검찰의 항소 포기는 불법적 지시이며 수사기관의 독립성을 훼손하는 일이라고 지적했다. 그러면서 국회 차원의 제대로 된 진상 규명을 위해선 관계자가 모두 나와서 정상적인 회의를 열어야 한다고 밝혔다.
곽규택 국민의힘 의원 ""민주당의 주장대로 대장동 사건이 조작된 기소라고 주장하려면 법사위를 정상적으로 열어야 한다""며 ""서로 간에 말도 안 맞는 이야기를 하면서 비정상적이 회의를 진행하는 것은 추미애 위원장의 직무유기""라고 말했다.
반면 더불어민주당 의원들은 항소 포기가 타당하며 검찰의 기소 자체가 잘못됐다고 주장했다. 특히 이번 항소 포기 결정과 이재명 대통령의 대장동 재판은 무관하다고 선을 그었다. 이 대통령 사건은 이 건과 별개로 기소돼 있으나 현재는 불소추특권으로 재판이 중지된 상황이다.
김기표 민주당 의원은 ""이 대통령이 나중에 재판을 받아도 이번에 항소포기로 인한 영향은 안 미친다""며 ""추징금은 국민의힘 소속 시장이 있는 성남도시공사에서 진행하는 손해배상청구로 충분히 해결할 수 있다""고 했다.
이날 회의에서 나경원 국민의힘 의원 등은 안건 채택 없이 회의를 연 추 법사위원장에 대한 비판의 목소리도 높였다. 그러자 추 위원장은 나 의원에게 의사진행발언 기회를 주지 않았고, ""오늘 안건과 일정 등에 관해 국민의힘이 협의거부를 해왔다""며 회의 안건과 진행 등을 여야가 협의하라는 조건을 달고 정회를 선포했다.
이후 나 의원은 긴급 기자회견을 열고 ""정성호 법무부 장관 등 간부 4명과 수사·공소 검사 4명을 부르자고 하니 이를 거부한 건 민주당""이라며 ""(추 위원장이) 국회법에 따른 국회의 개의 요구에 대해서 억지로 시늉만 하며 진실을 가리고 싶은 것""이라고 반박했다. 법사위는 12일 오전에도 회의가 예정돼 있다.
나경원 의원 등 국민의힘 법제사법위원회 위원들이 10일 서울 여의도 국회에서 '대장동 사건 항소 포기' 관련 긴급 현안 질의 개회 요구 등과 관련 기자회견을 하고 있다. 연합뉴스"
310,"""모두 이 대통령 때문""…'항소 포기' 책임론에 국힘, 탄핵 주장도","[대검찰청 (오늘 오전) : 노만석 나와!]
[대검찰청 (오늘 오전) : 노만석 어디 갔어?!]
[대검찰청 (오늘 오전) : 비켜!]
[대검찰청 (오늘 오전) : 야 노만석 나와라!]
[장동혁/국민의힘 대표 (대검찰청 / 오늘 오전) : 여기는 누구나 들어갈 수 있는 곳이에요.]
[대검찰청 (오늘 오전) : 항소 포기하고 어디 가서 숨어있는 거야?!]
[대검찰청 (오늘 오전) : 무슨 이유로 막는 거예요!]
[장동혁/국민의힘 대표 (대검찰청 / 오늘 오전) : 누가 막으라고 얘기했어요.]
[박덕흠/국민의힘 의원 (대검찰청 / 오늘 오전) : 이 친구를 고발해?]
[송언석/국민의힘 원내대표 (대검찰청 / 오늘 오전) : 노만석은 지금 도망갔다며? 반부패부장 나오라 해요!]
대검찰청을 방문한 국민의힘.
노만석 대행을 찾았지만, 그는 휴가 중이었습니다.
""검사 아닌 인간 노만석으로 살고 싶다""라는 말도 남겼다는 노 대행.
사퇴를 고심하고 있다는데요.
야당은 잇달아 법무부를 찾았고, 공세 수위를 높이며 정성호 법무부 장관의 사퇴를 요구했습니다.
나경원 의원은 인터뷰 도중, 앵커를 향해 불만을 드러내기도 했는데요.
[나경원/국민의힘 의원 (YTN 라디오 '김영수의 더인터뷰') : 저는 오늘 앵커분의 질문 자체도 정성호 장관 대변인 같으세요. (정성호 장관의 말이) 거짓말이라는 게 검찰 측 얘기고요. 그런 얘기를 그대로 옮기면서 하는 것이 장관의 태도이며, 저는 tktlf오늘 굉장히 실망스럽습니다. 질문하시는 게.]
내일 국회에서 전국 당원들과 대규모 규탄대회도 예고한 상황.
조금 전 법사위에서는 여야가 정면충돌했습니다.
[앵커]
국민의힘이 이른 아침부터 보신 것처럼 대검 앞에서 규탄대회를 열었고요. 대검 관계자에게 왜 막느냐고 항의하는 그런 장면도 방금 보셨습니다. 이재명 대통령 탄핵 주장까지 나왔는데 김유정 의원님, 이에 관해서 민주당 입장은 어떻습니까.
· 국힘, 대검·법무부 앞 규탄대회…장동혁 ""이 대통령 탄핵해야""
· 연일 '탄핵' 주장 장동혁…""모든 것은 이 대통령 때문""
· 민주, 장동혁 '대통령 탄핵' 거론에 ""무책임한 선동 강력 규탄""
· 민주당 ""국민의힘, 사실관계 왜곡…대통령 흠집 내기 몰두""
· 송언석 ""항소 포기 사태 진정한 몸통은 '이 대통령'""
· 정성호 ""대장동 항소 포기, 이 대통령과 무슨 관계있나""
· 정성호 ""성공한 수사·재판…구형보다 높은 형 선고""
· 국힘 '정성호 사퇴' 총공세…""이 대통령 친구이자 친명 좌장""
· 정성호 ""검찰에 '신중판단' 얘기""…송언석 ""그게 바로 외압""
· 노만석 ""검찰 살려야 한다는 생각""…항소 포기 이유 밝혀
· 노만석 ""검사 아닌 인간 노만석으로 살고 싶다""
· 검찰 내부 '노만석 사퇴론' 확산…'대장동 항소 포기' 책임론
· 노만석 ""중앙지검장과 협의""…'사의' 노진우 ""의견 달랐다""
· 노만석 ""용산과 법무부 관계 고려해 판단…어쩔 수 없었다""
· 조상호 ""정성호 수사 개입 아냐…당연한 의사 교섭과정""
· 조상호 ""항소 포기 처음 아냐…'기계적 항소' 벗어나야"""
311,"여야, 법사위서 '대장동 항소포기' 공방…""檢 선택적 항명"" vs ""법무장관 불법 지시""","주진우 ""정성호 법사위 안 나오는 게 대통령실 배후 증거""
이성윤 ""法, 검찰 수사 지적하고 이재명·유동규 유착 부인""
추미애 법사위원장이 11일 오후 서울 여의도 국회에서 열린 법제사법위원회 전체회의에 참석해 발언을 하고 있다. /국회=배정한 기자
검찰의 '대장동 항소 포기'에 따른 파장이 잦아들 기미가 보이지 않는 가운데, 국회 법제사법위원회에서 여야가 또다시 강하게 충돌했다. 국민의힘은 정성호 법무부 장관이 검찰의 항소 포기 결정에 불법적으로 개입했다면서 법무부 등을 대상으로 한 현안질의 개최를 요구했고, 더불어민주당은 검사들이 대장동 항소 포기 건에 대해서만 '선택적 항명'을 하고 있다고 지적했다.
곽규택 국민의힘 의원은 이날 오후 국회에서 열린 법사위 전체회의에서 검찰의 대장동 사건 항소 포기와 관련해 논란이 증폭되고 있음에도 더불어민주당 소속 추미애 법제사법위원장이 현안질의를 신속히 개최하지 않는 것을 강하게 비판했다.
곽 의원은 ""정상적인 법사위와 법사위원장이라면 많은 국민이 관심을 갖고 있는 '대장동 항소 포기 사태'에 대해 정성호 법무부 장관과 노만석 검찰총장 권한대행, 박철우 대검찰청 반부패부장, 정진우 서울중앙지검장 등 다 나오라고 해서 긴급 현안질의를 하는 게 당연한 것 아니겠느냐""며 ""(대장동이라는) 초대형 비리 사건의 1심 판결에 대해 검찰이 항소를 포기하도록 정 장관이 불법적인 지시를 했다는 것이 다 확인된 상황인데 (법사위가) 안건을 정하지도 않은 상태에서 의사진행 발언 듣자고 회의를 하는 게 제정신이냐""고 말했다.
같은 당 송석준 의원은 ""정 장관이 검찰에 '신중한 검토가 필요하다'고 메시지를 내는 등 개입까지 해 가면서 대장동 사건 항소가 취소됐다""며 ""이번에 검찰이 항소를 포기함으로써 범죄자들에게 돈 (환수해야 하는 돈을) 돌려주겠다는 것""이라고 주장했다.
송 의원은 정 장관 등 야당의 현안질의 출석 요구를 받는 인사들이 ""다 정부 관계자들이기 때문에 이 순간에도 연락하면 바로 올 수 있다""며 ""그런데 왜 이 사람들 안 부르고 우리끼리 맹탕 현안질의를 하지는 것이냐""고 목소리를 높였다.
반면 박지원 민주당 의원은 이날 오후 국회에서 열린 법사위 전체회의에서 최근 논란이 된 검찰의 대장동 사건 항소 포기 결정에 대해 ""사법부 판결에 의해 검찰이 결정한 것""이라며 정 장관 관여설을 반박했다.
박 의원은 이번 항소 포기와 관련해 검찰 내부에서 강한 반발이 이는 데 대해서는 ""그렇게 정의로운 검찰이라고 하면 왜 윤석열 석방 즉시항고 포기와 김건희의 비리에 대해서는 말하지 않고 있다""며 ""선택적 항명을 하고 있는 검찰 조직에 대해서는 이대로 용남해서는 안 된다""고 역설했다.
앞서 대장동 사건 1심 재판부는 지난달 31일 유동규 전 본부장, 화천대유자산관리 대주주 김만배씨 등에게 징역형을 선고했다. 그러면서도 성남도시개발공사에 4895억원 손해를 끼친 혐의(특정경제범죄 가중처벌 등에 관한 법상 배임), 유 전 본부장이 민간업자들에게서 428억원을 받기로 약속받은 혐의(뇌물) 등은 무죄로 판단했다. 검찰의 항소 포기로 성남도시개발공사 관련 특경가법상 배임 혐의는 사실상 무죄가 됐고, 2심에서는 유죄를 받은 혐의들만 다투게 된다. 2심에서 유죄 혐의들도 감형될 가능성이 있다.
여야는 추 위원장이 간사 간 현안질의 일정 합의를 위해 정회를 선포한 이후에도 설전을 이어갔다. 주진우 국민의힘 의원은 정회 직후 진행한 야당 법사위원 긴급 기자회견에서 ""대통령실은 검찰의 이번 항소 포기에 대해 사후고지를 받았다고 했다. 그게 사실이라면 정 장관이 법사위에 나와서 해명하면 됐다""며 ""이 사람들이 법사위에 나오지 못하는 상황 자체가 대통령실이 (항소 포기의) 배후라는 증거""라고 강조했다.
반면 이성윤 민주당 의원은 ""국민의힘은 제발 (재판부) 판결문을 좀 읽으라""며 ""읽으면 얼마나 검찰 수사 문제를 지적하는 판결문인지 모른다. 이재명 당시 성남시장은 유동규 등과의 유착관계를 모르고 있는 상태에서 (사업을) 결정했다고 판시됐고, 검찰이 (대장동 사건을) 조작 및 별건수사를 했다고 돼 있다""고 말했다.
발로 뛰는 더팩트는 24시간 여러분의 제보를 기다립니다.
▶카카오톡: '더팩트제보' 검색
▶이메일: jebo@tf.co.kr
▶뉴스 홈페이지: http://talk.tf.co.kr/bbs/report/write"
312,"김경수, 지방선거 향해 한발?…""경남지사 중도 사퇴, 도민들께 죄송""","지방시대위 과제로 '부울경 메가시티' 정조준…'대장동 항소 포기'엔 ""검찰, 선택적 반발""
김경수 지방시대위원장이 내년 지방선거 출마 여부와 관련 ""(출마에 대한) 그런 요구가 있는지는 그때 가봐야 알지 않겠나""고 확답을 피하면서도 ""도민들께는 제가 중간에 (경남도지사를) 중도에 그만뒀으니까 그런 미안함이나 죄송함, 이런 심경을 피력한 적이 있다""고 언급해 눈길을 끌었다.
김 위원장은 11일 기독교방송(CBS) 라디오 인터뷰에서 2026년 지방선거에서 본인에 대한 경남지사 후보 출마 요구가 나올 경우 '응할 의향이 있느냐'는 질문을 듣고 이같이 답했다. 김 위원장은 앞서 문재인 정부 당시인 지난 2018년부터 2021년까지 경남지사를 지낸 바 있다.
김 위원장은 지방시대위원회 추진 과제인 '5극 3특' 균형성장 정책을 소개하며 ""지금은 5극 3특 이 정책을 성공시키는 게 가장 대한민국으로 볼 때도 가장 절체절명의 과제""라고 강조하고는 ""이제 그 성과를 가지고 어떻게 할 거냐는 그 다음에 생각해야 할 것""이라고 지방선거 출마에 대해서는 선을 그었다.
다만 김 위원장은 그러면서도 ""부울경에서도 이걸(5극 3특) 성공시키는 게 중요하다"", ""부울경이 정말 대한민국에서 중요하다""는 등 경남 지역 의제를 거듭 강조해 눈길을 끌었다. '부울경 메가시티'는 김 위원장이 경남지사 재임 당시 추진했던 간판 정책이다.
그는 ""5극 3특 메가시티 전략인데 메가시티라는 용어를 제일 먼저 사용했던 곳이 부울경""이라며 ""(제가) 부울경 메가시티를 만들었다가 그게 또 거의 성공시켰는데 제가 도지사 그만두면서 좌초가 됐었다""고 했다. 그는 ""그래서 오히려 지금 이번 정부의 메가시티 전략 5극 3특 전략은 그 실패를 한 번 경험했기 때문에 성공할 수밖에 없는 프로세스""라고도 강조했다.
한편 김 위원장은 정치권 현안인 검찰의 대장동 사건 항소 포기와 검사들의 집단 발발 사태를 두고 ""검찰은 왜 검찰 개혁을 추진하는 정부만 들어서면 이렇게 선택적으로 반발하는가""라며 ""검찰이 왜 개혁되어야 하는지를 또 한 번 보여주고 있는 거 아니냐""라고 말했다.
김 위원장은 ""항소 포기와 비슷한 사례가 지난번에 심우정 검찰총장의 즉시 항고 포기 같은 사태가 있었잖나""라며 ""(당시에도 즉시 항고 포기에 대해) 수사팀이 반대했다는 걸 밝혔는데 그때 검찰이 지금처럼 반발했나, 안 했다"", ""왜 그럴 때는 가만히 있다가 이렇게 검찰 개혁을 추진하는 정부가 들어서서 똑같은 상황이 생기면 이때만 반발하는지""라고 했다.
김 위원장은 이어 ""도이치모터스 수사부터 해서 검찰이 스스로의 직무를 포기했던 사안들이 되게 많다""며 ""그런 것들에 대해서는 검찰 내부에서 아무런 이의 제기나 반발이 없다가 정부가 바뀌니까 이렇게 반발하는 것 자체가 어쨌든 검찰이 다시 한번 자기를 돌아봐야 될 때""라고 주장했다.
▲김경수 지방시대 위원장 ⓒ연합뉴스"
313,"與 부산시장 후보, 전재수 독주 구도 속 이재성 틈새공략","최인호·변성완 사실상 불출마…전 장관에 여론 쏠리는 모양새
- 이 전 위원장은 2차 공약 준비
- 조국 선거 등판 가능성은 변수
더불어민주당의 내년 부산시장 구도가 전재수 해양수산부 장관의 독주 체제로 굳어지는 양상을 보인다. 그동안 가장 적극적으로 선거 준비를 하던 최인호 전 의원이 주택도시보증공사(HUG) 사장 공개모집에 도전(국제신문 지난 11일 자 2면 보도)했고, 3년 전 부산시장 후보였던 변성완 강서지역위원장도 부산시장에 재도전하지 않고 부산시당위원장을 맡았기 때문이다.
전재수(왼쪽), 이재성
11일 부산 정치권에 따르면 민주당 부산시당 내에서는 지역 기반과 인지도를 겸비한 전 장관과 최 전 의원이 내년 부산시장 유력 후보군으로 거론됐다. 하지만 최 전 의원의 HUG 사장 도전 소식과 함께 민주당 내 후보 경쟁 구도가 급속도로 정리되는 분위기가 형성됐다. 최 전 의원이 각종 여론조사 결과와 함께 최근 전재수 장관을 향한 세간의 관심을 의식, 부산시장 도전의 꿈을 접은 것이 아니냐는 해석이 나왔다. 여기에 연말 예상되는 해수부 부산 이전 ‘컨벤션 효과’까지 고려하면, 전 장관으로의 여론 쏠림이 자연스럽게 높아질 수밖에 없다는 게 최 전 의원의 판단으로 보인다. 최 전 의원도 측근들과 주변 인사들에게 이 같은 취지의 이야기를 건넨 것으로 알려졌다. 다만 최 전 의원이 HUG 사장 공모 결과에 따라 다시 시장 선거에 나설 가능성도 배제할 수 없다.
앞서 변성완 위원장도 부산시장 선거가 아닌 부산시당위원장 선거에 재도전해 선출되면서 지금까지 시장 선거 도전을 공개적으로 선언한 인사 중 이재성 전 시당위원장만 남아 있는 셈이다.
이 전 위원장은 최 전 의원의 지지층 흡수에 나설 것으로 보인다. 그는 오는 19일 부산시의회에서 “양질의 일자리 해답은 AI(인공지능)고속도로에 있다”는 주제로 2차 공약 기자회견을 열겠다고 발표했다고 11일 밝혔다. 자신이 최 전 의원의 대안으로 나서 전 장관과 여권 내 양강 구도로 만들겠다는 의도로 풀이된다. 이 전 위원장은 지난달 1일 차기 부산시장 선거 출마를 선언하며 1차 공약으로 “해양·조선·국방 AI 세계 1위 도시 부산을 만들겠다”고 공약한 바 있다.
다만 시당 안팎에서는 전 장관이 부산시장 도전을 기정사실화하는 분위기가 갈수록 확산한다. 특히 전 장관은 지난 8일 벡스코에서 열린 ‘부산의 미래, 대한민국의 미래’ 토크콘서트에서 “(동남권) 투자공사가 고래이고 은행이 멸치다. 제대로 알고 이야기를 해야 한다”며 공사를 ‘송사리’로 분류하면서 이재명 대통령과 여당을 비판한 박형준 시장을 직격했다.
부산이 고향인 조국혁신당 조국 전 대표의 등판도 민주당 부산시장 후보 구도에는 변수가 될 수 있다. 그는 지난 10일 당대표 출마 기자회견에서 지방선거 출마 여부를 답하지 않았지만 “부산에 각별한 관심이 있다”고 답했다."
314,野 “李 끌어내려야” 與 “비겁한 검사들”…대장동 국조 여론전(종합),"檢 항소포기 후폭풍
- 국힘, 대검 항의방문 장외투쟁
- “자존심 팔아먹은 노만석 규탄”
- 민주 “檢, 尹 구속 취소땐 침묵”
- 법사위 회의 여야 충돌 이어져
검찰의 대장동 사건 항소 포기와 관련, 국민의힘이 규탄대회를 시작으로 대대적인 장외투쟁을 본격화한다. 특히 국힘은 이번 사태를 지지율 제고의 발판으로 삼겠다면서 총력전에 나섰다. 반면 더불어민주당은 “윤석열의 구속취소 때 침묵했던 비겁한 검사들이 갑자기 힘이 솟았다”면서 국정조사 등 강력한 대응을 예고했다.
국민의힘 장동혁 대표와 김도읍 정책위의장이 11일 서울 서초구 대검찰청에서 ‘대장동 사건 항소 포기’와 관련, 노만석 검찰총장 권한대행의 사퇴를 촉구하며 항의방문을 시도하고 있다. 연합뉴스
장동혁 대표는 11일 서울 서초동 대검찰청 앞에서 규탄대회를 열고 “단군 이래 최대의 개발 비리 범죄가 일부 무죄가 선고됐는데도 항소를 포기했다”며 “지금 엉망으로 망가지는 대한민국을 구하는 방법은 딱 하나, 이 대통령을 자리에서 내려오게 하는 것뿐이다. 국정조사와 특검을 통해 이재명 (대통령)을 탄핵해야 한다”고 말했다. 송언석 원내대표는 “대장동 항소 포기 사태의 진정한 몸통은 대장동은 내가 설계했다고 자신 있게 얘기했던 이 대통령”이라며 맹공을 퍼부었다. 이어 “용산과 법무부에 아부하느라 70년 검찰 역사의 자존심을 대장동 잡범들에게 팔아먹은 노만석(검찰총장 권한대행)을 강력히 규탄한다”고 목소리를 높였다. 곽규택(부산 서동) 원내수석대변인도 “사실상 권력의 방패로 재편된 당·정·대 일체의 법률 네트워크이자 법무법인 이재명”이라며 “범죄자에게 수천억 원의 부당이득을 챙겨주고, 부당한 항소 포기에 항의하는 검사들을 항명으로 몰아붙이는 무도하고 파렴치한 정권”이라고 주장했다. 국민의힘은 노만석 대행과의 면담을 요청했으나 이날 노 대행은 휴가를 냈다.
반면 민주당은 이번 사태와 관련한 검찰 내부의 반발을 “친윤(윤석열)계 정치검찰의 항명”이라고 연일 규정하면서 맹폭을 이어갔다. 정청래 대표는 SNS에 “조작 기소, 집단 항명한 검사들은 국정조사 등 강력한 조치가 필요하다”고 밝혔다. 정 대표는 “윤석열 구속 취소에 조용, 침묵했던 비겁한 검사들, 김건희(에겐) ‘그대 앞에만 서면 나는 왜 작아지는가’라는 노래 가사처럼 초라하고 볼품없던 검사들, 갑자기 힘이 솟았나”고 덧붙였다. 조승래 사무총장은 이날 SNS에 “역시 내란의 뿌리는, 국민의힘의 본진은 친윤 정치검찰”이라며 “뿌리자 본진인 (검찰의) 항명 신호에 따라 일사불란하게 움직이는 국민의힘은 마치 파블로프의 개를 보는 것 같다”고 비판했다. 박주민 의원은 YTN에 출연해 “이 사건(대장동)이 굉장한 정치적 목적 하에 무리하게 진행된 수사·기소였다고는 한마디도 안 해 정말 의아하고 화가 난다”고 말했다. 서영교 의원은 KBS 라디오에서 “검찰 자신들이 무슨 짓을 했는지 돌아보고 반성해야 할 때지, 집단행동은 있을 수 없다”며 “이것은 검란”이라고 비판했다.
여야는 이날 국회에서 열린 법제사법위원회 전체회의에서도 충돌했다. 국민의힘 조배숙 의원은 “78년 역사상 일부 무죄가 나온 권력형 대형비리 사건에서 항소 포기는 없었다. 검찰이 내부적으로 항소를 하기로 결정했다가 마감 7분 만에 뒤집혔는데 그 윗선이 법무장관 대통령이라는 의혹도 제기됐다”고 덧붙였다. 반면 민주당 김기표 의원은 “장동혁 대표 사건을 살펴보니 올해 1월21일 공직선거법을 위반해 벌금 100만원이 구형됐고, 무죄가 선고됐다”며 “그런데 검찰은 항소를 포기했다. 검찰의 항소 포기가 이례적인 것으로 보이는가. 제발 똑같은 잣대를 들이대라”고 반박했다."
315,"尹, 채상병특검 첫출석 7시간 조사…“격노는 재발 막으라는 호통”","윤석열 전 대통령이 26일 서울 서초구 서울중앙지방법원에서 열린 윤석열 전 대통령에 대한 ‘특수공무 집행 방해, 직권남용 권리행사 방해 혐의’ 재판에서 눈을 감고 있다. 서울중앙지방법원 제공 영상 캡처 /뉴시스
채 상병 순직 사건 수사 외압 의혹의 정점으로 지목되는 윤석열 전 대통령이 특검 출범 133일 만에 채 상병 특검에 피의자 신분으로 출석했다.
윤 전 대통령은 11일 오전 9시 47분경 서울 서초구에 있는 채 상병 특검(특별검사 이명현) 사무실에 호송차를 타고 지하 주차장을 통해 출석했다. 조사는 오전 10시 20분경 시작돼 오후 5시 35분경 종료됐다. 윤 전 대통령은 앞서 특검 출석 요구에 두 차례 불응했다.
해병대 채 상병 순직사건 수사외압 의혹의 정점인 윤석열 전 대통령이 탑승한 호송차가 11일 오전 서울 서초구 순직해병 특별검사팀(특별검사 이명현) 사무실의 지하주차장으로 들어서고 있다. 이한결 기자 always@donga.com
윤 전 대통령은 해병대 채 상병 사망 사건과 관련해 2023년 7월 31일 임성근 전 해병대 1사단장이 업무상과실치사 혐의 피의자로 적시된 해병대 수사단의 초동 수사 결과를 보고받고 격노한 뒤 임 전 사단장을 혐의자에서 제외하도록 해병대, 국방부 등에 외압을 행사한 혐의를 받는다. 수사 외압 피의자로 고위공직자범죄수사처 수사를 받던 이종섭 전 국방부 장관을 주호주 대사로 임명해 출국시킨 범인도피 혐의도 있다.
이날 특검은 100페이지가 넘는 질문지를 토대로 수사 외압 혐의 조사를 진행했다. 2023년 7월 31일 회의 당시 지시 상황과 해병대 수사단이 경북경찰청에 이첩을 강행하자 수사 기록 회수를 직접 지시했는지, 박정훈 대령 항명죄 수사를 지시했는지 등에 대해 물은 것으로 알려졌다. 윤 전 대통령은 진술거부권을 행사하지 않았지만 혐의를 대체로 부인한 것으로 전해졌다. 이른바 ‘VIP 격노설’에 대해 윤 전 대통령 측 변호인은 “회의 당시 ‘재발 방지 대책을 마련해야 할 게 아니냐’고 말한 게 수사 과정에서 회수 지시로 둔갑했다”며 “격노와 관련해선 ‘이러면 부모들이 어떻게 자식들을 군대에 보내겠느냐’는 취지의 호통이었다”고 설명했다. 특검은 윤 전 대통령을 한 차례 더 불러 범인도피 의혹 관련 조사를 진행할 방침이다.
박성재 전 법무부 장관이 23일 구속영장 기각 이후 첫 조사를 받기 위해 서울 서초구 서울고등검찰청 내란 특검에 출석하고 있다. 박 전 장관은 비상계엄 직후 ‘합동수사본부 검사 파견 검토 지시’와 ‘구치소 수용 공간 확인’ ‘출국 금지팀 호출’ 등을 지시한 혐의를 받고 있다. 뉴스1
한편 내란 특검(특별검사 조은석)은 11일 오전 11시 50분경 박성재 전 법무부 장관에 대해 내란중요임무종사, 직권남용 권리행사 방해 혐의로 구속영장을 재청구했다. 영장실질심사는 13일 오전 서울중앙지법에서 열린다. 앞서 영장이 기각된 지 한 달여 만이다. 특검은 지난달 15일 영장 기각 이후 추가 압수수색을 통해 확보한 새로운 증거를 바탕으로 범죄 사실을 일부 추가했다.
박지영 특검보는 이날 브리핑에서 “구속영장 기각 당시 법원에서 의문을 제기했던 부분에 이견이 없을 정도로 증거를 확보하기 위해 노력했다”며 “의미 있는 자료를 상당수 확보했고, (계엄에) 협조하려는 부분이 소명될 수 있도록 했다”고 밝혔다.
특검은 박 전 장관의 휴대전화 포렌식을 통해 ‘다수당이 입법부 권한을 남용해 입법 독재를 일삼았다’는 취지의 내용이 포함된 ‘권한 남용 문건 관련’ 파일을 확보한 것으로 전해졌다."
316,"尹, 채상병특검 조사 “격노는 재발 막으라는 호통”…수사 외압 부인","윤석열 전 대통령이 26일 서울 서초구 서울중앙지방법원에서 열린 윤석열 전 대통령에 대한 ‘특수공무 집행 방해, 직권남용 권리행사 방해 혐의’ 재판에서 눈을 감고 있다. 서울중앙지방법원 제공 영상 캡처 /뉴시스
채 상병 순직 사건 수사 외압 의혹의 정점으로 지목되는 윤석열 전 대통령이 특검 출범 133일 만에 채 상병 특검에 피의자 신분으로 출석했다.
윤 전 대통령은 11일 오전 9시 47분경 서울 서초구에 있는 채 상병 특검(특별검사 이명현) 사무실에 호송차를 타고 지하 주차장을 통해 출석했다. 조사는 오전 10시 20분경 시작돼 오후 5시 35분경 종료됐다. 윤 전 대통령은 앞서 특검 출석 요구에 두 차례 불응했다.
해병대 채 상병 순직사건 수사외압 의혹의 정점인 윤석열 전 대통령이 탑승한 호송차가 11일 오전 서울 서초구 순직해병 특별검사팀(특별검사 이명현) 사무실의 지하주차장으로 들어서고 있다. 이한결 기자 always@donga.com
윤 전 대통령은 해병대 채 상병 사망 사건과 관련해 2023년 7월 31일 임성근 전 해병대 1사단장이 업무상과실치사 혐의 피의자로 적시된 해병대 수사단의 초동 수사 결과를 보고받고 격노한 뒤 임 전 사단장을 혐의자에서 제외하도록 해병대, 국방부 등에 외압을 행사한 혐의를 받는다. 수사 외압 피의자로 고위공직자범죄수사처 수사를 받던 이종섭 전 국방부 장관을 주호주 대사로 임명해 출국시킨 범인도피 혐의도 있다.
이날 특검은 100페이지가 넘는 질문지를 토대로 수사 외압 혐의 조사를 진행했다. 2023년 7월 31일 회의 당시 지시 상황과 해병대 수사단이 경북경찰청에 이첩을 강행하자 수사 기록 회수를 직접 지시했는지, 박정훈 대령 항명죄 수사를 지시했는지 등에 대해 물은 것으로 알려졌다. 윤 전 대통령은 진술거부권을 행사하지 않았지만 혐의를 대체로 부인한 것으로 전해졌다. 이른바 ‘VIP 격노설’에 대해 윤 전 대통령 측 변호인은 “회의 당시 ‘재발 방지 대책을 마련해야 할 게 아니냐’고 말한 게 수사 과정에서 회수 지시로 둔갑했다”며 “격노와 관련해선 ‘이러면 부모들이 어떻게 자식들을 군대에 보내겠느냐’는 취지의 호통이었다”고 설명했다. 특검은 윤 전 대통령을 한 차례 더 불러 범인도피 의혹 관련 조사를 진행할 방침이다.
박성재 전 법무부 장관이 23일 구속영장 기각 이후 첫 조사를 받기 위해 서울 서초구 서울고등검찰청 내란 특검에 출석하고 있다. 박 전 장관은 비상계엄 직후 ‘합동수사본부 검사 파견 검토 지시’와 ‘구치소 수용 공간 확인’ ‘출국 금지팀 호출’ 등을 지시한 혐의를 받고 있다. 뉴스1
한편 내란 특검(특별검사 조은석)은 11일 오전 11시 50분경 박성재 전 법무부 장관에 대해 내란중요임무종사, 직권남용 권리행사 방해 혐의로 구속영장을 재청구했다. 영장실질심사는 13일 오전 서울중앙지법에서 열린다. 앞서 영장이 기각된 지 한 달여 만이다. 특검은 지난달 15일 영장 기각 이후 추가 압수수색을 통해 확보한 새로운 증거를 바탕으로 범죄 사실을 일부 추가했다.
박지영 특검보는 이날 브리핑에서 “구속영장 기각 당시 법원에서 의문을 제기했던 부분에 이견이 없을 정도로 증거를 확보하기 위해 노력했다”며 “의미 있는 자료를 상당수 확보했고, (계엄에) 협조하려는 부분이 소명될 수 있도록 했다”고 밝혔다.
특검은 박 전 장관의 휴대전화 포렌식을 통해 ‘다수당이 입법부 권한을 남용해 입법 독재를 일삼았다’는 취지의 내용이 포함된 ‘권한 남용 문건 관련’ 파일을 확보한 것으로 전해졌다."
317,"한동훈, 연일 '항소포기' 적극 공세 왜?‥여권 ""전직 검찰로서 사과부터""","[뉴스데스크]
◀ 앵커 ▶
한동훈 전 국민의힘 대표가 검찰의 항소 포기에 연일 격한 비판을 쏟아내고 있습니다.
과거 검찰이 즉시 항고를 포기해 윤 전 대통령이 이례적으로 석방됐을 당시에도 침묵했던 한 전 대표가, 이번 사안에 왜 유독 격한 반응을 보이는지 의문입니다.
공윤선 기자입니다.
◀ 리포트 ▶
대장동 사건의 항소 시한이 지나기 전부터 ""당연히 항소해야 한다""는 글을 SNS에 올리며 시선을 끈 국민의힘 한동훈 전 대표, 검찰이 항소를 포기하자, ""11월 8일 0시 대한민국 검찰은 자살했다""며 가장 먼저 비판에 나섰습니다.
[한동훈/국민의힘 전 대표 (어제, SBS 라디오 '김태현의 정치쇼')]
""항소하는 게 너무 당연한 거였으니까요. 제가 이건 바로 접수해야 된다. 안 그러면 너희들 다 직권남용, 직무유기로 처벌받을 거다라는 메시지를 계속 냈던 것인데‥""
이후에도 '항소 포기는 돈 먹었거나, 백 받았거나, 미쳤거나, 셋 중 하나'라는 등 지난 3일 동안 마흔게 넘는 게시물을 올리며 강한 어조로 공격을 이어갔습니다.
그 대상도 한두 명이 아닙니다.
정성호 법무장관을 상대로 형사고소를 언급하며 공개 토론을 제안했고, 자신에게 비판적인 기사를 쓴 언론사를 거론하기도 했습니다.
한 전 대표가 항소포기를 계기로 여권을 향해 집중 포화에 나선 건데, 정치권에선 한 전 대표가 재보궐선거 등을 앞두고 존재감을 키우기 위해 적극적인 공세에 나서고 있단 분석이 나옵니다.
[조 국/조국혁신당 전 비대위원장 (어제, MBC 라디오 '권순표의 뉴스하이킥')]
""검찰도 그렇고 한동훈 씨도 그렇고 신이 난 것 같더라고요. 이번 기회에 당권 경쟁을 하려고, 또 존재감을 부각시키려고 이걸 이슈 파이팅을 하시는 것 같아요.""
특히 여권에서는 한 전 대표가 지지층 결집을 위한 '선택적' 법치와 공세에 골몰하고 있다는 비판이 쏟아졌습니다.
지난 3월 구속 기간을 시간으로 계산해 윤석열 전 대통령을 풀어주라라고 지귀연 재판부가 결정했을 당시, 검찰이 이례적으로 즉시항고를 포기하면서 수사팀이 반발했지만, 한 전 대표는 한마디도 검찰을 비판하지 않았습니다.
오히려 내란 수괴 혐의를 받고 있는 윤 전 대통령을 향해 ""건강 잘 챙기시라""는 위로의 말을 건넸습니다.
[김현정/민주당 원내대변인]
""한동훈 전 대표가 지금 분노를 표할 곳은 내란수괴이지, 국민이 뽑은 대통령이 아닙니다.""
홍준표 전 대구 시장은 지금의 사태가 윤석열 한동훈 같은 검찰을 망친 정치 검사들의 탓이라며 검찰의 정치화가 초래한 비극이라고 일침을 가했습니다.
그러자 한 전 대표는 ""탈영병은 입을 다물라""며 격한 반응을 보였습니다.
하지만 정치권에서도 전직 검찰 출신으로 진심 어린 사죄와 반성이 먼저라는 비판이 나오고 있습니다.
MBC뉴스 공윤선입니다.
영상취재: 김신영,허원철 / 영상편집: 윤치영
MBC 뉴스는 24시간 여러분의 제보를 기다립니다.
▷ 전화 02-784-4000
▷ 이메일 mbcjebo@mbc.co.kr
▷ 카카오톡 @mbc제보"
318,"노만석 사퇴에 주진우 ""사표 아닌 항소장 접수했어야""","국힘 “사의표명으로 안 끝나, 꼬리자르기 안돼“
정성호 “항소포기 의견 전달 지시한 것 아냐”
▲주진우 국민의힘 의원. 사진=페북
대장동 개발사업 비리 재판 항소를 포기한 노만석 검찰총장 권한대행이 결국 사의를 표명한 것을 두고 사의 표명으로 끝날 일이 아니라는 목소리가 나왔다.
국회 법제사법위원회 소속 주진우 국민의힘 의원은 12일 자신의 페이스북에 ""노만석 검찰총장 대행의 사의 표명으로 끝날 일 아니다. 수사의 시작""이라며 ""법무장관이 법무차관을 통해 정상적인 협의만 요청한 것이라면 노만석이 사표 낼 이유가 없다""라고 규정했다. 주 의원은 ""정성호 장관의 항소 포기 관여가 불법임을 자인한 것""이라며 ""이제 민간인 신분이니 국회로 불러 증인신문하고, 수사도 받아야 한다""고 촉구했다.
특히 노 대행의 사표 접수를 두고 ""이제 와서 사표 접수할 것이 아니라 필사즉생의 각오로 항소장을 접수했어야지""라고도 썼다.
박성훈 국민의힘 수석대변인도 이날 논평에서 ""노만석 사퇴는 끝이 아니라, '압력의 진원지'를 밝혀야 할 시작""이라며 ""정권 부역자의 예정된 결말이었지만, 구체적인 진실은 밝히지 않고 물러나려는 무책임한 태도다. 결코 면죄부가 될 수 없다""라고 비판했다. 박 수석대변인은 ""이재명 대통령 방탄을 위한 전형적인 꼬리자르기""라며 ""이번 대장동 사건 항소 포기는 검찰의 정치적 독립성에 치명타를 입히고, 검찰의 존재 이유와 가치에 대해 근본적인 질문을 던지는 역사적인 사건으로 기록될 것""이라고 비판했다.
박 수석대변인은 ""최고 책임자의 단순 사의 표명만으론 무너진 검찰의 신뢰를 회복할 순 없다""라며 ""노 대행은 사의 표명으로 도피할 것이 아니라, 국민의 사법 정의에 대한 기대를 짓밟은 행위에 대해 국민 앞에 사죄하고, 이번 사태 뒤에 누가 있었는지, 어떤 외압이 작용했는지 모든 진실을 명명백백 밝히라""라고 촉구했다.
한편, 정성호 법무부장관은 이날 국회 예산결산특별위원회에 출석해 '집단 반발하고 있는 검사들이 징계의 대상이 되느냐'는 우재준 국민의힘 의원 질의에 ""집단적으로 연판장을 돌려 가면서 의견을 구해 갖고 행동하는 것은 바람직하지 않다""라고 답했다.
이진수 법무부차관이 노만석 대행에 세가지 선택지를 줬으나 모두 항소포기 지시였다는 동아일보 등의 보도내용의 진위를 확인해봤느냐는 질의에 정 장관은 ""저는 차관이 어떻게 대검에 전달했는지 잘 모르겠다""라면서도 ""다만 지휘를 하려고 하면 관행적으로 서면 또는 공문으로 해왔고, 개별 사건에 원칙적으로 지휘할 생각이 전혀 없었다. 다만 (보고 때) 의견을 제시한 적은 여러 사례가 있다. 법무부차관께서 장관의 생각을 어떤 의도로 받아들여야 되는지 모르겠지만 저는 지시했다고 생각하지는 않는다""라고 답했다.
'확실한 진상규명이 필요하다고 생각지 않느냐'는 질의에 정 장관은 ""재판의 항소포기가 적정했느냐, 안 했느냐의 판단이 전제되어 있는 것이고, 달리 저희가 진상조사를 할 그런 사안은 아닌 것 같다""라고 답했다.
'항소포기 관련 누구와 상의하거나 전화통화한 적이 있느냐'는 질의에 ""그런 사실 없다""라고 답했고, 노 대행이 '용산과 법무부 의견을 고려해 결정했다'고 언급한 것을 두고선 ""어떤 의미로 그런 말씀하신지는 잘 모르겠다""라고 답했다. '장차관 반대로 안 됐다'고 발표한 강백신 검사와 수사팀 의견을 어떻게 보느냐는 질의에 ""강백신 검사의 추측 같다""라고 답했다. 대통령실과 관여됐느냐는 질의에 정 장관은 ""제가 대통령실과 소통한 바는 없다, 이 사건 관련해서는""이라고 답했다."
319,서대문구서 이 대통령 안동 생가 복원?,"[앵커]
이재명 대통령 생가를 복원하자는 건의문이 발의됐습니다.
그런데 이 건의문, 서울 서대문구 구의원들이 냈습니다.
생가터는 경북 안동에 있는데 왜 서대문구가 나선 걸까요?
김승희 기자입니다.
[기자]
더불어민주당 소속 서대문구의원이 발의한 건의문입니다.
이재명 대통령의 발자취가 국민에게 용기를 준다며, 안동 생가터 복원을 경상북도와 안동시 등에 구의회 명의로 건의하자는 내용입니다.
야당 반대에도 건의안은 어제 상임위를 통과했습니다.
[주이삭 / 서대문구의원(개혁신당/어제)]
""우리가 굳이 이런 건의문까지 보낼 이유가 있습니까? 과하게 아부하는 것처럼….""
발의한 구의원을 만나봤습니다.
[김덕현 / 서대문구의원(더불어민주당)]
<왜 서울 서대문구에서 이렇게 건의안을 발의했는지> ""제가 경북 안동 출신이에요. 안동 지역 경제를 발전할 수 있는 그런 계기가…""
[김덕현 / 서대문구의원(더불어민주당)]
<(서대문) 구의회라는 건 이제 (서대문) 구민들을 위한 의정활동을 하는 곳이라고…> ""(건의안은) 예산이 소요되는 부분도 아니고 서대문 주민을 떠나서 대한민국 국민으로서 이재명 대통령께서 살아온 발자취 이런 부분에 대해 좀 더 국민들이 봤으면 좋겠다.""
주민들 생각은 어떨까요.
[김영학 / 서울 서대문구]
""우리 세금을 내고 지자체 운영을 하는 거에서 왜 거기(안동)에 대한 저걸(걱정을) 갖고 있는 거는 좀 의문점이 있다.""
정치권에서는 과도한 충성 경쟁이라는 지적도 나옵니다.
[천하람 / 개혁신당 원내대표]
""누구 한 명이 말도 안 되는 급발진을 했을 때 옆에서 말려야 하잖아요. 말리면 수박 되는 민주당의 현 상황을 정확히 보여주는 겁니다.""
논란이 커지자 해당 구의원은 건의안을 철회하겠다고 밝혔습니다.
채널A 뉴스 김승희입니다.
영상취재 : 이성훈 이기상
영상편집 : 석동은"
320,정성호 “정치적 책임 회피 않겠다…장관 사퇴는 바람직하지 않아”,"정성호 법무부 장관이 12일 오전 국회에서 열린 예산결산특별위원회 전체회의 중 질의에 답하는 과정에서 잠시 물을 마시고 있다. 문호남 기자
정성호 법무부 장관이 검찰의 대장동 항소 포기와 관련해 “정치적인 책임 회피할 생각은 없다”면서도 “전 정권 하에 일종의 정치 보복적 수사 하나 때문에 장관이 책임지고 사퇴하는 것은 바람직하지 않다”고 일축했다.
정 장관은 12일 오전 국회에서 열린 예산결산특별위원회 전체회의에 출석해 ‘이 모든 책임을 지고 사퇴해야 한다’는 배준영 국민의힘 의원의 말에 이같이 답했다.
그는 “(대장동 사건은) 검찰이 처리한 수많은 사건의 일부”라며 “제가 할 일은 검찰 개별 사건에 당부를 판단하는 것이 아니다. 법무부에서 하는 일은 다른 것도 굉장히 많이 있다”고 말했다.
정 장관은 ‘법무부 차관에게 대장동 사건 관련해 어떤 지시를 했느냐’는 질문에는 “(검찰에) 세 번 정도 이야기를 했다”며 “처음 10월 30일 선고가 있었고, 월요일 아침에 사건 보고가 와서 중하게 선고됐거나 잘됐고 이런 정도 (얘기)했었다. 특별한 관심을 갖지를 않았는데 언론에서 여러 가지 이야기가 나오니까 2~3일 정도 후에 판결문을 대충 훑어봤다”고 답했다.
이어 “목요일 11월 6일에 국회에서 예결위 종합질의가 있어서 국회에 와 있는데 예결위 끝나고 나서 대검에서 항소할 필요성이 있다, 이런 의견이 있다는 이야기를 들었다”며 “(당시) ‘중형이 선고됐는데 신중히 판단해야 되지 않겠느냐’ 이런 정도의 이야기 하고 끝나서 다시 돌아갔다”고 설명했다.
정 장관은 “그다음 날 11월 7일에도 마찬가지다. 저녁에 예결위가 잠시 휴정했을 때 검찰에서 항소할 것 같다는 구두보고를 받았다”며 “식사시간에 이야기를 들은 것 같고, 그날 저녁 예결위가 끝난 이후 최종적으로 항고하지 않았다는 보고를 받았다”고 부연했다.
이에 배 의원은 “동문서답하는 것 같다”며 “법무부 차관이 검찰총장 대행에게 ’장관이 지휘권을 행사할 수 있으니 항소를 알아서 포기하라‘고 했다는데 이렇게 지시했느냐”고 다시 묻자, 정 장관은 “그런 사실이 없다”고 답했다."
321,"한동훈 ""김어준 방송이라도 좋다. 정성호·추미애·조국, 나와 토론하자""","한동훈 전 국민의힘 대표가 정성호 법무부장관 등에 대해 대장동 사건 항고 취소와 관련한 토론을 제안했다.
한 전 대표는 12일 자신의 페이스북에 글을 올리고 ""정성호 법무부장관, 추미애 전 법무부장관 , 조국 전 법무부장관 중 누구라도 대장동 일당 불법 항소취소에 대해 저와 국민 앞에서 공개토론을 제안한다""고 밝혔다.
한 전 대표는 ""언제든, 김어준 방송 포함 어느 방송이든, 한명 아니라 여럿이라도 저는 좋다""며 ""이 세 분은 이미 각각 대장동 일당 불법 항소취소에 대해 저와 공방을 벌이셨으니, 공개토론을 피하실 이유가 없을 것""이라고 말했다.
조국 전 조국혁신당 비상대책위원장이 ""검사 출신 김규현 변호사가 한(동훈) 씨와 1대1 TV토론을 원하고 있으니 한 씨는 장혜영 전 의원과 했던 것처럼 토론하길 바란다""고 반박한 데 대해 한 전 대표는 ""조 씨, 구질구질하게 누군지도 모르는 대타 내세우고 도망가지 말고 본인이 토론 나오시라""고 말했다.
한 전 대표는 최근 대장동 사건 1심 판결 이후 검찰이 항소를 포기한 것과 관련해 연일 목소리를 내고 있다. 한 전 대표는 ""이재명 대통령의 대장동 공범들의 재판이기 때문에 법무부가 지시해 항소포기 한 것""이라고 주장하고 있다.
▲한동훈 전 국민의힘 대표 ⓒ연합뉴스"
322,노만석 사의로 끝났지만 ‘수사지휘권 논란’과 ‘검란’으로 난장판 된 검찰조직,"대장동 개발 비리 사건 항소 포기로 사퇴 압박을 받고 있는 노만석 검찰총장 직무대행이 12일 서울 대검찰청으로 출근하고 있다. 문재원 기자
대장동 개발비리 의혹 사건 1심 선고에 대한 검찰의 항소 포기 사태가 12일 노만석 검찰총장 직무대행의 사의 표명으로 일단락됐다. 하지만 이재명 대통령과 관련된 사건의 항소 처리 과정에서 법무부 장관·차관과 검찰 사이의 ‘수사지휘권 발동’ 논란과 검찰 내부의 집단 반발이 함께 터지면서 검찰 조직은 큰 타격을 입게 됐다. 내년에 시행될 검찰청 폐지 등 검찰개혁을 앞두고 수장 없이 ‘대행의 대행’ 체제가 된 검찰의 내홍은 깊어질 것으로 보인다.
노 대행의 이날 사의 표명은 지난 7일 항소 포기 결정 이후 닷새 만이다. 초임검사부터 검사장까지 사퇴 요구가 거세지면서 수장으로서 신뢰를 잃어 직을 유지하는 게 어렵다고 판단한 것으로 보인다.
앞서 검찰은 지난 7일 대장동 개발비리 사건 1심 선고에 대한 항소를 포기했는데, 검찰 내에선 선고 형량이 검찰의 구형량에 미치지 못했지만 항소를 포기한 건 이례적이라며 반발이 나왔다. 정진우 서울중앙지검장이 먼저 사의를 표명했고, 이어 전국 18개 지방검찰청 지검장들과 8개 지청의 지청장들이 각각 공동명의로 검찰 내부망에 글을 올리며 집단 반발에 가세했다. 이들은 “항소 포기의 구체적인 경위와 법리적 이유가 전혀 포함돼 있지 않아 납득이 되지 않는다”며 노 대행의 해명과 사퇴를 요구했다. 여기에 평검사인 대검찰청 연구관들까지 노 대행을 직접 찾아가 사퇴를 요구하는 입장문을 전하자 사태는 ‘검란’으로 비화됐고 노 대행의 리더십은 결정적인 타격을 받게 됐다.
법무부 장관·차관의 ‘수사지휘권 행사’ 논란도 기름을 부었다. 노 대행이 대검 간부들에게 “검찰이 처한 어려운 상황이나 용산(대통령실), 법무부와의 관계를 생각해야 했다”는 취지로 설명했다는 사실이 전해지자 법무부 차원의 항소 포기 외압 논란이 불거졌다. 지난 10일 정성호 법무부 장관이 나서서 “신중히 판단하라는 의견을 전한 것뿐”이라며 반박에 나섰지만, 이진수 법무부 차관이 항소 포기 결정 전에 노 대행에게 전화해 법무부의 ‘신중히 판단하라’는 의견을 전한 사실이 드러나면서 사실상 수사지휘권 행사라는 비판이 나왔다.
지난 11일 연가를 내고 집에서 칩거한 노 대행은 12일 출근 뒤에는 온종일 사의 표명 여부를 고심한 것으로 전해졌다. 출근길에는 아무 입장을 밝히지 않고 업무를 보면서 ‘버티기’에 들어간 것 아니냐는 해석이 나오기도 했지만 검사장급인 대검 부장들과의 여러 차례 회의 끝에 사퇴를 결심한 것으로 알려졌다.
검찰 조직은 상처만 남게 됐다는 평가가 나온다. 내년에 시행될 ‘검찰청 폐지’ 등 검찰개혁을 앞두고 ‘총장 대행의 대행 체제’로 운영되게 됐다. 무엇보다 대통령이 관련된 정치적인 사건을 놓고 갈팡질팡한 노 대행과 이를 막아서기 위해 검란을 불사하며 나선 조직의 모습을 보여주면서 국민 신뢰를 져버렸다는 평가가 나온다. 한 검찰 출신 변호사는 이날 통화에서 “수사지휘권 발동 논란도 문제지만, 결국 스스로 존재 가치를 무너뜨리고 개혁해야 할 필요성만 보여준 사태인 것 같다”고 말했다. 검찰 내에선 이번 사태를 놓고 ‘선택적인 정치검찰의 모습’이라는 비판도 터져나왔다. 노 대행의 사의로 사태가 일단락되는 듯 하지만 향후 개혁을 앞둔 검찰의 앞날은 어둡기만 할 수밖에 없으리란 전망이 나온다."
323,"野 시·도지사, 대통령 앞에서 한 마디씩 하자더니 ‘침묵’","[앵커]
국민의힘 소속 시·도지사들이 이재명 대통령과 회의하기 전 한 자리에 모였습니다.
이 자리를 마련한 장동혁 대표, ""대통령을 만나 가감없이 얘기해달라""고 주문했습니다.
회의도 일부러 앞당겨 했다고요.
그리고 대통령을 만난 시도지사들 가감없이 얘기를 했을까요?
백승연 기자입니다.
[기자]
[장동혁 / 국민의힘 대표]
""(이 회의를 앞당기게 된 건) 이 회의 이후에 우리 단체장님들께서 용산으로 가서 대통령과 회의를 하는 것으로 알고 있습니다. 국민들은 무엇 때문에 신음하고 있는지를 대통령에게도 가감 없이 전달해주시기를 당부드리겠습니다.""
국민의힘 지도부와 소속 시도·지사 11명이 아침 일찍부터 한자리에 모였습니다.
이재명 정권 성토장을 방불케 합니다.
[오세훈 / 서울시장]
""여당은 물론이고 국무총리와 장관까지 나서서 서울시를 일방적으로 매도하고…""
[박형준 / 부산시장 ]
""최근에 나타나는 일련의 새 정부 하에서 일어나는 일은 권력을 사유화하는 세력에 의해 국가가 포획되는 일이 벌어지고 있습니다.""
[김진태 / 강원지사]
""최근에는 대통령, 총리가 수시로 오는데 현장에. 이제 우리한테는 안 와도 된답니다. 오지 말라 그럽니다.""
이어진 대통령과의 중앙지방협력회의.
오전에 했던 성토 이야기는 한 마디도 나오지 않았습니다.
예산 관련한 언급뿐이었습니다.
[김진태 / 강원지사]
""오늘 대통령님 모시는 어려운 자리라서 그런지 아무도 얘기를 안 꺼내서 제가 고민하다가 말씀드리겠습니다. 지방에 재정을 부담할 때 사전에 협의를 해주십사 하는 내용입니다.""
[제9회 중앙지방협력회의]
""일리 있는 지적이시고요. 지방재정 부담에 대해서는 협의를 하는 게 맞겠죠, 원칙적으로.""
당 관계자는 ""이 대통령 면전에서 쓴소리했다가는 이진숙 전 방통위원장처럼 정치 보복할 게 뻔하지 않느냐""면서도 ""다만 지금 국정 운영이 국민 눈높이에 맞지 않는다는 메시지라도 전달했으면 좋았을 것""이라고 말했습니다.
채널A 뉴스 백승연입니다.
영상취재: 김기태 이 철
영상편집: 김지균"
324,"[뉴스추적] 투서에 뒤숭숭한 공무원 사회…야당은 ""내란몰이""","【 앵커멘트 】
정부가 헌법존중 정부혁신 TF를 만들면서 공무원 사회가 뒤숭숭합니다.
정치권에서도 갑론을박이 벌어지고 있는데요.
정치부 김현 기자와 함께 지금 상황 짚어보겠습니다.
먼저 관가 분위기부터 전해주시죠.
【 답변1 】
네 정부가 사실상 '대규모 물갈이 인사'를 예고한 것이어서 공무원 사회에는 긴장감이 감돌고 있습니다.
계엄 때 동원됐다는 의혹을 받는 서울경찰청에서는 이미 투서가 접수된 것으로 알려졌는데요.
고위 경찰 간부 증에서 지난 윤석열 정부에서 혜택을 받은 소위 '친윤 경찰'이 있다는 내용이라고 합니다.
계엄의 핵심 역할을 한 국방부 역시 '인사 명단'이 나도는 등 어수선한 분위기라고 하는데요.
다만 국방부에서는 ""그동안 국방부 자체적으로 조사를 해왔기 때문에 더 나올 것이 있겠느냐""는 반응도 있습니다.
외교부 역시 어디서부터 어디까지 내쳐질지 몰라 분위기가 뒤숭숭한 것으로 전해졌는데요.
한 정부 부처 관계자는 ""아직 구체적인 지침이 내려온 건 없다""면서도 ""1년이나 지난 내용을 지금 들여다 본다고 하니 어수선한 건 사실""이라고 내부 분위기를 전했습니다.
【 질문2 】
민주당은 정부 조치에 힘을 실어줬죠?
【 답변2 】
네 민주당은 이번 TF 구성을 강력하게 지지하고 있습니다.
김병기 더불어민주당 원내대표는 ""비상계엄에 참여해 국민을 배신한 공직자에게는 단 한치의 용서도 없다""면서 ""정부의 이번 조치가 정의를 바로 세우는 일""이라고 강조했습니다.
오늘 국회 법사위에서도 정부 조치를 지지하는 민주당 의원들의 발언이 이어졌습니다.
▶ 인터뷰 : 전현희 / 더불어민주당 의원
- ""불법적인 비상계엄의 내란행위에 적극적으로 동조했는지 이 부분에 관해서 책임을 묻는 것은 너무나 당연하다 생각합니다.""
【 질문3 】
야당인 국민의힘은 정반대의 입장일 것 같은데, 국민의힘은 어떻습니까?
【 답변3 】
국민의힘은 ""이재명 정부의 내란몰이가 시작됐다, 내란몰이 TF가 만들어졌다""며 강하게 비판했습니다.
송언석 국민의힘 원내대표는 ""대통령과 정부가 직접 내란몰이에 가담했다""면서 ""헌법존중 정부혁신TF가 아니라 헌법파괴 내란몰이TF로 불러야한다"" 말했습니다.
또 이재명 정부가 공직사회의 정치적 중립을 흔들고 있다고 있다고 주장했습니다.
▶ 인터뷰 : 나경원 / 국민의힘 의원
- ""공무원들 영혼을 탈탈 터는 것이다. 이런 일을 지금 기관별로 하니까, 앞장서서 하시겠다….""
【 클로징 】
정치권에서는 이번 조치를 둘러싼 공방이 계속 될 것 같네요.
오늘 말씀 여기까지 듣겠습니다.
정치부 김현 기자였습니다."
325,"[영상] 김용민 ""尹정권 YTN 장악에 기재부 동원 의혹 철저히 조사해야""","구윤철 기재부 장관 “특검과 잘 협의하고 있어”
김용민 더불어민주당 의원이 기획재정부 장관에게 윤석열 정권 당시 기획재정부가 재정건전성을 빙자한 YTN 언론 장악에 동원된 의혹에 대해 철저한 조사를 당부했다.
12일 국회 법사위 기획재정부 소관 법률 심사 대체토론 과정에서 김용민 의원은 ""YTN 지분 매각 관련해, 윤석열 정부 당시 기재부가 각 정부 부처와 공공기관까지 해서 사업과 불필요한 재산을 다 매각하라는 지침을 하달해서 공직사회가 한번 뒤집어졌다""며 ""재정 건전성을 얘기하면서 그때 한전KDN이 YTN 지분을 한 21% 갖고 있었는데 한전KDN에게 불필요한 지분이니 빨리 매각하라고 아주 강하게 압박했다""라고 지적했다.
김용민 의원은 ""당시 한전KDN의 국감 때 그때 마침 제가 산자위였다. 한전KDN 정관을 보면 방송 통신이 있다. 그래서 이건 사업 목적과 무관한 지분이 아니다라는 것을 거기서 주장을 했고, 당시에 KDN 사장도 인정했다""며 ""그러면서 오히려 마사회 지분이야말로 사업 목적과 아무런 상관없이 YTN 지분 갖고 있는 것 아니냐라는 문제 제기를 했었다""고 말했다. 김 의원은 ""그랬더니 갑자기 12월에 마사회가 YTN 지분 매각을 의결해 버린다. 그런데 10월까지도 마사회는 지분 매입하지 않겠다라고 부정적이었는데 12월에 갑자기 의결을 한다""며 ""그 과정에서 마사회는 당시 기재부의 압박이 있었다는 주장을 하는 것 같다""고 했다.
김용민 의원은 ""결국 YTN 지분을 한전KDN도 전량 매각했고, 마사회도 매각했다. 그래서 YTN이 사기업으로 넘어가 버렸다""며 ""저는 그것이 윤석열 정권의 재정 건전성을 빙자한 언론 장악 시도였다고 보고 있는데 그 과정에서 기재부가 정말로 압력을 행사하거나 직권을 남용한 것이 없는지 이런 것들을 철저하게 조사해야 한다""고 촉구했다. 또한 ""그 부분이 확인되지 않고 넘어간다면 기재부가 동원돼서 언론 장악까지 했던 과오가 진실로 정당한 것처럼 남아져 버릴 수 있다. 이 부분은 반드시 조사하고 확인이 필요하다""고 강조했다. 구윤철 기재부 장관은 ""이 부분은 지금 특검에서도 수사 중에 있다""며 ""저희도 특검과 잘 협의하고 있고 아마 어떤 부분에 대해 진실이 밝혀질 것""이라고 답했다."
326,"윤 ""임성근 모르는데 무슨 격노…호통쳤지만 빼라고 안 했다""","[앵커]
순직해병특검에 출석한 윤석열 전 대통령이 호통은 쳤지만 재발을 막으라는 취지였다고 이른바 'VIP 격노'를 부인했습니다. 경위를 조사해서 인사 조치를 할 게 있으면 하라고 했다는 주장입니다. 실제로 누가 인사 조치됐는지 확인해봤습니다. 초동 수사를 했던 박정훈 당시 수사단장 뿐이었습니다.
박사라 기자입니다.
[기자]
채 상병 사건 외압 의혹의 시작은 2023년 7월 31일 'VIP 격노' 였습니다.
임성근 전 해병대 1사단장이 혐의자로 포함된 초동 수사 결과를 보고받은 윤석열 전 대통령이 참모들에게 화를 냈다는 겁니다.
[박정훈/대령 (2024년 6월 21일 / 국회 청문회) : 이런 일로 사단장을 처벌하면 대한민국에서 누가 사단장을 할 수 있겠느냐며 격노하였다고 했습니다. 대통령이 국방과 관련하여 이렇게 화를 낸 적이 없다고도 했습니다.]
특검에 출석한 윤 전 대통령은 ""사고 재발 방지를 당부하는 차원에서 호통을 쳤을 뿐""이라고 진술한 것으로 알려졌습니다.
회의 직후 이종섭 전 국방부 장관과의 통화 역시 같은 취지였을 뿐, 임 전 사단장을 혐의자에서 빼라는 구체적인 지시를 한 적이 없다고 했습니다.
자신은 임 전 사단장과는 모르는 사이였고, 특별히 그를 위해 격노할 이유가 없다는 겁니다.
군 내부에서 경위를 조사해 인사 조치할 부분이 있다면 하라는 지시만 했다는 게 윤 전 대통령 측 주장입니다.
하지만 이 전 장관과의 통화 직후 보임 해직된 건 당시 초동수사를 담당한 박정훈 대령 뿐이었습니다.
윤 전 대통령은 이후 수사 외압 의혹도 전면 부인했습니다.
경찰로 이첩된 수사 결과를 대통령실이 주도해 회수한 건 자신이 지시가 아니었다고 했습니다.
2023년 8월 박정훈 대령에 대한 체포영장이 청구됐다가 기각된 뒤 이 전 장관 등과 한 통화도 채 상병 사건과 무관한 일이었다고 진술한 것으로 취재됐습니다.
다만 이같은 주장은 VIP격노 이후 윤 전 대통령의 지시를 받고 수사 기록 회수가 이루어졌다는 사건 관계자들의 진술과 엇갈립니다.
[영상편집 배송희 영상디자인 김윤나]"
327,국힘 “다음 사퇴는 법무장관”…정성호 “사퇴 없다”,"[앵커]
국민의힘, 노만석 대행 사퇴 소식이 들려오자, 다음은 정성호 법무부 장관이라고 공세를 폈습니다.
법무장관이 협의만 요쳥했다면, 노 대행은 사표를 낼 이유가 뭐냐면서요.
정 장관, ""정치적 책임을 회피할 생각은 없지만 사퇴는 없다""며 맞섰습니다.
성혜란 기자입니다.
[기자]
국민의힘은 노만석 검찰총장 직무대행의 사표 소식이 전해지자, 다음 타깃으로 정성호 법무부 장관을 지목했습니다.
""노 대행 사의 표명은 끝날 일이 아닌 수사의 시작""이라며 ""정 장관의 항소 포기 관여가 불법임을 자인한 것""이라고 지적했습니다.
국회에 출석한 정 장관을 향해 사퇴를 촉구하는 목소리가 이어졌습니다.
[배준영 / 국민의힘 의원]
대통령은 완전히 무죄가 됩니다. 이게 최대 수혜가 아니면 누가 최대 수혜자라고 말씀하시는 것입니까?
[정성호 / 법무부 장관]
일방적인 주장 같습니다.
[배준영 / 국민의힘 의원]
이 모든 책임을 지고 사퇴하셔야 된다.
[정성호 / 법무부 장관]
정치적인 책임 회피를 할 생각 없습니다. 전 정권 하에서 일종의 정치 보복적인 수사 하나 때문에 장관이 책임지고 사퇴하는 것은 바람직하지 않다고 보고 있고요.""
야당은 정 장관과 대통령실의 사전 협의 고리를 찾는 데 주력했습니다.
[서범수 / 국민의힘 의원]
대한민국 국민 어느 누구도 법무부 장관님 혼자 독자적으로 결정했다고 보고 있지 않고요. 더 보이지 않는 윗선이 있다고…
[강승규 / 국민의힘 의원]
'용산과 소통 안 할 수 없다'라는 총장대행의 그런 고백 이런 것들을 볼 때 / 법무부·총장대행 등과 연결된 삼각 외압 사슬 아닙니까?
[정성호 / 법무부 장관]
""저는 위원님의 추측이라고 생각합니다.""
정 장관도 야당과의 공방을 피하지 않았습니다.
[정성호 / 법무부 장관]
""하, 참 진짜.""
[이종배 / 국민의힘 의원]
""오늘도 장관님한테 이렇게 집중적으로 질의하고 하는 거 아니겠습니까. 진상을 규명해서 국민들에게 알릴 생각은 없으십니까?""
[정성호 / 법무부 장관]
달리 저희가 진상 조사할 그런 사안들은 아닌 것 같습니다.
정 장관은 ""국민의힘 장동혁 대표가 공직선거법 재판 1심에서 100% 무죄 판결이 났으나 항소하지 않았다""며 항소 포기 비판을 반박했습니다.
채널A 뉴스 성혜란입니다.
영상취재 : 이 철 김명철
영상편집 : 이혜리"
328,"정성호, ‘외압’ 지적에 “일상적으로 하는 얘기”","[앵커]
노만석 대행이 항소를 포기하게 한, 윗선으로 의심받아온 정성호 법무부 장관과 이진수 법무부 차관이 오늘 나란히 국회에 출석했습니다.
정 장관 신중하라는 의견을 낸 건 일상적인 얘기였을 뿐 지시가 아니었다고 선을 그었습니다.
이진수 차관은 신중하라는 장관 의견을 노만석 대행에게 전달한 건 맞다고 했습니다.
조민기 기자입니다.
[기자]
정성호 법무부 장관이 국회에 나와 처음으로 대장동 사건 항소 포기 과정을 설명했습니다.
정 장관은 지난달 31일 대장동 사건 1심 선고가 나오고 2, 3일 뒤 판결문을 처음으로 봤고, 지난 6일 대검에서 항소가 필요하단 보고를 전해들은 뒤 자신의 의견을 전달했다고 했습니다.
[배준영 / 국민의힘 의원]
""'항소를 알아서 포기하라' 이렇게 법무부 차관에게 지시하셨습니까?""
[정성호 / 법무부 장관]
""뭐 그런 사실 없습니다. 중형 선고됐는데 신중히 판단할 필요 있지 않겠느냐 이런 정도의 얘기를 하고 끝나서 저희들은 다시 돌아갔고요.""
그리고 하루 뒤, 검찰이 최종 항소하지 않았단 보고를 받았다 설명했습니다.
항소 포기 지시를 한 적도 없고 만약 검찰을 지휘하려 했다면 ""서면으로 했을 것""이라고 했습니다.
'신중 의견을 낸 것 자체가 외압으로 느껴진다'는 지적에도 선을 그었습니다.
[정성호 / 법무부 장관]
""외압은 무슨, 일상적으로 하는 얘기죠.""
이진수 법무부 차관은 정 장관의 ""신중하라""는 의견을 노만석 대행에게 전달했다고 인정했습니다.
다만 ""노만석 대행에 한 차례 전화했고, 여러 차례에 걸쳐 전달한 건 아니""라고 했습니다.
정 장관은 이 사안을 대통령 또는 대통령실과 논의한 적 없다고 강조했습니다.
[우재준 / 국민의힘 의원]
""대통령께서도 관심이 많으신데, 어떠한 보고를 하지 않습니까?""
[정성호 / 법무부 장관]
""그런 사실 없습니다.""
채널A 뉴스 조민기입니다.
영상취재 : 김재평 장명석
영상편집 : 박형기"
329,'친윤 검사'로 불리던 이들…'채상병 수사방해' 구속영장,"[앵커]
순직해병 특검이 김선규·송창진 전 공수처 부장검사에 대해 구속영장을 청구했습니다. 검찰 근무 당시 '친윤 검사'로 불리던 인사들입니다. 김 전 검사는 지난해 4월 총선 전 채상병 사건의 관련자 소환을 막으라는 취지의 지시를 내렸고 송 전 검사는 윤석열 전 대통령의 휴대전화 등에 대한 압수수색 영장 청구를 방해했다는 것이 특검의 판단입니다.
유선의 기자입니다.
[기자]
송창진 전 공수처 부장검사는 지난해 국회에 출석해 채 상병 순직 사건 관계자들의 영장을 전부 청구했다고 말했습니다.
[송창진/전 공수처 부장검사 (2024년 7월) : 통화 내역을 얻기 위한 통신영장 청구를 했는데 다 기각됐습니다.]
그런데 순직해병 특검은 복수의 공수처 관계자들로부터 송 전 부장검사가 국회 증언 한 달 전인 지난해 6월 회의에서 영장 청구를 막았다는 진술을 확보했습니다.
""수사 외압은 소설같은 이야기""라면서 ""영장에 결재할 수 없다""고 주장했을뿐 아니라, ""나를 결재라인에서 빼면 사표를 내겠다""고 버텼다는 겁니다.
송 전 부장검사는 '구명로비' 의혹의 핵심 인물인 이종호 전 블랙펄인베스트 대표를 변호한 경력이 있는데, 뒤늦게 회피 신청을 해 논란이 됐습니다.
[송창진/전 공수처 부장검사 (2024년 7월) : {1년씩이나 수사하면서 이종호 씨 실체도 몰랐다고요?} 전혀 몰랐습니다.]
김선규 전 공수처 수사1부장 검사는 수사를 일부러 지연시킨 의혹을 받습니다.
특검은 복수의 공수처 관계자들로부터 ""지난해 2~3월 김 전 부장검사에게 '총선 전에 사건 관련자들을 소환하지 말라'는 지시를 받았다""는 진술을 확보했습니다.
반면, 총선이 끝나고 민주당이 '채 상병 특검법' 통과를 시도할 때는, ""거부권 행사의 명분이 필요하니 서둘러 조사하라""는 취지의 지시를 했다는 진술도 있습니다.
특검은 당시 김 전 부장검사의 지시를 받은 검사가 총선을 언급한 내용을 받아 적은 수첩도 확보한 것으로 확인됐습니다.
특검은 두 사람에 대해 구속영장을 청구하고 송 전 부장검사의 국회 위증 사건을 1년 가까이 대검에 통보하지 않은 오동운 공수처장도 입건해 수사하고 있습니다.
[영상취재 주수영 구본준 김미란 영상편집 김황주 영상디자인 강아람]"
330,"한동훈 토론 제안에 조국, '대타'로 맞서자…정혁진 ""엄한 변호사 내밀지 말고 전직 장관끼리 붙어라""","정혁진 변호사는 조국 전 조국혁신당 비대위원장을 향해 한동훈 전 국민의힘 대표가 제안한 대장동 항소 포기 관련 토론에 전직 장관답게 즉각 응할 것을 촉구했다.
/장원준 김미선의 뉴스트라다무스
한 전 대표는 앞서 12일 오전 SNS를 통해 ""정성호 법무부 장관·추미애 전 법무부 장관·조국 전 법무부 장관 중 누구라도, 한 명 아니라 여럿이든 다 좋다""며 국민 앞에서 공개토론을 하자고 제안했다,
제안을 받은 3명의 전현직 법무부 장관 중 정 장관과 추 전 장관은 별다른 반응을 보이지 않고 있는 가운데, 토론의 포문을 연 당사자인 조 전 장관은 같은 당 대변인과 변호사 등을 토론에 적절한 상대라며 한 전 대표에 추천하는 것 외에는 관련 발언을 아끼고 있다.
조 전 비대위원장은 이날도 ""우리당(조국혁신당) 박병언 대변인의 제안""이라며 ""당대표도, 국회의원도 아닌 저와 (토론)하는 것이 적절하지 않을까 싶다""고한 박 대변인의 SNS게시물을 공유했다.
/조국 전 조국혁신당 비대위원장 페이스북
한 전 대표는 ""대리 시험에 이어 대리 토론이냐, 무식하다는 말 안 할 테니 본인이 나오라""며 조 전 비대위원장이 직접 나설 것을 다시 촉구했다.
같은날 장원준 김미선의 뉴스트라다무스에 출연한 정혁진 변호사는 ""굳이 토론의 급을 생각한다면 법무부 전 장관 출신들끼리 하는 것이 맞지 않겠냐""며 조 전 비대위원장의 응답을 촉구했다.
정 변호사는 ""토론 논란은 조 전 비대위원장이 먼저 자신이 법학 교수 출신임을 언급하면서 대장동 일당의 불법 수익을 몰수·추징할 수 없다는 취지의 주장을 하며 한 전 대표의 주장은 틀렸다고 지적해 시작된 건데 정작 변호사 등 다른 사람을 토론에 나가라고 추천하는 건 경우에도 맞지 않다""고 설명했다.
정 변호사는 또 ""국민 앞에서 맞고 틀림을 따져 조 전 비대위원장의 말이 옳은 것으로 확인되면 항소 포기에 대한 국민의 비판도 줄어들 테니 조 전 비대위원장이 응하지 않을 이유가 없다""며 ""자신이 이슈를 던진 상황에서 반복적으로 다른 사람을 토론에 내미는 건 향후 정치 행보에도 도움이 되지 않을 것”이라고 조언했다."
331,"김상욱 ""김건희, 어지러워요 풀어주세요?...옛날로 치면 대역죄인, 단죄 국가 기강 세워야""[여의도초대석]","""윤석열 뒤에 김건희...국가 흔들어, 연민 안 돼""
""대장동 항소 포기, 이재명 스타일...옳은 결정""
""손해 보더라도 원칙 지켜...검찰권 행사 제자리로""
""울산 발전소 붕괴...누구도 일하다 죽으면 안 돼""
""이재명 정부, 예산과 제도로 산업현장 안전 확보""
△유재광 앵커: 서울광역방송센터입니다. 대장동 항소 포기 논란이 계속 일파만파 번지고 있습니다. 국회 예결위원회 질의에 출석한 정성호 법무부 장관은 항소 포기 관련 대통령실과 논의한 적이 없다고 딱 선을 그었는데, 국민의힘은 그럼 도대체 왜 법무부 장관이 나서서 검찰총장 직무대행을 사실상 지휘해서 항소를 포기한 거냐고 날을 세워 따져 물었습니다. '여의도초대석', 합리적 중도 보수 김상욱 더불어민주당 의원과 정치권 현안 얘기해 보겠습니다. 의원님 어서 오십시오.
▲김상욱 의원: 네, 반갑습니다. 오랜만에 인사드립니다.
△유재광 앵커: 근데 여기 머리를 다치셨네요.
▲김상욱 의원: 예. 제가 지난 목요일 울산에서 발전소 붕괴 참사가 있었습니다. 목, 금, 토, 일 나흘간 가족들과 함께 현장에서 같이 밤낮을 같이 지내면서 현장에서 제가 조력할 부분 가족들과 함께 할 부분 조율할 부분 열심히 뛰어다녔는데요. 아무래도 좀 참사 현장이다 보니 정리가 되지 않은 현장인데. 좀 마음이 급해서 뛰어다니다가 철골 구조물에 부딪혀서 조금 다쳤습니다.
△유재광 앵커: 아니 국회의원이 참사 현장에서 뛰어다닐 일이 뭐가 있는 건가요?
▲김상욱 의원: 어떻게 어떤 마음으로 가는지에 따라 다른 것 같습니다. 가면 정말 일손이 많이 필요합니다. 해야 될 일들도 정말 많고요. 저는 이런 참사 현장에 기존에 보면 정치인들 와서 사진 찍고 가고 위세하고 가고 이런 경우들 많았지 않습니까. 그건 참사 현장에서 절대 갖춰서는 안 되는 잘못된 태도라고 생각합니다. 가면 해야 할 일들이 정말 많습니다. 예를 들어서 매몰자 가족들과 함께 그분들의 목소리를 대변하고 아픔을 같이 나누면서 어려움을 보살펴드리는 일, 또 적십자나 의용소방대나 봉사 나오신 분들이 불편함이 없도록 챙겨드리는 일, 또 매몰자 가족들과 대책본부 사이의 조율과 대화를 시도하는 일 여러 가지 이런 일들이 정말 많거든요. 그런 일들을 정말 바쁘게 움직여야 할 수 있는 일들이고요. 저는 우리 이번 울산 붕괴 참사 현장에서 참 많은 생각들을 하게 됐는데, 일단 우리 이재명 정부가 이 산업 현장에 이런 참사에 대해서 정말 적극적으로 대응하고 있구나. 정말 총력전으로 국민 한 사람의 생명도 귀하게 여긴다는 것을 실천적으로 보여준 그런 현장이라는 생각이었고, 그런 헌신적인 노력 덕분에 매몰자 가족분들도 정부를 원망하기보다는 도리어 협조적으로 같이 구조 작업에 대해서 여러 가지 의견을 나누고 대책본부의 대책 회의에 매몰자 가족 대표자들이 항상 함께 참석하면서 같이 의견을 나누면서 함께 구조 작업이 진행이 되었습니다. 그래서 이재명 정부가 산업 현장의 안전을 정말 중요하게 생각하고 있는데요. 이번 울산 발전소 붕괴 현장 같은 경우도 구조물 안전 진단에 관한 전문 역량, R&D 역량 이런 것들이 부족해서 발생한 일입니다. 여기에 대한 우리의 추가적인 노력이 필요하고요. 2026년 예산.
△유재광 앵커: 근데 어떻게 화력발전소가 무너질 수가 있나요? 뭘 어떻게 하면.
▲김상욱 의원: 그게 40년이 넘은 화력발전소입니다. 건물, 이제 이 발전소 한기가 건물이 아니라 하나의 거대 철골 구조물입니다. 3천 톤에서 4천 톤 정도 나가는 거대 철골 구조물.
△유재광 앵커: 발전소가 건물이 아닌가요?
▲김상욱 의원: 이거는 철골 구조물입니다. 철골 구조물인데 3~4천 톤 나가는 60m짜리 높이의 거대 철골 구조물인데. 이걸 한꺼번에 부술 수가 없잖아요. 다 얽혀 있는 철골 구조물이다 보니까 그래서 취약화 작업이라고 합니다. 이 다리를 약하게 해서 여기다 폭약을 설치해서 (한 번에 무너지게.) 넘어뜨리는 건데 4호기, 5호기, 6호기가 있는데 4호기는 100% 취약화 작업이 끝난 상태, 6호기는 70% 정도 된 상태, 5호기는 하는 중에 5호기가 무너져버린 겁니다. 그러다 보니까 어떤 문제가 있냐 하면 5호기 철골 구조물이기 때문에 전체로 크레인이나 이런 걸 통해서 들어내야 하는데, 중장비를 투입할 수가 없는 거죠. 중장비만 들어가면 이게 무너져 버리니까 4호기 6호기가 언제든 무너질 수 있는 상황이었습니다. 그러다 보니까 제대로 된 구조 작업을 하기 위해서는 4호기, 6호기를 철거해야지만 구조 작업을 할 수 있고.
△유재광 앵커: 철거를 하고 어떻게 구조를 해요? 철거하면 다 무너지는 거 아닌가요?
▲김상욱 의원: 그것 때문에 이제 좀 어려움이 있죠. 위험 그런 위험도 있고 또 매몰자 가족들 입장에서는 내 가족이 저기 매몰되어 있는데. 바로 옆에 있는 3~4천 톤짜리 거대 철골 구조물을 폭약을 설치해서 무너뜨린다는 것이 쉽게 동의하기 어려운 일입니다. 그런데 현장에서 고용노동부 장관님을 비롯해서 관계자분들께서 정말 헌신적으로 노력해 주셨고 또 저도 부족하지만, 가족들과 함께하면서 상황에 대해서 열심히 공감하고 같이 노력을 많이 했고 가족들께서 그래서 적극적으로 구조에 동참을 해 주셨습니다. 그래서 매몰자 가족분들께서 한시라도 빨리 매몰자들을 가족들의 품으로 다시 되찾고 싶다는 바람을 반영해서 가족들과 함께 토의를 해서 4호기, 6호기를 폭약으로 철거하는 데 동의를 했고, 그래서 화요일 날 점심때 12시에 폭약으로 철거를 한 후에 그다음에 본격적인 구조 작업에 들어갔습니다.
△유재광 앵커: 근데 그게 뭐든 특히 이런 사건 대형 사고는 당사자들을 설득하고 이해하는 게 제일 중요한데. 그 작업은 잘되고 있는 건가요?
▲김상욱 의원: 제가 매몰자 가족들과 소통하고 같이 말씀 나누고 조율하는 역할을 주로 맡았는데. 중요한 건 진정으로 매몰자 가족분들을 위하는 마음이라고 생각합니다. 그런 진심이 서로 통하니 매몰자 가족분들도 믿고 의지해 주셨고 또 저도 그 믿음을 지켜야 하기 때문에 최선을 다해서 그분들의 입장을 대변하고 또 대책본부의 관계를 조율하는 역할을 했습니다. 그래서 다행스럽게 대책본부와 구조를 지휘하는 대책본부와 매몰자 가족분들 간에 상당 부분 신뢰 관계가 쌓여서 서로 협조적인 분위기에서 구조 작업이 진행되고 있습니다.
△유재광 앵커: 그런데 이런 노후 발전소 말씀하신 구조물이 한두 곳이 아닐 것 같은데. 이거 어떻게 해야 되나요?
▲김상욱 의원: 그렇기 때문에 구조물 안전 진단에 대한 전문가가 필요한 겁니다. 이 붕괴 사고도 사실 왜 일어났는지 원인을 따져보면 어떻게 조치했을 때 이게 과연 안전도가 있는가, 없는가. 구조물에 대한 안전 진단 전문 역량이 부족했던 거예요. 그러면 단순히 업체의 역량 부족만 문제가 아니라 산업 안전 관리하는 정부에도 이걸 충분히 이걸 다시 한번 검수할 수 있는 전문가가 부족했던 겁니다. 그래서 올해 2026년 예산에는 산업안전감독관을 대폭 증원하게 지금 예산을 지금 반영을 하고 있습니다.(산업안전감독관은?) 근로감독관과 달리 산업 현장의 안전을 감독하는 분들입니다.
△유재광 앵커: 공무원들인가요?
▲김상욱 의원: 그렇죠. 그래서 제가 월요일 새벽까지 현장에 있다가 바로 오전에 서울에 올라와서 2026년 예산 처리인데요. 고용노동부와 또 기획재정부 장관님 다 이렇게 두 분께 말씀을 올리면서 울산 현장 말씀을 드리면서 산업안전감독관을 충원을 해야 하고 이분들을 충분히 교육을 해야 하고 또 안전보건공단에 이런 전문 안전 영역을 연구할 수 있는 R&D 예산이 거의 책정이 되어 있지 않습니다. 이 부분은 적극적으로 책정을 해야 하는 점, 나아가서 학계와 기업계 또 이런 전문가들 사이에 네트워크를 만들어서 재난 상황 때 전문가들이 즉시 투입될 수 있는 체계를 구축하는 것 이런 부분에 대한 예산 배정을 부탁을 드렸고 적극 반영돼서 2026년도에는 산업안전감독관이 전년도 대비 30~40% 이상 더 늘어서 더 많이 충원할 예정에 있습니다.
△유재광 앵커: 그게 지금까지 안 돼 있다는 게 더 이상한 거 같은데요?
▲김상욱 의원: 그동안 이제 사실 이제 이재명 대통령님께서 대통령이 되신 이후에 산업 현장의 안전에 대해서 계속해서 강조하고 계십니다. 이런 노력 덕분에 이 부분에 대해서 우리가 다른 태도로 이걸 한번 줄여보자 없애보자. 산업 현장의 위험을 줄여보자는 취지로 우리가 적극적으로 나서고 있습니다. 그러면서 인력 충원이 이루어지고 있는 것이고요. 그전에는 사실 우리가 좀 안이하게 생각한 것이 있죠. 산업 현장엔 언제나 재해가 있을 수밖에 없다 라는 생각 때문에 산업안전감독관을 더 충원하지도 않고, 전문 교육을 하지도 않고 전문가를 기르지도 않았습니다. 비용으로만 생각한 거예요. 그런데 이거 비용이 아닙니다. 이건 투자입니다. 한 번씩 이렇게 사고가 나면 얼마나 손실이 큽니까. 뿐만 아니라 산업 안전을 관리하는 이 기술은 대한민국의 산업 현장에 경쟁력을 올릴 뿐만 아니라 나중에는 다른 나라 해외에 있는 산업 현장 안전도 우리가 관리할 수 있는 수출 서비스가 될 수도 있습니다. 이건 우리가 투자 개념으로 접근해야 하고 그걸 떠나서 산업 현장은 우리의 일상입니다. 우리가 노동자 아닌 사람이 없습니다. 우리가 출근하는 모든 곳이 산업 현장이고요. 우리와 우리 가족들이 일하는 곳입니다. 달리 말하면 우리의 일상의 현장입니다. 여기가 안전하지 못하다면 안전한 대한민국이라 할 수 없죠. 노력하면 줄일 수 있습니다. 20년 전에 제가 첫 직장으로 근무했었던 곳이 보험회사의 퇴직보험 지급 부서였습니다. 거기서 조선소에서 그때만 해도 매월 몇 분씩 압착 사고로 돌아가시는 분들이 계셨었어요. 그분들에 대한 퇴직보험 지급 업무를 제가 담당했었는데. 당시만 하더라도 조선소에서 매월 몇 분씩 압착 사고로 돌아가시는 거는 어쩔 수 없다는 분위기가 있었습니다. 하지만 지금은 어떻습니까. 조선소에서 그렇게 압착 사고 거의 나지 않습니다. 사망자 그렇게 발생 안 하거든요. 노력하면 줍니다. 관심 갖고 줄이려고 달려들면 줄일 수 있습니다. 그래서 우리가 중요한 것은 할 수 있다. 줄일 수 있다. 그래서 이걸 비용이 아니라 투자라고 생각해서 적극적으로 산업안전관리 전문가를 양성하고 또 관련된 R&D를 진행하고 관련된 투자 예산 또 전문가 네트워킹을 만들어 가는 것이 중요하다고 생각합니다. 이번에 울산 참사는 정말 가슴 아프고 힘든 현장인데. 이걸 보면서 이걸 우리 사회가 이런 일이 반복되지 않도록 여기에 대한 관심과 예산과 노력을 계속해야 한다. 이런 경종을 울리는 기회가 되었으면 좋겠습니다.
△유재광 앵커: 아무튼 아침에 '아빠 회사 갔다 올게' 하면서 아내랑 아이들한테 손 흔들고 갔는데. 저녁에 죽어서 오는 그런 거는 정말 없어야 될 것 같습니다.
▲김상욱 의원: 참 많이 울고 저도 같이 참 많이 울고 가슴 아픈 순간이었는데요. 가족을 정말 일하러 간 가족인데. 인사하고 간, 일하러 간 가족이 돌아오지 못하고 철제 더미에 매몰돼서 살아 있는지 죽어 있는지도 알지 못하는 그 애끓는 가족들의 심정은 정말 반복되어서는 안 되는 일이라 생각합니다.
△유재광 앵커: 네. 대장동 항소 포기. 이건 뭐 계속 논란이 일고 있는데. 의원님은 어떻게 보세요?
▲김상욱 의원: 지금 여러 가지 논란이 일고 있는 것 같습니다. 그런데 우리가 무엇이 원칙인지를 좀 생각해 봤으면 좋겠습니다. 우선은 검찰권도 사실은 불법 행위로부터 국민을 보호하기 위한 국가의 권력 행사 과정입니다. 그런데 그 권력 행사 과정이 잘못되어서 도리어 국가가 국민에게 불법 행위를 하게 되고, 그래서 죄 없는 사람을 끝까지 재판해서 이거는 국가의 본질적 기능을 의심하게 하는 부끄러운 일입니다. 그렇기 때문에 국가의 권력 행사는 항상 국민께 불법 행위가 되지 않도록 신중하게 행사되어야겠죠.
△유재광 앵커: 지금 검찰이 그러면 권력 행사를 기소권 행사를 잘못했다는 건가요?
▲김상욱 의원: 과거 검찰의 항소 상고를 보면 막무가내, 묻지마, 기계식 상고 항소가 정말 많았습니다. 일단 1심에서 무죄가 나오면 무조건 항소를 해버립니다. 1심에서 구형량보다 적으면 또 무조건 항소를 해버립니다. 그 1심에서 검찰의 수사가 잘못되었는지 또는 과도한 구형이었는지에 대한 판단 없이 기계적 항소를 해 왔습니다. 그로 인해서 2년, 3년 국민들께서 괴롭힘을 당하는 것은 어떻게 보면 국가가 제대로 검토하지 않고 기계적으로 항소 상고를 하는 것은 이거는 국가가 국민에게 잘못하는 거지요.
△유재광 앵커: 근데 가령 김만배 씨나 남욱 변호사 이런 사람들은 별로 약해 보이는 사람들이 아닌데. 그리고 김만배 씨 같은 경우는 지금 검찰 추징금이 이제 더 다퉈볼 여지가 없어지면서 5천몇백억 그리고 남욱 변호사도 천몇십억 이거를 갖다가 그냥 갖게 되는 건데. 일반인들이 보기에는 '야 저거 왜 저렇게 되지' 이렇게 생각하지 않을까요?
▲김상욱 의원: 우리가 찬찬하게 원칙을 따져봐야 할 부분이라고 생각합니다. 금액 우리가 5천억 이익을 준다 하면 화부터 나죠. 그런 걸 가지고 실체적 관계를 덮어놓고 선동을 해버린다면 그거는 원칙과 법치가 무너지는 겁니다. 항소의 원칙이라고 하는 것은요. 검찰이 목적을 달성하지 못했고 이걸 항소를 통해서 바꿀 수 있어야 하는 겁니다. 그러면 지금 이번 대장동 사건 같은 경우는 첫 번째 구형량보다 선고형이 높았습니다. 그러면 처벌에 관해서는 검찰의 목적은 이미 초과 달성을 한 거죠. 그러면 처벌이 낮았다는 것으로 항소할 이유는 없습니다. 그리고 또 지금 이제 계약 당시에 금액이 특정되지 않아서 특정 배임을 적용할 수 없어서 일반 배임으로 갔다. 이거는 만약에 이 이후에 금액을 특정할 수 있게 되었다. 이거는 경우에 따라서는요. 공소장의 동일성을 해할 수 있는 형사소송법의 본질적인 부분을 침해하는 것이 될 수 있습니다. 그렇기 때문에 이것 때문에 항소한다는 것도 말이 안 맞아요. 그럼 마지막 지금 요즘 말씀하셨던 그 부분은 우리가 손해배상과 추징의 차이를 이해해야 합니다. 추징이라고 하는 것은 범죄 수익에 대해서 추징을 하는 것이고요. 손해배상이라고 하는 것은 불법 행위에 보면 피해자가 청구를 하는 것이죠. 그럼 배임 행위면 배임 행위에 따른 피해자가 있겠죠. 그게 성남시지 않습니까. 그 성남시가 손해배상을 민사소송을 하고 있습니다. 그러면 손해배상을 할 수 있는 부분은 추징을 할 수가 없는 것이 원칙이죠. 그러면 뇌물죄로 포섭된다면 경우에 따라 범죄 수익이니까 추징 대상이 될 겁니다. 여기에 대해서 1심 법원은 이건 뇌물이 아니라 배임이라고 판단을 하고 법리 구성을 했고, 거기에 대해서 여러 법률 전문가들은 이거 배임으로밖에는 구성이 되지 않는다. 저도 사실은 뇌물보다는 배임 구성이 맞다고 생각합니다. 그러면 검찰에서 최초 기소할 때 또는 법리 구성을 할 때 조금 잘못됐고 법원의 법리 구성이 맞았다고 볼 수 있는 거죠. 그러면 항소할 이유가 지금 없는 거죠.
△유재광 앵커: 근데 그러니까 쭉 말씀을 해 주셨는데. 다 좋은데 우리 검찰이 그동안 한 번도 이런 적이 없었잖아요. 살인 누명 씌워놓고 간첩 누명 씌워놓고도 재심에서 원심에서 저도 대법원까지 가고 했는데.
▲김상욱 의원: 그게 잘못된 거죠.
△유재광 앵커: 왜 이재명 대통령 사건 관련한 이 사건에서 그런 말씀하신 좋은 것들이 첫 번째로 적용이 되느냐. 결국 이재명 재판 때문 아니냐. 이런 얘기가 계속 나오잖아요. 그건 어떻게 보세요?
▲김상욱 의원: 사실은 정무적인 부분만 고민한다면 항소를 하는 것이 정치적 위험에서 벗어나는 길이었을 수도 있다고 생각을 합니다. 그래서 오로지 정치적인 관점에서 본다고 그러면 항소를 차라리 해서 항소 결과를 보는 게 부담이 적었을 거라는 생각을 저도 가지고 있고요. 하지만 원칙만 놓고 봤을 때는 또 우리 이재명 정부 들어서서 계속해서 하고 있는 것이 기계적인 항소하지 마라. 국민께 불필요한 부담을 주지 마라라는 걸 강조하고 있습니다. 그런 원칙에서 본다고 그러면 당연히 지금 말씀드렸던 것처럼 첫 번째 두 번째 세 번째 항소 실익이나 항소 사유가 없는데, 단순히 정치적 고려 때문에 항소를 한다면 그건 또 원칙을 훼손하는 일이 된다고 생각을 하고요. 아마도 모르긴 제가 자세히 모르겠지만 아마 그런 부분들이 좀 감안된 사안이 아닌가라고 저는 생각을 가지고 있고.
△유재광 앵커: 그게 거꾸로 얘기하면 정무적 판단 아닌가요? 정무적으로.
▲김상욱 의원: 그래서 정무적 판단이 아닌 원칙에 따른 판단을 한 것이 아닌가라는 생각을 좀 해 봤습니다. 정무적 판단을 하면 사실은 말씀처럼 그렇다 하더라도 원칙에서 어긋난다 하더라도, 항소를 해서 정치적 부담을 내려놓겠다는 판단을 할 수도 있었을 것 같습니다. 어떻게 보면 정무적 판단에서 잘했다, 못했다는 별론이고요. 근데 원칙만 놓고 봤을 때는 항소의 이유가 있는지 저는 좀 납득하기 어려운 상황. 그래서 항소의 이유가 없다면 항소를 안 하는 게 맞는 것이 원칙이겠죠. 이제 그런 원칙에 대해서 제가 말씀을 드린 것이고, 저는 기본적으로 우리 사회가 원칙을 지키는 것이 중요하다는 생각을 가지고 있습니다. 그래서 원칙적인 판단에 대해서 저는 존중하고 싶고 다만 이로 인해서 정치적인 부담이 생기는 그런 부분은 정무적으로 또 조율할 부분이 있다면 그 부분에 대해서는 조금 아쉬운 점도 분명히 있는 건 사실입니다. 그런데 우리가 또 하나 간과해서는 안 되는 점이 있습니다. 이 대장동 사건 관련해서 수사를 해왔던 또 기소를 했고 공소 유지를 해왔던 검사들은 잘 알고 계시겠지만, 윤석열 대통령 때에 윤석열이 이재명 대통령을 공격하기 위해서 어떻게 보면 본인이 가장 믿고 있는 검사들을 전진 배치해서 팀을 꾸려서 지금까지 온 가장 친윤적 색깔이 강한 그룹으로 평가하고 있습니다. 그렇다면 이쪽 수사 검사들이 만약에 항소를 해야 한다고 의견을 일치를 했다고 해서 그게 공정한 의견 일치인 건지, 과연 거기에 따라서 반드시 귀속돼야 하는 거죠. 일반적으로는 수사 검사 수사를 하고 있는 수사. (그 사람들이야 그렇다고 하더라고) 대장동 사건 같은 경우는 사실은 그 진정성에 대해서는 우리가 한번 좀 생각해 봐야 한다는 생각도 있습니다.
△유재광 앵커: 알겠습니다. 이거 하나 더 여쭤볼게요. 김건희 씨 오늘 보석 심문을 했는데 어지럼증이 있다. 몸이 아프다. 그러는데 이거 풀어줘야 된다고 보시나요? 어떻게 보세요?
▲김상욱 의원: 저는 아직 뭐 풀어줄 그런 일은 아니라고 생각합니다. 어지럼증은 지금 구치소 안에서도 충분히 치료를 받을 수가 있는 거고요. 어지럼증 때문에 풀어 달라. 그게 풀려나야 될 이유인가요? 그러니까 구치소 안에서 치료할 수 없는 병은 아니지 않습니까. 그래서 구치소 안에서 도저히 치료할 수 없고 관리할 수 없고 그래서 생명의 위협이 있다면 경우에 따라 병보석을 생각해 볼 필요도 있겠죠. 하지만 어지럼증은 구치소 안에서 치료할 수 없는 병도 아닐뿐더러 치료하지 않는다고 해서 생명의 위협이 되는 병도 아니라고 생각합니다. 그렇다면 그게 병보석 사유가 될 수는 없는 거죠.
△유재광 앵커: 근데 부부가 같이 구치소에 있는 거는 좀 그렇지 않냐. 한 사람은 좀 풀어주는 게 어떠냐. 그런 얘기를 하시는 분들도 있는 것 같아요.
▲김상욱 의원: 부부가 같이 구치소에 있다는 건 참 안타까운 일인 건 분명합니다. 하지만 그 부부가 저지른 일에 대해서 그 가벼운 일이 아닙니다. 국가 전체를 위기에 빠뜨렸고 대한민국 5,200만 국민들 전체에게 피해를 준 또 국가의 본체인 민주주의 자체를 뒤흔들어버리고 독재를 시도했던 그리고 또한 윤석열 뒤에 김건희가. 김건희 특검이 가장 일이 많고 다 게이트급입니다. 부패의 어떻게 보면 상징처럼 되어 있는데. 이 거대 범죄의 중심에 있었던 사람을 부부라는 이유만으로 풀어준다면 증거 인멸의 우려도 생길 수가 있고요. 또 잘못한 국가의 본체를 뒤흔든 큰 범죄 행위에 대해서 제대로 처벌하지 못하는 국가 기강을 제대로 세우지 못하는 문제도 있을 수 있습니다. 그렇기 때문에 비록 부부가 같이 구치소에 있다는 건 안타까운 일이긴 하지만, 각자가 너무나 큰 죄를 지었고 또 그 지은 죄에 대해서 진심 어린 반성을 하고 있는 것도 아니고 또 이걸 국가의 미래와 지금 현재 기강을 세우기 위해서라도 정확하게 수사하고 단죄해야 할 일이기 때문에 당연히 구속된 상태에서 수사가 진행되어야 한다고 생각합니다. 국민들께 진정 어린 사과하지 않고 이렇게 어지럼증으로 병보석을 바란다는 것 자체가 저는 잘못된 태도라고 생각합니다. (인간적 연민으로 볼 건 아니라는?) 인간적 연민으로 접근하기에는 너무나 큰 잘못을 저지른 겁니다. 옛날로 치면 대역죄인입니다. 국가 자체를 뒤집으려고 했던 일입니다. 인간적 연민으로만 바라볼 수 없는 큰 잘못이 그 둘 부부에게는 있다고 생각합니다.
△유재광 앵커: 알겠습니다. 오늘 말씀 여기까지 듣도록 하겠습니다. 지금까지 서울광역방송센터에서 김상욱 민주당 의원과 함께 전해드렸습니다.
네이버 다음카카오 포털 및 유튜브 검색창에 ""여의도초대석""을 치면 더 많은 콘텐츠를 볼 수 있습니다.
#김건희 #보석 #대역죄인 #대장동 #항소취소 #이재명대통령 #여의도초대석 #김상욱"
332,"조갑제 ""대장동 항소 포기, 2019년 조국 사태와 비슷한 민심 격분 느껴져"" [뉴스와이드]","""국정원장 수시로 잡혀가면 북한이 우습게 볼 것""
""윤석열·황교안 때문에 보수가 얼굴 들 수 없을 정도로 궤멸""
""윤석열·김건희, 거짓말로 국민들 갖고 놀아…보석에 불리할 것""
""대장동 항소 포기, 2019년 조국 사태와 비슷한 민심 격분 느껴져""
""문제마다 법 만든다는 민주당식 사고 방식…5천만 개 만들 건가""
""내란 협조 공직자 TF, 공무원 민심 다 잃고 복지부동하게 만들 것""
■ 프로그램: MBN 뉴스와이드
■ 방송일 : 2025년 11월 12일 (수요일)
■ 진 행 : 한성원 앵커
■ 출연자 : 조갑제 조갑제닷컴 대표
**기사 인용 시 'MBN 뉴스와이드' 출처를 반드시 밝혀주시길 바랍니다.
<인터뷰 전문>
한성원 앵커 : 조갑제닷컴의 조갑제 대표 모셨습니다. 어서 오십시오.
조갑제 : 안녕하세요?
앵커 : 오늘 현안부터 짚어보겠습니다. 오늘 새벽에 조태용 전 국정원장이 결국 구속이 됐습니다. 계엄을 알았으면 국회에 보고해야 할 의무가 있는데 그걸 지키지 않았다는 게 가장 큰 이유였던 것 같아요.
조갑제 : 국정원장이라는 자리는 대통령의 직속 부하 아닙니까, 그렇죠? 그런데 윤석열 당시 대통령의 비상계엄의 성격은 친위 쿠데타였다고요. 친위 쿠데타를 할 때는 제일 긴밀하게 의논해야 할 사람이 국정원장입니다. 그러니까 모든 정보를 장악하고 있으니까. 또 국제적인 협력도 해야 되고. 그 사람하고는 거의 형식적인 논의만 한 거 아닙니까? 거의 직전에 알려준 것 아닙니까? 그러면 중요한 가담자는 아닌 거예요. 그렇다면 국정원은 국방부와 더불어 대한민국을 지키는 안보의 2개 기구거든요. 그래서 국정원장 구속은 정말 신중하게 해야 됩니다. 이거는 두 가지 메시지가 있습니다. 북한입니다. 우리가 국정원장을 이런 식으로 정권이 바뀌기만 하면 잡아넣고 하면 북한이 국정원을 얼마나 우습게 보겠습니까? 북한이 남침하지 못하는 가장 이유 중의 하나가 한국의 국정원, 그전에는 이름이 안기부, 그전에는 정보부인데. 이 사람들이 무서워서 안 한 면도 있다고요. 국정원이라는 이 국가 정보기관은 권위가 있어야 됩니다. 그리고 국제적인 협력 관계입니다. 지금 정보는 어느 나라에 멈춰 있는 게 아니에요. 그러면 국정원에 대한 외국 정보기관의 신뢰가 있어야 됩니다. 그래야 정보를 서로 나눠요. CIA나 또는 일본 정보기관이 국정원장이 수시로 잡혀 들어가는 이런 나라의 정보기관과 중요한 정보를 나눌까요? 그런 것까지 고려한다면 저는 이번에 구속영장이 기각되길 바랐어요. 그리고 지금 구속 사유를 보니까 이게 적극적으로 가담했다는 흔적은 나는 없다고 봅니다.
앵커 : 또 한 명이 오늘 황교안 전 총리에 대해서 압수수색이 강제로 진행되고 체포까지 됐습니다. 그 혐의는 어떻게 보세요?
조갑제 : 황교안 전 국무총리는 정말 문제적 인물인데요. 지금 이분이 하는 게 우리 국가 이익에 참 해를 끼치는 게 몇 가지 있는데 윤석열 당시 대통령의 불법 계엄을 옹호하는 것. 그보다 더 큰 것은 부정선거 음모론자라는 얘기입니다. 부정선거 없잖아요. 가장 공정한 선거를 부정선거라고 몰아서 스톱 더 스틸이라는 그런 구호를 써 붙여서 세계에 한국이 부정선거나 하는 나라라고 바나나 공화국이라고 선전하는 데 앞장선 사람 아닙니까? 이분이 국무총리를 넘어서 대통령 권한대행까지 한 사람 아닙니까? 그리고 요새는 또 무슨 정당까지 만들어서. 거기에다가 또 하나 인종적 반중 선동을 하고 있잖아요. 부정선거의 배후가 중국이라고 덮어씌워서 인종적. 그러면 이게 우리가 중국하고 적대 관계를 맺자는 이야기인데 이게 다 국가 이익에 맞지 않고 윤석열 전 대통령과 황교안 전 국무총리가 형식상 보수를 대표하는 사람처럼 보이니까 이 두 사람 때문에 한국의 보수가 얼굴을 들 수 없을 정도로 지금 궤멸되고 있는 그 당사자 아닙니까?
앵커 : 그런데 오늘 국민의힘 장동혁 대표 메시지는 황교안 전 총리를 지키자 이런 메시지가 나왔어요. 얼마나 적극적으로 할지는 모르겠지만 적극적으로 옹호하는 듯한 메시지를 냈거든요.
조갑제 : 지키자는 게 그러면 불법 계엄을 계속 옹호하자는 것이고 부정 선거 음모론을 계속 거기에 편승하자는 뜻 아닙니까? 그러면 정당 해산해 달라는 이야기 하고 뭐가 다르죠? 왜 그렇게 말도 아닌 얘기를 하는지. 그래서 윤 어게인 그리고 황교안 세력이 합쳐서 한국에 불러온 위기. 특히 보수 세력에 불러온 위기를 고려한다면 이번에 황교안 전 총리에 대한 엄정한 법 적용이 필요합니다. 다만 이런 게 있어요. 공직선거법에 선거의 자유를 방해하는 사람은 처벌하게 돼 있어요. 저는 황교안 씨가 부정선거 계속 선동하면 어떻게 됩니까? 선거를 안 하게 되잖아요, 그렇죠? 사전 투표도 반대했거든. 나는 그 법도 적용 가능하다고 봐요.
앵커 : 알겠습니다. 또 오늘 좀 현안이 많습니다. 김건희 여사가 보석 신청을 했어요. 결과는 아직 나오지 않고 걸릴 것 같은데 윤 전 대통령도 그랬고 김 여사도 그렇고 같은 패턴으로 지금 계속 진행되고 있거든요. 그리고 또 건강 문제도 얘기하고. 이 부분은 어떻게 지켜보셨어요?
조갑제 : 법적으로만 생각한다면 그런 보석 여부는 건강에 중심을 둬야 하고 그다음에 풀어줬을 때 도망갈 염려가 있느냐 그 두 요소를 가지고 기각 또는 인용을 결정하는 게 맞다고 봅니다. 그러나 이 사건은 워낙 큰 사건이니까 국민의 정서라는 게 반영되지 않겠습니까? 그런 점에서 지금 재판 시작한 이후에 윤석열 전 대통령이 법정에 나와서 하는 이야기라든지 김건희 씨가 그동안에 거짓말했다가 다시 또 뒤집는 이런 상황을 통해서 우리 국민을 어떻게 보면 갖고 논 거 아닙니까, 그렇죠? 목걸이 이런 명품 백 같은 걸 계속 안 받았다고 하다가 마지막에 가서 딱 바꾼 걸 보면 그동안에 우리 국민이 6개월 동안 농락당한 느낌이 드니까 이번 보석 심리에 상당히 불리하게 작용할 겁니다.
앵커 : 또 하나 관련한 뉴스가 김건희 여사에게 김기현 의원의 배우자가 100만 원 상당의 선물을 줬다는 거예요. 그런데 그거 준 것 문제가 될 수 있지만 이후에 나온 해명들도 사회적 예의 차원이었다 아니면 100만 원 정도는 뇌물이 안 된다. 식의 해명이 오히려 더 논란이 되는 형국이에요.
조갑제 : 이번에 대장동 사건이 항소 포기가 없었으면 그 말이 아주 크게 쟁점이 됐을 텐데. 우선 이 사안을 통해서 지금 우리가 따져봐야 할 것은 100만 원짜리 백이 그게 뭐 법을 위반하느냐 그보다는 왜 그걸 줬느냐는 거 아닙니까? 그건 이제 다 알려진 사실이지만 2023년 봄에 국민의힘 대표를 뽑을 때 윤석열 대통령도 앞장서고 김건희 씨도 안 보이는 데서 앞장서서 김기현 대표를 만드는 데 열심히 뛰었다는 것 아닙니까, 그렇죠? 거기에 대한 일종의 답례 차원 아닙니까? 그러면 이 사안은 엄중한 거죠. 대통령 부부가 나서서, 그건 법 위반 아닙니까? 공직선거법상의 당내 경선에 개입한 것이고 더구나 이 사안에 대해서는 윤석열 검사가 박근혜 전 대통령을 처벌한 경력이 있잖아요. 박근혜 전 대통령이 2016년 자기 친박 후보 몇 사람의 여론조사를 대신해 줄 걸로 해서 징역 2년 선고했습니다. 그 당사자인 윤석열 대통령이 그 법 조항을 정면으로 위반하고 당내 경선에 부인과 함께 개입했다. 그러면 이 정권은 윤석열, 김건희 공동 정권이었다고 하는 것을 보여주는 거라고 생각합니다.
앵커 : 또 하나의 현안이 대장동 항소 포기 문제입니다. 이 부분에 대해서 대표님이 이재명 대통령의 최대 위기라고 진단을 하셨어요. 어떤 점 때문에 그런 거죠?
조갑제 : 참 우리나라 말에 속담에 잘나갈 때 조심해야 한다는 말이 있는데 경주 APEC 대성공 했잖아요. 그리고 이재명 대통령 직무 평가 긍정률이 일주일 사이에 6% 포인트 해서 63%. 이럴 때 이런 실수가 나온 거예요. 그러니까 지금 경주 APEC 정상회의를 통해서 우리가 AI 선도국으로 가야 한다는 거대한 비전이 나왔고 거기에 맞춰서 국민도 박수를 보내면서 후속 조치가 나오지 않을까 하는데 이게 터지는 바람에 APEC 정상회담이 그냥 몇 년 전의 일처럼 그렇게 돼버렸습니다. 그게 안타깝다는 이야기입니다. 타이밍으로써는 최악이죠. 그리고 이거는 국민적 공분 또는 성난 민심을 불러들일 만한 사건이에요. 제가 피부로 느끼기에는 2019년 조국 사태와 비슷한 그런 민심의 격분이 느껴집니다. 그런데 이거 잘못 대응하면 여기에 기름을 부어버린다든지 하면 이게 폭발할 수도 있다고 저는 생각해요.
앵커 : 그러면 현재 상황에서는 그렇게 더 여기서 검찰 내부에서 마무리가 되는 수순이 되는 걸까요?
조갑제 : 저는 정성호 법무부 장관과 검찰총장 대행은 물러나고 그다음에 우선 이런 문제에 대해서는 진상이 뭔지를 알아야 해요. 그래서 정치권에서 할 수 있는 게 국정조사를 한다든지 특검을 하는 거예요. 저는 특검을 국민의힘이 그리고 민주당이 합의해서 하는 게 좋다고 생각합니다. 국민의힘도 받겠다는 것 아닙니까, 그렇죠? 다만 어떤 부분을 특검을 하느냐를 가지고 지금 서로 의견이 안 맞지만 일단 국정조사, 특검하고 그건 시간이 걸리니까 우선 토론을 해야 됩니다. 그런데 한동훈 전 국민의힘 대표가 아주 좋은 제안을 했어요, 토론하자고. 전 법무부 장관 세 사람. 정성호, 추미애, 조국 전 법무부 장관과 토론하면서 김어준 방송에 나가도 좋고 1:1도 좋고 1:3도 좋다. 토론하자. 저는 그걸 받아야 한다고 생각합니다. 그렇게 해야, 토론하면요. 지금 언론에서 보도하는 것과 다른 정보가 그 토론 과정에서 나옵니다. 그러면 정부 쪽에 유리해질 수도 있어요. 그래서 이 토론을 생중계하고 해서 국민이 알도록 하는 게 좋습니다. 그게 또한 상당한 격분한 국민의 마음을 해소해 주는 그런 역할도 합니다.
앵커 : 앞서 정성호 장관 사퇴해야 한다고 하셨죠? 이것이 국민적인 부정적 여론이 많기 때문에.
조갑제 : 아니 그보다도 지금 하는 행동이 사실상 항소 취소를 지시한 것 아닙니까? 말을 자꾸 신중하게 했다, 이렇게 하지만 그 행위 자체가 위법이잖아요. 그런 지시를 하려면 정식으로 수사지휘권을 발동해서 문서로 하든지 안 했잖아요. 그것만 봐도. 그런데 그것보다는 본질적으로는 우리 국민은 알고 싶은 거예요. 진실을 알고 싶은 겁니다. 알도록 하고 이재명 대통령 잘하는 거 있잖아요, 타운홀 미팅해야 돼요, 타운홀 미팅. 타운홀 미팅해서 질문받고 본인이 거기서 얘기하고 해서 공론의 장으로 정말 민주주의 국가답게 토론을 통해서 이 문제를 해결하는 방법이 있어요.
앵커 : 그러면 지금 검사들이 그렇게 집단적으로 반발하고 하는 거에 대해서는 어떻게 생각하시나요?
조갑제 : 제일 중요한 것은 집단적으로 반발하는 논리적 근거, 법리적 근거가 있느냐 없느냐죠. 저는 있다고 봅니다. 그러니까 불법적 지시다. 여기에 대해서 반발한다, 반대한다 이런 거 아니겠어요? 반발한다는 게 집단행동하는 거 아니잖아요. 연판장 돌리고 글 쓰고 하는 거 아닙니까? 이게 무슨 처벌 대상이 되겠어요? 그건 정당한 언론의 자유에 속한다고 봐요. 이걸 가지고 또 법을 만들어서 뭘 한다는데 그럴 거 같으면 앞으로 지금 민주당식 사고방식은 문제가 생길 때마다 법을 만들려고 하는데 이러다가는 5천만 개의 법을 만들어야 되는 것 아닙니까? 민주당의 기본적인 법치 생각은 룰 오브 로우가 아니에요. 룰 오브 로우는 있는 법을 공평하게 적용하는 거고 룰 바이 로우가 있어요. 법을 새로 하나 만들어서 자기 멋대로 하는 걸 룰 바이 로우라고 해요. 법에 의한 지배를 지금 하려고 해요.
앵커 : 하나만 더 여쭤볼게요. 또 하나가 내란에 가담한 공직자를 가려낼 TF를 구성한다고 했습니다. 이것이 원래 의도된 대로 잘 될 것 같으세요?
조갑제 : 잘 안 될 겁니다. 공무원들 민심 다 잃어버리고 공무원들로 하여금 복지부동하게 만드는 겁니다. 그리고 하려면 저는 우선 지금 단계에서는 그동안 비상계엄에 동조하지 않고 자신의 공무원으로서의 자리를 원칙을 지킨 공무원들 있잖아요. 군 지휘관 중에 그런 있잖아요. 그래서 이게 피를 흘리지 않게 그런 사람들을 모아서 나는 표창하는 게 먼저라고 봅니다. 처벌하는 건 나중이고. 그리고 이게 지금 형사 재판이 진행되고 있고 원칙대로 하면 확정 판결이 나오고 난 다음에 그걸 기초로 해서 또 특검을 했으니까 수많은 자료가 거기에 들어 있다고요. 그걸 기초로 해서 행정적으로 인사적으로 처벌해야 될 사람을 가리는 게 맞지 지금 아직도 재판이 진행되고 하는데 당장 시간을 딱 정해서 처벌하겠다는 거 아닙니까? 처벌하겠다고 나서면 그게 제대로 될 리가 있습니까? 그러면 이 기회에 또 누구를 끌어내리고 싶은 사람을 막 투서하고 엉터리 제보도 할 것 아닙니까?
앵커 : 알겠습니다. 대표님, 오늘 여기까지 듣겠습니다. 고맙습니다.
#MBN #뉴스와이드 #한성원 #조갑제 #김건희 #윤석열 #뇌물 #백 #100만원 #건진법사 #기억장애 #보석 #인용 #검찰 #항소포기 #이재명 #정성호 #TF #인적청산 #내란 #한동훈 #토론 #조국"
333,공직사회 내란 청산… “책임 전가 지나쳐” 범여권서도 뒷말,"헌법존중TF 가동 문제점 지적
“에이스는 어느 정권이나 에이스”
“직업공무원제 심각한 변곡점 온 듯”
정부가 공직자의 12·3 비상계엄 불법행위 가담 여부를 조사할 태스크포스(TF)를 가동하기로 한 데 대해 범여권에서조차 “과하다”는 뒷말이 나온다. 49개 중앙행정기관을 대상으로 한 대규모 전수조사 범위, 업무용 PC와 개인 휴대전화 제출을 강요하는 이례적인 방식 모두 역대 정권에서 유례를 찾기 힘들다는 지적이다.
정권이 바뀔 때마다 공직사회 편가르기를 하는 탓에 정치적 중립과 신분 보장으로 대표되는 직업공무원제가 한계에 달한 게 아니냐는 목소리도 나온다.
12일 국민일보 취재를 종합하면 김민석 국무총리 제안으로 국무총리실이 가동키로 한 ‘헌법존중 정부혁신 TF’를 관통하는 키워드는 ‘신상필벌’이다. 한 민주당 재선 의원은 “내란 전후로 검찰이나 행정안전부, 국방부, 외교부 등 움직임을 보면 실제 굉장히 의심 가는 일이 많다”면서 “헌법 정신에 어긋난 권력 남용에 동조했거나 실행에 가담한 헌법 파괴 행위를 청산하고 신상필벌하자는 취지”라고 밝혔다.
비상계엄 당시 위법·부당한 명령을 거부한 장병에 포상, 조기 진급 등 후속 조처를 한 것처럼 내란에 항명한 공직자에게는 인사상 이익도 주겠다는 뜻으로 풀이된다. 민주당 6선 중진 조정식 의원은 YTN라디오에서 “내란 후유증도 극복해야 하고, 내란 가담 정도에 대한 경중을 가려내면서 적절히 인사에 반영하는 것은 당연한 일”이라고 말했다.
하지만 정권 교체 시마다 반복되는 공직자 책임 전가 수위가 지나치다는 목소리가 범여권에서 폭넓게 나온다. 국무총리실 민정실 출신 여권 인사는 “군과 국가정보원 등 권력기관만 대상으로 조용히 조사하면 될 일을 일반 부처까지 전수조사하는 건 과하다”면서 “공직사회에 평지풍파를 일으킬 것”이라고 지적했다. 과거 민주당 정부 청와대 출신 인사도 “박근혜정부 때 일 잘한 공무원은 문재인정부 때도 일 잘하는 에이스로 통했다”며 “특검이 놓치는 부분을 (정부가) 직접 조사하겠다는 것인데 정파성이 없는 일반 공무원 입장에선 황당한 일”이라고 말했다. 내란 가담 공무원에 관한 투서가 쏟아진다는 정부 설명에도 그는 “(굳이 내란이 아니더라도) 인사철만 되면 투서가 1000장씩은 날아왔었다”며 선을 그었다.
전 행안부 고위 관료는 “장관으로부터 전화 한 통, 쪽지 하나 받았다고 공직자를 잠재적 내란 세력으로 모는 것은 부적절하다”며 “정권 따라 의도적 물갈이 방식이 과격해지면서 직업공무원제에 대한 심각한 변곡점이 온 것 같다”고 하소연했다.
국민의힘은 ‘헌법파괴 내란몰이 TF’라며 강하게 반발했다. 김희정 의원은 KBS라디오에서 “아무 권한 없이 공무원을 샅샅이 뒤지면서 공안 분위기를 만들겠다는 것”이라며 “49개 중앙행정기관에 500명을 동원해 들추자는 건 실제로 계엄에 가담한 사람이 없음에도 ‘야, 우리한테 밉보이면 안 돼’라는 사인을 주는 것밖에 안 된다”고 비판했다."
334,"양부남 ""조태용 구속...국가기관 수장, 누구에게 충성해야 되는지 보여줘"" [와이드이슈]",""" 번번이 막힌 구속영장, 조태용 전 국정원장 구속으로 내란특검 수사 탄력""
""박성재, 비상계엄 위법성 인식... 구속영장 발부 가능성 매우 높아""
""직간접적 내란 관여 공직자 많아... 특검 수사 무관하게 TF 필요""
""대장동 항소 포기... 검찰, 정의 무너진 것처럼 프레임, 보수 언론·야당 부화뇌동""
""검찰, 보수정권에서는 말하지 못하고, 진보정권 오면 고개 쳐들어""
△ 황인찬 앵커 : 시청자 여러분 안녕하십니까? 11월 12일 수요일 KBC 뉴스와이드 시작합니다.
특검 수사가 막바지로 접어들면서 급박하게 돌아가고 있습니다. 오늘 새벽 조태용 전 국정원장이 구속됐고 황교안 전 국무총리는 내란 선동 혐의로 체포됐습니다. 그런가 하면 검찰의 대장동 개발 비리 사건 항소 포기를 둘러싼 갈등도 이어지고 있습니다.
오늘 뉴스와이드에서는 더불어민주당 양부남 국회의원과 함께 이런 내용들 짚어보겠습니다. 여의도 KBC 서울방송센터 연결합니다. 의원님 안녕하십니까?
▲ 양부남 의원 : 안녕하세요.
△ 황인찬 앵커 : 밤사이 상황이 많았습니다. 특검 얘기 먼저 해보겠습니다. 조태용 전 국정원장이 내란 특검에 의해서 전격 구속됐습니다. 계엄 직후부터 조 전 원장에 대한 의혹이 컸었는데 결국 구속이 됐네요?
▲ 양부남 의원 : 예 구속이 됐습니다. 조태용 원장에 대해서 여러 번 특검에서 소환도 하고 조사를 했죠. 또 조태용 원장에 대한 혐의 사실이 여러 개가 있습니다. CCTV를 선별적으로 제공했다든지 국회와 국정조사, 헌재에 와서 위증을 했다든지 여러 개 있지만 가장 중요한 범죄 사실은 국정원장으로서 국가안전보장에 관한 일을 알았을 경우에는 국회에 보고해야 된다는 의무가 있습니다. 그런데 조태용 국정원장은 계엄 선포 전에 윤석열 전 피고인이 계엄을 선포하는 것을 알면서도 이걸 국회에 보고하지 않았다는 것이죠.
그리고 홍장원 차장으로부터 정치인 체포에 대한 보고를 받고도 국회에 보고하지 않은 점 이게 주요 범죄입니다. 이 의미는 이런 주요 국가 기관의 수장을 맡은 사람들이 누구에게 충성해야 되는가 어떻게 해야 되나하는 것을 보여주는 의미 있는 사건이라고 봅니다.
정권을 잡고 있는 대통령에게 충성하는 게 아니라 민의의 정당인 국회, 국민을 대표하는 국회 그리고 국민에게 그런 의무를 다해야 된다는 소임을 다해야 된다는 그러한 점을 강조했던 사건 같아요.
△ 황인찬 앵커 : 그동안 번번이 가로막혔던 특검의 구속 영장이 이번에는 전 국정원장에 대해 발부가 됐는데요. 어떤 의미가 있다고 보십니까?
▲ 양부남 의원 : 이것은 앞으로 특검이 국무위원 중에서 김용현, 이상민 장관을 구속하고 그 후로 한덕수가 영장이 기각되고 박성재 장관도 영장이 기각됐습니다. 그렇지만 이번에 조태용 원장이 구속이 됨으로써 특검의 수사가 많은 탄력을 받을 것입니다.
△ 황인찬 앵커 : 이런 가운데 박성재 전 법무부 장관도 내일 영장 실질심사가 예정돼 있죠. 두 번째 구속영장 청구인데요. 어떻게 전망하십니까?
▲ 양부남 의원 : 제가 볼 때는 발부 가능성이 매우 높다고 보입니다. 지난번 박성재 장관에 대한 1차 구속영장은 '위법성의 인식이 없다'는 논리로 영장이 기각됐습니다. 즉 비상계엄 선포가 위법하다는 것을 알지 못했다는 사유로 기각이 됐는데 그 뒤로 특검이 많은 보완 수사를 했죠. 그래서 위법성이 인식했다는 것을 위법성이 알고 있었다. 이 점에서 많은 보완을 한 것 같아요.
첫째는 서울에 있는 구치소에 수용 능력을 알아보라고 지시했는데 원래 비상 상황에 대비하는 계획서에 보면 서울 구치소에 있는 수용력을 알아보는 게 아니고 충무 3단계부터 적용되는 거점 교도소, 춘천, 여주, 원주 이 세 군데의 수용 능력을 알아봐야 되겠죠. 그런데 비상 상황 대처 계획과는 무관한 서울 내에 있는 구치소의 수용 능력을 알아봤다는 점.
또 하나는 검사를 합수부에 파견하라고 지시했는데 방첩사 합수부 규정에 의하면 검사는 계엄 때도 파견이 되지 않습니다. 또한 계엄이 되면 입출국을 모두 통제하도록 돼 있는데 이번에 박성재 장관이 지시했던 것은 출국에 대해서만 통제하도록 핀셋 지시를 했다는 것이죠.
이 세 가지를 보면 그동안 박성재 장관이 본인이 했던 일은 통상적인 업무 지시라고 했는데 통상적인 업무 지시가 아니었다는 것이죠. 또 하나는 엊그저께 추가 압수수색을 통해서 나타난 사실로서 윤석열의 비상계엄이 정당하다는 문건을 작성하도록 하고 그 문건을 가지고 안가에 갔다는 것이죠.
이런 모든 것을 종합해 보면 비상계엄이 위법하다는 위법성이 인식이 없었다면 이런 짓을 했겠는가 이런 행위는 본인 스스로도 비상계엄이 위법하다는 것을 인식했기 때문에 이것을 했다는 논리 구성이 가능하죠. 그래서 이번에는 아마 영장 발부가 매우 높을 것이라고 관측을 해 봅니다.
△ 황인찬 앵커 : 윤석열 전 대통령 내용도 잠깐 살펴보겠습니다. 윤 전 대통령이 선택적이긴 하지만 이 재판과 특검 조사에 나서고 있습니다. 완강히 거부하던 재판과 특검 조사에 참여하는 이유 어떤 입장 변화라고 보십니까?
▲ 양부남 의원 : 윤석열 피고인이 그동안에는 특검도 재판에도 출석을 안 했죠. 그러더니 이제는 선별적으로 출석을 하고 있습니다. 제가 볼 때는 그동안 윤석열 피고인 본인이 생각할 때 본인을 지지하고 우호하고 본인을 둘러싸고 어떤 방어 세력이 있다고 생각했는데 이제 시간이 지남에 따라서 그런 방어 세력이 점점 없어지고 있는 것이죠.
이걸 느끼고 그렇다면 법률적으로 어떤 형을 선고함에 있어서도 선고받음에 있어서도 보다 더 양형의 좋은 상황을 만들어 보겠다. 이러한 자기 방어적 심정에서 비록 선택적 출석이라 할지라도 출석을 하고 있는 걸로 보입니다. 가만히 있으면 안 되겠죠. 이제 자기를 도와줄 세력이 점점 없어지기 때문에 법정이나 특검에 가서 자기가 하고 싶은 이야기를 방어하고 싶겠죠.
△ 황인찬 앵커 : 어제는 윤 전 대통령이 해병 특검에 피의자 신분으로 출석했습니다. 해병 특검 수사 기한이 28일까지 인데요. 보름 남짓 남은 기간 동안 이 수사 외압과 이종섭 전 장관의 호주 도피 의혹 등을 규명할 수 있을까요?
▲ 양부남 의원 : 해병 특검은 그동안에 밑바닥부터 차근차근 관련자들을 소환 조사했고 증거를 확보했습니다. 그래서 이 기간이면 윤석열 피고인에 대해서 충분한 혐의가 입증될 것이고 윤석열 피고인을 조사 여부와 상관없이 혐의 입증은 가능할 겁니다. 이걸 조사해서 윤석열 피고인으로부터 뭔가 혐의 입증에 유리한 증언을 확보하고 증거를 찾아낸다? 아마 해병 특검은 그런 기대하지 않을 것입니다.
윤석열 피고인은 어차피 범행을 부인하기 때문에 본인이 부인하더라도 혐의를 입증할 수 있는 모든 준비가 돼 있고 그러한 증거가 확보돼 있기 때문에 마지막 윤석열 피고인을 부른 거라고 생각이 들고 지금 윤석열 피고인이 아마 내년 1월 며칠 되면 다시 이제 석방이 될 수가 있습니다. 구속 기간이 만료가 돼서.
그러면 이것을 보완할 수 있는 게 해병 특검에서 일단 수사 외압 혐의로 윤석열 피고인에 대한 추가 구속영장을 발부받아서 추가 기소하는 방향이 유력시되지 않을까. 신병을 확보할 수 있는 방향이 저는 그렇게 전망을 해 봅니다.
△ 황인찬 앵커 : 정부가 내란 특검과는 별개로 TF를 구성해서 독자적으로 이 공직자들의 불법 행위 가담 여부 등을 조사하겠다는 입장을 밝혔습니다. 이 같은 정부의 움직임 어떻게 보십니까?
▲ 양부남 의원 : 저는 당연히 해야 될 조치라고 생각이 듭니다. 제가 정부의 이런 조치가 있기 전부터 제가 여러 자리에서 이러한 TF가 필요하다는 이야기를 한 적이 있습니다. 지금 우리가 3대 특검 그중에서 내란과 관련된 것은 내란 특검 하나인데 이 내란 특검이 주어진 한정된 기간, 한정된 인적 자원을 가지고는 내란을 종식시킬 수가 없습니다. 불가능하죠. 몇 명 처벌한다고 해서 내란이 어떻게 종식되겠습니까?
지금 우리 사회 곳곳에서는 지난 윤석열 내란에 직간접적으로 관여하는 사람들이 많습니다. 공직자들이 많습니다. 이런 분들이 그대로 자리를 보존하고 더 나아가서는 진급도 하고 있습니다. 이래 가지고는 어떻게 우리 사회가 내란이 종식될 수가 있고 진정한 통합이 되겠습니까?
그래서 이러한 특검 수사와는 무관하게 이러한 TF가 필요하고 제가 생각할 때는 원래 특검이 시작할 때부터 투 트랙으로 이걸 시작했어야지 하는 아쉬움이 있습니다. 만약 이번에 우리가 내란 특검 수사에서 몇 명을 처벌하는 걸로 그친다면 옛날 우리가 해방 이후 친일 세력을 척결하기 위해서 반민특위를 구성했습니다. 그런데 반민특위를 구성해서 어느 정도 수사하다가 중단됐죠. 아마 그 꼴이 될 겁니다. 그래서 아직까지도 우리 사회에서 친일 세력을 완전히 청산하지 못했으니까 그래서 이번에 이러한 기구가 만들어져야만 내란 세력을 완전히 청산할 수가 있고 우리 사회가 헌법이 존중받는 진정한 민주주의를 하고 통합할 수 있는 사회로 갈 수 있는 길이다 만시지탄이라는 생각이 들어요.
△ 황인찬 앵커 : 이어서 대장동 사건 검찰 항소 포기 관련 내용 살펴보겠습니다. 먼저 이번 검찰의 항소 포기 결정과 이후 이어지고 있는 논란 어떻게 보십니까?
▲ 양부남 의원 : 지금 대장동 항소 포기로 인해서 세상이 시끄럽죠. 검찰은 마치 이게 항소 포기함으로써 정의가 무너지고 무슨 이재명 대통령이 큰 덕을 보고 이런 것처럼 프레임을 짜고 있고 여기에 보수 언론과 야당이 같이 부화뇌동하고 있습니다.
그런데 이거 한마디로 이야기하면 이 사건은 '절대적으로 항소를 해야 된다' 그런 사건도 그런 내용의 사건도 아닙니다. 또 '항소를 포기해야 된다' 또 그런 사건도 아닙니다. 이 사건을 얼마든지 항소 포기할 수도 있고요. 항소할 수도 있는 사건인 겁니다.
우리가 보통 항소를 할 때는 아무렇게나 항소하는 게 아닙니다. 항소의 요건이 있죠. 법에 보면 항소는 어떨 때 하느냐 사실을 오인하거나 법령 판단을 잘못했거나 양형 부당을 했을 경우에 항소할수록 돼 있습니다.
지금 언론에서는 양형 부당만 다루고 있는데 검찰은 양형 부당을 떠나서 사실 오인을 했다고 주장하고 있어요. 첫째 사실 오인이라는 것은 유죄를 선고해야 되는데 무죄를 선고하거나 면소, 공소 기각을 선고했을 때 사실 오인이라고 합니다. 검찰은 지금 유동규가 김만배로부터 5억 원인가 받은 돈에 대해서 1심 무죄를 선고했다는 것이죠. 이게 잘못됐다는 것이죠.
또 이해충돌 방지법에 대해서도 공소시효가 남아 있는데 공소시효가 도과된 걸로 지난 걸로 판결했기 때문에 잘못됐다고 주장하고 있습니다. 또한 추징에 있어서도 금액을 너무 적게 했다고 주장하고 있습니다.
그런데 살펴보면 유동규가 김만배로부터 받은 5억 무죄는 이미 배임 행위에서 이루어진 범죄 행위로써 1심 재판부가 판단하고 이걸 추징을 했습니다. 또한 이해충돌 방지법에 대해서는 우리가 선례 된 판례가 없는데 이번 1심 판결은 2015년 8월에 사업자로 선정이 됨으로써 범죄가 완성되고 그로부터 7년이 지난 2023년 1월에 기소를 했기 때문에 공소시효가 완성됐다고 판단했습니다. 제가 볼 때 아주 적절한 반증이에요.
또 추징 금액에 있어서도 지금 검찰은 7천 얼마를 추정을 선고했는데 400억 얼마 됐다고 주장하는데 그렇지 않습니다. 법원의 판단을 보면 7천억 원 전체가 대상이 아니라 여기서 아파트 분양을 뺀 택지 개발만 따지면 5,900억입니다. 그중에서 절반씩 먹었으면 성남개발공사가 2,900억을 가져가야 되는데 1,800억 원을 가져왔기 때문에 1,100억이 부당 이득이라고 판단을 했어요.
그런데 1,100억 부당 이득 중에서 배임 행위로 얻은 금액이 얼마인지를 입증을 못 하는 겁니다. 왜? 이득이라는 것은 노력도 있을 것이고 땅값의 변화도 있는 것이죠. 그래서 이러한 사실 오인은 항소했을 때 제가 볼 때 2심 판결이 바뀔 가능성이 거의 없어요. 항소 여건이 된다고 보기 어려워요.
또 하나는 양형 부당한 여러 번 언론에서 지적한 것처럼 2분의 1, 중요 사건의 2분의 1 형 이상으로 선고가 됐죠. 그래서 제가 볼 때 이것은 항소를 꼭 해야 되는 사건이 아니다. 항소할 수도 있고 안 할 수도 있는 사건이다. 또 이 사건은 항소했을 때 바뀔 가능성이 매우 희박한 사건이다. 그래서 이걸 무슨 경천동지한 엄청난 정의가 무너진 사건처럼 몰아갈 일이 아니라는 저는 생각이 듭니다.
△ 황인찬 앵커 : 법무부 장관과 검찰총장 대행에 대한 사퇴 요구까지 나오고 있는데요. 오전에 정성호 법무부 장관이 이를 일축했습니다. 정 장관의 국회 발언 보고 이어가겠습니다.
국민의 힘은 정성호 장관과 노만석 검찰총장 직무대행을 향한 책임론은 물론 국정조사까지 요구하고 있는데요. 민주당의 입장은 무엇입니까?
▲ 양부남 의원 : 국회에서 주장하는 논리가 전혀 증거 없는 소리를 하고 있는 것이죠. 지금 정성호 장관이 노만석 총장 대행에게 신중히 판단해 봐라고 두 번 이야기했다는 거 아닙니까? 지금 신중히 판단하라고 얼마든지 이야기할 수 있습니다. 장관 입장에서는.
그러면 노만석 총장 대행은 법무부 장관의 부하가 아닙니다. 얼마든지 이러한 사건에 대해서 항소를 제기해서 2심 항소심에서 1심 결과가 이렇게 바뀔 가능성이 있다는 자신이 들면 얼마든지 장관에게 설득하고 이걸 이야기를 했어야 되죠. 노만석 검찰총장이 엊그저께 임관된 신임 검사도 아닙니다. 얼마든지 장관은 총장의 신중하게 검토로 이야기할 수 있는 것이고 여기에 대해서 총장은 항소해서 바뀔 가능성과 자신이 있다면 장관을 설득하고 설득이 안 되면 항소 제기를 했어야죠.
이런 걸 가지고 잘 판단해 봐야겠다는 그 말을 한 거 가지고 장관을 책임을 져라 법적 책임에서 사퇴해라 이건 말이 안 되는 것이죠. 더 나아가서 무슨 대통령실에 외압이 있다. 이것도 아무 증거 없이 하는 어떤 정치적 프레임이지 않습니까? 그래서 이러한 국힘의 주장은 근거 없는 어떤 정쟁으로 몰아가는 것이죠. 적절치 않습니다.
△ 황인찬 앵커 : 이번 사안과 관련해 검사장과 일부 검사들이 입장문을 내면서 반발하고 있는데요. 검찰청 폐지까지 된 상황에서 이번 일로 거세게 반발하는 검사들에 대해 김병기 원내대표도 강하게 비판했는데요. 이대로 잦아들지 어떻게 대응할 계획인가요?
▲ 양부남 의원 : 지금 검사들이 그동안의 검찰청 폐지에 대해서 검찰청 폐지에 대해서 불만이 많았는데 아마 이걸 기화로 해서 그동안 내재된 불만을 표출하고 있는 것 같아요. 그리고 이것은 이것을 주도하고 있는 세력이 이번에 사건을 수사 공판을 1차 수사팀으로부터 넘겨받았던 2차 수사팀이 이걸 주도하고 있는데 이 세력은 지금 이 사건이 조작됐다. 어떠한 정치적 프레임에서 이루어졌다는 그러한 비난을 받고 있고 지금 감찰받아야 할 상황에 놓여 있습니다.
이 검사들은 이것을 항소를 포기함으로써 자기들에게 입맛대로 진술해 줄 남욱이라든지 정영학, 김만배에 대한 통제권을 잃어버린 것이죠. 그래서 이것을 침소봉대해서 계속 전체 검찰의 의견처럼 몰아갈 필요성이 있어서 하고 있습니다. 그런데 여기에 대해서 우리가 생각할 것은 검찰은 지금까지 과거 사례를 보면 보수 정권에서는 말을 하지 못했어요.
그러나 진보 정권 오면 검찰은 고개를 쳐들고 이렇게 저항했습니다. 가장 처음 있었던 게 고 노무현 대통령의 검사와 대화 때 검찰이 정면 도전했죠. 그 뒤로 늘 진보 정권에 대해서는 검찰이 고개를 쳐들고 저항하죠. 그래서 이번 일도 이게 110명 되는 검찰 간부들이 이걸 했다고 하는데 이거 내버려 두면 수그러들 것입니다.
수그러들 것이지만 자연적으로 수그러듦으로써 그냥 지나가는 것을 묵과해서는 안 되고 여기에 대해서는 법무부에서 이 경위를 시시비비를 가려서 이 행위가 정당한지를 따져봐야 되고 이 행위에 대해서 필요한 상응한 조치가 꼭 필요하다 저는 그런 생각을 해봅니다.
△ 황인찬 앵커 : 이번에는 지역 이야기를 해 보겠습니다. 이재명 정부 첫 국정감사가 마무리되고 국회 예산안 심사가 시작됐습니다. 민주당 광주시당 위원장으로 현재 어떤 지역 현안과 예산 확보에 중점을 두고 있습니까?
▲ 양부남 의원 : 우리 광주시는 2026년 예산안은 작년에 비해서 10%가 증가하면 3조 6천만 원 정도입니다. 3조 6천억 정도 되는데 이 예산이 확정될 수 있도록 우리 8명 국회의원들이 힘을 합쳐서 각 예결위라든지 소관 상임위에서 노력해서 이 3조 6천억에 대한 돈이 통과될 수 있도록 확정될 수 있도록 노력할 겁니다.
이 외에도 지역에 우리가 12개 사업에 153억 원이라는 현안 사업이 있습니다. 이 사업을 통과시키기 위해서 우리 모두를 노력하고 있는데 첫째 AI 분야에서는 MPU 전용 컴퓨터 센터를 설치하고 국가 AI 데이터센터, 또 AI 영재고 신설에 대한 예산을 확보하는 것, 민주화 사업과 관련해서는 5.18 구묘지를 공원화하는 것, 적십자 병원을 복원해서 새로운 시설을 활용하는 문제, 또한 미래 모빌리티를 위한 시험 지원 기반 구축 사업을 하는 것에 대해서 우리 8명 의원들이 좀 열심히 노력하고 있습니다.
또한 저는 서구을 지역위원장으로서 우리 서구을의 현안인 마륵동 탄약고 이전 사업 예산 증액하는 문제, 또한 풍암동에 아트 앤 사이언스 파크 공원을 만드는 문제, 우리 화정 3·4동의 악취 제거를 위한 분류식 하수관거 사업하는 예산 증액하는 문제에 있어서 열심히 노력하고 있습니다.
△ 황인찬 앵커 : 의원님이 대표 발의한 '형법 일부 개정 법률안'을 놓고 특정 국가 비판을 막기 위한 법이다, 표현의 자유를 침해하는 법이다 등 여러 해석과 논란들이 이어지고 있는데요. 개정 취지와 주요 내용 설명해 주시죠.
▲ 양부남 의원 : 지금 우리 사회가 APEC을 앞두고 특정 국가에 대해서 허위사실로 명예를 훼손하고 또 모욕을 했습니다. 그런데 지금 현재 국제 글로벌한 기준에서는 영국, 독일, 프랑스, 전부 특정 국가나 특정 국민에 대해서 허위사실로 명예를 훼손하나 모욕을 하면 처벌하는 법 규정이 있죠. 그런데 우리나라는 그런 규정이 없습니다.
그런데 우리가, 선진국이라는 우리가 특정 국가나 특정 인종, 특정 지역 특정 국민에 대해서 허위 사실로 명예를 훼손을 모욕하는 게 가장 우리가 세계적 추세에 맞냐 이것입니다. 이래서는 안 되는 것이죠. 그래서 제가 이러면 안 되겠다 싶어서 형법을 개정했습니다.
허위사실 특정 국가나 국민 인종에 대해서 허위사실 명예훼손하고 모욕 혐오 표현을 한 것에 대해서는 처벌을 규정을 두었는데, 이 규정은 기존의 허위사실 명예훼손이나 모욕죄보다 형을 높인 게 아니라 기존의 허위사실 명예훼손 모욕죄의 형을 그대로 따온 것입니다.
그런데 여기에 대해서 많은 야당과 일부 언론에서 이 입법 취지를 완전히 왜곡했습니다. 중국인을 혐오한 경우만 처벌한다는 법으로 이 법을 왜곡했어요. 중국인을 혐오한 경우도 처벌하지만 세계 어느 나라 국민이든 허위사실로 명예를 훼손하고 모욕을 하면 처벌한다는 게 이 법의 취지입니다.
법이 왜곡되게 이것을 일부 언론과 야당에서는 국민들을 속이고 있는 것이죠. 중국인을 처벌, 중국인의 욕했을 때 처벌하는 규제다. 그렇지 않습니다. 세계 어느 나라 국가 국민이든지 이런 명예를 훼손하고 모욕하면 처벌할 수 있는 것이고, 또 하나는 제가 이런 법을 만들어서 헌법에 보장된 언론의 언론 표현의 자유를 침해한다고 하는데 그렇지 않습니다.
우리 헌법에 언론 표현의 자유는 전제 조건이 헌법에 딱 규정돼 있습니다. 타인의 명예나 권리를 침해해서는 안 되도록 돼 있습니다. 그래서 이러한 허위사실로 명예를 훼손하고 혐오하고 모욕하는 것은 타인의 명예나 권리를 침해하기 때문에 헌법상 인정되지 않는 것입니다.
또한 우리나라에 대해서 UN에서도 인권위에서도 우리나라에서도 권고를 했어요. 인종과 어떠한 특정한 국가를 상대로 해서 범죄 행위를 가중이라고 우리에게 공고까지 나온 상태입니다. 그래서 이러한 부분에 대해서 많은 일부 언론들과 극우세력, 보수 세력들이 이 법을 왜곡하고 마치 중국을 위한 4대 입법처럼 왜곡하고 있는데 굉장히 유감스럽고 저에 대한 인신공격적인 모욕을 많이 하고 있는데 이건 굉장히 잘못된 겁니다.
그래서 제가 이것의 중단을 촉구하는 기자회견도 했는데 이 법의 취지는 중국인을 보호한 법이 아닙니다. 전 세계민을 문명국가에서 어느 나라든 어느 종교든 어느 국민이든 우리가 모욕하지 말자는 것이죠.
△ 황인찬 앵커 : 오늘 이야기는 여기서 마무리하겠습니다. 지금까지 양부남 더불어민주당 국회의원과 함께했습니다. 의원님 고맙습니다.
▲ 양부남 의원 : 감사합니다.
네이버·다음카카오·유튜브 검색창에 'KBC 뉴스와이드' '와이드이슈'를 검색하면 더 많은 지역·시사 콘텐츠를 볼 수 있습니다.
#양부남 #내란특검 #조태용 #대장동 #검찰 #광주 #전남 #뉴스와이드 #와이드이슈"
335,"국민의힘, '대장동 항소 포기' 노만석 사퇴에 ""李 방탄 꼬리자르기""","""'대장동 항소 포기' 압력 진원지 밝혀야""
""노민석 사의, 정성호 불법 관여 자인한 것""
[서울=뉴시스] 조성우 기자 = 노만석 검찰총장 직무대행이 12일 오전 서울 서초구 대검찰청으로 출근하고 있다. 2025.11.12. xconfind@newsis.com
[서울=뉴시스]하지현 기자 = 국민의힘은 12일 검찰의 대장동 개발 비리 항소 포기 논란과 관련해 노만석 검찰총장 대행이 사의를 표명하자 ""이재명 대통령 방탄을 위한 전형적인 꼬리 자르기""라고 비판했다.
박성훈 수석대변인은 이날 논평에서 ""노만석 사퇴는 끝이 아니라, '압력의 진원지'를 밝혀야 할 시작""이라고 밝혔다.
그는 ""(노 대행의 사퇴는) 정권 부역자의 예정된 결말이었지만, 구체적인 진실은 밝히지 않고 책임만 지고 물러나려는 무책임한 태도""라며 ""결코 면죄부가 될 수 없다""고 말했다.
이어 ""이번 대장동 사건 항소 포기는 검찰의 정치적 독립성에 치명타를 입히고, 검찰의 존재 이유와 가치에 대해 근본적인 질문을 던지는 역사적인 사건으로 기록될 것""이라며 ""최고 책임자의 단순 사의 표명만으론 무너진 검찰의 신뢰를 회복할 순 없다""고 했다.
그러면서 ""국민이 원하는 것은 ‘꼬리 자르기’가 아니라, 항소 포기 결정 전 과정에 대한 투명하고 상세한 공개와 철저한 조사""라며 ""노 대행은 사의 표명으로 도피할 것이 아니라 국민의 사법 정의에 대한 기대를 짓밟은 행위를 사죄하고, 이번 사태 뒤에 누가 있었는지, 어떤 외압이 작용했는지 모든 진실을 명명백백 밝히기 바란다""고 촉구했다.
주진우 의원도 이날 자신의 페이스북에 ""노 대행의 사의 표명으로 끝날 일이 아니다""라며 ""(노 대행의 사의 표명은) 정성호 법무부 장관의 항소 포기 관여가 불법임을 자인한 것""이라고 말했다.
이어 ""(노 대행은) 이제 민간인 신분이니 국회로 불러 증인 신문하고 수사도 받아야 한다""며 ""이제 와서 사표 접수할 것이 아니라 필사즉생의 각오로 항소장을 접수했어야 (한다)""고 비판했다.
한동훈 전 대표도 페이스북에 ""꺾은 자(정성호), 꺾인 자(노만석). 둘 다 나쁘지만 꺾은 자가 더 나쁘다""며 정성호 법무부 장관의 거취 표명을 촉구했다.
노만석 검찰총장 직무대행은 이날 대장동 개발 비리 사건 항소 포기 논란이 발생한 지 5일 만에 사의를 표명했다.
앞서 검찰 지휘부가 대장동 사건 항소 시한인 지난 7일 별도의 설명 없이 항소를 포기하면서, 수사·공판 담당 검사들 사이에 반발이 터져 나왔다.
노 대행은 대검 과장들과의 비공개 면담에서 '이진수 법무부 차관이 항소 포기에 대한 우려를 전달하며 3가지 선택지를 제시했는데, 모두 항소를 포기하는 내용이었다'고 밝힌 것으로 알려졌다.
반면 정성호 법무부 장관은 ""대검에 여러 가지 사정을 고려해 신중히 판단해 달라는 의견을 전달했다""면서도 관련 지침을 준 바는 없다고 선을 긋고 있다．"
336,"이준석 ""법무차관의 3개 선택지 모두 '항소 포기'…꼰대 갑질""","[김민지 디지털팀 기자 kimminj2028@gmail.com]
""이래 놓고 '선택권 줬다'고 해…답 정해놓고 묻는 정권, 비열하기까지 해""
이준석 개혁신당 대표가 11월3일 서울 여의도 국회에서 열린 최고위원회의에서 발언하고 있다. ⓒ연합뉴스
이준석 개혁신당 대표는 12일 검찰의 대장동 개발비리 사건의 항소 포기에 대해 ""(법무부 차관이 검찰총장 권한대행에게) 세 가지 선택지를 줬는데, 모두 다 '항소 포기'로 가는 길이었다는 이야기는 젊은 세대가 기겁할 만한 꼰대의 갑질""이라고 비판했다.
이 대표는 이날 페이스북에 글을 올려 ""선택지를 묻는 듯하지만 답은 정해져 있는 이런 식의 법무 행정 운영이 말이 되는가""라며 이같이 밝혔다.
그는 ""회사에서 부장이 회식 메뉴를 '짜장면, 짬뽕, 볶음밥 하는 집 중에 고르라'고 하는 건 결국 중국집 가고 싶다는 뜻 아닌가""라면서 ""이래 놓고 '나는 선택권을 줬다'고 하고 다니면 그게 조직에 대한 작정한 도발 아니겠는가""라고 지적했다.
그러면서 ""(검찰이) 그래도 한 나라의 주요 범죄자들을 상대하는 조직인데 이래서야 범죄자들에게 얕보이지 않겠는가""라고 꼬집었다.
이 대표는 ""매사 물어보지도 않고 메뉴만 찍어 내리다가 망한 정권을 대신해 중국집으로 정해 놓고 묻는 정권으로 바뀌는 건 업그레이드가 아니라 옆그레이드""라면서 ""비열하기까지 하다""고 일갈했다.
앞서 노만석 검찰총장 권한대행은 지난 10일 대검 과장들과의 비공개 면담 자리에서 ""이진수 법무부 차관이 항소에 대한 우려를 전달하며 몇 가지 선택지를 제시했다. 선택지 모두 사실상 항소 포기를 요구하는 내용이었다""고 말한 것으로 전해졌다.
그러나 이 차관은 이날 비공개로 진행된 국회 법사위 예산결산기금심사소위에서 ""노만석 차장과 전화를 한 사실은 맞다""면서도 ""제가 (노 대행에게) 선택지를 드릴 수도 없고 보완수사권과 관련해서 이 사건을 연결시키는 것도 내용상 이뤄질 수 없음을 잘 아실 것""이라고 반박했다.
정성호 법무부 장관도 이날 국회 예산결산특별위원회 전체회의에서 ""중형이 선고 됐는데 신중히 판단할 필요가 있지 않겠느냐는 정도의 얘기를 하고 끝났다""고 항소 포기를 지시한 사실이 없다고 선을 그었다."
337,‘대장동 사건 항소포기 사태’ 노만석 검찰총장 직무대행 결국 사의 표명,"대장동 개발 비리 사건 항소 포기로 사퇴 압박을 받고 있는 노만석 검찰총장 직무대행이 12일 서울 서초구 대검찰청으로 출근하고 있다. 문재원 기자
대장동 개발비리 의혹 사건 1심 선고에 대한 ‘항소 포기’ 결정을 주도한 노만석 검찰총장 직무대행(대검찰청 차장검사)이 12일 결국 사의를 표명했다. 지난 7일 검찰이 항소 포기 결정을 한 지 닷새 만이다.
대검찰청은 이날 오후 언론 공지를 통해 “금일 노 대행은 사의를 표명했다”며 “자세한 입장은 퇴임식 때 말씀드리겠다”고 밝혔다. 대검 관계자는 “노 대행이 검사장들과 논의한 직후 사의를 표명했다”며 “종일 오전부터 오후까지 거취에 대해 논의했다”고 설명했다.
대통령실은 “법무부 장관으로부터 노 대행의 면직안이 제청되면 이를 수리한다는 방침”이라고 밝혔다
지난 7월 심우정 전 총장이 자진 사퇴한 지 4개월여 만에 노 대행도 스스로 직을 내려놓으면서 검찰 조직은 ‘대행의 대행’ 체제로 운영되게 됐다. 당분간은 대검 부장 중 선임인 차순길 기획조정부장이 검찰을 이끌어야 한다.
노 대행의 사퇴는 대장동 사건 항소 포기 결정 사태에 책임을 지겠다는 뜻으로 해석된다. 노 대행은 항소 포기 직후인 지난 8일부터 안팎의 비판이 잇따르자 지난 9일 언론에 입장을 내고 “법무부의 의견을 참고했다”며 “검찰총장 대행인 저의 책임하에 서울중앙지검장과의 협의를 거쳐 숙고 끝에 내린 결정”이라고 내부 진화에 나섰다. 그러나 항소 포기 직후 사의를 표명한 정진우 중앙지검장은 “대검의 지시를 수용하지만, 중앙지검의 의견과 명확히 다르다”고 밝혀 견해차를 보였다.
노 대행의 “법무부 의견을 참고했다”는 발언은 법무부와의 ‘책임 공방전’으로 번졌다. 이번 사건이 이재명 대통령이 관련된 사건인 만큼 법무부의 의견 제시가 사실상 ‘수사지휘권 발동’이라는 비판이 나왔다. 노 대행이 대검 부장들과 회의에서 “용산(대통령실)과 법무부와의 관계를 생각해야 했다”는 취지의 언급을 했다는 사실이 알려지자 논란은 더 커졌다. 지난 10일 정성호 법무부 장관이 나서서 “신중히 판단하라는 의견을 전한 것뿐”이라며 수사지휘권 행사는 아니라고 반박했지만, 검찰 내부에선 검사장을 비롯해 초임 검사들까지 집단 반발했다. 이진수 법무부 차관이 노 대행에게 전화를 걸어 ‘신중히 판단하라’는 의견을 전한 사실도 추가로 드러나면서 외압 논란은 증폭했다.
노 대행이 이날 사의를 표하면서 검찰의 내홍은 일단락되는 분위기다. 그러나 이번 사태로 검찰 내분 양상이 그대로 드러난 데다 정치권이 이번 사태에 대한 국정조사를 추진하고 있어 논란은 이어질 전망이다."
338,"정성호 ""'신중 검토'가 무슨 외압이냐…판단 책임 檢이 지는 것""(종합2보)","""항소포기 지시한 사실 없어…대통령실과 사건 논의 자체를 안 해""
檢 내부반발에 ""매우 바람직하지 않아…尹구속취소에 한마디 안하더니""
항소 포기 관련 질의 답하는 정성호 법무부 장관
(서울=연합뉴스) 박동주 기자 = 정성호 법무부 장관이 12일 국회에서 열린 예산결산특별위원회 전체회의에 출석해 대장동 사건 항소 포기 관련 질의에 답하고 있다. 2025.11.12 pdj6635@yna.co.kr
(서울=연합뉴스) 이슬기 김영신 박재하 기자 = 정성호 법무부 장관은 12일 대장동 사건 재판에 대한 검찰의 항소 포기와 관련, ""검찰의 의견을 존중해야 하기 때문에 신중히 판단하라는 얘기를 했던 것이고, 그 판단의 책임과 결정을 (검찰) 본인들이 지는 것""이라는 입장을 밝혔다.
정 장관은 이날 국회 예산결산특별위원회 전체회의에 출석해 ""항소에 반대한 적이 없다""며 이같이 말했다. 검찰 항소 포기를 결정하기 전 윗선의 외압이 있다는 의혹을 반박하는 취지다.
그는 ""(검찰의 대장동 사건 항소 포기를) 잘했다 못했다 판단할 사안은 아니다""라며 ""신중히 판단하라는 것은 검찰청에서 권한을 갖고 책임 있게 판단하라는 것이고 저는 존중하려 한다""고 부연했다.
정 장관은 이진수 법무부 차관에게 어떤 지시를 했는지를 묻자 ""중형이 선고 됐는데 신중히 판단할 필요가 있지 않겠느냐는 정도의 얘기를 하고 끝났다""고 설명했다.
정 장관은 항소 포기 논란에 대해 ""정부의 특별한 입장은 없다""며 ""저는 취임하며 검찰의 자율성을 인정해야 한다는 생각을 갖고 있었고, 구체적 사건과 관련해 이래라저래라 지휘한 사실이 없다. 지휘했다면 서면으로 했을 것""이라고 말했다.
그는 '항소 포기를 지시했느냐'는 질문에도 ""그런 사실이 없다""고 일축하면서 이 차관과 노만석 검찰총장 직무대행 간 전화 통화에 대해서는 ""두 사람의 의견 교환 과정은 아는 바 없다""고 언급했다.
아울러 ""(항소 포기와) 보완수사권을 교환했다는 설은 정말 사실무근""이라며 ""그런 일은 있을 수 없다""고 강조했다.
정 장관은 ""법무부 내부에서 매일 사건 보고가 올라오면 제가 여러 의견을 낸다""며 ""제가 매일 신중하게 하라고 하지만 그것과 다르게 결정된 건이 매우 많다. 항소하는 게 과연 맞냐고 했을 때 그대로 항소하기도 한다""라고도 했다.
'신중하라'는 의견 표명이 항소를 자제하라는 외압으로 읽힌다는 지적에는 ""장관 취임 이후 기계적·관행적 항소가 상당히 문제가 있고, 특히 무죄가 난 사건에 기계적 항소로 인해 당사자에게 계속 고통을 주는 것은 바람직하지 않다는 의견을 여러 차례 표시했다""고 답변했다.
대장동 사건 항소 포기 관련 질의 받는 정성호 장관
(서울=연합뉴스) 박동주 기자 = 정성호 법무부 장관이 12일 국회에서 열린 예산결산특별위원회 전체회의에 출석해 대장동 사건 항소 포기 관련 국민의힘 배준영 의원의 질의를 받고 있다. 2025.11.12 pdj6635@yna.co.kr
이 사안을 이재명 대통령 또는 대통령실과 직·간접적으로 논의했는지에 대해서는 ""사건과 관련해 대통령실과 논의 자체를 하지 않는다""며 ""대통령실에서도 직접 검찰을 관할했는지는 모르겠지만 지금 저희는 그렇게 하지 않는다""고 밝혔다.
그는 이번 항소 포기가 이재명 대통령을 지키기 위한 정권 차원의 작업이라는 국민의힘 공세에 ""일방적 주장"", ""그냥 정치적 주장""이라고 응수했다.
그러면서 ""지금 이 대통령 사건을 면소나 공소 취소하기 위해 여러 작업을 한다고 하는 것은 사실무근이다. 국민이 지켜보고 있지 않느냐""며 ""(대통령) 재판은 법원이 헌법 84조에 근거에 대통령 직무 수행의 안정성을 위해 중단한 것으로 안다""고 덧붙였다.
정 장관은 국민의힘 측에서 나온 사퇴 요구에는 ""정치적 책임을 회피할 생각은 없으나 전 정권 하에서 (있었던) 일종의 정치 보복적 수사 하나 때문에 장관이 책임지고 사퇴하는 것은 바람직하지 않다""고 선을 그었다.
정 장관은 예결위 도중 국회에서 기자들과 만나 '대검에 신중히 검토하라고 말한 게 외압으로 느껴진다는 지적도 있다'는 취지의 질문에 ""그게 무슨 외압이 있겠나. 일상적으로 하는 얘기""라고 말하기도 했다.
항소 포기 관련 질의 답하는 정성호 법무부 장관
(서울=연합뉴스) 박동주 기자 = 정성호 법무부 장관이 12일 국회에서 열린 예산결산특별위원회 전체회의에 출석해 대장동 사건 항소 포기 관련 질의에 답하고 있다. 2025.11.12 pdj6635@yna.co.kr
정 장관은 항소 포기에 대한 검찰의 내부 반발에 대해선 비판했다.
그는 ""개별 사건의 항소 여부와 관련해 검사장들이 집단적으로 의사를 표시하는 것은 매우 바람직하지 않다""며 ""더 중대한 사건도 많이 있었다. 비상계엄의 내란 수괴로 재판받고 있는 윤석열 대통령이 그야말로 관행에 완전히 어긋나게 구속 취소됐는데도 한마디도 안 했던 사람들""이라고 지적했다.
특히 대장동 사건을 수사했던 강백신 검사가 검찰 내부망에 정 장관과 이 차관이 항소를 반대했다는 취지의 주장 글을 올린 데 대해 ""검사들이 명확한 증거나 객관적 사실에 근거하지 않고 의견을 주장하는 것은 바람직하지 않다""며 ""그런 면에서 제재돼야 한다고 본다. 그 경위를 잘 조사해 보겠다""고 밝혔다.
그는 검찰의 항소 포기로 약 7천400억원의 범죄 수익 추징 기회가 사라졌다는 주장엔 ""7천억원의 넘는다는 것은 검찰의 주장""이라며 ""2천억원 정도 추징 보전돼 있고 성남도시개발공사도 민사소송을 제기 중이기에 업무상 배임을 입증해 민사재판에서라도 환수되도록 적극적으로 뒷받침하겠다""고 말했다.
shiny@yna.co.kr"
339,노만석 사의 표명… 대장동 후폭풍 정국 집어삼켰다,"검찰총장 대행 맡은 지 4개월 만
국힘 '항소 포기 외압 규탄' 공세
이재명 대통령 '탄핵'까지 언급
민주, 인사권 동원 초강경 대응
검사징계법 폐지 카드도 만지작
12일 서울 여의도 국회 본청 앞에서 열린 ‘대장동 항소 포기 외압 규탄 대회’에서 국민의힘 의·당원들이 규탄 구호를 외치고 있다. 연합뉴스
‘대장동 사건 항소 포기’가 누구의 결정이었는지를 두고 정성호 법무부 장관과 진실 공방을 벌이던 노만석 검찰총장 대행(사법연수원 29기·대검찰청 차장검사)이 12일 결국 사의를 표명했다. 대검찰청은 이날 오후 공지를 통해 ""금일 노만석 검찰총장 직무대행은 사의를 표명했다""며 ""자세한 입장은 퇴임식 때 말씀드리겠다""고 밝혔다. 지난 7월 심우정 당시 검찰총장의 자진 사퇴로 검찰총장 직무대행을 맡은 지 4개월여 만이다.
앞서 대장동 사건 항소 포기를 두고 정부의 압력이 작용한 것이라는 검찰 내 반발이 거세지는 가운데 정 장관은 ""신중히 판단해 달라""는 의견만 전달했을 뿐 어떤 지침도 주지 않았다고 밝혔다. 그러나 곧이어 노 대행은 “이진수 법무부 차관이 항소에 대한 우려를 전달하며 3가지 선택지를 제시했는데, 모두 항소를 포기하는 내용이었다""고 주장했다. 항소 포기를 둘러싼 양측의 설명이 엇갈리면서, 논란은 일파만파했다.
정치권에서도 후폭풍은 연일 이어지고 있다. 국민의힘은 12일 처음으로 당원들을 동원한 대규모 규탄 집회를 열어 국정조사와 특검 실시, 정성호 법무부 장관 등 관련자들의 사퇴 요구 등을 전반위적으로 제기했다. 대장동 일당의 천문학적인 범죄 수익 추징을 어렵게 만든 이번 사태가 국민적 ‘역린’를 건드렸다고 보고 총력 대응에 나선 것이다.
국민의힘은 이날 국회 본청 앞 계단에서 당원, 지지자들이 참석한 가운데 ‘대장동 일당 7400억 국고 환수 촉구 및 검찰 항소 포기 외압 규탄 대회’를 열었다. 참석자들은 ‘대장동 항소 포기 사법 정의 사망 선고’ ‘5개 재판재개 국민의 명령이다’ ‘대장동 수사 외압 국정조사 실시하라’ 등의 손팻말을 들고 “대장동 일당 옹호하는 민주당도 공범이다” 등의 구호를 외쳤다.
장동혁 대표는 “항소 포기의 정점에 이재명 대통령이 있다”며 “이 대통령 재판의 공소 취소로 가기 위한 시작에 불과하다”고 말했다. 그는 이 대통령의 ‘탄핵’까지 언급하며 “이 대통령과 이 정권을 끝내야 한다”고도 했다.
반면 더불어민주당은 이번 결정에 집단 반발하는 검사들을 겨냥, “항명이자 명백한 국기 문란 사건”이라며 ‘검사 파면’이 가능한 법 개정을 언급하며 초강경 대응으로 맞섰다. 이번 논란으로 검찰과의 기 싸움에서 밀리면 사법개혁 동력 상실은 물론 연말·연초 정국 주도권, 나아가 지방선거까지 흔들릴 수 있다고 보고 민감한 인사권을 앞세워 ‘진압’에 나선 것이다.
민주당 정청래 대표는 이날 최고위원회의에서 검찰 반발을 ‘정치 검사들의 국기 문란’이라고 규정하면서 법무부가 해당 검사에 대한 인사 조치와 징계 절차에 즉각 돌입하라고 요구했다. 민주당은 가장 강력한 카드인 검사징계법 폐지 방안도 꺼내 들었다. 검사도 일반 공무원처럼 해임·파면할 수 있도록 검사징계법을 바꾸겠다는 것이다. 현재 검사는 검사징계법에 따라 검사의 의무를 위반했거나 위신을 손상한 경우 최대 징계는 해임이다. 파면하려면 국회의 탄핵 소추 절차를 거쳐야 한다."
340,민주 김용민 “항명 검사 사표수리 안돼…모두 징계대상”,"더불어민주당 김용민 의원이 대장동 사건 항소 문제로 반발하는 검사들의 사표를 수리해선 안 된다고 주장했습니다.
국회 법사위 간사인 김용민 의원은 오늘(12일) SNS에 “검사들이 서로 사표를 쓰겠다는 소식이 있는데 징계사유가 있으면 사직이 금지된다”며 “집단 항명은 모두 징계 대상이니 사표 수리는 안 된다”고 썼습니다.
민주당은 검사들의 반발을 ‘국기문란’이자 ‘항명’으로 규정하고, 법무부에 전원 보직 해임과 징계를 요구 중입니다.
특히 검사 최고 징계 수위를 ‘해임’으로 제한하는 검사징계법을 개정하거나 아예 폐지해, 필요시 검사들을 파면하겠다고 예고했습니다.
정청래 대표는 SNS에 윤석열 정권 당시 행정안전부 내 ‘경찰국’ 신설에 반대하는 회의를 주도했다가 정직 3개월 징계를 받았던 류삼영 전 총경 사례를 언급했습니다.
정 대표는 “3년 전 경찰들은 정의로운 저항에 이런 고통을 당했다”며 “검찰도 대한민국 공무원이다. 더이상 특혜는 없다”고 적었습니다.
[사진 출처 : 연합뉴스]
■ 제보하기
▷ 전화 : 02-781-1234, 4444
▷ 이메일 : kbs1234@kbs.co.kr
▷ 카카오톡 : 'KBS제보' 검색, 채널 추가
▷ 네이버, 유튜브에서 KBS뉴스를 구독해주세요!"
341,대통령실 “노만석 면직안 제청되면 수리”,"대통령실이 12일 노만석 검찰총장 직무대행(대검찰청 차장검사) 사의 표명과 관련해 “법무부 장관으로부터 노만석 검찰총장 직무대행의 면직안이 제청되면 이를 수리한다는 방침”이라고 했다. 검찰의 ‘대장동 사건 항소 포기’ 닷새 만이다.
용산 대통령실 청사 전경. /뉴스1
대통령실은 이날 오후 대변인실 명의로 이러한 내용의 입장문을 언론에 배포했다. 대통령실의 외압 논란, 검찰 내부의 집단 반발에 대해선 아무런 언급을 하지 않았다. 대통령실은 전날에도 검찰의 항소 포기 관련 입장을 묻는 취재진에 “입장이 없다”고 했다. 사전 소통했다는 의혹에 대해선 ""야당이 제기한 의혹을 대통령실 출입기자가 묻는 건 적합하지 않다”고 했다. 이 대통령도 같은 날 국무회의에서 관련 언급을 일절 하지 않았다.
다만 우상호 대통령실 정무수석은 SBS 유튜브 출연해 “대통령실이 개입하거나 기획한 게 아니다”라고 말했다. 대통령이 재판에 개입해 얻을 실익이 없다면도 “이번 사건을 수사 및 기소한 검사들은 반성해야 한다”고 했다. 우 수석은 “(대장동 사건에 연루돼 재판을 받은) 남욱·김만배·유동규씨는 2022년 대선에서 이재명 대통령 낙선에 기여한 사람들”이라며 “우리는 그들이 패가망신하길 바란다”고 했다.
대검찰청은 이날 노 대행이 사의를 표명했다면서 “자세한 입장은 퇴임식 때 말씀드리겠다”고 했다. 노 대행은 지난 7월 심우정 당시 검찰총장의 자진 사퇴로 약 4개월 간 검찰총장 직무대행을 맡아왔다. 대장동 사건 항소 포기 직후 검찰 내부에서 집단 반발이 거세지자 결국 물러나겠다는 뜻을 밝힌 것이다.
앞서 서울중앙지검은 대장동 개발 비리 사건 관련 특정경제범죄가중처벌법상 배임 등 혐의로 기소된 유동규 전 성남도시개발공사 기획본부장과 화천대유 대주주 김만배씨, 남욱 변호사, 정영학 회계사, 정민용 변호사의 1심 판결에 대한 항소를 포기했다. 1심 재판부는 검찰 구형량보다 높은 징역 4~8년을 선고했는데, 검찰은 항소장 제출 시한인 이달 7일 자정까지 항소장을 제출하지 않았다. 피고인 5명은 모두 항소했다. 형사소송법상 ‘불이익변경 금지’ 원칙에 따라 1심보다 더 높은 형은 선고할 수 없다."
342,"“앵커님, 정성호 대변인이세요?”…나경원, 생방송 인터뷰 중 '발끈', 무슨 일?","나경원 국민의힘 의원이 10월 14일 서울 여의도 국회 법제사법위원회에서 열린 법무부 등에 대한 국정감사에서 질의하고 있다. 뉴스1
[서울경제]
나경원 국민의힘 의원이 대장동 사건 항소 포기와 관련, 라디오 인터뷰에서 진행자의 질문 방식에 불만을 드러냈다.
나 의원은 11일 YTN라디오 ‘김영수의 더 인터뷰’에 출연해 진행자가 ""어제 정성호 장관이 검찰 수사의 문제점도 지적하면서 (검찰이) 남욱 변호사를 위협했다고 했다""고 말하자 ""오늘 앵커분의 질문 자체도 정성호 장관 대변인 같다""고 불만을 표출했다.
이어 나 의원은 ""(진행자가) 정성호 장관이 뭐라 했다, 그걸 자꾸 반박하라고 그러신다. (남욱 위협은) 거짓말이라는 것이 검찰 측 얘기""라면서 ""오늘 질문하시는 게 굉장히 실망스럽다""고 지적했다.
사진=YTN라디오 유튜브 갈무리
이에 진행자는 “같은 방식으로 (앞서 인터뷰한 더불어민주당) 박주민 의원에게도 질문했다. 여야 입장을 각각 듣기 위한 것”이라고 해명했다.
나 의원은 정 장관이 “검찰의 항소 포기는 문제없다”, “이번 수사와 재판은 성공했다”, “검찰에 지침을 준 적 없다”고 밝힌 데 대해서는 “궤변 중의 궤변”이라고 비판했다. 이어 “이재명 대통령이 과거 정 장관을 두고 ‘끝까지 같이 갈 사람’이라고 했었다”며 “대통령과 사법연수원 18기 동기인 정성호 장관의 눈물겨운 대통령 지키기일 뿐이며 이는 사실당 외압을 자백한 것이다”고 주장했다.
아울러 외압 의혹 근거에 대해 “수사 검사들 모두 만장일치 항소하기로 한 뒤 법무부 의견을 구하는 과정에서 ‘신중하게 판단하라’고 한 건 항소 불허를 말한 것 아닌가”라는 점을 든 뒤 “어제 노만석 검찰총장 대행이 ‘용산과 법무부의 의견을 고려했다’고 이야기한 것”도 외압으로 본 이유라고 했다."
343,"[단독] “현관사진 제출하세요”…토허제 한 달, 실거주 증빙자료 ‘뒤죽박죽’","정부 세부 가이드라인 미비로
실거주 증빙 자료 ‘뒤죽박죽’
상관없는 재직증명 요구하고
신청서류 홈피 공지도 뒤늦게
서울 중구 남산에서 바라본 아파트 단지. 2025.10.19 [뉴스1]
서울 전역과 경기도 12개 지역이 토지거래허가구역으로 묶인 뒤 한 달이 다 돼가지만 현장에서는 여전히 허가 기준이나 소명해야 하는 내용이 제각각이어서 혼란이 이어지고 있다. 실거주 사유를 구체적으로 소명하라는 원칙은 같지만 어떤 자료로 입증해야 하는지 구청마다 요구가 달라 민원이 쇄도하고 있다.
경기도 용인시 수지구는 최근 구청 홈페이지에 성남이나 의왕 등 연접 시군 거주 여부 확인을 위해 재학증명서와 재직증명서를 제출하라는 안내문을 게시했다. 수지구는 신분당선을 이용해 강남으로 출퇴근하는 주민이 많은 지역이다. 이 같은 지침이 알려지자 주민들 사이에는 “강남으로 출퇴근하면 거주도 하지 말라는 것이냐”는 불만이 제기됐다. 논란이 커지자 수지구청은 재직증명서 등 관련 항목을 삭제했다.
수지구청이 이 같은 안내문을 게시한 까닭은 국토부 훈령인 ‘토지거래업무처리규정’ 6조의 모호한 지침 때문이다. 해당 지역에 거주해야 하는 사유를 ‘구체적이고 객관적으로 소명한 경우’ 거래 허가를 해준다고 안내하다 보니 까다로운 조건이 붙게 된 것이다. 수지구청 측은 12일 “안내 차원에서 예시를 든 것인데 민원인들에게 본의 아니게 오해를 불러일으켰다”고 해명했다. 광명시와 과천시 등은 자녀 학업·부모 봉양·직장 이전 등 취득 사유를 구체적으로 적시하고 이를 입증할 증빙자료를 제출하도록 했다.
토허제 운영 경험이 있는 서울은 요구사항이 비교적 단순하지만 이번에 새롭게 허가구역에 포함된 경기도에서는 혼선이 특히 크다. 수원시 팔달구청은 주택 외부와 현관 사진 제출을 요구한다. ‘부동산 신고 등에 관한 법률 시행규칙’에서 토지거래허가 신청을 한 토지에 대해서는 현장 사진을 보관해야 한다. 이 규정을 주택에 적용하는 것이 애매하자 현관 사진을 요구하게 됐다는 설명이다. 팔달구청 측은 “담당 인력은 1명인데 접수만 65건이 된 상태”라며 “공인중개사들에게 협조를 구하고 있다”고 전했다.
성남시 분당구와 중원구는 지난 6일까지 구청 홈페이지에 토지거래허가 신청 서류가 올라와 있지 않았다. 분당구청 관계자는 “국토교통부에서 공식적인 세부 지침이 내려온 게 아니기 때문”이라고 설명했으나 매일경제가 질의한 다음날인 7일부터 신청 서류를 홈페이지에 올려놓았다.
이 밖에도 영통구는 기존 주택의 처리 계획과 함께 매매의뢰서나 매물 사진 제출을 요구하고 있다. 한편 현장에서 이 같은 혼란이 이어지는 가운데 국토교통부는 이르면 이번주에 토허제 관련 지침을 마련해 배포할 계획이다."
344,“어디까지 내란동조인지”… 집중대상 국방·외교·기재부 술렁,"‘정부혁신TF’에 공직사회 긴장
국방부 실장급·대장급 장성 물갈이
후속 인사도 자체감사 이미 반영돼
수뇌부 침묵 속 일각선 “이중 검증”
비상예산 검토 의혹 기재부 불안감
“당시 국회 출동 경찰관 수천명인데…”
연말 인사 앞둔 경찰도 우려 목소리
이재명정부가 ‘내란 청산’을 명분으로 헌법존중 정부혁신 태스크포스(TF)를 가동하기로 결정하면서 공직사회가 얼어붙고 있다. TF 활동 결과에 따라 공무원들에 대한 대규모 문책 인사가 진행될 수 있어 불안감이 커지는 양상이다.
국무총리실은 49개 중앙행정기관 가운데 군·검찰·경찰·기획재정부·외교부·법무부·국방부·행정안전부 등 12개 기관을 집중 점검 대상으로 지정했다.
김민석 국무총리. 연합뉴스
총리실의 지침을 받은 12일 정부부처 분위기는 미묘한 차이를 드러냈다. 12·3 비상계엄 사태 당시 계엄군을 투입했던 국방부는 TF 구성 준비를 진행하고 있다. 내부 논의를 거쳐 TF 운영주체와 규모, 방식 등을 확정하면 안규백 장관 재가를 거쳐 총리실에 보고하고 TF 가동에 들어갈 예정이다. 군 소식통은 “조사 대상에 일부 민간 공무원을 추가하는 방식으로 이뤄질 것”이라고 말했다.
일각에선 ‘이중 검증’이라는 지적도 나온다. 국방부는 안 장관 취임 이후 감사관실 주도로 지난 8월부터 계엄 관련 조사를 진행한 상태다. 언론·정치권·특검 등이 계엄에 연루됐다고 지목한 현역 군인들을 중심으로 이뤄졌다. 이와 함께 국방정책실장과 기획조정실장 등 실장급 인사들을 새로 임명했고, 대장급 장성 7명을 모두 교체했다. 감사관실 조사 결과도 후속 장성 인사에 반영됐다. 이를 토대로 대규모 중·소·준장급 장성 인사가 예정된 국면에서 합동참모본부 인적 쇄신 논란과 특정 인사의 개입 의혹 등이 불거지자 국방부 수뇌부는 인사 문제와 관련, 입을 굳게 다물고 있다. 인사 문제로 군 내부가 술렁이는 가운데 TF 가동 소식이 전해지면서 군과 공무원 조직이 한층 경직될 것이라는 우려도 나온다. 한 당국자는 “공무원들이 서로를 믿지 못하고, 보고를 받거나 하는 것도 꺼리게 될 것”이라고 우려했다.
조사 대상 기간이 10개월로 긴 데다 ‘내란동조’란 기준이 애매해 단순 매뉴얼에 따른 업무도 문제가 되는 것 아니냐는 불안감이 감지된다. 기획재정부 한 관계자는 “계엄 선포 시점을 기준으로 10개월로 조사 대상이 길고, 어느 직급까지 살펴보는지도 알 수 없다”면서 “(계엄 사태와 관련된) 전화를 받는 것 같은 단순 업무도 내란 동조로 취급되는 건 아닌지 불안해하는 직원들도 있을 것”이라고 말했다.
지난 2024년 12월 3일 서울 여의도 국회 정문 앞에서 경찰들이 국회의원, 의원 보좌진, 취재진들의 출입을 통제하고 있다. 뉴시스
계엄 선포 당일 국회 주변 경비 등을 담당한 경찰에서는 ‘내란 프레임’을 우려하는 목소리가 크다. 연말 경찰 인사를 앞두고 12·3 비상계엄 당시 상황과 연관된 부서에 있었다는 이유로 승진이나 전보에 영향을 미칠까 하는 걱정이다. 경정급의 한 경찰관은 “정부가 적극적으로 내란 동조자를 색출하겠다고 하는데, 작은 불똥이라도 튈까 우려하는 분위기”라며 “한번 낙인찍히고 입방아에 오르게 되면 인사나 여러 가지에 영향을 미칠 수 있다”고 토로했다. 간부뿐 아니라 하위직의 불안도 크다. 한 순경은 “계엄 당시 국회 앞에 출동했던 경찰관이 수천명일 텐데, 우리까지 조사 대상이 되는 건가 하는 두려움이 있다”며 “국회에 현장 업무를 나가지 않았던 기동대원들은 천운이 따랐다고 생각한다”고 전했다.
상황을 조심스럽게 바라보면서도 상대적으로 무덤덤한 분위기가 감지되는 것도 사실이다. 행정안전부는 최근 잇따른 소폭의 간부 인사에서 대기 발령 등이 일부 이뤄졌다. 행안부 관계자는 “계엄 사태로 전 정부가 일찍 끝났으니 (관련 내부 조사는) 거쳐야 하는 과정일 수밖에 없지 않겠느냐”고 말했다. 통일부 관계자는 “12개 중점 부처도 아니고 실제로 한 게 없어서 직원들이 동요하지 않는다”고 말했다.
계엄 해제 후 윤석열 전 대통령에 대한 체포영장 집행을 막았던 대통령경호처는 이날 전 직원과 경호지원 부대원을 대상으로 ‘헌법 교육’을 실시했다. 경호처는 보도자료를 통해 “경호 활동 전반에 헌법 가치를 내재화하고 법적 정당성과 책임성을 강화하기 위한 것”이라고 설명했다."
345,"예결위 나온 정성호 ""신중검토에 무슨 외압… 일상적 얘기""","정성호 법무무 장관이 12일 서울 여의도 국회에서 법제사법위원장실로 향하고 있다. 뉴스1
정성호 법무장관이 12일 국회 예산결산특별위원회에 출석해 “항소에 반대한 것은 없다”고 ‘대장동 항소 포기 지시’ 의혹을 정면 반박했다.
정 장관은 이날 첫 질의자로 나선 배준영 국민의힘 의원이 ‘이진수 법무부 차관에게 이 사건에 대해 어떤 지시를 했느냐’고 묻자 “선고 후 처음에는 특별한 관심을 갖지 않다가 언론에서 여러 얘기가 나와 2∼3일 후 판결문을 대충 훑어봤다”며 이 같이 말했다. “지난 6일 국회에서 예결위 종합질의가 있어 국회에 와 있었다. 예결위가 끝나고 대검에서 항소 필요성 의견이 있다는 이야기를 듣고, 중형이 선고됐는데 신중히 판단해야 되지 않겠느냐 정도의 이야기를 하고 끝나서 다시 돌아갔다”는 게 이날 정 장관의 설명이다.
정 장관은 이어 “(항소 시한인) 7일 저녁에 예결위 휴정했을 때 검찰에서 항소할 것 같다는 구두 보고를 받고 이후 예결위가 끝난 뒤 최종적으로 항소하지 않았다는 보고를 받았다”고 덧붙였다. 정 장관은 이진수 법무부 차관이 노만석 검찰총장 권한대행에게 항소 포기 취지의 복수 선택지를 전달했다는 의혹에 대해서도 “지휘를 하려면 관행적으로 서면 또는 공문으로 해왔다”며 해당 지시를 한 적이 없다는 취지로 말했다.
이날 사의를 표명한 노 대행은 앞서 ‘법무부에서 7일 오후 5시까지도 답이 없다가 오후 8시쯤 항소하면 안 된다는 연락이 왔다’고 주장했다. 하지만 정 장관은 ‘항소 제기에 대한 신중 검토가 필요하다’는 지침만 전했다는 입장이다. 그는 이날 정회 중 취재진에게 “(신중 검토하라는 게) 그게 무슨 외압인가, 일상적으로 하는 얘기”라고 거듭 강조했다.
정성호 법무부 장관이 12일 국회에서 열린 예산결산특별위원회 전체회의에 출석해 손수건으로 눈을 닦고 있다. 임현동 기자
이날 회의는 대통령비서실·국가안보실, 법무부·법제처·대법원·헌법재판소 등 비경제부처와 기관 32곳의 예산안 심사 회의였다. 하지만 정 장관이 출석하자, 국민의힘은 법무부 뿐 아니라 대통령 또는 대통령실이 직·간접적으로 항소 포기에 개입했는지 여부에 질의를 집중했다. 정 장관은 “사건과 관련해 대통령실과 논의 자체를 하지 않는다”며 “(다른 법무부 관계자도) 사건 결과 및 항소 여부와 관련해 대통령실과 의논한 바는 전혀 없는 것으로 안다”고 선을 그었다. 우재준 국민의힘 의원이 “대통령도 공범으로 기소된 상황인데 (재판 관련해) 어떠한 보고도 안 했느냐”고 물었지만 정 장관은 “그런 사실이 없었다”고 잘라 말했다.
정 장관은 또 이날 항소 포기로 약 7400억원의 범죄 수익 추징 기회가 사라졌다는 국민의힘 주장에 대해서도 “7000억원 넘는다는 것은 검찰의 주장”이라며 “2000억원 정도 추징 보전돼 있고 (진행 중인 관련 민사소송을 통해) 업무상 배임을 입증해 환수되도록 적극적으로 뒷받침하겠다”고 강조했다. ‘이번 대장동 사건 재판이 성공한 수사, 성공한 재판이라고 한 건 무슨 의미였냐’는 질문에는 “수사나 기소의 목적이 최종적으로 범죄 피고인에게 중형을 선고하는 것”이라며 2명의 피고인에 대해 구형된 형보다 더 나왔고, 나머지 피고인들도 절반 이상이었다”고 답했다.
강승규 국민의힘 의원이 “지난 7일 예결위가 11시 전에 끝났는데 그날 ‘치맥 파티’했느냐”고 추궁하자 정 장관은 “국회에서 그때까지 기다린 직원들과 식사를 했다. 파티가 아니다”라고 반박했다. “모든 책임을 지고 사퇴할 생각이 있느냐”는 배준영 의원 질의에는 정 장관이 “전 정권하에서 (있었던) 일종의 정치 보복적 수사 하나 때문에 장관이 책임지고 사퇴하는 것은 바람직하지 않다”고 답했다.
정성호 법무부 장관이 12일 서울 여의도 국회에서 열린 예산결산특별위원회 전체회의에서 목을 축이고 있다. 뉴스1
더불어민주당은 이날 국민의힘 질의를 “정치 공세”로 규정하고 총력 방어했다. 판사 출신 박희승 의원이 정 장관을 향해 “대장동 항소 포기에 대한 국민의힘의 정치적 공세가 적절하냐”고 물었고 정 장관은 “정치적인 주장이라고 생각한다”고 했다.
민주당은 공격의 화살을 수사팀을 비롯한 검사들에게 돌리기도 했다. 황정아 민주당 의원이 “(검찰이) 권력의 시녀가 돼 (윤석열 전 대통령 구속 취소 등) 진짜 규정과 법을 완벽하게 어겼을 때는 ‘입꾹닫’ 하고 있더니 규정에 따라 이뤄진 항소 제재에는 검난 운운하며 뛰쳐나온다”고 목소리를 높였다. 정 장관은 이에 “일부 검사들이 정치검사라는 비판을 받으며 권력이 요구한 수사에 맹종했다는 비판이 굉장히 많다”고 맞장구쳤다. 정 장관은 지난 10일 노 대행에게 항명성 서한을 보낸 검사장들에 대해 “검사장들이 대검 차장에 관해 설명을 요구하는 것은 집단 행위로서 바람직하지 않다”고도 했다.
정 장관은 또 앞서 항소 포기 외압을 주장한 강백신 대구고검 검사에 대해선 “검사들이 구체적 사건에 관해 명확한 증거나 객관적 사실에 근거하지 않고 의견을 주장하는 것은 바람직하지 않다고 보고 있다”며 “그런 면에서 제재돼야 한다고 본다. 향후 경위는 잘 조사해 보겠다”는 의견도 밝혔다."
346,"[속보] 법사위 예산소위, 검찰 특활비 20억 삭감…""집단행동 검사장에 못 줘""","12일 서울 여의도 국회에서 열린 법제사법위원회 전체회의에서 여야 위원들이 담배사업법 일부개정법률안 등에 대한 대체토론 종결을 위한 표결을 하고 있다. 연합뉴스
국회 법제사법위원회 예산결산기금심사소위원회가 검찰의 특수활동비(특활비)를 정부안보다 20억원 삭감했다.
법사위 예산소위는 12일 열린 회의에서 법무부·감사원·고위공직자범죄수사처(공수처)·대법원 소관 내년도 정부 예산안을 심사해 이같이 의결했다. 검찰 특활비는 기밀 유지가 필요한 정보 및 사건 수사 등에 쓰이는 경비로, 집행 시 사용처나 영수증 등의 증빙 자료를 제출하지 않아도 되는 비공개 예산이다. 소위는 이날 당초 정부안에서 72억원으로 책정된 특활비 중 20억원을 '특별업무경비'로 전환해 결과적으로 20억원 삭감한 52억원으로 의결했다. 특별업무경비 역시 실제 수사 활동에 사용되는 경비이지만, 기밀성이 없어 영수증 등 증빙 자료를 제출해야 한다. 특별업무경비도 전체 규모로 치면 정부안에서 30억원이 삭감됐으며, 대신 영수증 증빙이 필요한 업무추진비가 50억원 증액됐다.
소위는 법무부의 검찰 특수활동비 집행 시 따라야 할 구체적인 지침도 부대의견으로 제시했다. 우선 정치적 중립 의무를 위반해 집단행동 등에 참여한 검사장이 재직 중인 검찰청에는 특활비를 집행하지 않기로 했다. 최근 대검의 대장동 사건 항소포기 결정에 반발해 검사장들이 집단 성명을 낸 점과 무관치 않다는 해석이 나온다. 지침에는 민생·서민 생활 침해 사범 수사 분야에만 특활비를 집중 집행한다는 내용도 담겼다. 소위는 ""정치적 중립 의무를 위반한 검사장이 재직 중인 검찰청 등에서 특활비 집행이 필요할 때는 법무부 장관이 마련한 기준에 따라 검찰은 구체적인 집행 항목을 법무부 장관에게 보고하고, 법무부 장관이 이를 검토한 후 집행한다""고 밝혔다.
소위는 이 같은 내용을 포함한 법무부·대법원·감사원·공수처의 내년도 예산안 및 기금운용계획안을 심사·의결했다. 법사위는 이날 오후 전체회의에서 소위 의결안을 종합 심사할 계획이다."
347,"양부남 ""검찰, 진보정권만 오면 고개 쳐들고 저항... 시시비비 가려서 상응한 조치 꼭 필요""  [와이드이슈]","일부 검사장과 검사들이 검찰의 대장동 재판 항소 포기에 대해 반발하고 나선 것과 관련해 보수정권엔 말도 못 하던 검찰이 진보정권만 오면 고개 쳐들고 저항한다며 시시비비를 가려 강력히 조치해야 한다는 주장이 나왔습니다.
12일 KBC 뉴스와이드에서 더불어민주당 양부남 의원은 ""지금 검사들이 그동안의 검찰청 폐지에 대해서 불만이 많았는데 아마 이걸 기화로 해서 그동안 내재된 불만을 표출하고 있는 것 같다""면서 이같이 지적했습니다.
양 의원은 ""이것을 주도하고 있는 세력이 (대장동) 사건 수사 공판을 1차 수사팀으로부터 넘겨받았던 2차 수사팀이 주도하고 있다""라고 지목했습니다.
그러면서 ""이 세력은 지금 이(대장동) 사건이 조작됐다. 어떠한 정치적 프레임에서 이루어졌다는 그러한 비난을 받고 있고 지금 감찰받아야 할 상황에 놓여 있다""면서 이번 반발의 이면을 지적했습니다.
양 의원은 ""이 검사들은 이것을 항소를 포기함으로써 자기들에게 입맛대로 진술해 줄 남욱이라든지 정영학, 김만배에 대한 통제권을 잃어버린 것. 그래서 이것을 침소봉대해서 계속 전체 검찰의 의견처럼 몰아갈 필요성이 있어서 (반발)하고 있다""라고 분석했습니다.
이어 ""그런데 여기에 대해서 우리가 생각할 것은 검찰은 지금까지 과거 사례를 보면 보수 정권에서는 말을 하지 못했다. 그러나 진보 정권 오면 검찰은 고개를 쳐들고 이렇게 저항했다""라고 일갈했습니다.
양 의원은 이 같은 검찰의 저항에 대해 ""가장 처음 있었던 게 고 노무현 대통령의 '검사와 대화' 때 검찰이 정면 도전했다. 그 뒤로 늘 진보 정권에 대해서는 검찰이 고개를 쳐들고 저항한다""라고 비판했습니다.
또 이번 검찰 집단 반발에 대해서는 ""이게 110명 되는 검찰 간부들이 이걸 했다고 하는데 이거 내버려 두면 수그러들 것""이라고 전망했습니다.
그러나 ""수그러들 것이지만 자연적으로 수그러듦으로써 그냥 지나가는 것을 묵과해서는 안 되고 여기에 대해 법무부에서 이 경위를 시시비비를 가려서 이 행위가 정당한지를 따져봐야 되고 이 행위에 대해서 필요한 상응한 조치가 꼭 필요하다""라며 검찰의 집단 반발에 강력히 대응해야 한다고 강조했습니다.
네이버·다음카카오·유튜브 검색창에 'KBC 뉴스와이드' '와이드이슈'를 검색하면 더 많은 지역·시사 콘텐츠를 볼 수 있습니다.
#양부남 #검찰 #대장동 #항소포기 #뉴스와이드 #와이드이슈"
348,"'내란자 색출' 떨게한 다음날…용산 ""공무원 3000만원 포상"" 당근책","내란 가담 공무원을 솎아내겠다는 발표로 공직 사회를 긴장시킨 정부가 바로 다음날 ‘당근책’을 내놨다. 강훈식 대통령비서실장은 12일 대통령실에서 한 브리핑에서 “본인의 희생을 통해 국민의 생명을 구하거나, 이례적으로 특별한 성과를 거둔 공직자에겐 1인당 최대 3000만원까지 파격적으로 포상하겠다”고 밝혔다.
강훈식 대통령 비서실장이 12일 서울 용산 대통령실 청사에서 공직 활력 제고 추진 성과 및 공직 역량 강화 향후 계획 관련 브리핑을 하고 있다. 뉴스1
강 실장의 브리핑은 지난 7월 24일 출범한 ‘공직사회 활력 제고 태스크포스(TF)’의 추진 성과를 발표하기 위한 차원이다. 강 실장은 내년 4월 중앙부처 당직실을 폐지하고, 재택 당직으로 전환하겠다는 계획도 밝혔다. 당직 제도는 업무 비효율, 남성 공무원 숙직 부담 과중 등의 문제로 공무원들이 제도 개선을 촉구했던 부분이다.
강 실장은 또 내년 상반기 법 개정을 통해 정책감사 폐지를 제도화하겠다는 방침을 발표했다. 조성주 대통령실 인사수석비서관은 “정책감사 폐지로 감사원이 본연의 업무인 회계감사와 직무감찰에 집중할 수 있게 됐다”는 의미도 부연했다. 강 실장은 또 “(공무원을 대상으로 한) 형법상 직권남용죄의 구성 요건을 명확히 하는 법 개정도 추진 중”이라고 밝혔다. 지난 7월 TF의 직권남용죄 신중 수사 지시 후 관련 기소는 2건에 불과했다는 점도 덧붙였다. 감사원의 정책감사와 검찰의 직권남용죄 적용은 공무원을 위축시키는 원인으로 지목됐던 부분이다. 이재명 대통령은 지난 7월 “정책 감사·수사 이런 명목으로 열심히 일하는 공직자들을 괴롭혀서 의욕을 꺾는 일이 절대로 없도록 하라”고 참모들에게 지시하기도 했다.
이재명 대통령이 11일 오전 서울 용산 대통령실에서 열린 제49회 국무회의에서 김민석 국무총리에게 질문을 하고 있다. 대통령실사진기자단
그간 공직 사회가 불만을 제기했던 부분을 해소해주겠다는 대통령실의 이날 발표는 전날 발표와 대비됐다. 전날 국무회의에서 이재명 대통령은 ‘헌법존중 정부혁신’ TF 구성을 결정했다. 12·3 비상계엄 사태에 참여했거나 협조한 공직자를 솎아내는 작업을 하는 TF다. “제2의 적폐청산”(성일종 국민의힘 의원), “공직자를 죄인으로 몰아붙인다”(최보윤 국민의힘 수석대변인)는 비판이 나오는 가운데 대통령실이 바로 공직 사회를 위한 ‘달래기 정책’을 내놓은 셈이다.
대통령실 관계자는 “공무원에 대한 신상필벌은 이 대통령이 항상 강조하던 부분”이라며 “잘못에 대한 책임은 묻되 공무원들이 일하기 좋은 환경을 만들어야 한다는 것”이라고 설명했다.
다만 이재명 정부가 출범 5개월 넘은 시점에서 갑자기 공직사회를 향한 내란 청산의 칼을 들이댄 배경에 정치권의 관심이 많다. 대통령실 설명을 종합하면, 우선 내란 특검의 수사가 늦어지는 데 대한 이재명 정부의 불만이 적지 않다고 한다. 내란 특검은 수사기한을 3번이나 연장했다. 다음 달 14일까지가 기한이다. 전날 국무회의에서 김민석 국무총리도 이에 대해 언급했다. 그는 “현재 내란재판과 수사가 장기화하며 내란극복이 지지부진한 상황이 현실”이라고 진단했다. 이 대통령은 이에 응답하며 “특검에 의존할 게 아니고 독자적으로 해야 할 일 같다”며 TF 출범에 힘을 실었다.
송언석 국민의힘 원내대표가 12일 오전 서울 여의도 국회 본청 계단에서 대장동 일당 7400억 국고 환수 촉구 및 검찰 항소 포기 외압 규탄대회에서 발언하고 있다. 뉴스1
내란 특검 장기화는 정부 부처 인사와도 연계된 문제라고 대통령실은 보고 있다. 대통령실 고위 관계자는 “정부 부처 인사가 늦어진 배경엔 공직자 중 누가 계엄 사태에 개입했었는지 확인하지 못한 측면이 있다”고 말했다. 기획재정부의 경우 정부 출범 5개월만인 지난 3일 1급 인사를 단행했다. 산업통상부, 금융위원회 등도 최근 1급 인사를 단행했지만, 여전히 1급 인사를 하지 못한 부처도 많다. 이 고위 관계자는 “내년부터는 본격적으로 이재명 정부가 일해야 하는데 이렇게 인사가 늦어지면 안 된다. 인사 조치를 위해선 특검과 별개로 정부 차원에서 내란 가담 공직자를 확인해야 한다는 문제의식이 TF 출범의 배경”이라고 설명했다.
또 여권 관계자는 “아직 공공기관장과 감사 중엔 윤석열 정부에서 임명한 검사와 검찰 수사관, 윤석열 정부 대통령실 출신 인사들이 즐비하다”며 “임기가 남았더라도 내란 관여 또는 옹호 활동 여부 등을 확인해 인사조치를 할 필요가 있다”는 말도 했다.
반면 대장동 사건 항소 포기 논란을 묻기 위해 이재명 정부가 ‘적폐 청산 시즌2’ 카드를 내놓은 것이란 의심도 적지 않다. 송언석 국민의힘 원내대표는 12일 페이스북에 “(TF 출범의 배경은) 항소포기 외압 의혹으로 일선 검사들의 항의가 분출하는 등 정부를 (공직사회를) 제대로 장악하지 못하고 권력기반이 급격히 흔들리기 때문”이라며 “국정이 꼬이면서 답답하고 초조한 나머지 직접 내란 몰이에 나선 것”이라고 지적했다."
349,"“기절초풍” “을사년” 3실장도 펄쩍 뛴 APEC, 무슨일?","출처=이재명 유튜브
대통령실이 경주 아시아태평양경제협력체(APEC) 정상회의 후일담을 유튜브 영상에서 전했다.
출처=이재명 유튜브
14일 대통령실은 ‘케미폭발 대통령실 3실장-APEC 이제는 말할 수 있다!’라는 제목의 영상에서 강훈식 비서실장, 김용범 정책실장, 위성락 안보실장 등 이른바 ‘3실장’의 APEC 당시 모습을 전했다. 경주에서 열린 도널드 트럼프 미국 대통령과 이재명 대통령의 정상회담 전후로 3실장은 극도로 긴장하며 막바지 무역 협상을 위해 고군분투했다.
출처=이재명 유튜브
영상에서 김 정책실장은 미국이 제시한 무역 협상안에 대해 “기절 초풍이라고 해야할지 아주 말도 안되는 안을 (미국이 보냈다)”라며 “그래서 제가 올해가 을사년이구나, (생각했는데) 그야말로 완전 최악”이라고 말하며 혀를 찼다.
출처=이재명 유튜브
김 정책실장이 말한 ‘을사년’은 아마도 ‘을사늑약’을 에둘러 암시한 것으로 보인다. 이는 1905년 일본이 한국의 국권을 침탈하기 위해 체결한 불평등 조약이다. 한미 관세 협상이, 세계 제일 강대국 미국을 상대해야 하는 자리였던만큼 한국 입장에서 압박이 심했다는 취지로 풀이된다.
김 정책실장은 “적어도 우리가 감내 가능하고 사투를 벌였던 안, 더 이상 양보가 안 된다고 하는 선이 있었다”고 했다. 김 정책실장은 당시 상황에 대해 “그야말로 완전 최악이었다”며 “미국도 대통령이 (한국으로) 오는데 우리 (의견이) 안좁혀지니까”라고 말했다.
출처=이재명 유튜브
영상에서 강 비서실장은 한미 정상회담 직전 분위기에 대해 “긴장감은 극대화돼 있었고 이견은 좁혀지지 않은 상태였다”고 전했다. 그는 “정책실장님과 안보실장님은 진척이 있는 것에 대한 설득을 주로 하는 편”이라며 “아무래도 제가 제일 완강한 편”이라고 했다. 그러면서 “물론 더 완강한 건 대통령님이셨다”고 덧붙였다.
위 안보실장은 “주요 플레이어들이 마지막 순간에 다시 (서로의) 입장을 재고해보게 되고, 상대를 배려하는 입장에서 서로가 물러서게 됐다”고 했다. 막판에 한미 양국이 조금씩 양보했다는 뜻으로 보인다. 그러면서 “(협상이) 잘된 배경에는 대통령이 대처 잘해준 게 첫 번째”라며 “나머지는 참모들이 지혜를 모은 것”이라고 했다."
350,"‘건희2’ 김건희 수행비서 “통일교가 준 샤넬 구두, 신은 거 본 적 있다”","도이치모터스 주가조작과 명태균 공천개입, 통일교 청탁·뇌물 수수 의혹 혐의 등으로 구속기소 된 김건희 여사가 지난 9월24일 오후 서울 서초구 서울중앙지법에서 열린 첫 재판에 출석하고 있다. 사진공동취재단
건진법사를 통해 통일교 쪽이 건넨 금품을 수수한 혐의 등으로 기소된 김건희 여사의 재판에서 김 여사의 수행비서인 전직 대통령실 행정관이 ‘통일교 측에서 받은 샤넬 구두를 한 두 차례 신은 걸 본 적이 있다’는 취지로 증언했다.
서울중앙지법 형사합의27부(재판장 우인성)은 14일 김 여사의 특정범죄 가중처벌법상 알선수재 혐의 등 재판을 진행했다. 이날 재판에는 김 여사의 전시기획사인 코바나컨텐츠에 근무한 인연으로 최근까지도 김 여사를 보좌하고 있는 정모 전 대통령실 행정관이 증인으로 나왔다.
특검 측은 통일교 측이 건진법사 전성배씨를 통해 전달한 것으로 알려진 샤넬 가방 3개와 구두 사진을 정 전 행정관에게 보여주며 ‘가방과 구두를 사용하는걸 본 적이 있느냐’고 물었다. 정 전 행정관은 “저 구두는 한두 번 정도 신은 걸 봤다”고 답했다. 다만 김 여사가 가방이나 목걸이를 착용한 건 본 적이 없다고 했다.
특검 측은 전씨가 통일교 측에서 명품을 받아 김 여사의 또 다른 수행비서인 유모 전 행정관에게 이를 전해줬고, 유 전 행정관이 샤넬 매장에서 가방 3개와 구두로 교환한 뒤 김 여사가 착용했다고 의심한다. 재판부는 지난 12일 샤넬 가압과 구두, 목걸이 실물을 확인하고 “구두 바닥에 사용감이 있다”고 말했다. 김 여사는 최근 특검에 낸 의견서에서 ‘구두와 가방을 받았던 건 맞다’면서도 “사용하지 않고 전씨에게 모두 돌려줬다”고 주장했다.
김 여사가 통일교 쪽과 연락할 때 썼던 휴대전화 번호, 이른바 ‘건희2’가 실제 누구의 소유인지를 둘러싼 공방도 벌어졌다. 전씨는 통일교 등 여러 곳에서 받은 인사 청탁을 전달할 때 이 번호로 연락했다. 특검은 이 번호가 사실상 김 여사 것이라고 의심하고, 전씨도 “건희2로 연락하면 피고인이 받았다”고 증언했다.
정 전 행정관은 건희2가 자신의 번호라고 주장했다. 전씨의 청탁 문자를 ‘악성 민원인’으로 생각해 전부 무시했고, 전씨가 누군지도 몰랐다는 취지로 증언했다.
그는 ‘피고인이 건희2 휴대전화(번호)를 사용한 적이 없냐’는 특검 측 질문에도 “한 두 번 정도는 빌려서 통화하신 것 같다”고 답했다. 특검 측은 김 여사도 특검 조사에서 ‘공유하며 쓰려고 개통한 것’이라고 진술했다면서 “피고인이 거짓 진술을 했다는 거냐”고 추궁했지만, 정 전 행정관은 “(김 여사가) 왜 그렇게 진술했는지 모르겠다”고 했다.
재판부는 정 전 행정관의 진술이 앞뒤가 맞지 않는다며 ‘위증하면 처벌받는다’고 여러 차례 지적했다. 재판부는 ‘김 여사에게 부탁하는 문자들인데 증인 권한으로 보고를 생략한 게 납득되지 않는다’거나 ‘건진법사는 여러 번 구설에 올랐는데 몰랐을 수가 있냐’고 물었고, 정 전 행정관이 계속 부인하자 헛웃음을 짓기도 했다. 정 전 행정관이 현재도 김 여사의 반려동물울 돌보고 있다고 말하자 “급여도 안 나오는데 왜 하시냐” “동물들을 위한 자원봉사인 거냐”고 묻기도 했다.
이날 정 전 행정관과 함께 증인으로 채택된 유 전 행정관은 법정에 나오지 않았다. 그는 이미 한 차례 증인 소환에 불응했는데, 이날도 건강상 이유로 출석하지 않았다. 특검 측은 과태료 부과와 구인영장 발부 등 조치를 해달라고 요구했지만, 재판부는 우선 오는 26일에 다시 소환해 상황을 지켜보겠다고 했다."
351,"AI가 복원한 아버지 모습에...박근혜 ""너무 잘 알기에 낯설다""","구미서 열린 박정희 탄신 108돌 문화행사 참석
◆…AI로 복원된 박정희 전 대통령 영상. 사진=구미시 제공
박근혜 전 대통령이 14일 부친인 박정희 전 대통령의 탄신 108돌을 맞아 경북 구미복합스포츠센터에서 열린 문화행사에 참석해 ""우리가 힘을 합치면 지금의 어려움을 극복하고 희망찬 미래를 만들 수 있다""고 말했다.
박 전 대통령은 인사말에서 ""아무리 어렵고 힘들더라도 우리가 한마음으로 뭉치면 못 할 일이 없다는 것을 아버지는 가르쳐 주셨다""며 통합과 극복의 메시지를 강조했다.
그는 ""제가 기억하는 아버지는 늘 나라와 국민을 먼저 생각하고 걱정하셨던 분으로, 가난한 시절 오직 국민이 잘사는 나라를 만들겠다는 신념으로 힘을 기울여 일하셨다""고 회상했다. 이어 ""지금 경제가 어렵고 서민들의 삶이 팍팍하지만 아버지의 가르침대로 용기를 가지고 함께 이겨내기를 부탁드린다""고 당부했다.
이날 기념식에서는 1966년 청와대 접견실에서 촬영된 사진 등을 바탕으로 AI 기술을 활용해 복원한 약 2분 분량의 영상이 깜짝 상영되어 참석자들의 눈길을 끌었다.
AI 영상 속 박정희 전 대통령은 특유의 목소리와 화법으로 ""모두 오랜만이오. 잘 지냈소""라고 인사를 건네며 ""내가 나라를 맡았을 땐 먹을 것도 희망도 없었소. 그저 잘살아 보자는 마음 하나로 버텼지, 국민이 일했고 기업이 뛰었고 젊은이가 땀을 흘렸소. 그게 바로 대한민국의 기적이었소""라고 말했다.
영상을 보던 박 전 대통령은 밝게 웃으며 손뼉을 치는 모습을 보였다. 영상 소감을 묻는 질문에는 ""AI 영상을 준비하느라 힘들었을텐데 감사하다""면서도 ""아버지를 너무 잘 알다 보니 조금 낯설기도 했다""고 말했다.
최근 검찰의 대장동 사건 항소 포기 등 정치 현안에 대한 질문도 나왔지만 박 전 대통령은 ""아버지 탄신 108돌 문화행사인데 이런 자리에서 그런 이야기를 하는 것은 적절하지 않다""며 말을 아꼈다.
박 전 대통령은 2021년 특별 사면된 뒤 대구 달성군 사저에 머물고 있다. 이번 행사는 지난해에 이어 두 번째 공식 참석이다."
352,"이재명 대통령, '기회와 희망의 땅으로 경기북부 타운홀 미팅' [뉴시스Pic]","[파주=뉴시스] 최동준 기자 = 이재명 대통령이 14일 경기 파주시 라이브러리스테이 지지향에서 열린 '경기 북부의 마음을 듣다' 타운홀 미팅에서 발언하고 있다. 2025.11.14. photocdj@newsis.com
[서울=뉴시스]최동준 조재완 기자 = 이재명 대통령은 14일 ""경기 북부가 특별히 국가 전체를 위해서 피해를 입었는데 문제 해결을 비롯해 경기 북부가 잘 발전할 수 있을지 지적과 제안, 관련 부처의 의견을 들어보겠다""고 말했다.
이 대통령은 이날 오후 경기 파주에서 '경기 북부의 마음을 듣다'라는 주제로 열린 타운홀미팅에서 ""각종 군용시설 때문에 권리 행사도 제대로 못 하고 무엇을 지으려고 해도 온갖 규제 때문에 불편했을 것""이라며 이같이 말했다.
이 대통령은 ""경기도지사를 3년 남짓 이렇게 하면서 제가 권한이 부족해서 해야 될 일인데 하지 못해서 아쉽다고 생각했었던 꽤 많았다""며 ""그중 하나가 북부 지역에 정말 특별한 희생을 치르면서도 특별히 배제되고 있는 경기 북부의 상황이 참 안타까웠다""라고 말했다.
특히 ""미군 반환 공여지 처리 문제는 정부가 조금만 신경 써주면 해결할 방법이 꽤 있는데 그렇게 안 되는 게 안타까웠다""며 ""매년 수해가 발생하는 동두천은 반환 공여지만 조금 넘겨주면 수재를 줄일 수 있다고 하는데 그게 십수년 동안 안 된다고 하더라. 당시 문재인 전 대통령에게 기회가 될 때마다 부탁드려 동의서 한 장을 받으니 바로 처리할 수 있었던 것""이라고 했다.
이어 ""참 힘들었는데 드디어 제가 그 많은 일들을 한꺼번에 처리할 수 있는 위치가 되지 않았나""라며 ""필요하면 각 부처가 신속하게 협의해서 객관적으로 불합리한 것이라면 모르겠지만, 합리적이라고 해야 될 일이라면 최대한 빨리 처리할 수 있어서 저도 즐겁다""고 했다.
이 대통령은 ""반환 공여지 문제 뿐만 아니라 접경지역이다 보니까 각종 군사규제 때문에 억울한 일도 많이 당한다""라며 ""남양주, 가평 지역은 상수원 규제 때문에 피해는 많이 보면서도 특별한 혜택도 없고 억울하다고 생각하는 게 꽤 많았을 것""이라고 했다.
[파주=뉴시스] 최동준 기자 = 이재명 대통령이 14일 경기 파주시 라이브러리스테이 지지향에서 열린 '경기 북부의 마음을 듣다' 타운홀 미팅에서 발언하고 있다. 2025.11.14. photocdj@newsis.com
[파주=뉴시스] 최동준 기자 = 이재명 대통령이 14일 경기 파주시 라이브러리스테이 지지향에서 열린 '경기 북부의 마음을 듣다' 타운홀 미팅에서 참석자의 질문을 듣고 있다. 2025.11.14. photocdj@newsis.com
[파주=뉴시스] 최동준 기자 = 이재명 대통령이 14일 경기 파주시 라이브러리스테이 지지향에서 열린 '경기 북부의 마음을 듣다' 타운홀 미팅에서 안규백 국방부 장관의 발언을 듣고 있다. 2025.11.14. photocdj@newsis.com
[파주=뉴시스] 최동준 기자 = 이재명 대통령이 14일 경기 파주시 라이브러리스테이 지지향에서 열린 '경기 북부의 마음을 듣다' 타운홀 미팅에서 안규백 국방부 장관에 질문하고 있다. 2025.11.14. photocdj@newsis.com
[파주=뉴시스] 최동준 기자 = 안규백 국방부 장관이 14일 경기 파주시 라이브러리스테이 지지향에서 열린 '경기 북부의 마음을 듣다' 타운홀 미팅에서 이재명 대통령의 질문에 답변하고 있다. 2025.11.14. photocdj@newsis.com
[파주=뉴시스] 최동준 기자 = 이재명 대통령이 14일 경기 파주시 라이브러리스테이 지지향에서 열린 '경기 북부의 마음을 듣다' 타운홀 미팅에서 발언하고 있다. 2025.11.14. photocdj@newsis.com
[파주=뉴시스] 최동준 기자 = 이재명 대통령이 14일 경기 파주시 라이브러리스테이 지지향에서 열린 '경기 북부의 마음을 듣다' 타운홀 미팅에서 참석자들 질문을 받고 있다. 2025.11.14. photocdj@newsis.com
[파주=뉴시스] 최동준 기자 = 이재명 대통령이 14일 경기 파주시 라이브러리스테이 지지향에서 열린 '경기 북부의 마음을 듣다' 타운홀 미팅에서 참석자들 질문을 받고 있다. 2025.11.14. photocdj@newsis.com"
353,'3성 장군' 대규모 교체‥'계엄 버스' 전원 진급 배제,"[뉴스데스크]
◀ 앵커 ▶
정부가 합참 본부장과 육군 군단장 등을 맡는 '3성 장군' 31명 가운데 20명을 교체하는 대규모 중장 인사를 단행했습니다.
'정도가 경미하더라도 내란에 가담했다면 승진시키지 않겠다'는 원칙에 따랐는데요.
그날 밤 이른바 '계엄 버스'에 탑승했던 장군들은 전원 진급에서 탈락했습니다.
손하늘 기자가 보도합니다.
◀ 리포트 ▶
대장 7명 전원을 교체한 지 두 달 만에 정부는 중장 31명 가운데 20명을 새로 임명했습니다.
합동참모본부 작전본부장과 전략기획본부장 등 본부장 4명을 한 번에 바꿨고, 육군은 6개 군단장을 포함해 중장급 보직인 15자리 전체를 교체했습니다.
국방부는 ""국민의 군대를 재건하기 위한 시대적 과업을 완수하기 위해 인적 쇄신에 집중했다""고 설명했는데, 12·3 비상계엄에 깊숙이 연루된 군 지휘부를 문책하는 '물갈이' 인사로 해석됩니다.
이재명 대통령은 앞서 ""정도가 경미하더라도 내란에 가담했다면 승진시켜선 안 된다""고 지시했고, 안규백 국방장관도 ""오염되거나 문제 된 사람들은 다 도려내고 새 진지를 갖춰야 한다""고 강조했습니다.
[안규백/국방부 장관 (어제)]
""민주주의 가치와 헌법 수호의 가치를 실현하면서 국민의 군대를 재건하고‥""
국회의 비상계엄 해제안 의결 뒤에도 박안수 당시 계엄사령관의 지시로 이른바 '계엄버스'에 탑승한 소장 5명은, 단 한 명도 진급시키지 않았습니다.
학사장교 출신을 특전사령관에, ROTC 출신을 육군참모차장과 1군단장에 발탁하면서, 이른바 육군사관학교 중심의 '카르텔'을 깨는 데도 중점을 뒀습니다.
정치인 체포에 동원됐던 방첩사의 사령관은 별도로 임명하지 않았는데, 내년까지 권한을 줄이는 조직 개편을 거쳐 소장급 부대로 낮추려는 것으로 보입니다.
'내란 가담'에 대한 신상필벌을 군 인사의 제1원칙으로 주문해 온 만큼, 연말까지 단행할 소장과 준장 인사에서도 대대적인 교체가 불가피할 것으로 보입니다.
여기에 국방부 자체 감찰에 이어 총리실 지시로 구성된 '헌법존중 TF'도 조만간 본격 조사에 들어갈 예정이어서, 김영삼 정부의 '하나회 척결' 이후 최대 규모의 군 쇄신이 뒤따를 전망입니다.
MBC뉴스 손하늘입니다.
영상편집: 김관순
MBC 뉴스는 24시간 여러분의 제보를 기다립니다.
▷ 전화 02-784-4000
▷ 이메일 mbcjebo@mbc.co.kr
▷ 카카오톡 @mbc제보"
354,"[비하인드 뉴스] ""대장동 덮으려고 팩트시트"" 국힘, 백악관도 못 믿으면…","[앵커]
비하인드 뉴스, 정치부 이성대 기자 나와 있습니다. 시작할까요.
[기자]
<백악관도 믿지 못하면…>
첫 번째 이슈 바로 보겠습니다. 백악관도 믿지 못하면.
지금 앞서 보셨지만, 한미 안보와 통상 협상 타결돼서 팩트시트가 최종적으로 발표가 됐습니다.
그럼에도 여전히 평가절하하는 목소리도 나오고 있는데, 대표적인 게 바로 국민의힘 장동혁 대표입니다.
팩트시트에는 알맹이가 없다면서 백지시트다라고 비판을 했고요.
이 과정에서 음모론적인 주장도 했습니다.
어떤 내용인지 직접 들어보시죠.
일단 그동안은 왜 팩트시트가 나오지 않느냐라고 비판하다가 팩트시트가 나오자 이번에는 왜 급조됐느냐라고 비판하는 모습, 모순적인 게 아니냐라는 비판도 있습니다.
[앵커]
한미 양국이 팩트시트 발표를 계속 조율해 왔잖아요. 그 내용도 막판 조율을 했었고. 그래서 오늘 동시에 발표를 했는데,
이걸 국내의 이슈를 덮기 위해서 급하게 발표했다, 이게 납득이 잘 안 되는 주장이네요.
[기자]
그렇습니다. 말씀하신 것처럼 실제 백악관에서도 오늘 현지 시간이죠, 11월 13일날 공동으로 발표를 했고요.
내용도 우리 측과 거의 동일합니다.
장동혁 대표의 주장대로면 대통령실이 대장동 재판에 대한 항소 포기 논란을 덮기 위해서 백악관을 움직였다는 것이라서 그 현실성은 따져봐야 되겠죠.
게다가 그동안 일부 극우세력이나 이른바 윤어게인 세력 등 꾸준하게 트럼프 정부가 윤 전 대통령을 도와줄 것이다.
그래서 이재명 대통령을 인정하지 않는다, 그래서 협상도 제대로 되지 않을 것이다라고 주장을 해 왔었죠.
그런데 이제 장동혁 대표의 논리대로면 이른바 윤어게인 세력의 주장과는 다르게 백악관이 이재명 정부를 도와주고 있다.
대장동 재판을 덮기 위해서 그래서 논리적으로도 모순이다라는 지적도 있는 겁니다.
[앵커]
이재명 대통령이 우리 내부에서 왜 빨리 타결하지 않느냐라는 압박이 힘들었다고 밝혔는데 이런 흐름을 의식한 발언일까요?
[기자]
그렇습니다. 참고로 되돌아보시면 지난 4월이었습니다.
한덕수 당시 권한대행 시절에 외신과의 인터뷰에서 이렇게 얘기했는데요.
미국의 관세 문제에 대해서 맞서 싸우지 않겠다라고 얘기한 적이 있었습니다.
맞서 싸우지 않으면 미국이 해 달라는 대로 다 해 줄 것이냐라는 반문이 나올 수밖에 없죠.
그건 협상이 아니라 사실상 퍼주기와 같다라는 비판이 나올 수밖에 없는데, 게다가 또 장동혁 대표 그동안 구체적인
근거 없이 이른바 극우 유튜버들이 할 법한 음모론적인 주장을 한 건 이번이 또 처음이 아닙니다.
지난 9월이었습니다.
미국에서 우리 국민 구금했을 당시에 구금 사태가 다름 아닌 손현보 목사 구속 탓이다라고 이야기한 적이 있었는데 직접
들어보시죠.
[앵커]
앞으로 구체적인 협의가 더 필요하겠죠. 어쨌든 관세 문제 등 불확실성을 해소했다는 점 또 핵 재처리 지원 같은 얻어낸 점이 많다는 점이 평가를 받고 있는 것 같습니다.
[기자]
그런데 이제 말씀드린 것처럼 윤어게인 세력 측에서는 여전히 인정하지 않는 목소리가 계속 나오고 있습니다.
처음에는 앞서 말씀드린 것처럼 합의할 수 있겠느냐라고 주장을 하다가 합의가 되자 이번에는 한미 간에 다른 이야기가
나온다, 팩트시트가 왜 안 나오냐라고 주장했었죠.
그런데 이제 팩트시트가 나오자 이번에는 추상적이다, 구체적인 내용이 없다, 미 의회의 승인을 받아야 한다 이렇게도 계속 주장이 이어지고 있는 겁니다.
참고로 말 나온 김에 정작 한미 간 명백하게 아주 명백하게 다른 목소리가 나온 적이 있었죠.
바로 윤석열 정부 때입니다.
한미 간 확장억지 합의를 한 뒤에 우리 측에서 이건 사실상 핵 공유다라고 이야기했었는데, 바로 다음 날 미국에서
직접적으로 얘기하지만 이건 사실상 핵 공유가 아니다라고 선을 그은 적이 있었고, 이에 대해서 윤석열 대통령실에서는 국민들의 심리적인 안정감을 강조한 표현이다라고 해명한 적이 있었죠.
[앵커]
정확히 기억이 납니다."
355,‘계엄 버스’ 탑승자 5명 모두 탈락…軍 중장 31명 중 20명 교체,"[앵커]
이재명 정부 들어 첫 3성 장군 인사가 발표됐습니다.
쓰리스타 31명 가운데 20명이 교체되는 대규모 물갈이가 단행됐는데요.
특히, 계엄 직후 계엄 사령부 구성을 위해 버스에 탔던 장성들은 모두 진급에서 제외됐습니다.
이솔 기자입니다.
[기자]
이재명 정부가 현역 중장, 즉 3성 장군 상당수를 교체하는 대규모 인사를 단행했습니다.
전체 31명 중 20명이 교체됐는데, 최근 10년 사이 최대 규모입니다.
이번 인사에는 이재명 정부가 내세운 '계엄 청산' 기조가 명확히 반영됐습니다.
국회가 계엄 해제를 의결했는데도 계엄사령부 구성을 위해 출발했다 돌아온 이른바 '계엄 버스'에 탔던 소장급 5명은 물론, 버스가 출발한 육군본부 근무자는 모두 진급에서 누락됐습니다.
반면 비상계엄 당시 유일하게 지역 계엄사령부를 구성하지 않았던 이일용 광주 31사단장은 5군단장으로 진급했습니다.
국방부는 인사 과정에서 일부 인사 대상자들에게 12·3 비상계엄에 대해 '내란이라고 생각하는지' 등 입장을 묻는 경우도 있었던 것으로 전해졌습니다.
군 소식통은 ""기존 인사 관행을 완전히 벗어난 결과""라며, ""합참이나 육군본부 같은 요직이 아닌 야전 사단장 출신들이 대거 약진했다""고 평가했습니다.
한편 계엄 여파로 조직 개편이 논의 중인 방첩사령부가 인사 대상에서 제외되고 육사 출신이 아닌 3성 장군이 기존 3명에서 5명으로 늘어났습니다.
군대 내 비상계엄과 연관성이 큰 조직들의 비중을 줄이려는 시도라는 해석입니다.
채널A 뉴스 이솔입니다.
영상편집 형새봄"
356,[뉴스프라임] 한미 관세·안보 협상 최종 타결…핵잠 건조 승인,"<출연 : 조한범 통일연구원 석좌연구위원>
한미 양국이 그동안 벌여온 관세·안보 분야 협상의 결과물인, '조인트 팩트시트'를 공개했습니다.
이재명 정부가 출범 후 5개월여 동안 미국을 상대로 벌여 온 줄다리기의 결과물이 빼곡히 담겨 있는데요.
조한범 통일연구원 석좌연구위원과 하나씩 짚어보겠습니다.
<질문 1> 오늘 오전, 대통령실과 백악관은 그동안 진행돼 온 관세와 안보 협상의 세부 내용을 담은 '조인트 팩트시트'를 동시에 발표했습니다. 이 대통령은 ""한미 양국이 모두 상식과 이성에 기초해 최선의 결과를 만들었다""면서 ""한미 동맹 르네상스의 문이 활짝 열렸다""고 했는데요, 먼저 총평부터 들어보겠습니다.
<질문 2> 막판 최대 쟁점이던 핵추진 잠수함을 두고 일단 연료는 미국 측에서 받는 방식으로 정리됐습니다. 미국 측이 핵연료만 제공하더라도 원자력협정 개정이 필요한 만큼 양국 간 추가 협의가 지속될 전망인데요. 큰 틀에서 합의가 이뤄졌으니 남은 과정은 순조로울까요?
<질문 2-1> 다만 건조 장소가 관건일텐데요. 위성락 안보실장이 핵잠 건조는 '한국에서 하는 것'을 전제로 논의가 이뤄졌다고 재차 밝혔습니다. 하지만, 팩트시트엔 핵잠의 건조 지역이 명시되지는 않았는데, 추후 쟁점이 될 가능성은 없을까요?
<질문 3> 위성락 안보실장은 핵잠수함 도입엔 10년 가까이 걸릴 것으로 전망하면서 ""빨리 시작해서 시기를 앞당겨야 하지 않을까 싶다""고 말했는데요. 핵잠수함 도입 시기 어떻게 전망하세요?
<질문 4> 직접 설명에 나선 이 대통령은 ""국방력 강화와 전시 작전권 환수를 통해 한반도 방위에 대한 주도적 의지를 천명했다""며 ""미국이 이를 지지하며 지원하겠다는 의지를 강력하게 피력했다""고 말했습니다. 이재명 정부의 임기 내 전작권 전환 목표에도 탄력이 붙을 것이란 전망이 나오는데, 구체적인 일정에 대한 발표가 있을까요?
<질문 5> 한국의 국방비 지출을 국내총생산, GDP의 3.5％로 증액하고, 250억 달러 규모의 미국산 군사 장비 구매하는 등 굵직한 국방·안보 분야 합의도 도출했는데 어떻게 평가하세요?
<질문 6> 팩트시트에는 ‘미국은 지속적인 주한미군 주둔을 통한 대한방위공약을 강조했다’는 언급이 포함됐습니다. 하지만 주한미군의 현재 규모 주둔에 대한 언급은 없어서, 주한미군이 한반도에 계속 주둔하지만, 규모·성격 등은 변화할 가능성이 제기되는데요?
<질문 7> 관세 분야를 결과도 짚어볼게요. 미국은 한국산 제품에 매기는 관세율을 25%에서 15%로 낮추고, 대신 한국은 3,500억 달러 규모 대미 투자를 하기로 했습니다. 자동차 관세를 15%로 낮추고, 반도체 관세는 다른 나라보다 불리하지 않도록 한다는 기존 합의 내용도 포함됐습니다. 한편, 한미가 이견을 보였던 냈던 시장 추가 개방은 포함되지 않았는데요. 남은 불씨는 없을까요?
<질문 8> 이 대통령은 ""의미있는 협상 결과를 도출하는 데 있어 무엇보다 트럼프 대통령의 합리적 결단이 큰 역할을 했다""면서 ""트럼프 대통령의 용단에 감사와 존경의 말씀을 전한다""고 말했는데요. 어떻게 들으셨어요?
#한미팩트시트 #조인트팩트시트 #팩트시트
연합뉴스TV 기사문의 및 제보 : 카톡/라인 jebo23"
357,"‘무당층’에 대장동 항소 포기 물어보니···“부적절” 의견 48%, 대통령 지지도 4%p↓-한국갤럽","李 지지율 다시 60% 밑으로
“재판중지법, 항소포기 등 영향”
이재명 대통령. 연합뉴스
검찰의 대장동 개발 특혜 의혹 사건에 대한 항고 포기가 정계를 강타한 가운데, 검찰의 항소 포기가 부적절했다고 생각하는 국민이 전체의 절반에 가깝다는 여론 조사 결과가 14일 나왔다.
여론조사 전문기관 한국갤럽이 지난 11~13일 전국 만 18세 이상 유권자 1003명에게 대장동 개발 특혜 의혹 사건에 대한 검찰의 미항고에 대한 생각을 물은 결과, ‘적절하다’고 응답한 사람은 29%, ‘적절하지 않다’고 응답한 사람은 48%로 나타났다.
무당층에서도 ‘적절하지 않다’고 대답한 사람이 48%로, ‘적절하다’고 대답한 비율(13%)를 상회했다.
이재명 대통령에 대한 국정 지지도는 다시 60% 밑으로 내려갔다. 이 대통령이 현재 대통령으로서의 직무를 잘 수행하고 있다고 보는지 질문한 결과, ‘긍정 평가’는 59%로 나타났다. 이는 전주 조사에서 나온 63% 대비 4%포인트(p) 빠진 수치다. 반면, 부정 평가는 29%에서 32%로 3%p 늘었다.
한국갤럽은 “더불어민주당이 추진하려던 ‘재판중지법’의 여진이 가시지 않은 상태에서 대장동 개발 특혜 의혹 사건 항소 포기가 영향을 미친 것”이라고 봤다.
반면, 더불어민주당 지지도는 42%로 지난 조사(40%)보다 2%p 상승했다. 국민의힘의 경우, 26%에서 24%로 2%p 빠졌다. 개혁신당은 3%, 조국혁신당은 2%, 진보당은 1%의 정당 지지도를 기록했다.
이재명 정부 들어 첫 국정감사에 대해 ‘성과가 있었다’고 답한 응답자는 23%에 그친 반면, ‘성과가 없었다’는 응답은 42%를 차지했다.
국정감사에서 어느 국회의원이 가장 큰 활약을 했다고 생각하는 물은 결과, 주진우 국민의힘 의원과 박은정 조국혁신당 의원이 3%, 서영교 더불어민주당 의원이 2.4%, 정청래 더불어민주당 의원이 2.3%, 추미애 더불어민주당 의원이 1.9%, 최혁진 무소속 의원이 1.8%, 나경원 국민의힘 의원, 신동욱국민의힘 의원이 1.7%, 장동혁 국민의힘 의원이 1.6% 순으로 나타났다.
한국갤럽은 “올해는 나란히 첫손에 꼽힌 주진우, 박은정 의원을 비롯, 국회 법제사법위원회 소속 의원 다수가 언급됐다”면서 “이번 국감 초반 조희대 대법원장 증인 채택 건부터 시작해 종반까지 치열했던 공방전을 반영했다”고 설명했다.
이번 조사는 전화조사원 인터뷰(CATI) 방식으로 진행됐다. 표본오차는 95% 신뢰 수준에 ±3.1%p, 응답률은 11.5%다. 자세한 사항은 중앙선거여론조사심의위원회 홈페이지를 참조하면 된다."
358,"이 대통령 ""유일한 무기는 버티는 것‥용단 내려준 트럼프에 감사""","[뉴스데스크]
◀ 앵커 ▶
오늘 발표에서 이 대통령은 협상에 임했던 마음가짐을 짧지만 무겁게 털어놨습니다.
초강대국과의 비자발적 협상에서 우리가 가진 최대의 무기는 버티는 것이었다며, 상대의 필요에 맞춰 우리의 강점을 최대한 발휘하기 위해, 불가피하게 시간이 걸렸음을 시사한 건데요.
이렇게 우리 정부가 뚝심을 보여준 협상의 서면 합의 첫 부분에서 미국은, 이 대통령의 당선이 한국의 민주주의적 강인함과 회복력을 보여줬다고 표현했습니다.
김재경 기자의 보도입니다.
◀ 리포트 ▶
지난 4월 한미 FTA 파기와 함께 우리나라에 26%의 관세폭탄을 부과했던 트럼프 행정부.
7개월 만에 새 협상을 마무리 지은 이 대통령은 다시 한번 국력을 언급했습니다.
[이재명 대통령]
""제가 국력을 키워야 되겠다는 말씀을 자주 드리는 이유도 국제사회는 법적인 강제규범이 사실상 없습니다. 영원한 친구도 우방도 없는 그런 세계에서…""
이번 한미 관세협상은 얻어내기 위한 것이 아니라 손실을 막기 위한 비자발적 협상이었다면서 우리가 가진 최대의 무기는 버티는 거였다고 말했습니다.
[이재명 대통령]
""우리가 가진 최대의 무기는 버티는 겁니다. 그게 가장 힘들었다. 시간이 많이 걸린 것은 우리의 유일한 힘을 최대한 발휘하기 위한 불가피하고도 유일한 조치였다는 점을…""
제조업 재건이 시급했던 미국의 약점을 파고들어, 국익을 위해 마지막까지 최선을 다했던 협상 과정을 언급한 것으로 보입니다.
이 대통령은 실제 경주 APEC을 앞두고 ""상당히 많은 시간과 노력이 필요하다"" ""지연이 실패를 의미하는 게 아니""라고 강조하기도 했습니다.
관세폭탄을 앞세운 미국의 압박을 깐깐함과 뚝심으로 버틴 건데, 트럼프 미국 대통령은 이런 우리 협상단을 거칠다, 터프하다고 표현하며 인정할 정도였습니다.
[도널드 트럼프/미국 대통령 (지난 10월 29일)]
""그들은 아주 거친 협상가들입니다. 그리고 그래야만 합니다. 다만 제가 말씀드리자면, 우리는 함께 협력하고 있습니다.""
이 대통령은 국력을 키워야 한다고 했지만 동시에 세계 최강대국 미국을 향한 배려 역시 잊지 않았습니다.
트럼프 대통령이 합리적 판단을 내렸다, 용단에 감사와 존경을 표한다고 말했습니다.
여기에 화답하듯 미국 백악관 역시 한국의 민주주의적 강인함과 회복력을 보여준 이재명 대통령의 당선을 계기로, 양국 정상은 한미 동맹의 새로운 장을 열기로 했다고 밝혔습니다.
MBC뉴스 김재경입니다.
영상취재: 서현권 / 영상편집: 장동준
MBC 뉴스는 24시간 여러분의 제보를 기다립니다.
▷ 전화 02-784-4000
▷ 이메일 mbcjebo@mbc.co.kr
▷ 카카오톡 @mbc제보"
359,정부 숙원 '핵추진 잠수함' 건조 추진‥농축·재처리 권한 지지 확보,"[뉴스데스크]
◀ 앵커 ▶
오늘 팩트시트에는, 보수와 진보를 막론하고 우리 정부의 오랜 숙원이었던 핵추진 잠수함 건조에 대해, 미국이 승인하고 협력한단 내용이 담겼습니다.
대통령실은 한국에서의 건조를 전제로 논의가 진행됐다며, 핵잠수함 전략화까지 10년 정도 걸릴 것으로 전망했는데요.
또 우라늄 농축과 사용 후 핵연료 재처리 권한 확대에 대해서도 미국의 공개적인 지지가 문서화됐습니다.
김정우 기자입니다.
◀ 리포트 ▶
원자력을 동력으로 움직이는 핵추진 잠수함.
디젤엔진으로 구동하던 잠수함과 달리, 산소 공급을 위해 주기적으로 올라올 필요가 없어 수개월 잠행이 가능하고, 속력도 더 빠릅니다.
이런 강점 때문에, 북핵 위협에 대응하려면 필요하다는 논의가 김영삼 정부 때부터 나왔고, 노무현·문재인 전 대통령 역시 후보 시절부터 언급했지만, 미국의 핵확산 우려에 부딪혀 진척되지 못했습니다.
[문재인 전 대통령 (2017년 4월, 방송기자클럽 초청 토론회)]
""이제는 핵추진 잠수함은 우리에게도 필요한 시대가 됐다‥""
오랜 숙원이었던 핵 추진 잠수함 도입이, 한미 팩트시트에 담겼습니다.
""미국은 한국이 핵추진 잠수함을 건조하는 것을 승인했다"", ""연료 조달 방안을 포함해 긴밀히 협력할 것""이라고 발표한 겁니다.
[이재명 대통령]
""한미 양국은 대한민국의 수십 년 숙원이자 한반도 평화와 안정을 위한 필수 전략자산인 핵추진 잠수함 건조를 추진하기로 함께 뜻을 모았습니다.""
지역이 명시되진 않았지만, 대통령실은 한국 건조를 전제로 논의가 진행됐다고 했습니다.
핵 연료는 미국에서 들여올 걸로 보이는데, 호주가 맺은 '오커스 협정'처럼 별도 협정이 맺어질 가능성도 있습니다.
농축과 재처리 권한도 팩트시트에 담겼습니다.
""미국의 법적 요건을 준수하는 범위 내에서, 한국의 평화적 이용을 위한 민간 우라늄 농축·사용 후 핵연료 재처리로 귀결될 절차를 지지한다""는 대목입니다.
[이재명 대통령]
""우라늄 농축과 사용 후 핵연료 재처리 권한 확대에 대해서도 미국 정부의 지지를 확보하는 데 성공했습니다. 매우 의미 있는 진전으로‥""
한미 원자력 협정에 따라 한국은 20% 미만의 우라늄도 미국 동의가 있어야 농축할 수 있고, 사용 후 핵연료 재처리도 할 수 없습니다.
반면 일본은 농축과 재처리 권한을 둘 다 가지고 있는데, 한미 정상이 뜻을 같이함에 따라 일본 수준으로 협정이 개정될 가능성이 커진 겁니다.
[위성락/대통령실 국가안보실장]
""농축 재처리 문제를 (해결)하려면 미국과 후속 협의를 해서 기존에 가지고 있는 협정을 조정해야‥""
대통령실은 다만 일각에서 주장하는 핵무장론에는 선을 그었습니다.
'핵추진잠수함'은 단지 핵 연료를 사용하는 것으로, 핵미사일을 탑재한 '전략핵잠수함'과는 다르며, 우라늄 농축·재처리도 경제·산업적 목적에 국한된 것이라고 설명했습니다.
MBC뉴스 김정우입니다.
영상취재: 서현권 / 영상편집: 박병근
MBC 뉴스는 24시간 여러분의 제보를 기다립니다.
▷ 전화 02-784-4000
▷ 이메일 mbcjebo@mbc.co.kr
▷ 카카오톡 @mbc제보"
360,"서정욱, 尹 '관저에 미사일' 발언에 ""경호처 자신감 복돋기 위한 격려 표현""","[YTN 라디오 김준우의 뉴스정면승부]
■ 방송 : FM 94.5 (17:00~19:00)
■ 방송일 : 2025년 11월 14일 (금)
■ 진행 : 김준우 변호사
■ 대담 : 서정욱 변호사
* 아래 텍스트는 실제 방송 내용과 차이가 있을 수 있으니 보다 정확한 내용은 방송으로 확인하시기를 바랍니다.
☆김준우: 서정욱 변호사님 스튜디오 나오셨습니다. 안녕하세요?
■서정욱: 네 안녕하세요.
☆김준우: 네 오늘 윤석열 전 대통령 관련해서 그 법정에서요. 전 경호 5부장이라고 하는 분이 증인으로 나왔는데 당시에 관저에 있으면서 체포 영장이 집행될 때 이걸 저지하는 이야기들 지시들을 윤석열 전 대통령이 했다라고 하면서 핸드폰에 이제 메모를 해놨었다는 거예요. 그래서 내용이 좀 충격적이었습니다. 밀고 들어오면 아작난다고 느끼게 위력을 보여달라 뭐 언론에 총 같은 게 잡혀도 문제없다 여기 미사일도 있다 헬기를 띄운다 들어오면 위협사격하라 뭐 이런 식의 이야기들을 했다라고 하는 기록이 있는 건데요. 경호처 부장급 이상 직원 9명이 참여한 회의였다고 해서 굉장히 저는 좀 충격적으로 받아들여졌거든요?
■서정욱: 그런데 뭐 대통령의 원래 말씀은요 이렇게 좀 강하게 강하게 하십니다. 그러나 이걸 정당한 직무 지시다 이렇게 보기는 어렵고요. 아마 이제 그냥 회의하는 과정에 이런 게 있다 자신감 갖고 막아라 이런 뜻으로 보이고. 그런데 실제는요 그냥 순순히 체포에 응했습니다. 이게 2차 때거든요. 1차 때는 돌아갔잖아요. 그런데 2차 때는 결국 이제 다치면 안 되기 때문에 대통령이 스스로 공 체포에 응했기 때문에 실행된 게 아니다 이런거죠.
☆김준우: 실제 실행된 것이 아니기 때문에 그냥 또 즉자적인 과도한 과잉 오버였다?
■서정욱: 좀 저도 여러 번 뵀는데 판사님 말씀을 강하게 해도 이대로 실천하겠습니까? 그냥 경호처 직원들 좀 자신감 북돋우기 위해서 한 이야기라고 저는 봅니다.
☆김준우: 이강 전 경호부장이라고 하는 분이 이제 심문을 해서 증인 심문을 한 건데 여기에 대해서 윤 전 대통령은 반대 심문을 하지 않았다고 지금 전해지거든요. 그러니까 거의 반박하지 못한 거 아닌가 싶어서 아마 사실관계는 맞는 것 같습니다.
■서정욱: 이분이 핸드폰에 메모장에 메모 된 거거든요. 따라서 이게 저는 사실은 맞다고 보는데 이거는 그냥 경호처를 격려하기 위한 이런 얘기 그냥 표현이지. 이대로 하라고 정당한 지시는 아니죠 그게.
☆김준우: 아니 근데 그거를 미사일을 쏜다는 얘기는 없었으니까요. 그렇긴 한데 아 그래도 저는 이거는 좀 뭐랄까 그 국정 최고 지위에 있는 자가 할 말은 아닌 것 같다라는 생각이 좀 들어서. 어쨌든 그런 이걸 잠시 이제 전해드렸고요. 지금 속보가 하나 들어왔는데 오늘 퇴임한 노만석 검찰총장 권한대행을 대신해서 신임 대검 차장에 구자현 서울고검장이 임명됐다는 소식입니다. 이거 예상하셨다면서요?
■서정욱: 그러면 이게 뭐 언론도 다 그렇게 돼 있는데 구자현, 송강 두 분 중에 하나 된다. 그런데 저는 구자현으로 본 게요. 이분이 문재인 정권 때 검찰국장을 했어요. 상당히 진보 정권하고 인연이 있고 청주 출신의 서울대 법대 나오고 29기입니다. 그런데 검찰이 29기 27기가 인물이 많아요. 저는 28기인데 한동훈, 이원석 27기 그다음에 나머지 이번에 노만석부터 전부 법무차관 이번에 94년도 29기 이렇습니다.
☆김준우: 그러면 변호사님 28기니까 사법연수원에 같이 있었던 시절인데 이때가 한 이때 700명 세대인가요?
■서정욱: 저 때는 500명
☆김준우: 500명이면 좀 아시겠네요?
■서정욱: 아니 이름은 제가 노만석도 잘 알죠. 20년 전부터 구자현 독에 이름을 많이 들었죠.
☆김준우: 아 그렇군요. 근데 지금 새 정부 들어서서 검찰총장 심우정 전 검찰총장 퇴임하고 나서 권한대행 체제로 몇 달 지나고 있었는데 뭐 물론 이제 청문회 문제도 있습니다만 이 구자현 서울고검장을 대검 차장에 임명했다는 거는 그럼 오히려 구자현 지금 현 서울고검장에서 대검 차장으로 인사 이동 고검장급이니까 뭐 승진은 아니지만 검찰총장은 못 되는 건가요?
■서정욱: 총장 임명 안 할 것 같아요. 끝까지 다 끝까지 안 한다고 저는 봅니다. 법조계에서 그런 게 왜 그러냐. 제2의 윤석열이 나올 수 있고 또 이 총장 중심으로 검찰이 항명 단합할 수도 있고요. 그리고 총장 할 만한 적임자가 없는 것 같아요. 저는 지금 이번에 그 18명 검사장이 항명했잖아요. 그런데 김태훈하고 임은정 빼고 다 거든요. 그런데 이번에 새로 중앙지검에 비어 있잖아요. 저기 고검장급 누가 가야 되는지 지금 검사장들이 다 항명 했다고 보기 때문에 앞으로 이게 그 공백이 심할 것 같아요."
361,"한동훈 ""우리는 황교안 아냐…민주당은 '우리는 김만배'라 하고 있다""","11일 오후 광주 서구 홀리데이인 광주호텔에서 열린 김화진 국민의힘 전남도당 위원장 취임식에서 한동훈 전 대표가 축사하고 있다. 연합뉴스
한동훈 전 국민의힘 대표가 ""우리는 황교안이 아니다""라고 밝히며 최근 논란이 된 장동혁 국민의힘 대표의 발언을 정면으로 반박했다.
14일 한 전 대표는 JTBC 유튜브 방송에 출연해 검찰의 대장동 사건 항소 포기 결정에 대해 비판하던 중 ""누군가는 이렇게 얘기하던데 '우리는 황교안이다'? 우리는 황교안이 아니다""라고 말했다. 이어 ""(대장동 사건 항소 포기를 옹호하는) 더불어민주당은 '우리는 김만배다' 이렇게 얘기하고 있다고 말씀드리겠다""고 했다.
한 전 대표의 이 같은 발언은 지난 12일 장동혁 대표가 국회 규탄대회에서 한 발언을 비판한 것으로 풀이된다. 당시 장 대표는 내란 선동 혐의로 체포된 황교안 전 국무총리를 언급하며 ""전쟁이다. 우리가 황교안이다. 뭉쳐서 싸우자""고 말해 논란이 된 바 있다.
그는 검찰의 대장동 항소 포기에 대한 법무부 외압 의혹에 대해 ""정성호가 그렇게 안 했으면 이게 항소 안 됐을 가능성 몇 퍼센트이겠나. 0%""라며 ""결재까지 끝난 사안인데 이런 사안이 바뀐다? 당일날 바꾼 거다. 이런 전례가 있다고? 저는 30년 해봤지만 저는 못 봤다""고 했다.
이어 ""외압을 받아들인 검찰을 두둔할 생각이 전혀 없다. 얘네(검찰)는 할 자격이 없고 폐지를 막아줄 이유도 없다""며 ""그런데 문제는 꺾인 놈도 잘못인데 꺾은 놈은 더 문제다. 꺾인 놈은 사퇴했는데 꺾은 놈은 계속 남아있는 것인가""라고 했다.
특히 그는 정성호 법무부 장관의 '신중 검토' 의견에 대해 ""관가에 '절대 반대' 이렇게 쓰는 부처가 없다""라며 ""신중 검토라고 하면 그게 절대 반대라는 뜻""이라고 주장했다.
이어 ""김건희 주가조작 사건에서 한동훈 법무부 장관이 검찰에서 주가 조작 기소하려고 하는데 신중히 검토해 전달하면 그게 신중히 검토하라는 뜻이겠느냐 아니면 내 말 안 들으면 날릴 거야 이 뜻이겠느냐""고 반문했다.
한 전 대표는 검찰의 대장동 사건 항소 포기에 대한 의견을 묻자 응답자 48%가 '적절하지 않다', 29%가 '적절하다'고 응답한 여론조사 결과도 인용했다.
그는 ""우리는 48(%) 대 29(%)까지 오지 않았나""라며 ""역으로 보면 48(%) 중 우리 국민의힘 지지율이 20(%)대 중반이니까 우리 국민의힘을 지지하지 않지만 이슈에 대해 분노하는 25~27%가 있는 거 아니냐. 그럼 그분들을 대변하고 그분들을 위해 싸워야 되지 않겠냐""고 말했다."
362,국민의힘 “대장동 일당에게 도둑맞고 세금 투입”,"[앵커]
국민의힘은 오늘 성남 대장동으로 몰려갔습니다.
대장동 일당들에게 개발 수익을 도둑맞는 바람에 혈세를 들여 곳곳에 시설들 짓고 있다고 목소리를 높였습니다.
이어서 남영주 기자입니다.
[기자]
성남시 대장동 도서관 건설 현장을 둘러보는 국민의힘 의원들.
'항소포기'를 규탄하기 위해 시발점인 대장동을 직접 찾았습니다.
저는 지금 공사가 진행 중인 공공도서관 부지에 나와 있는데요,
국민의힘 의원들은 대장동 일당들이 개발 수익을 몽땅 가져가 성남 예산이 고스란히 들어간다고 주장했습니다.
[안철수 / 국민의힘 의원]
""저기 보이시죠? 송전탑들. 저게 다 사실은 <개발이익 가지고> 다 지하화하기로 돼 있었던 거거든요. 그게 완전히 무산됐어요.""
지나가던 시민들도 목소리를 높입니다.
[현장음]
""대장동 돈 찾게 해주세요. 대장동에 돈 찾게 해주세요!""
앞선 현장 간담회에도 시민들이 강당을 메웠고 국민의힘은 항소포기로 국민이 받아야 할 돈을 대장동 일당들에게 도둑맞았다고 강조했습니다.
[신동욱 / 국민의힘 최고위원]
""<도둑맞은 돈 7400억 원> 되돌리고 이 대장동을 정의를 되찾은 동네이름으로 회복할 수 있게 끝까지 노력하겠습니다.""
[안철수 / 국민의힘 의원]
""대장동 주민과 성남시민의 피눈물이 서려있는 7400억 원, 그 돈이 날치기 당했습니다. <맞습니다.> 친명횡재!""
[장동혁 / 국민의힘 대표]
""성남시민이 돌려받아야 할 7400억 원의 범죄 수익은 <대장동 일당의 노후자금>으로 변했습니다.""
성남시는 정성호 법무부 장관과 검찰을 대상으로 정신적 손해배상까지 추가로 청구한다는 계획입니다.
[신상진 / 성남시장]
""정신적 손해배상을 청구할 계획입니다. 이 부분은 1인당 100만 원씩 10만 명의 동의를 받고 소송을 추진하려고 합니다. <옳소!>""
채널A 뉴스 남영주입니다.
영상취재 : 이철
영상편집 : 김지균"
363,"고졸 노무현 대통령에 학번 묻던 그 검사, 상설특검 후보 됐다","관봉권 띠지 상설특검 후보에 박경춘·안권섭
박 변호사, 노 전 대통령 조롱했다는 비판 받아
우원식 국회의장이 11일 서울 여의도 국회에서 열린 \'관봉권 띠지 폐기 의혹 및 쿠팡 퇴직금 불기소 외압 의혹 진상규명\' 특별검사 후보 추천위원 위촉식에서 위원들과 기념촬영 하고 있다. 연합뉴스
검사 출신인 박경춘, 안권섭 변호사가 14일 관봉권 띠지 폐기와 쿠팡 퇴직금 불기소 외압 의혹 사건을 수사할 특별검사 후보자로 추천됐다. 이재명 대통령은 3일 안에 추천된 후보자 가운데 1명을 특별검사로 임명하게 된다.
상설특검 후보자추천위원회(추천위)는 14일 오후 제2차 회의를 열어 표결 끝에 박경춘, 안권섭 후보자를 특별검사 후보자로 추천할 것을 의결했다고 밝혔다. 이날 회의에는 추천위원 7명 전원이 참석했다. 이들은 심사대상자의 경력을 바탕으로 이들이 해당 사건에 대한 독립적이고 공정한 수사를 진행할 수 있는지 등을 심사했다고 전했다.
사법연수원 21기인 박 변호사는 광주 서석고와 연세대 법대를 졸업하고 수원지검 평택지청장 등을 지냈다. 그는 서울지검 검사 시절 ‘검사와의 대화’에서 노무현 전 대통령에게 “과거에 언론에서 대통령께서 83학번이라는 보도를 봤다. 혹시 기억하십니까”라고 질문해 대학을 다니지 않은 노 전 대통령을 조롱했다는 비판을 받은 바 있다.
사법연수원 25기인 안 변호사는 전북 완산고와 연세대 법대를 졸업하고 서울고검 공판부 공판부장, 춘천지방검찰청 차장검사 등을 지냈다. 지금은 법무법인(유한) 대륜 대표변호사다.
서울남부지검의 ‘관봉권 띠지 폐기 의혹’은 지난해 12월 ‘건진법사’ 전성배씨 자택 압수수색에서 발견된 현금다발 1억6500만원 가운데 5천만원의 관봉권 띠지와 스티커가 분실된 사실이 뒤늦게 드러나면서 증거인멸 의혹이 제기된 사건이다. ‘쿠팡 퇴직금 불기소 외압 의혹’은 지난 4월 엄희준 당시 인천지검 부천지청장(현 광주고검 검사)이 쿠팡 퇴직금 미지급 사건에 대한 핵심 내용을 누락해 대검에 보고하고, 사건을 맡은 문지석 부장검사에게 불기소를 강요했다는 의혹이다. 앞서 법무부는 지난달 24일 두 사건의 수사를 위해 상설특검을 가동하기로 결정한 바 있다."
364,이번엔 한강버스…‘오세훈 행정’ 또 점검 나선 김민석 “안전에 철저”,"종묘 이어 서울시 정책 현장 살펴
“수시로 협조해 점검해달라” 당부
기아차 공장선 “AI 모빌리티 선도”
김민석(가운데) 국무총리가 14일 서울 광진구 한강 뚝섬지구 한강수상안전교육장을 찾아 운영 현황 등을 보고받고 있다. 왼쪽부터 정근식 서울시 교육감, 김 총리, 고민정 더불어민주당 의원. 2025.11.14 연합뉴스
최근 종묘 앞 고층빌딩과 관련해 오세훈 서울시장과 맞붙었던 김민석 국무총리가 이번엔 또 다른 ‘오세훈 행정’의 대표상품인 한강버스 현장을 찾아 안전점검에 나섰다. 내년 지방선거를 앞두고 총리와 서울시장의 신경전이 이어지는 모양새다.
김 총리는 14일 오후 서울 광진구 한강 뚝섬지구의 한강버스 선착장을 찾았다. 이날 현장에는 광진구가 지역구인 고민정 더불어민주당 의원, 정근식 서울시 교육감, 김광용 행정안전부 재난안전관리본부장 등이 김 총리와 함께했다.
앞서 김 총리는 초고층 재개발 논란이 불거진 종묘와 관련해 페이스북을 통해 공개적으로 문제를 제기한 바 있다. 최근 서울시는 한강버스를 야심 차게 출범했지만 한강버스의 운항을 둘러싸고 안전 문제와 공공성 논란이 불거진 상황이다. 이에 김 총리가 곧바로 한강버스 현장을 찾았다.
김 총리는 뚝섬 한강버스 선착장에서 박진영 서울시 미래한강본부장으로부터 한강버스 운영 현황에 대해 상세히 보고 받았다. 박 본부장의 설명을 들으며 중간중간 질문을 던진 김 총리는 “서울시에서 기획을 하셨으니 이것이 잘 됐느냐 아니냐는 시민들하고 시에서 의논하실 얘기고 제일 관심은 안전”이라며 “행정안전부에서도 항상 협조해서 수시로 점검을 해달라. 제일 중요한 건 첫째도 둘째도 안전”이라고 당부했다.
박 본부장에 따르면 서울시는 전체 목표 12척 중 8척을 운영하고 있으며 수상 보안관도 38명 중 14명을 채용한 상태다. 한강을 이용하는 시민들의 안전성을 고려해 운항횟수와 운항속도 등도 조절하고 있다. 당초 마곡에서 잠실까지 1시간 15분 걸리는 것을 계획했지만 예상보다 수심이 얕고 한강 일대에 설치된 각종 시설로 평균 속도 12노트로 운항해 2시간 7분이 걸리는 상황이다. 급행을 어떻게 운영할지도 아직 고민하는 단계다. 고 의원은 이런 문제에 대해 날카롭게 지적하며 보완을 당부했다.
김 총리 선착장 인근의 한강수상안전교육장과 수상레저 시설 등도 방문했다. 김 총리는 한강버스 운항 이후 학생들의 수상 안전 교육 일정에 지장이 없도록 관리를 당부했다. 또한 교육장 일대에서 요트와 카약도 사용할 수 있는지에 대해 관심을 보였다.
수상레저 시설에서는 한강버스 운영으로 안전에 위협을 받는 시민들의 목소리를 듣고 해결책이 필요하다고 언급했다. 해당 시설은 한강버스 선착장 바로 옆에 붙어 있어 한강버스가 움직일 때 배가 만드는 파도로 인해 운영에 어려움을 겪는 상황이다. 김 총리는 시설마다 안전 점검과 예방을 거듭 당부하며 “이후에도 안전 문제는 철저하게 챙겨달라”고 말하고 현장점검을 마쳤다.
김민석(왼쪽) 국무총리가 14일 경기 화성시 우정읍 기아오토랜드 화성에서 열린 기아 화성 EVO 플랜트 East 준공·West 기공 기념행사에서 송호성 기아 사장의 설명을 듣고 있다. 2025.11.14 현대차·기아 제공
김 총리는 이날 오전에는 경기 화성에서 진행된 기아의 전기차 생산공장 ‘이보 플랜트’(EVO Plant) 준공·기공식에 참석했다. 이날 한미 간 통상협상 관련 합의사항을 담은 ‘조인트 팩트시트’(공동 설명자료)가 발표된 가운데 김 총리는 한국이 자동차 관세를 15%로 적용받기로 한 점을 언급하며 “국민들은 한편으로는 아쉽지만 그래도 다행이라고 생각하고 계신 것 같다”고 말했다.
김 총리는 “여기 계신 분들도 다 마음을 졸이는 시간이었을 것”이라며 “어려운 여건에서도 수출 전선을 지켜준 기업인과 임직원 여러분께 진심으로 경의를 표한다”고 밝혔다. 그러면서 “1997년 외환위기 폭풍 속에 노동자들은 생산라인을 지키고 임금을 반납하면서 회사를 살려낸 것으로 안다. 그 눈물과 의지가 오늘 신규 공장 준공으로 이어진 것”이라고 평가했다.
김 총리는 또한 인공지능(AI) 모빌리티 시대를 선도하겠다는 구상을 밝히며 향후 5년간 1조 2000억원의 국가 연구개발(R&D) 예산을 투입하겠다고 했다. 2035년 국내에서 생산되는 자동차 10대 중 8대가 친환경차가 될 수 있도록 인센티브를 강화하는 방안도 거론했다.
아울러 “부품사와 노동자가 함께 성장하는 생태계를 만드는 데 정부가 전방위로 돕겠다”며 “2035년 NDC(국가 온실가스 감축목표) 달성도 쉽지 않은 과제이지만, 이와 관련해서도 최대한의 지원을 하겠다”고 설명했다.
김 총리는 “한때 ‘한국이 자동차를 만들 수 있겠느냐’는 질문을 받은 적도 있지만 이제 한국은 세계 3위의 자동차 기업을 보유한 7대 자동차 생산국”이라며 “위대한 국민과 함께 미래 모빌리티 혁신의 새 시대를 열어가자”고 격려했다."
365,[아는기자]‘검사 파면법’ 통과는 ‘검찰 길들이기’?,"[앵커]
정치부 이남희 선임기자 나왔습니다.
Q. 검찰이 일반 공무원과는 다른 '이중적 위치'라고 하잖아요. 어떤 점에서 그런가요?
지금까지 검사는 수사 공정성 보장을 위해 다른 공무원과 달리 파면은 못하게 했거든요.
법관과 같은 신분 보장 받아온 거죠.
검찰은 법무부 아래에 있습니다.
법무 장관이 행정 등 검찰 사무의 최고 감독자라고 법에 명시돼 있는데요.
반면, 검찰의 수사와 기소 권한은 사실상 독립성을 인정합니다.
구체적 사건은 총장을 지휘 감독하게 돼 있거든요.
법무장관이 수사와 관련해 가급적 개입 못하게 하는 겁니다.
Q. 법 통과되면, 검사 파면이 가능해진다는 건데 어떻게 바뀌는 거예요?
지금까진 검찰총장 옷 벗게 하려면 국회가 먼저 탄핵소추안 통과시고 헌법재판소의 판단 받아야 했죠.
하지만 법이 통과되면 법무장관이 검찰총장의 파면을 청구할 수 있게 됩니다.
""검찰총장이 명실상부한 법무부 장관의 부하가 된다""는 반응 나옵니다.
Q. 법 통과되면 정권 입맛대로 검찰 길들일 거란 우려가 나와요. 어떤 점을 우려하는 거예요?
문재인 전 대통령은 추미애 장관, 윤석열 전 대통령은 한동훈 장관, 이재명 대통령은 정성호 장관을 법무부 장관으로 기용했죠.
다선 유력 정치인이거나 대통령의 핵심 측근이죠.
이런 대통령 측근 실세 장관이 대통령 가족이나 측근 사건 관련해 의견 제시하면 장관에게 목숨줄 잡힌 검찰총장, 소신 발휘하기 어렵단 거죠.
Q. 민주당이 항명 검사는 변호사 개업까지 막겠다잖아요?
일각에선 민주당이 진짜 하고 싶었던 건 항명 검사들의 밥줄 끊기라고 보더라고요.
민주당이 검사도 파면 가능하게 법을 고친 것도 파면 당한 검사는 최대 5년간 변호사 개업 못하게 만들기 위한 전초전이었단 겁니다.
민주당에선 ""항명 검사장들은 옷 벗고 나가도 변호사로 돈 벌 수 있다. 믿는 구석 있으니 그렇게 반발한다""고 보더라고요.
Q. 민주당에서 검사들의 반발을 ""항명""이라고 하잖아요. 그런데 항명으로 볼 수 있는 거예요?
검찰청법 7조에 이런 내용이 있습니다.
""상급자 사건 지휘가 정당하지 않다고 생각되면 검사는 이의를 제기할 수 있다""고요.
일반 공무원과 달리 검찰의 독립성을 보장해주는 또다른 내용이죠.
법조계에선 ""시키는대로 대장동 항소를 포기했는데, 이걸 비판하는 것까지 항명으로 볼 수 없다""는 의견도 나왔습니다.
Q. 민주당의 전방위 검찰 압박, 문제는 없는 거예요?
민주당은 정치 검찰의 폐해를 막겠다며 검찰 개혁을 주장해왔죠.
하지만 이른바 '검사파면법'이 통과되면 정권 눈치보는 정치 검찰 더 양산할 거란 우려가 나옵니다.
[앵커]
여기까지 듣겠습니다. 아는기자, 이남희 선임기자였습니다."
366,"정청래 ""세계적 명성 날린 임요환, 이윤열, 홍진호, 마재윤""?","게임산업 애정 강조하다…'승부조작 퇴출' 전직 프로게이머 호명도
정청래 더불어민주당 대표가 14일 부산 벡스코에서 열린 게임쇼 '지스타 2025' 현장을 찾아 게임산업 발전에 대한 관심을 강조했다.
정 대표는 ""K-한류의 약 63% 정도를 게임산업이 담당하고 있는데, 아직도 게임에 대한 부정적인 인식이 있는 것이 사실""이라며 ""이것을 불식시키기 위해서 국회에서 노력해야 되겠다. 그래서 게임산업 하시는 분들이 어깨를 펴고 당당하게 사업을 할 수 있도록 도와드려야 되겠다""고 말했다.
정 대표는 ""20년 전 게임산업법을 대한민국 최초로 대표 발의해서 제정법으로 만든 장본인""이라며 해당 산업 분야에 대한 자신의 애정을 과시했다.
그는 ""(2005년) 게임산업진흥법을 통과시키고 나서 저도 현장에 많이 다니면서, 또 국회에 e-스포츠를 알려야 되겠기에 'e-스포츠 발전을 위한 국회의원 모임'을 만들어 회장을 하면서 국회에서 처음으로 스타크래프트 대회를 열었다""고 언급하기도 했다.
다만 정 대표는 이 과정에서 프로게이머에 대한 열악한 처우 등을 지적하던 중 ""오늘 반성이 많이 들었던 것이, 그때 세계적인 명성을 날렸던 임요환 선수를 비롯해서 이윤열·홍진호·마재윤·박성준. 이런 선수들이 너무 생각이 나더라. '이 선수들은 지금 어디 가서 뭐 하고 있지?'""라며 ""(이들이) 제도권 내에서 자리 잡지 못하고 있는 현실도 제가 잘 알고 있다""고 말해 시선을 끌었다.
그가 언급한 전설적 프로게이머들 가운데, 마재윤 씨는 지난 2010년 고의적 승부조작과 불법 베팅 등 혐의로 징역 1년(집행유예 2년)을 선고받고 e-스포츠협회로부터 영구제명된 인물이다.
▲더불어민주당 정청래 대표가 14일 오후 부산 해운대구 벡스코에서 열리고 있는 국제게임전시회 지스타2025를 찾아 관람객들에게 인사하고 있다. ⓒ연합뉴스"
367,"""이재명 명당자리 앉았다, 젠슨황 깐부치킨 자리 떠올라"" 경기도지사 하마평 양기대 전 의원 언급","양기대 전 더불어민주당 국회의원 페이스북
내년 6월 지방선거 경기도지사 선거 출마 하마평을 바탕으로 공개행보를 이어나가고 있는 양기대 전 더불어민주당 국회의원이 14일 경기 이천시 소재 한 한정식 식당의 '이재명 명당자리'에 앉았다고 일상을 전했다.
양기대 전 의원은 이날 오후 6시 40분쯤 페이스북에 '선배 정치인의 조언과 이재명 명당자리(?)'라는 제목의 글을 올려 조병돈 전 이천시장(3선)을 만났다고 알렸다.
그러면서 조병돈 전 시장과 이재명 대통령이 해당 식당에서 만났던 일화를 전했다.
그는 ""대화를 마치고 조병돈 전 시장님은 저를 인근 이천쌀 한정식 전문점으로 안내한뒤 미소를 지으며 뜻밖의 이야기를 들려줬다""고 글을 전개했다.
조병돈 전 시장이 ""이재명 대통령이 (경기)성남시장 시절, 경기도지사 출마를 앞두고 나에게 조언을 구하러 왔을 때 앉았던 자리야. 흔히 '명당자리(?)'라고도 하지. 오늘은 양 의원이 그 자리에 앉아보시게""라고 식당 좌석을 가리키며 설명 및 의미를 부여했다는 것.
이재명 대통령은 현재까지 모두 3차례 공직선거 낙선 경험을 갖고 있는데, 1차례는 성남시장, 또 1차례는 국회의원, 그리고 나머지 1차례는 대선 때 겪었다. 그런데 경기도지사는 2018년 7회 지선 때 첫 도전 만에 당선됐다. 즉, 조병돈 전 시장과의 면담 때 앉았다가 출마가 곧 당선이 돼 '명당'에 비유할 수 있는 자리라는 얘기.
이에 대해 양기대 전 의원은 ""그의 뜻밖의 배려에 저도 모르게 웃음이 났다. 식당 주인도 오셔서 당시 기억을 나누고 덕담을 건네줘 함께 사진도 남겼다""고 조병돈 전 시장의 설명을 식당 주인도 입증해줬다고 덧붙였다.
양기대 전 더불어민주당 국회의원 페이스북
젠슨 황 엔비디아 최고경영자가 지난 30일 서울 삼성동 한 치킨집에서 진행된 이재용 삼성전자 회장, 정의선 현대차그룹 회장과 치맥 회동을 하고 있다. 연합뉴스
이어 그는 ""얼마 전 엔비디아 젠슨 황 CEO가 삼성 이재용 회장, 현대차 정의선 회장과 모였던 '깐부치킨의 젠슨 황 자리'가 떠오르기도 했다""며 두 좌석(대한민국 대통령, 엔비디아 CEO가 앉았던 자리)의 무게감을 견주기도 했다.
세 사람이 치맥(치킨에 맥주) 회동을 했던 서울 강남구 삼성역 인근 깐부치킨 매장 좌석은 이후 이용하려는 손님이 몰리며 하루 10팀에 1시간 이용 제한을 걸었을 정도로 큰 인기를 얻었다.
양기대 전 의원은 또 경기 이천시가 SK하이닉스의 충북 청주 이전 움직임을 막고자 5천명이 넘는 시민들과 정부종합청사에서 투쟁을 펼쳐나가는 등 조병헌 전 시장의 시정 일화를 들었다며 ""앞으로 나아갈 방향을 다시 한번 생각해보는 소중한 시간이었다""고 밝혔다."
368,"“윤석열, ‘관저에 헬기·미사일도 있다, 공수처 부숴버려라”…법정증언 나와","윤석열 전 대통령 [사진출처=연합뉴스]
윤석열 전 대통령이 고위공직자범죄수사처(공수처)의 1차 체포영장 집행이 불발된 뒤 경호처 부장들과의 오찬에서 ‘밀고 들어오면 아작난다고 느끼게 위력 순찰하라’고 말했다는 법정 증언이 나왔다.
14일 연합뉴스에 따르면 서울중앙지법 형사합의35부(백대현 부장판사)는 이날 윤 전 대통령의 특수공무집행 방해 등 혐의 속행 공판을 열었다.
이날 오전에는 전 경호처 부장 이모 씨에 대한 증인신문이 진행됐다.
윤 전 대통령은 공수처의 1차 체포영장 집행이 경호처의 저지로 불발된 후인 지난 1월11일 경호처 부장급 간부들과 오찬을 가졌다.
당시 오찬에는 윤 전 대통령과 강의구 전 부속실장, 김정환 전 수행실장, 김성훈 전 경호처 차장, 이광우 전 경호본부장과 부장급 경호공무원 등 총 9명이 참석했다.
이 전 부장은 당시 윤 전 대통령이 한 발언 몇 가지를 오찬이 끝난 뒤 카카오톡 ‘나에게 보내기’를 통해 기록해뒀다고 진술했다.
공개된 카카오톡 메시지에는 ‘경호처가 나의 정치적 문제로 고생이 많다. 밀도(밀고) 들어오면 아작난다고 느끼게 위력 순찰하고 언론에도 잡혀도 문제 없음’이라고 적혀있었다.
이 전 부장은 당시 윤 전 대통령이 정확히 어떤 발언을 했는지에 대한 질문에 “정확하게 저 단어들을 쓴 거로만 기억한다”며 “TV에 나와도 괜찮다, 총기를 노출하는 것도 괜찮다는 의미로 저 말씀을 하신 거로 기억한다”고 답변했다.
‘헬기를 띄운다. 여기는 미사일도 있다. 들어오면 위협사격하고 ?를 부셔버려라’는 메시지에 대해서는 “위협사격이라고 했는지 위력순찰이라고 했는지 헷갈려서 물음표를 달아둔 것”이라고 말했다.
이어 “대통령이 무슨 말을 하려고 하다가 갑자기 약간 멈칫했고, 그러더니 말을 순화해서 ‘부숴버려라’라고 한 것을 기억한다”고 덧붙였다.
부숴버려라는 대상에 대해서는 “주어가 생략됐지만 공수처와 경찰이 들어오는 것에 대해 얘기하는 중에 표현을 썼다”고 답변했다."
369,3성 장군 20명 물갈이…'계엄버스' 탑승자는 진급 제외,"[앵커]
중장 20명을 교체하는 대규모 군 인사가 단행됐습니다. 비상계엄 때, 육군본부에서 서울행 버스를 탔던 소장 5명은 진급에서 제외됐습니다. 육사 출신이 아닌 3성 장군의 비율도 늘었습니다.
김안수 기자입니다.
[기자]
국방부가 소장 20명을 중장으로 진급시키는 인사를 발표했습니다.
군 중장 30여 명 가운데 20명이 바뀌는, 10년 내 최대 규모 물갈이 인사입니다.
국방부 관계자는 ""12·3 비상계엄 사태를 극복하고 국민의 군대를 재건하는 데 중점을 뒀다""고 설명했습니다.
지난달 이재명 대통령은 계엄에 가담한 군인의 인사 문제를 직접 지적했습니다.
[국무회의/지난 10월 14일 : 내란은 정말 발본색원해야 하는데 특히 인사에 있어서 가담 정도가 극히 경미하더라도 어쨌든 가담한 게 사실이면, 부역한 게 사실이면 승진시키는 건 말이 안 되잖아요.]
국회가 비상계엄 해제를 의결한 뒤 육군본부에서 서울로 올라오는 버스에 타, 2차 계엄에 대비한 것 아니냐는 의심을 받은 소장 5명은 이번 진급에서 제외됐습니다.
[부승찬/더불어민주당 의원 (2024년 12월 10일) : 총장님께서 새벽 3시에 버스로 육군본부에 있는 부장들을 올라오라고 지시했잖아요?]
[박안수/전 계엄사령관 (2024년 12월 10일) : 예, 했습니다.]
비상계엄에 연루돼 직무대리 체제였던 특전사령관, 수방사령관은 자리를 채웠지만, 방첩사령관은 임명되지 않았습니다.
방첩사령관을 중장에서 소장 이하로 낮추는 방안이 사실상 확정된 겁니다.
또 비육사 출신 중장이 육군에서 3명에서 5명으로 늘어나는 등 계엄 주요세력인 육사의 힘을 빼려고 했다는 평가도 나옵니다.
[영상편집 박선호]"
370,"美 '핵잠 승인'에…野 ""건조 위치 불분명, 농축·재처리 과제"" 지적","한미 팩트시트, 핵잠 美 승인 받아내
정부, 건조 위치 불분명에 ""한국"" 강조
'농축·재처리' 한미 후속 협상 불가피
한미 양국이 14일 무역·통상 및 안보 협상 합의 내용을 담은 공동설명자료(조인트팩트시트)를 발표했다. 핵추진잠수함 건조의 경우 미국의 승인을 받아냈지만, 건조 장소와 우라늄 농축·사용후핵연료 재처리 문제를 두고 야권을 중심으로 비판이 제기됐다. 사진은 이재명 대통령과 도널드 트럼프 미국 대통령. /뉴시스
[더팩트ㅣ김정수 기자] 한미 양국이 14일 무역·통상 및 안보 협상 합의 내용을 담은 공동설명자료(조인트팩트시트)를 발표했다. 안보 분야 최대 쟁점이었던 핵추진잠수함 건조의 경우 미국의 승인을 받아냈다.
다만 건조 장소가 명시되지 않아 구체성이 떨어진다는 지적이 야권을 중심으로 제기됐다. 우라늄 농축과 사용후핵연료 재처리 문제는 팩트시트에 관련 절차를 지지한다고 돼 있어 후속 협상은 불가피할 전망이다.
정부가 이날 배포한 한미 팩트시트 내용에 따르면 ""미국은 한국이 핵잠을 건조하는 것을 승인했다. 미국은 이 조선 사업의 요건들을 진전시키기 위해 연료 조달 방안을 포함해 한국과 긴밀히 협력해 나갈 것""이라고 명시돼 있다.
팩트시트 내용대로 핵잠 건조에 대한 미국의 승인은 있었지만 장소까진 거론되지 않은 셈이다. 위성락 대통령실 국가안보실장은 이날 브리핑에서 관련 질의에 ""마지막까지 많은 논의가 된 것은 사실 핵잠이 아니고 농축·재처리 부분""이라고 강조했다.
위 실장은 ""논의 과정에 한때 어디서 건조하느냐는 문제가 제기된 적 있지만 우리 입장을 설명했고 그게 반영됐다""며 ""그 문제에 대한 정상 간 논의는 처음부터 끝까지 한국에서 건조하는 것을 전제로 진행됐다""고 강조했다.
이어 ""대화 과정에서 답하는 차원에서 우리 대통령이 '우리가 여기서 건조한다' 그렇게 말한 적이 있다""며 ""대화의 모든 전제가 한국의 핵잠은 한국이 건조한다는 것이었고, 우리가 협조 요청한 것은 핵연료에 관한 부분""이라고 설명했다.
한미 간 논의 과정에 있어서 핵잠 건조를 한국에서 한다는 점은 비교적 조기에 매듭지은 반면, 우라늄 농축과 사용후핵연료 재처리 사안을 두고는 막판까지 이견이 있었다는 설명으로 풀이된다.
실제로 우라늄 농축과 사용후핵연료 재처리에 있어선 한미 간 후속 협상이 필요하다는 게 정부 입장이다. 위 실장은 이와 관련해 ""우라늄 농축, 재처리 문제를 (해소)하려면 미국과 후속 협의를 해서 기존에 가지고 있는 협정을 조정해야 한다""고 밝혔다.
이에 한미 원자력협력협정 개정을 통해 우라늄 농축과 사용후핵연료 재처리 권한을 확대하는 방법 등이 거론된다. 2035년까지 적용되는 현행 원자력협력협정은 미국 동의를 전제로만 20% 미만 우라늄 농축을 할 수 있고, 사용후핵연료재처리는 할 수 없다.
이날 국회에서 열린 외교통일위원회 전체회의에서는 야권을 중심으로 이번 팩트시트와 관련한 비판이 제기됐다. 안철수 국민의힘 의원은 ""팩트시트 제일 마지막에 핵잠에 대해서 어느 장소에서 잠수함을 건조하는 건지 나와 있지 않다""며 ""우리나라에서 만드는 거냐, 미국 필리 조선소에서 만드는 거냐""라고 지적했다.
김건 국민의힘 의원은 ""미국으로부터 받은 약속은 농축·재처리 관련해서는 '지지'도 아니고 '절차를 지지한다'는 것""이라며 ""핵잠에 대해서는 긴밀히 협력해 나갈 것이라는 건데, 장기간 동안 어마어마한 외교적 노력을 들여야 실현될 수 있다""고 우려했다.
발로 뛰는 더팩트는 24시간 여러분의 제보를 기다립니다.
▶카카오톡: '더팩트제보' 검색
▶이메일: jebo@tf.co.kr
▶뉴스 홈페이지: http://talk.tf.co.kr/bbs/report/write"
371,"홍준표 ""탈영 아닌 탈출""…한동훈 ""탈영병은 입다물라"" 저격에 반박","홍준표 ""잘못 가고 있는 집단 나온 건 탈출""
'대장동 항소 포기' 논란을 두고 온라인상에서 설전을 벌이고 있는 홍준표 전 대구시장과 한동훈 전 국민의힘 대표가 또다시 맞붙었다. 한 전 대표가 홍 전 시장을 겨냥해 '탈영병'이라고 비판하자, 홍 전 시장은 ""탈영이 아니라 탈출""이라고 반박했다.
한동훈 국민의힘 전 대표와 홍준표 전 대구시장. 아시아경제DB
홍 전 시장은 14일 자신의 사회관계망서비스(SNS) 통해 이병주 작가의 대하소설 '지리산'을 다시 읽었다며 ""지금의 좌우익 혼란상이 해방 직후 대한민국과 흡사하기 때문""이라고 밝혔다.
'지리산'은 일제강점기와 해방, 6·25 전쟁으로 이어지는 격동기를 배경으로 지리산에서 활동했던 빨치산들의 이야기를 다룬 작품이다. 주인공 박태영은 혼란 속 지식인을 상징하는 인물로, 신념과 현실 사이에서 갈등하면서도 마지막까지 빨치산의 길을 걷다가 비극적인 최후를 맞이한다.
홍 전 시장은 주인공 박태영의 선택에 동의하지 않는다고 썼다. 그는 ""박태영은 남로당을 선택한 그의 결정이 잘못이었음을 알면서도 끝까지 전향하지 않고 죽음을 택한 것이 스스로의 잘못된 선택에 대한 책벌이라고 했다""며 ""나는 그의 선택은 옳지 않다고 본다""고 했다.
이어 ""어느 집단이 길을 잘못 가고 있을 때 옳은 방향으로 가도록 진력을 다하다가, 안 되면 그 집단을 포기하고 새로운 길을 찾는 게 맞다""고 주장했다.
그러면서 ""그 집단에서 같이 동사(同死)하는 건 올바른 선택은 아닐 것""이라며 ""그건 탈영(脫營)이 아니고 탈출(脫出)이기 때문""이라고 강조했다.
홍 전 시장의 이런 발언은 앞서 한 전 대표가 자신을 두고 '탈영병'이라고 비판한 것에 대한 반박으로 풀이된다. 지난 11일 홍 전 시장은 대장동 개발 비리 사건 항소 포기와 관련해 검찰 내부 반발이 크지 않다는 점을 꼬집으며 ""윤석열·한동훈 같은 정치 검사가 검찰을 망쳤다""고 지적했다. 그러자 한 전 대표는 ""이재명 정권에 겁먹고 탈당해 도망간 '탈영병 홍준표'는 입 좀 다물라""고 응수했다.
두 사람은 과거 같은 당에 속해 있으면서도 '앙숙'으로 불리며 서로를 향해 날을 세운 바 있다. 한 전 대표가 국민의힘 비상대책위원장이던 시절 윤석열 전 대통령과 마찰을 빚은 '당정 갈등'이 불거지자, 홍 전 시장은 SNS를 통해 한 전 대표를 비난했다. 또 제21대 대통령 선거를 앞두고 국민의힘 경선 경쟁자로 만났을 때도 두 사람은 토론회에서 서로를 향해 독설하며 신경전을 벌였다."
372,"‘종묘 대전’ 참전한 이준석···“김정숙 타지마할서 사진찍었지만, 종묘 사진찍는 해외 정상 없어”","이준석 페이스북 갈무리
이준석 개혁신당 대표가 종묘 앞 재개발 논란에 대해 “종묘를 바라보는 방향이 중요할지, 종묘에서 바라보는 뷰가 중요한지 고민해 보면 된다”고 견해를 밝혔다.
이 대표는 지난 13일 자신의 소셜미디어(SNS)에 “김정숙 여사가 타지마할에서 밖을 바라봤을 때 보였을 광경은 아무도 궁금해하지 않을 것”이라면서 이같이 밝혔다. 이 대표는 “우리는 타지마할의 사진빨 전경을 바라보며 동경하고, 김정숙 여사 같은 분은 황제 관광도 하셨다”면서 “타지마할에서 바라본 아그라 시(Agra City)는 그다지 아름답지 않지만, 타지마할의 관광 경쟁력에는 털끝 하나도 영향이 없다”고 지적했다.
이어 “타지마할 앞에서 기념사진 찍은 김정숙 여사 이하 한국 유명인들은 많이 봤지만, 종묘에서 기념사진 찍은 해외 정상의 사진은 입수하기 어렵다”면서 “이는 종묘가 건물로서의 특색보다는 그 속에 내재된 소프트웨어와 도심 속 공원의 가치가 크다는 것의 방증”이라고 주장했다.
그러면서 이 대표는 “UNESCO를 비롯한 UN 산하 기관들은 원래 실권이 없는 경우가 대부분이고, 그래서 콩으로도 해석할 수 있고 보리로도 해석할 수 있는 모호한 조항들을 많이 넣어 놓는다”고 지적했다.
이어 “오히려 UNHCR에서 캄보디아 납치 사태에 대해 이미 몇 달 전부터 한국에 경고했는데, 저를 포함한 정관계 인사 누구도 심각함을 깨닫지 못하고 방치한 것이 이준석의 불민함과 수준 낮음이고, 그것이 우리 정관계의 평소 UN과 그 산하기관에 대한 인식”이라고 밝혔다.
이 대표는 “그런데 갑자기 종묘 사태에서는 UNESCO가 민주당의 경전이 되어 버렸습니다만, 민주당이 북한 인권에 대한 UN 산하기관의 권고들을 바탕으로 북한에 할 말 하는 것은 보지 못했다”면서 “민주당의 UN 권위에 대한 평소 인식이 이준석과 별반 다르지 않을 것이기에 참 위선적으로 보인다”고 비판했다."
373,한동훈 ‘탈영병’ 지적에…홍준표 “탈영 아닌 탈출”,"한동훈 전 국민의힘 대표(왼쪽)와 홍준표 전 대구시장(오른쪽). [연합]
[헤럴드경제=민성기 기자] 홍준표 전 대구시장이 자신을 ‘탈영병’으로 몰아세운 한동훈 전 국민의힘 대표의 주장에 대해 “탈영이 아닌 탈출”이라고 반박했다.
홍 전 시장은 14일 자신의 페이스북에 이병주 작가의 대하소설 ‘지리산’을 다시 읽었다고 밝히며 “지금의 좌우익 혼란상이 해방 직후 대한민국과 흡사하다”고 했다.
홍 전 시장은 “이병주의 지리산은 일제 말기부터 해방과 6·25 동란을 거치는 좌우익 혼란상에서 지리산 빨찌산으로 스러져간 박태영이라는 (경남) 함양 출신 천재의 35년 짧은 일생을 그린 실록 대하소설이다”고 소개했다.
이어 “박태영은 남로당을 선택한 자신의 결정이 잘못된 것이었음을 알면서도 끝까지 전향하지 않고 죽음을 택했다”며 “그는 이를 ‘나의 선택에 대한 책벌(責罰)’이라고 했지만 나는 그의 이러한 선택(죽음)이 옳지 않았다고 본다”고 지적했다.
즉 “어느 집단이 길을 잘못 갈 때 옳은 방향으로 가도록 진력을 다하다가 안 되면 그 집단을 포기하고 새로운 길을 찾는게 맞다”는 것으로 “그 집단과 같이 죽는 건 옳바른 선택이 아니다”고 했다.
그러면서 “새로운 길을 찾는 건 탈영(脫營)이 아니라 탈출(脫出)인데 박태영은 그걸 (배신자 범법 성격의) 탈영으로, 나는 (자유롭고 바른 세상으로) 탈출로 봤다”며 탈영하기 싫어 빨찌산에서 벗어나지 못한 박태영과 달리 자신은 국민의힘에서 탈출했다고 강조했다.
홍 전 시장의 이번 글은 최근 이어진 한 전 대표와의 설전을 의식한 것으로 풀이된다. 앞서 한 전 대표는 11일 페이스북을 통해 ”지금 이재명 정권과 다들 싸우고 있다“며 ”이재명 정권에 겁먹고 탈당해 도망간 ‘탈영병 홍준표’는 입 좀 다물라“고 요구한 바 있다. 홍 전 시장이 최근 불거진 대장동 사건 항소 포기와 관련 ”한 전 대표를 비롯한 정치 검사가 검찰을 망쳤다“고 주장한 것을 겨냥한 발언이었다."
374,"[아는기자]한미 팩트시트 타결, 손익계산서 따져보니…","[앵커]
대통령실 출입하는 홍지은 기자 나왔습니다.
Q1. 홍 기자, 드디어 팩트시트 타결됐네요. 뚜껑 열어보니 어떻습니까?
더 빼앗으려는 미국과 더 지키려는 한국, 보름 가량 협상 이어졌죠.
이 대통령은 이렇게 표현했습니다.
어쩔수 없이, 손실을 최소화해야하는 비자발적 협상이었다고요.
그래도 선방했다는 평가가 나옵니다.
관세 15%로 낮춰 일본이나 유럽과 같은 수준으로는 경쟁할 수 있게 됐고요.
33년 만에 핵 추진 잠수함을 추진키로 문서화한 것도 평가할만 하다는 게 중론입니다.
Q2. 핵 추진 잠수함 도입은 현실화 되는 건가요?
물꼬는 텄지만, 갈 길은 멉니다.
팩트시트에 담긴 핵 추진 잠수한 관련 문구는 단 한 줄입니다.
'미국이 승인했다,'
배 선체와 원자로는 어디에서 만들 거며, 핵 연료는 어떻게 공급받을지가 문서로 적시되지 않았습니다.
위성락 실장은 오늘 선체와 원자로는 국내에서, 핵 연료만 미국에서 가져오는 걸로 얘기됐다고 했는데 문서는 없는 거죠.
하지만 미국에서 건조해야 한다는 트럼프 대통령 글이 있었죠.
명시 안 하는 게 이번엔 나았다는 평가도 나옵니다.
Q3. 손익 계산서를 따져보면 어때요? 우리는 얼마나 내준 겁니까?
우리가 내준 거 한 번에 보여드리겠습니다.
대미 투자금 3500억 불 외에도  항공기 구매금, 미국산 무기 구매금, 주한미군 지원금 보이시죠.
달러 기준이라 체감이 안되실텐데 한국 돈으로 환산하면 600조를 훌쩍 넘는 금액입니다.
반대로 한국은 이 정도의 승인 내지는 지지를 확보했는데 보시면, 미국은 확실히 달러, 현금을 챙겼다면 우리가 얻은 건 선언적인 게 많죠.
Q4. 그런데 저 많은 돈을 달러로 내는 게 괜찮아요? 외환 시장이 감당 가능한 거에요? 연간 200억 달러 말고도 더 많은데요?
사실 걱정이 되죠.
일단 정부는 외환시장에 문제 없다고 합니다.
연 200억 달러 투자는 이미 준비돼 있고, 안보 쪽 비용들도 이미 예산에 반영돼 있거나, 현금이 아닌 간접 투자라는 겁니다.
그렇다더라도 요즘 외환시장 보면 환율 쭉쭉 오르죠.
안 나가던 달러가 뭉텅이로 나가야 하니 장기적으론 부담이라는 평가입니다.
Q5. 또 하나 논란, 무려 500조 원을 10년 동안 미국에 투자해야 하는데 이게 과연 회수가 가능할 거냐?
오늘 대미 투자 골격이 드러났습니다.
어디에 투자할지 트럼프 대통령이 결정합니다.
그걸 우리에게 알려주면 우리는 45일 안에 특수목적법인에 돈을 태워야 합니다.
이 기간 안에 돈을 보내지 않으면 관세는 25%로 다시 올라갑니다.
연간 200억 달러 내에선 트럼프 대통령이 달라하면 우린 45일 안에 내야 하는 거죠.
그래서 우리도 나름 3가지 안전장치를 마련했습니다.
상업적 합리성에 맞게, 돈 되는 곳에 신의 성실을 지켜가며 투자해야 하고, 투자 결정 전에 우리 측 협의위원회와 협의해야 한다는 걸 명시했는데요.
여전히 모호한 안전장치라는 한계는 남아있습니다.
Q6. 대중 관계에 있어서도 부담은 좀 생겼다면서요?
맞습니다.
중국이 가장 예민해하는 대만과의 양안 문제에 있어, 처음으로 미국의 뜻대로 이 조항을 명시했습니다. -
북한 문제에 대해서도 북한의 완전한 비핵화를 명시했는데요.
중국과 북한 모두가 반발할 내용들이죠.
Q7. 미국에 잘 보여야 할 협상이었으니까?. 언제부터 관세 인하됩니까?
품목마다 다릅니다.
당장 시급한 자동차 관세는 국회 절차 거치면 이달 1일자로 15%로 소급 인하될거고요.
목재는 오늘부터 바로 15% 적용되고 항공기 부품은 상호관세 철폐됩니다.
미 측에서 조만간 관보에 게재만 하면, 형식적인 건 거의 다 끝난 걸로 보심되겠습니다."
375,"국힘 ""성남시민 돈 7400억, '대장동 일당' 노후자금 됐다""","지도부·김은혜·안철수·신상진 등 대장동 총출동
'대장동 항소 포기' 파상공세…""李대통령이 진짜 몸통""
장동혁 ""항소심도 '이재명 무죄' 재판부…우연 아냐""
尹과 절연 못하고 원내서도 與에 밀려…특검·국조 추진 힘 못받아
국민의힘 장동혁 대표가 14일 성남시 분당구 성남도시개발공사에서 열린 '대장동 개발비리 항소 포기 규탄 현장간담회'에서 공사 관계자의 발언을 듣고 있다. [사진=연합뉴스]
장동혁 국민의힘 대표가 14일 분당을 지역구로 둔 의원들과 신상진 성남시장을 대동하고 대장동을 직접 찾았다. 당이 대장동 1심 항소 포기와 관련해 대(對)정부 압박에 총력을 기울이고 있는 가운데, 현장 방문을 통해 여론전 효과를 극대화하려는 의도로 읽힌다.
장 대표는 이날 오후 경기 성남 분당구 성남도시개발공사에서 열린 '대장동 개발비리 항소포기 규탄 현장 간담회'에서 ""오늘 우리는 모든 의혹이 시작된 이곳 대장동에 왔다. 대장동을 개발 비리의 온상지로 만든 이재명 대통령과 대장동 일당이 문제지, 대장동 주민들은 아무 잘못이 없다""며 ""대장동 일당들의 1심 판결문을 보면 이 대통령 이름이 400번 넘게 등장한다. 판결문은 이미 대장동 게이트의 몸통이 누군지 답하고 있다""고 강조했다.
항소 포기의 부당성도 재차 강조했다. 그는 ""이재명과 법무부의 협박에 의한 노만석의 위법적 항소 포기로 인해 대장동 진실이 진흙 속에 파묻힐 위기에 처했다""며 ""단군 이래 최대 비리를 단죄할 검찰은 헌정사상 최악의 면죄부를 줬다. 성남시민 이 돌려받아야 할 7400억 범죄수익이 대장동 일당의 노후자금으로 변한 것""이라고 꼬집었다.
'대장동 특검' 도입의 필요성도 주장했다. 그는 대장동 관련자 항소심이 이 대통령 공직선거법 사건을 무죄로 선고한 재판부에 배당된 것을 거론하며 ""이게 우연이 아니다. 이 판의 최종 설계자는 이 대통령이 분명하다""고 주장했다. 이어 ""진짜 몸통이 이 대통령인데 이재명 정권은 노만석 검찰총장 직무대행의 사표만 수리하고, 모든 책임을 전가하려 한다""며 ""이 대통령도 앞선 대선에서 윤석열 후보와 TV토론을 할 때 대장동 사건에 대해 특검하고, 그 몸통의 실체가 밝혀지면 대통령이 되더라도 반드시 책임지자고 여러차례 강조했으니 이제 그 책임을 질 때가 됐다""고 말했다.
분당갑을 지역구로 둔 김은혜 의원은 ""항소 포기 때문에 주민들에 돌아가야 할 돈이 범죄자 주머니로 들어가고 있다""며 ""4년 전 이 대통령의 말을 그대로 돌려드리겠다. '대장동 특검을 거부하는 자가 범인'""이라고 말했다. 그는 ""조금이라도 대장동 주민들의 눈물을 이해할 수 있다면 더불어민주당은 특검과 국정조사를 반드시 하고, 정성호 장관은 사퇴하라""고 말했다.
신 시장은 ""현재 대장동에 기반·편의시설을 마련하는데 1000억 정도 돈이 들어간다""며 ""(대장동 일당들에) 부정한 배당을 하지 않고 제대로 시민에게 돈이 돌아왔다며 혈세 몇 천억을 갖고 시민을 위해 더 많은 사업을 했을 것""이라고 지적했다.
아울러 항소 포기 관련자로 꼽히는 정 장관, 이진수 법무차관, 노 전 대행 등에 대한 고발 계획도 밝혔다. 신 시장은 ""성남도시개발공사에서는 이들에 대해 고소할 것으로 안다""며 ""시민고발단을 발족해 검찰 항소 포기의 모든 진실을 밝히는데 성남시민들이 앞장서고자 한다""고 강조했다.
국민의힘 장동혁 대표와 안철수 의원을 비롯한 의원들이 14일 경기 성남시 분당구 대장동 사회기반시설 건설현장을 둘러보며 주민들의 의견을 듣고 있다. [사진=연합뉴스]
대장동 항소 포기는 이재명 정부 국정운영에 부담으로 작용하고 있다. 정진욱 전 서울중앙지검장과 노 전 대행이 '항소포기 외압설'에 명확히 답하지 않은 채 잇따라 사퇴했고, 이 여파로 여론도 영향을 받는 분위기다. 한국갤럽이 지난 11~13일 전국 만 18세 이상 유권자 1003명을 대상으로 조사해 14일 공개한 여론조사 결과 APEC(아시아태평양경제협력체) 정상회의 성공 개최 등으로 지난주 63%까지 치솟았던 이 대통령 지지율은 4%p 하락해 59%를 기록했다(무작위 추출된 무선전화 가상번호에 전화 조사원 인터뷰 방식으로 진행됐다. 표본오차는 95% 신뢰수준에 ±3.1%p, 접촉률은 47.5%, 응답률은 11.5%. 자세한 내용은 중앙선거여론조사심의위원회 홈페이지 참조).
국민의힘은 모처럼 등장한 여권의 악재를 최대한 끌고 가며 반사이익을 얻겠다는 전략이다. 한 당 초선 의원은 이날 ""민주당의 내란 프레임과 그나마 사이즈가 맞는 것이 '대장동 항소 포기 외압 의혹'""이라며 ""어떤 방식으로든 당 차원의 꾸준한 대응이 필요한 상황""이라고 말했다.
다만 검찰 항의 방문, 장내 규탄대회 등 활용 가능한 카드 대부분을 이미 소진했다는 점은 한계로 지적된다. 당 일각에선 장외투쟁 카드도 거론되지만, 이 경우 윤석열 전 대통령과의 절연 실패로 이미 크게 줄어든 중도층 이탈을 더 가속화할 수 있다는 우려가 있다.
원내에서 국정조사와 특검을 조속히 추진하려 해도 국회 다수 의석을 점한 여당이 쉽게 협조하지 않는 것이 걸림돌이다. 이날 대장동 현장 방문을 통한 여론전이 마지막으로 남은 '묘수'로 꼽히는 이유다. 전날 의원총회를 열어 대장동 항소 포기 관련 향후 대응책 마련을 논의했으나 결론을 내리는데 실패한 당은 아직 다음주 계획을 확정하지 못한 상태다."
376,'임기 내 전작권 전환' 길은 열었다…3단계 검증 완료까진 아직 '큰 산',"내년 2단계 검증 종료 추진…한미 '정무적 판단' 따라 전환년도 빨라질 수도
안규백 국방부 장관과 피트 헤그세스 미국 국방부 장관이 지난 4일 서울 용사 국방부에서 제57차 한미안보협의회(SCM) 공동기자회견을 하고 있다. (국방부 제공. 재판매 및 DB금지) 2025.11.4/뉴스1
(서울=뉴스1) 허고운 김예원 기자 = 한미가 전시작전통제권(전작권) 전환을 위해 한미가 거치기로 한 3단계의 평가·검증 절차 중 '평가'가 끝난 2단계의 '검증'을 내년에 추진하기로 문서화하면서, 이재명 대통령 임기인 2030년 6월 30일까지 전작권 전환이 가능할 것이라는 관측이 나온다.
다만 전작권 전환의 각 단계별 평가·검증 절차는 사실상 한미 양국의 정무적 판단에 따라 추진 속도가 좌우돼 왔기 때문에 아직 넘어야 할 산이 크다는 전망도 제기된다.
14일 공개된 제57차 한미안보협의회의(SCM) 공동성명에는 ""안규백 국방부 장관과 피트 헤그세스 미 국방부(전쟁부) 장관은 2026년에 미래연합군사령부 본부의 완전운용능력(FOC) 검증을 추진하기로 했다""라는 내용이 담겼다.
전작권은 북한의 남한 침공 등 한반도에 전쟁 혹은 전시에 준하는 상황이 발생하면 한미 연합전력을 총괄적으로 지휘·통제하는 권한이다. 현재는 한미연합사령관이 행사하지만, 전환 이후에는 한미연합사가 한국군 대장이 맡는 '미래연합사령부' 체제로 재편된다. 북한의 도발 등이 발생했을 때 대응 수위와 전력 운용 등을 한국군이 직접 결정하게 돼 군사적 자율성과 책임이 동시에 확대된다.
한미는 지난 2006년부터 전작권 전환 논의를 시작했다. 전작권 전환을 위해 △최초작전운용능력(IOC) △완전운용능력(FOC) △완전임무수행능력(FMC) 등 3단계 평가와 검증 절차를 거치기로 했다. IOC 평가와 검증은 각각 2019년과 2020년에, FOC 평가는 2022년에 끝냈다.
우리 정부 목표대로 내년에 FOC 검증을 진행하고 완료할 경우, 한미는 전작권 전환년도를 수립하며, 전환년도 1년 전에 3단계인 FMC를 검증한다. 1·2단계가 '정량적' 평가에 집중돼 있다면, 3단계는 '정성적' 평가 위주인 만큼 양국의 정무적 판단이 있을 경우 진행이 쉬워질 것이란 기대도 나온다.
하지만 반대로 정무적 판단에 따라 언제든 전환년도를 바꿀 가능성도 다분하다. 기한을 정한 것은 아니었으나, 2단계인 FOC 평가에만 3년여가 걸리고, 이후 검증 개시가 미뤄진 것에 대해 그간 한미 당국은 충분하고 합리적인 설명을 내놓은 적은 없다. 북핵 고도화와 우크라이나 전쟁, 미국의 대중 견제 강화 기조가 복합적으로 영향을 미쳤다는 분석이 유효할 뿐이다.
특히 각 동맹국이 자국의 안보를 더 강화해야 한다는 트럼프 행정부의 임기 내에 3단계 평가·검증이 이뤄지지 못한다면, 차기 미국의 행정부의 안보 기조에 따라 전작권 전환 논의는 제자리걸음을 할 가능성도 작지 않다. 트럼프 행정부의 임기는 2028년까지다.
전작권 전환을 위한 상황적 조건으로 한미는 △연합 방위를 주도할 한국의 군사적 능력 확보 △동맹의 포괄적인 북한 핵·미사일 위협 대응 능력 △전환에 부합하는 안보 환경 조성을 제시하고 있다.
이 가운데 첫 번째 조건 외에는 역시 정무적 판단이 가능한 조건들이라는 지적이 나온다. 특히 북한의 핵·미사일 능력은 갈수록 고도화되고 있어 '충분히 대응 가능한 시점'을 판단하기 어렵다는 비판도 있다.
전작권 행사를 위해 우리 군이 갖춰야 할 전력도 만만치 않다. 기존에 미군이 제공해 온 C4ISR(지휘·통신·정보·감시·정찰), 장거리 타격, 실시간 표적 식별 등 핵심 능력을 한국군이 단기간에 갖추는 데 수십조 원 이상이 투입될 것이라는 전망까지 나온다.
국방부 관계자는 ""한국군 단독으로 확보해야 할 기본 능력이 있고, 미국이 제공하는 지속 능력 역시 한미 협의를 통해 단기적으로 구축할 필요가 있다""라며 ""더 중요한 건 미래에도 전·평시 작전통제권을 유지하려면 한국군 사령관이 전쟁을 지휘할 수 있는 능력과 한미 연합태세가 유지될 수 있도록 평시부터 훈련을 해야 한다는 것""이라고 말했다.
그럼에도 불구하고 전작권 전환 준비와 관련한 구체적인 시기가 SCM 공동성명에 명시된 것은 이례적으로, 한미 양국이 전작권 전환을 다시 주요 현안으로 상정했다는 것은 평가할 만한 부분이다. 한미는 이날 대통령실과 백악관이 공개한 '팩트시트'에도 ""전작권 전환을 위한 동맹 차원의 협력을 지속한다""라고 명시해 현재 한미 간 전작권 전환을 위한 공감대가 크다는 점을 강조했다.
국방부 관계자는 이날 기자들과 만나 ""전작권 전환은 2006년부터 20여년간 추진해 온 사안으로 한미 간 협의를 통해 상당 부분 의미 있는 진전을 이뤘다고 평가하고 있다""라며 ""일부 조건은 거의 완성 단계에 이르렀고, 몇 가지 조건을 협의하는 상황""이라고 설명했다.
이 관계자는 ""한미는 향후 3단계 평가와 검증을 할 것""이라며 ""전환년도 확정은 양국 장관 건의와 대통령 결정이라는 절차대로 하고, 모든 것을 봤을 때 충분히 달성할 수 있다고 평가한다""라고 강조했다.
<용어설명>
■ 전시작전통제권
유사시에 한미 연합전력을 총괄 지휘·통제하는 권한이다. 현재는 주한미군사령관이 겸직하는 한미연합사령부 사령관이 보유하고 있다.
1950년 6·25전쟁이 발발하자 이승만 대통령은 맥아더 유엔군사령관에게 우리 군의 지휘권을 이양했다. 이후 1978년 한미연합사령부가 창설되고, 유엔군 작전통제권이 연합사령관에게 넘어갔다. 우리 군은 1994년 평시작전통제권을 환수했고, 한미는 2006년부터 전작권 반환 협의를 시작했다.
전작권이 전환되면 한미연합사는 한국군 대장이 사령관을 맡는 '미래연합사령부' 체제로 재편될 예정이다."
377,"[단독] 'V, 해병수사단 해체 지시' 메모 나왔다…윤석열 관여 정황","특검, '군 수사조직 개편' 문건 작성자 업무수첩 확보
[앵커]
지난 2023년, 국방부는 박정훈 대령이 이끄는 해병대수사단을 포함해 군사 경찰을 절반으로 줄이겠다는 문건을 작성했습니다. 이를 윤석열 전 대통령이 지시한 것으로 의심되는 메모가 나왔습니다. 그 문건 작성자의 업무수첩에선데 'V, 해병대수사단 해체 지시'라고 적혀 있었습니다. 특검이 이를 확보해 수사에 들어갔습니다.
유선의 기자입니다.
[기자]
2023년 8월 작성된 국방부의 '군 수사조직 개편 계획' 문건입니다.
이듬해까지 군사경찰 절반을 줄이겠다고 적혀 있습니다.
순직해병 특검은 지난 12일 문건 초안을 작성한 국방부 공무원 A 씨를 불러 조사했습니다.
그리고 A 씨의 업무수첩에서 ""V, 해병대수사단 해체 지시""라고 적힌 메모를 확인한 것으로 파악됐습니다.
""군사경찰 인력을 반으로 줄이라""는 내용도 있었습니다.
A 씨는 특검 조사에서 지시받은 내용을 받아 적은 거라고 진술했습니다.
문건은 2023년 7월 31일에서 8월 7일 사이에 작성됐습니다.
윤석열 전 대통령이 채 상병 사건 초동 수사 결과를 듣고 격노해 이종섭 당시 장관과 통화하고, 사건을 경찰로부터 회수한 군검찰이 보직 해임된 박정훈 대령을 압수수색 했던 시기입니다.
때문에 특검은 국방부의 군 수사조직 개편이 윤 대통령의 지시에 의한, 박 대령에 대한 보복성 조치라고 의심하고 있습니다.
윤 전 대통령은 지난 11일 특검에 출석해 'VIP 격노'에 대해, 병사 순직 등이 ""재발하면 안 되고 책임자가 있으면 문책해야 한다는 전체적인 말을 한 것""이라고 진술했습니다.
그러나 실제로는 문책 대상에 올라있던 임성근 전 사단장의 혐의가 빠졌고, 반대로 그를 수사하던 박 대령에게 구속영장이 청구됐습니다.
여기에 박 대령이 소속된 조직에까지 손을 대려 했던 증거와 진술이 나오면서 윤 전 대통령의 진술은 힘을 잃게 됐습니다.
[영상취재 주수영 정재우 영상편집 박선호 영상디자인 곽세미 신하경 봉아연]"
378,"예고없이 나타난 이 대통령…""유일한 무기 '버티기'였다""","[앵커]
오늘 팩트시트는 경주에서 열린 한미정상회담 뒤 16일 만에 발표됐습니다. 이재명 대통령이 직접 브리핑룸에서 설명을 했습니다.
정치부 최규진 기자에게 몇 가지 더 물어보겠습니다. 이재명 대통령이 직접 팩트시트를 발표한다는 거, 예상했었습니까?
[기자]
오전 10시 15분쯤 예고 없이 이 대통령이 브리핑룸으로 왔습니다.
한미 관세, 안보 협상 내용은 중대한 사항인 만큼 대통령이 직접 국민들에게 설명할 필요가 있다고 판단해 직접 나선 건데, 이 대통령의 발표 내용은 협상 결과를 밝히면서 동시에 국민에 설명과 이해를 구하는 대국민 담화와 비슷했습니다.
이 대통령은 팩트시트 공개가 지연되면서 그동안의 오해와 우려에 대해 언급했는데 직접 들어보겠습니다.
[빨리 합의해라, 빨리 하지 못하는 게 무능한 거다. 상대방의 요구를 빨리빨리 들어줘라. 이런 취지의 압박을 내부에서 가하는 그런 상황들이 참으로 힘들었습니다.]
미국의 일방적 관세폭탄 뒤, 협상에 응해야 하는 '비자발적 협상'이었기 때문에 유일한 무기는 '버티기'였다는 말도 했습니다.
[앵커]
팩트시트 발표가 예상보다 늦게 나오긴 했습니다. 마지막까지 쟁점이 된 건 뭐라고 설명했습니까?
[기자]
8월 첫 한미정상회담에서 안보 분야는 거의 합의에 이르렀고 관세 분야 협상이 교착상태였습니다.
그러다 지난달 29일 경주서 열린 정상회담 직전 극적 타결이 되었습니다.
그런데 핵추진 잠수함 건조를 새롭게 합의하면서 최종 팩트시트 발표에 시간이 걸렸던 겁니다.
이 대통령의 설명 들어보겠습니다.
[우라늄 농축이나 핵 재처리 문제, 또 핵추진 잠수함 문제에 대해서/미국 정부 내에서 약간의 조정 과정이 필요하지 않았나…]
위성락 안보실장은 ""미국 측에서 쟁점이 남아있던 것은 핵잠에 관한 문제가 아니라 우라늄 농축과 재처리에 관한 것이었다""면서 ""마지막 1~2분 전까지 의견 조정이 있었다""고 설명했습니다.
[앵커]
팩트시트는 공개됐고, 이제 남은 쟁점과 과제는 무엇입니까?
[기자]
우선 핵추진 잠수함을 한국에서 건조하는 걸 전제로 한다고 못 박았지만, 팩트시트엔 '한국에서 건조한다'는 문구는 없습니다.
앞서 트럼프 대통령이 필라델피아 조선소를 언급한 바 있어, 추가 협의가 필요할 가능성도 있습니다.
국민의힘에선 ""건조 시기나 장소, 연료 확보 방안이 명문화되지 않았다""고 평가했습니다.
이후 한미원자력 협정개정이나 새로운 협정 체결이 필요할 수 있고 후속적으로 미 의회 승인 절차, IAEA 검증 문제 등도 거쳐야 합니다.
또 김용범 정책실장은 농수산물 추가 개방은 없다고 밝혔지만 '미국산 농업 생명공학 제품의 규제 승인 절차 간소화' 등 미국 측 요구사항이 반영되어 있어 향후 추가개방 압박은 계속될 걸로 보입니다.
연간 200억 달러 투자도 시장 불안시 조정 요청은 가능하지만, 미국은 ""신의를 갖고 적절히 검토한다""고만 명시해 향후 이견이 생길 수도 있습니다.
이 대통령은 이번 주말 이재용 삼성전자 회장, 최태원 SK그룹 회장 등 국내 주요 그룹 총수들과 함께 관세협상 후속 민관 합동회의를 열 예정입니다."
379,한미 협상 발표 중 이례적 중국 언급…속내는?,"【 앵커멘트 】
오늘 한미 팩트시트 발표에 대해 대통령실 출입하는 선한빛 기자에게 더 자세한 내용 들어보겠습니다.
【 질문1 】
핵추진잠수함, 우리나라에서 지을 수 있는 건가요?
【 기자 】
팩트시트가나왔는데 건조 장소는 빠져있었죠.
명문화돼 있지 않기 때문에, 트럼프 미국 대통령 스타일상, 향후 미국 건조를 주장할 가능성도 완전히 배제할 순 없어 보입니다.
다만 우리 정부는 무조건 한국에서 건조한다는 입장이고, 그걸 전제로 협의했다고 강조했습니다.
미국에서 건조한다는 의지가 강했다면 팩트시트에 됐을텐데 장소 언급은 안되어 있었죠.
위성락 실장, 오늘 기자들에게 미국에서 건조할 가능성은 없다고 확실하게 선을 그었습니다.
【 질문2 】
자동차 관세는 11월 1일부터로 소급 적용이 가능한가요?
【 기자 】
결론부터 말씀드리면, 미국 내에서 관보 게재가 언제되느냐에 달린 문제입니다.
일단 관련 특별법이 국회에 제출되면, 관련 법안이 제출되는 달의 1일로 소급 발효되도록 한미 양국은 협의를 했습니다.
다만 관세 인하는 미국 상무부가 연방 관보에 게재를 해야 법적으로 발효가 됩니다.
일본 사례를 봐도, 9월 4일에 관세 15% 인하에 합의했지만, 실제 발효는 연방관보 게재 이후인 9월 16일이었습니다.
【 질문3 】
농산물 개방은 이번엔 빠졌는데, 향후 압박이 있을 가능성은 없을까요?
【 기자 】
쌀과 소고기, 대두 등 핵심 농산물 추가 개방 조치는 이번에 없었습니다.
최근 미중 통상 갈등이 심해지는 과정에서 미국이 한때 우리에게 대두 수입 확대를 요구하기도 했었죠.
하지만 이번 합의 대상에서 빠졌습니다.
우리 정부는 여전히 쌀이나 소고기 추가 개방은 있을 수 없다는 입장이고요.
향후 압박이 들어올 수도 있겠습니다만 일단 이번에 큰 협상이 마무리됐기 때문에, 미국에서 당장 농산물 개방 압박이 들어올 가능성은 낮아보입니다.
【 질문4 】
대통령이 오늘 발표에서 중국 얘기를 꺼냈는데, 이유는 뭐죠?
【 기자 】
오늘 팩트시트에 중국이 민감하게 받아들일 수 있는 내용이 포함된 만큼, 중국을 배려한 메시지 아니냐는 해석이 나옵니다.
한미 간 협상 내용을 발표하면서 중국 얘기를 했다는 건 이례적인 걸로 볼 수 있습니다.
이 대통령은 브리핑 말미에 갑자기 중국과 경제협력 교류를 강화하기로 했다면서 우리와 입장이 다르다고 상대를 배척하는 건 매우 어리석은 행동이라고 말했습니다.
오늘 팩트시트에 대만해협 문제, 그리고 핵추진잠수함 문제가 담겼죠.
두 사안 모두 중국에서 민감하게 반응할 수 있는 만큼, 미국에 경도되는 게 아니냐는 중국의 우려를 불식시키기 위한 메시지 아니냐는 해석 가능해보입니다.
【 앵커멘트 】
여기까지 듣겠습니다."
380,한·미 국방장관 “전작권 전환 2단계 내년에 검증”…미 전투함·항공기 MRO에 한국 참여,"제57차 한·미 안보협의회(SCM) 공동성명
“2026년에 미래연합군사령부 2단계(FOC) 검증”
국방부 “대통령 임기 내 전작권 전환 달성 가능 평가”
한국 “국방비 GDP 3.5%로 증액”…미국 “높이 평가”
안규백 국방부 장관(오른쪽)과 피트 헤그세스 미 국방부 장관이 지난 4일 서울 용산구 국방부에서 제57차 한·미안보협의회(SCM)에서 기념 촬영을 하고 있다. 국방부 제공
한·미 국방장관이 전시작전통제권(전작권) 전환 가속화를 시사하는 내용을 제57차 한·미 안보협의회(SCM) 공동성명에 담았다. 전작권 전환의 주요 조건인 미래연합군사령부 구축을 위한 3단계 검증 중 2단계 검증을 내년에 하기로 합의했다. 해당 검증이 완료될 경우 이재명 정부의 임기 내 전작권 전환 계획에도 탄력이 붙을 것으로 보인다.
안규백 국방부 장관은 14일 국방부 브리핑실에서 SCM 공동성명을 발표했다. SCM은 한·미가 주요 군사정책을 협의·조정하는 양국 국방 분야 최고위급 기구다. 앞서 안 장관과 피트 헤그세스 미국 국방부 장관은 지난 4일 서울에서 SCM을 열었다. 공동성명은 이날 한·미 관세·안보 합의를 담은 조인트 팩트시트(공동 설명자료)가 발표된 이후 공개됐다.
한·미 장관은 공동성명에서 “2026년에 미래연합군사령부 본부의 완전운용능력(FOC·2단계) 검증을 추진하기로 했다”고 밝혔다. 지난해 SCM 공동성명에는 ‘조건에 대한 평가가 상호 합의 수준을 충족할 때 FOC를 검증’한다고 했으나, 이번에는 검증 연도를 못 박은 것이다. 양국 장관은 또 “전작권 전환에 필요한 조건 충족 가속화에 필요한 필수적인 능력 획득을 위한 로드맵을 발전”시키겠다고 밝혔다.
양 장관이 미래연합사 구축을 위한 FOC 검증을 내년에 하기로 합의하면서 전작권 전환 논의에 속도가 붙을 것으로 보인다. 미래연합사 구축은 최초작전운용능력(IOC), FOC, 완전임무수행능력(FMC) 평가 ·검증의 3단계로 진행된다. 2022년 FOC 평가가 끝났지만, 이후 FOC 검증에 진척이 나지 않았다. FOC 검증이 통과되면 양국 대통령은 전작권 전환 연도를 수립하고, 전환 연도 1년 전에 FMC를 검증한다.
만약 내년이나 내후년에 FOC 검증을 마친다면, 전작권 전환 연도가 이재명 정부 임기가 끝나는 2030년 6월 이전으로 설정될 수 있다. 국방부 관계자는 서울 용산구 국방부에서 기자들과 만나 “지난 20년간 전작권 전환 추진을 노력해 일부 조건에 대해서는 거의 완성 단계에 이르렀고, 몇 가지 조건에 대해 지금 협의가 이뤄지고 있다”며 “(이재명 대통령) 임기 내 충분히 (전작권 전환을)달성할 수 있다고 평가한다”고 말했다.
한국의 국방비를 국내총생산(GDP)의 3.5%로 올리기로 했다는 내용도 공동성명에 담겼다. 안 장관은 “가급적 조속히” 국방비를 증액하고자 하는 계획을 설명했고, 헤그세스 장관은 “이를 높이 평가했다”는 내용이다. 내년 이후 명목 GDP 성장률을 3.4%로 가정하고 매년 7.7% 국방비를 인상하면 2035년에는 국방비가 GDP의 3.5%(약 128조원)가 된다.
양 장관은 또한 미국의 전투함과 항공기에 대해 한국이 유지·보수·정비(MRO)하기로 합의했다. 현재는 군수지원함 등 비전투함의 MRO에만 한국이 참여하고 있다. 또 다른 국방부 관계자는 미국 전투함에 대한 MRO가 “내년부터 일부에 한해서 시행될 것으로 기대한다”고 말했다.
안 장관은 이날 브리핑에서 “한·미 정상 간 합의한 핵추진 잠수함 건조 관련 협력을 적극적으로 추진해 나가기로 했다”고 밝혔지만, 해당 내용은 이번 공동성명문에는 담기지 않았다. 국방부 관계자는 “(핵추진 잠수함을) 국내에서 건조하고, 핵추진 잠수함은 군사적 목적인 부분이 있어서 별도의 한·미 원자력협정이 필요하다는 내용은 저희도 다시 확인시켜드릴 수 있다”고 말했다.
아울러 양 장관은 “주한미군의 전력 및 태세 수준을 지속적으로 유지할 것을 재확인”했다. 지난해 공동성명에 명시된 ‘주한미군의 현재 전력 수준’으로 유지한다는 문구는 올해 공동성명에서 빠졌다. 국방부 관계자는 “주한미군을 현 수준 그대로 유지할 것이라는 데 공감대를 형성했다”고 설명했다.
양 장관은 “한반도 비핵화”에 대한 뜻도 재확인했다. 헤그세스 장관은 “미국이 2018년 (북·미) 싱가포르 성명의 4가지 핵심축인 북·미 관계 변화, 한반도의 항구적 평화체제, 비핵화, 전쟁포로 및 실종자 유해발굴에 대한 공약을 견지하고 있다”고 밝혔다."
381,韓美 SCM 공동성명 발표…“美 전투함정 韓서 최초 MRO 받을 것”,"‘北비핵화’ 표현 1년 만에 다시 담겨져
한국국방비 GDP대비 3.5% 증액 계획
전작권전환 내년 FOC 검증 추진 결정
北핵 대응 한·미·일 안보협력 중요성도
안규백 국방부 장관과 피트 헤그세스 미국 국방부 장관이 4일 서울 용산 국방부 청사에서 제57차 한미안보협의회의(SCM)에 앞서 악수하고 있다. [국방부 제공]
[헤럴드경제=전현건 기자]한국과 미국 양국 국방장관이 한미안보협의회의(SCM) 공동성명을 발표했다. 지난해 공동성명에서 빠졌던 북한의 ‘비핵화’라는 표현이 1년 만에 다시 담겼으며 미국 전투함정이 한국에서 최초로 유지·보수·정비(MRO)를 받는 등 방위산업 분야 협력 등이 포함됐다. 다만 큰 관심을 받았던 핵추진 잠수함과 관련한 내용은 담기지 않았다.
안규백 국방부 장관은 14일 제57차 SCM 공동성명을 공식 발표했다. 안 장관과 피트 헤그세스 미국 국방장관이 지난 4일 서울 용산구 국방부 청사에서 SCM을 개최한지 10일 만이다.
안 장관은 “양국 정부 출범 이후 처음 개최된 국방장관간 회담에서 한미는 동맹과 연합방위태세의 공고함을 재확인 했다”며 “미측은 확장억제 제공을 포함한 대한민국에 대한 방위공약이 변함이 없음을 명확히 했다”고 말했다.
이어 “한미는 주한미군의 역할을 재확인하고, 전력 및 태세 수준을 지속 유지하기로 했다”고 덧붙였다.
안 장관은 조건에 기초한 전작권 전환계획(COTP)과 관련해 “한미가 긴밀히 공조해 나가기로 했다”며 “한미는 이를 가속화하기 위해 로드맵을 발전시키고 내년에 미래연합사의 완전운용능력인 FOC 검증을 추진하기로 했다”고 말했다.
마지막으로 안 장관은 한미는 조선과 MRO 협력을 더욱 확대해 나가기로 했다고 강조했다.
그는 “현재 수행 중인 군수지원함 MRO 협력에 더해 전투함정과 항공기 분야로 협력을 넓히고, 한미 정상간 합의한 핵추진 잠수함 건조 관련 협력을 적극적으로 추진해 나가기로 했다”며 “나아가 함정건조 협력을 위한 제도적 기반을 조성하기 위해 협력을 강화하기로 했다”고 밝혔다.
매년 개최되는 한미 국방 수장 간의 회의였지만 지난달 30일 개최된 한미 정상회담에서 관세 협상의 골격이 타결되고 도널드 트럼프 미 대통령이 한국의 원자력잠수함 건조를 승인함으로써 그 어느 때보다 많은 관심을 모았다.
다만 이번 SCM 공동성명에는 핵잠수함에 대해 명시가 안됐다.
국방부 관계자는 “SCM 시작하는 단계부터 상당한 오랜 기간 준비했는데 핵추진 잠수함이 아시아태평양경제협력체(APEC) 한미정상회담이 끝나가는 시점에서 그 내용이 거론이 됐다”며 “국방 당국 간에서는 핵추진 잠수함에 대해 미측의 지지를 얻어내는 형태로 양측의 논의가 이뤄졌다”고 밝혔다.
이어 “구체적 논의사항에 대해서는 거론하기 어렵지만 한미간 많은 협의가 이뤄져야 할 필요가 있기 때문에 상호 지지와 공감대를 형성하는 수준에서의 논의만 있었다”고 언급했다.
안 장관은 대한민국의 법률적 요건에 맞춰 가급적 조속히 국방비를 대한민국 GDP 대비 3.5%로 증액하고자 하는 한측의 계획을 설명했고 헤그세스 장관은 이를 높이 평가했다.
양 장관은 SCM이 변화하는 안보환경에 대응하고 미래지향적이며 호혜적인 방향으로 동맹을 현대화하는데 있어 주요 협의체임에 공감했다.
한미는 지난8월 18일부터 28일까지 ‘을지 자유의 방패’(을지프리덤실드·UFS) 연합연습을 실시한다고 7일 밝혔다. 지난 6월 경기 동두천시 캠프 케이시에서 새로운 부대와 교대해 본국으로 귀환하는 주한미군 제2보병사단 제1스트라이커여단. [뉴시스]
나아가 양 장관은 강력한 방위태세를 통해 한미상호방위조약을 준수하고자 하는 양국 상호 간의 공약을 재확인했다.
안 장관은 한반도 방위에 있어 한국이 주도적인 역할을 수행해 나갈 것이라는 점을 강조하며 이런 목표를 달성하기 위해 핵심 국방역량을 갖출 수 있도록 추진해 나가겠다고 언급했다.
이에 헤그세스 장관은 계속적인 지원을 약속하며 양국은 북한을 포함한 동맹에 대한 모든 역내 위협에 대해 미측의 재래식 억제 태세를 향상시켜 나갈 것을 밝혔다.
한미 SCM 공동성명에는 북한이 4, 5차 핵실험을 강행한 2016년부터 매년 “한반도의 완전한 비핵화” 등 비핵화 목표가 명시돼 왔다.
다만 지난해 SCM 공동성명에는 비핵화 대신 ‘북한 핵위협 억제’라는 문구가 담긴 바 있다. 비핵화 표현이 사라진 것을 두고 미국이 비핵화 목표에서 후퇴하는 것 아니냐는 지적이 나왔다.
하지만 트럼프 행정부 출범 후 처음 열린 이번 SCM 공동성명에 비핵화 표현이 다시 명문화됐다.
양 장관은 북한의 잠재적인 침략을 억제하는 한편 이와 관련된 협력과 외교 활동을 지원하기 위해 긴밀히 공조해 나가기로 했다.
안 장관은 한반도의 완전한 비핵화를 위한 노력을 강조했으며 헤그세스 장관은 미국이 2018 싱가포르 성명의 4가지 핵심축인 북미관계 변화, 한반도에서의 항구적이며 공고한 평화체제, 비핵화, 전쟁포로와 실종자 유해발굴에 대한 공약을 견지하고 있음을 강조했다.
아울러 헤그세스 장관은 핵을 포함한 미국의 모든 범주의 군사능력을 운용해 대한민국에 확장억제를 제공한다는 미국의 굳건한 공약을 재차 강조했다.
양 장관은 한미 핵협의그룹(NCG) 성과를 지속해 나가기로 했으며 향후 SCM에서 NCG 상황을 주기적으로 보고받을 예정이다.
양 장관은 심화되는 북한 위협을 포함한 다양한 안보 도전에 효과적으로 대응하기 위한 연합방위태세 강화 노력을 환영했으며 상호 보완적인 협력 관계를 기반으로 한 안정적인 전작권 전환 과정에서 의미있는 진전이 이뤄졌다고 평가했다.
한미 양측은 북방한계선이(NLL) 지난 70년간 군사력을 분리하고 군사적 긴장을 예방하는 효과적인 수단이었음에 주목했으며 북한이 NLL을 존중할 것을 촉구했다.
한미 양국은 주한미군과 관련해 동북아 지역의 평화와 안정을 증진하기 위한 동맹의 노력을 지지하기 위해 전력과 태세 수준을 지속적으로 유지할 것임을 확인했다.
양 장관은 상호운용성을 강화하고 안보환경의 증대되는 위협에 대비해 양국의 사이버 역량과 기반 강화를 위해 긴밀히 협력해 나가기로 했다.
양 장관은 한미 양국 군에 대한 일관된 훈련 기회를 보장하는 것이 강력한 연합방위태세 유지에 중요하다는 점을 강조했다.
양 장관은 한측 시설 및 공역을 훈련 목적으로 공동 사용하는 것에 있어 주한미군과 대한민국 국방부간 긴밀한 협력과 소통을 유지하는 것이 중요하다는데 공감했다.
안규백 국방부 장관(왼쪽)이 1일 말레이시아 쿠알라룸푸르에서 열린 아세안확대국방장관회의를 마친 후 피트 헤그세스 미 전쟁부 장관, 고이즈미 신지로 일본 방위상과 기념촬영을 하고 있다. [국방부 제공]
양 장관은 한미일 안보협력의 중요성도 명문화했다.
양 장관은 북한 등의 핵·미사일 위협에 효과적으로 대처하기 한미일 협력을 지속 강화해 나가기로 했다.
특히 방산협력과 관련해 양 장관은 한국 업체가 수행한 미 비전투함정의 MRO 사업을 높이 평가했다.
헤그세스 장관은 미 전투함정이 한국에서 최초로 MRO를 받게 될 것이며 이를 통해 미국의 대비태세와 억제력을 향상시킬 수 있는 역사적인 진전을 의미한다고 발표했다.
양 장관은 함정 건조를 포함한 방산 협력을 심화하고 공급망 회복탄력성을 강화하는데 있어 법적, 제도적 제약이 도전을 야기하고 있으며 이를 개선하기 위한 협력의 필요성을 언급했다.
향후 해상과 항공자산 분야에서 역내 지속지원 협력을 지속해 나가고 이러한 협력을 지상자산에 대해서도 확대하기로 했다.
아울러 양 장관은 국방역량 개발을 위한 국방과학기술협력의 중요성에 주목하고 인공지능(AI), 유·무인 복합체계 등을 포함한 첨단 국방기술분야에서의 협력을 추진해 나간다.
주한미군 기지와 관련해 양측은 이전 및 반환을 토의하고, 한미 주한미군지위협정(SOFA)와 관련 협정에 따른 기지 반환을 보장하기 위해 긴밀히 협력해 나갈 예정이다.
양 장관은 상호 합의에 기반해 잔류 용산기지와 경기북부 미반환기지를 반환하기 위한 절차를 신속히 추진해 나가는데 동의했다.
헤그세스 장관은 대한민국이 주한미군의 안정적인 주둔여건을 보장하는데 기여하고 있음에 사의를 표명했다.
마지막으로 양 장관은 제57차 SCM과 제50차 한미군사위원회회의(MCM )논의가 변화하는 안보환경에 대응하기 위해 한미동맹을 강화하고 현대화하는데 기여했다고 결론지었다.
양측은 제58차 SCM과 제51차 MCM을 2026년 상호 편리한 시기에 워싱턴 DC에서 개최할 계획이다."
